Artist,Popularity
1080p,Not Found
A Shade of Black,Not Found
Aaron K,Not Found
Abana,Not Found
D. Zeledon,Not Found
ACRAZE,Not Found
KREAM,Not Found
Adam Beyer,Not Found
Adam Pearce,Not Found
Adam X,Not Found
Adrenalize,Not Found
Wasted Penguinz,Not Found
Adventure Club,Not Found
AFROdisiac,Not Found
Airglo,Not Found
Airwolf Paradise,Not Found
Akaio,Not Found
Alchimyst,Not Found
Alesso,Not Found
Algo,Not Found
Alison Wonderland,Not Found
Alison Wonderland,Not Found
Aly & Fila,Not Found
Andrew Bayer,Not Found
Andrew Rayel,Not Found
Andruss,Not Found
Andruss,Not Found
Angerfist,Not Found
Arboles Pintados,Not Found
Argy,Not Found
arman.,Not Found
Armin van Buuren,Not Found
ARMNHMR,Not Found
ARMNHMR,Not Found
Assembly,Not Found
ATLiens,Not Found
Atmozfears,Not Found
Audiofreq,Not Found
Azzecca,Not Found
Baggi,Not Found
Matt Denuzzo,Not Found
BEC,Not Found
Ben Hemsley,Not Found
Ben Sterling,Not Found
Benny Benassi,Not Found
Bianca Oblivion,Not Found
Blake Webber,Not Found
blake.,Not Found
Blastoyz,Not Found
blklght,Not Found
Bones,Not Found
Boogie T,Not Found
Bou,Not Found
Bowie Jane,Not Found
Brandi Cyrus,Not Found
Brina Knauss,Not Found
Bryan Kearney,Not Found
Bryan Matthew,Not Found
Bunny,Not Found
Bunny,Not Found
Calussa,Not Found
Camden Cox,Not Found
Carl Cox,Not Found
Carl Cox,Not Found
Nicole Moudaber,Not Found
Caspa,Not Found
Cassian,Not Found
Castor & Pollux,Not Found
Cat & Maomi,Not Found
CELO,Not Found
CHAMP FRESNEL,Not Found
Chef Boyarbeatz,Not Found
Chelina Manuhutu,Not Found
Chibs,Not Found
Clawz,Not Found
DØMINA,Not Found
Codeko,Not Found
Crankdat,Not Found
Creeds,Not Found
Helen Ka,Not Found
Cristoph,Not Found
Crystal Skies,Not Found
Culture Shock,Not Found
D!CED,Not Found
D-Sturb,Not Found
Da Tweekaz,Not Found
Dabin,Not Found
Damon Sharpe,Not Found
David Guetta,Not Found
Daxson,Not Found
Dead X,Not Found
Levenkhan,Not Found
Deadly Guns,Not Found
deadmau5,Not Found
DEATH CODE,Not Found
Deborah De Luca,Not Found
Dee Jay Silver,Not Found
Deeper Purpose,Not Found
Denis Sulta,Not Found
Deorro,Not Found
Devault,Not Found
Devin Wild,Not Found
Keltek,Not Found
Devin Wild,Not Found
Dillon Francis,Not Found
Dimension,Not Found
Diplo,Not Found
Disco Fries,Not Found
Discrete,Not Found
DJ 30Rack,Not Found
DJ Hazel,Not Found
DJ Heartstring,Not Found
DJ Minx,Not Found
DJ Snake,Not Found
Dom Dolla,Not Found
Doses,Not Found
DREYA V,Not Found
East End Dubs,Not Found
Egzod,Not Found
Eli Brown,Not Found
Eli Brown,Not Found
HI-LO,Not Found
Emorfik,Not Found
Eric Prydz,Not Found
Everen Maxwell,Not Found
Excision,Not Found
Fallen,Not Found
Fury,Not Found
Nightstalker,Not Found
Dknow (MC Dino),Not Found
Fallen&Dknow (MC Dino),Not Found
Fallon,Not Found
Ferry Corsten,Not Found
Fester,Not Found
Fireworks,Not Found
Fireworks,Not Found
Fireworks,Not Found
Fisher,Not Found
Fleur Shore,Not Found
Four Tet,Not Found
Fredy Lane,Not Found
Friendly Fire,Not Found
FrostTop,Not Found
RemK,Not Found
fun2bjane,Not Found
mad gavs,Not Found
GEO,Not Found
Ghastly,Not Found
Ghost in Real Life,Not Found
Giuseppe Ottaviani,Not Found
GRAVEDGR,Not Found
Gryffin,Not Found
HAAi,Not Found
HALIENE,Not Found
Hamdi,Not Found
Hannah Laing,Not Found
Hannah Laing,Not Found
Harmson,Not Found
Harristone,Not Found
Hedex,Not Found
Heidi Lawden,Not Found
Highlnd,Not Found
Hint of Lavender,Not Found
Kayzo&Space Laces&Must Die!,Not Found
Hixxy,Not Found
HOL!,Not Found
HoneyLuv,Not Found
HUGEL,Not Found
HUGEL,Not Found
Illenium,Not Found
Indira Paganotto,Not Found
Infected Mushroom,Not Found
Interplanetary Criminal,Not Found
[IVY],Not Found
J. Worra,Not Found
Jackie Hollander,Not Found
James Kennedy,Not Found
Jamie Jones,Not Found
JEANIE,Not Found
Jerome Isma-Ae,Not Found
Jessica Audiffred,Not Found
John 00 Fleming,Not Found
John Summit,Not Found
John Summit,Not Found
Green Velvet,Not Found
Joluca,Not Found
Joluca,Not Found
Jon Casey,Not Found
Jon Casey,Not Found
Joseph Capriati,Not Found
JOYRYDE,Not Found
Habstrakt,Not Found
Justin Jay,Not Found
Jyoty,Not Found
K.Gianni,Not Found
Kai Wachi,Not Found
Kallaghan,Not Found
Kasablanca,Not Found
Kaskade,Not Found
Kassel,Not Found
Kassel,Not Found
Kaysin,Not Found
Kayzo,Not Found
Keltek,Not Found
KEPIK,Not Found
Kevin de Vries,Not Found
Kevin de Vries,Not Found
Kevin Saunderson,Not Found
DJ Minx,Not Found
Khiva,Not Found
KhoMha,Not Found
Kian,Not Found
arman.,Not Found
Kittrix,Not Found
Kendoll,Not Found
Klangkuenstler,Not Found
Koven,Not Found
Kozmoz,Not Found
KREAM,Not Found
Kreation,Not Found
Darksiderz,Not Found
Ky William,Not Found
Kyle Walker,Not Found
Lady Faith,Not Found
LALA,Not Found
Lavish Life,Not Found
Lavish Life,Not Found
LAYZ,Not Found
LF SYSTEM,Not Found
Lil Texas,Not Found
Lilly Palmer,Not Found
Lisbona Sisters,Not Found
The Living Proof,Not Found
Lizzy Jane,Not Found
Loco Dice,Not Found
Lost Frequencies,Not Found
Lost Like Us,Not Found
LOUIEJAYXX,Not Found
LSDREAM,Not Found
Lucky Lou,Not Found
Lucky Lou,Not Found
Lucky Lou,Not Found
Luttrell,Not Found
Maddix,Not Found
Majestic,Not Found
Malcolm Zeller,Not Found
Malóne,Not Found
Malóne,Not Found
Mandy,Not Found
Manics,Not Found
MARAUDA,Not Found
Marc V,Not Found
Marcel Dettmann,Not Found
Mark Lizaola,Not Found
Markus Schulz,Not Found
Marlie,Not Found
Marsh,Not Found
Martin Garrix,Not Found
Mary Droppinz,Not Found
Mary Droppinz,Not Found
Matroda,Not Found
San Pacho,Not Found
Matroda,Not Found
Matt Faulk,Not Found
Matt Sassari,Not Found
Matt Suave,Not Found
Mau P,Not Found
Max Styler,Not Found
MC4D,Not Found
MC4D,Not Found
Melé,Not Found
Melé,Not Found
Mersiv,Not Found
Mesa & Boss,Not Found
Metta & Glyde,Not Found
Mind Against,Not Found
MitiS,Not Found
MitiS,Not Found
Miyuki,Not Found
MK,Not Found
MK,Not Found
Monika Santucci,Not Found
Myles O'Neal,Not Found
Myles O'Neal,Not Found
Naz,Not Found
Neon Black,Not Found
Neon Deluz,Not Found
NGHTMRE,Not Found
Nick Garcia,Not Found
Nicole Moudaber,Not Found
Nifra,Not Found
Nightstalker,Not Found
Ninajirachi,Not Found
Noizu,Not Found
Noizu,Not Found
Westend,Not Found
Melé,Not Found
SOREN,Not Found
NOYZNTHEHOOD,Not Found
Odd Mob,Not Found
Odd Mob&Omnom,Not Found
Oden & Fatzo,Not Found
OG Nixin,Not Found
Omar Santana,Not Found
Orjan Nilsen&Mark Sixma,Not Found
Öwnboss,Not Found
Panteros666,Not Found
PARTY DADS,Not Found
Paul Oakenfold,Not Found
Paul van Dyk,Not Found
Peggy Gou,Not Found
Peggy Gou,Not Found
Marcel Dettmann,Not Found
Pickle,Not Found
Piilot,Not Found
PLS&TY,Not Found
Pocket,Not Found
Pocket,Not Found
Polar Bears,Not Found
Prunk,Not Found
prv. d,Not Found
Eric Prydz,Not Found
Purple Disco Machine,Not Found
Pyke,Not Found
Quality G,Not Found
Ranger Trucco,Not Found
Rated R,Not Found
Rayben,Not Found
Rebel Scum,Not Found
Redline,Not Found
Replicant,Not Found
Riordan,Not Found
Riordan,Not Found
RIOT,Not Found
Roadhouse,Not Found
Rohaan,Not Found
Rommii,Not Found
Sally C,Not Found
Matisa,Not Found
Sanzu,Not Found
Sara Landry,Not Found
Seven Lions,Not Found
Shiba San,Not Found
Shlømo,Not Found
Sicaria,Not Found
Sidney Charles,Not Found
Sidney Charles,Not Found
simfonik,Not Found
Skellytn,Not Found
Skin On Skin,Not Found
SLANDER,Not Found
SLANDER presents Before Dawn,Not Found
Sofi Tukker,Not Found
SOREN,Not Found
Sosa,Not Found
Soul Purpose,Not Found
Sound Rush,Not Found
Special Guest,Not Found
STAR SEED,Not Found
Staysick,Not Found
Steve Aoki,Not Found
Sub Focus,Not Found
Sub Zero Project,Not Found
Súbelo Neo,Not Found
Subtronics,Not Found
Subtronics,Not Found
Level Up,Not Found
Svdden Death,Not Found
Synymata,Not Found
Synymata,Not Found
TAILSPIN,Not Found
Talla 2XLC,Not Found
Tape B,Not Found
Taylor Jaymin,Not Found
Taylor Kade,Not Found
Taylor Kade,Not Found
Taylor Kade,Not Found
Taylor Torrence,Not Found
Teko,Not Found
Tha Funk Junkie,Not Found
Thomas Garcia,Not Found
Tiësto,Not Found
Tim Clark,Not Found
Timmy Trumpet,Not Found
TOBEHONEST,Not Found
TOBEHONEST,Not Found
TONG,Not Found
Tripps,Not Found
Trouble,Not Found
TroyBoi,Not Found
Trym,Not Found
Valentino Khan,Not Found
VARI,Not Found
VAVO,Not Found
Vintage Culture,Not Found
Virtual Riot,Not Found
VKTM,Not Found
VLCN,Not Found
VTSS,Not Found
VUlllGUR,Not Found
Wade,Not Found
Warface,Not Found
Wasted Penguinz,Not Found
Water Spirit,Not Found
Wes Pierce,Not Found
Who's John,Not Found
Wilkinson,Not Found
Will Clarke,Not Found
Wooli,Not Found
Sub Focus&Dimension&Culture Shock&1991,Not Found
Wuki,Not Found
X-Coast,Not Found
XENAA,Not Found
Yosuf,Not Found
Yotto,Not Found
Zedd,Not Found
Zen Freeman,Not Found
Zevy,Not Found
Zevy,Not Found
Zevy,Not Found
Zingara,Not Found
ZOF,Not Found
Zomboy,Not Found
ZUEZEU,Not Found
ZUEZEU,Not Found
Aaron K,Not Found
Adam Beyer,Not Found
Adam Pearce,Not Found
Adventure Club,Not Found
Akaio,Not Found
Alchimyst,Not Found
Algo,Not Found
Andrew Rayel,Not Found
Andruss,Not Found
Andruss,Not Found
arman.,Not Found
Armin van Buuren,Not Found
ARMNHMR,Not Found
Audiofreq,Not Found
Baggi,Not Found
Matt Denuzzo,Not Found
Blastoyz,Not Found
blklght,Not Found
Bones,Not Found
Brina Knauss,Not Found
Carl Cox,Not Found
Carl Cox,Not Found
Nicole Moudaber,Not Found
Cassian,Not Found
Castor & Pollux,Not Found
CELO,Not Found
Chelina Manuhutu,Not Found
Chibs,Not Found
Clawz,Not Found
DØMINA,Not Found
Cristoph,Not Found
D-Sturb,Not Found
Dabin,Not Found
David Guetta,Not Found
Dee Jay Silver,Not Found
Denis Sulta,Not Found
Devault,Not Found
Discrete,Not Found
Doses,Not Found
DREYA V,Not Found
Eric Prydz,Not Found
Everen Maxwell,Not Found
Fallon,Not Found
Fireworks,Not Found
Fredy Lane,Not Found
Friendly Fire,Not Found
FrostTop,Not Found
RemK,Not Found
Giuseppe Ottaviani,Not Found
HAAi,Not Found
Hamdi,Not Found
Heidi Lawden,Not Found
Kayzo&Space Laces&Must Die!,Not Found
Hixxy,Not Found
HOL!,Not Found
Illenium,Not Found
Infected Mushroom,Not Found
J. Worra,Not Found
James Kennedy,Not Found
Jessica Audiffred,Not Found
John Summit,Not Found
Justin Jay,Not Found
Jyoty,Not Found
Keltek,Not Found
KEPIK,Not Found
Khiva,Not Found
Kittrix,Not Found
Kendoll,Not Found
Kozmoz,Not Found
Lavish Life,Not Found
LAYZ,Not Found
Lilly Palmer,Not Found
The Living Proof,Not Found
LSDREAM,Not Found
Lucky Lou,Not Found
Lucky Lou,Not Found
Maddix,Not Found
Majestic,Not Found
MARAUDA,Not Found
Markus Schulz,Not Found
Marlie,Not Found
Matroda,Not Found
San Pacho,Not Found
Matt Faulk,Not Found
Matt Suave,Not Found
Max Styler,Not Found
MC4D,Not Found
Mersiv,Not Found
Mesa & Boss,Not Found
MK,Not Found
Monika Santucci,Not Found
Myles O'Neal,Not Found
NGHTMRE,Not Found
Nicole Moudaber,Not Found
Nifra,Not Found
Nightstalker,Not Found
Ninajirachi,Not Found
Noizu,Not Found
Noizu,Not Found
Westend,Not Found
Melé,Not Found
SOREN,Not Found
NOYZNTHEHOOD,Not Found
Odd Mob&Omnom,Not Found
OG Nixin,Not Found
Orjan Nilsen&Mark Sixma,Not Found
Öwnboss,Not Found
Paul Oakenfold,Not Found
Peggy Gou,Not Found
Pyke,Not Found
Riordan,Not Found
Riordan,Not Found
Sally C,Not Found
Matisa,Not Found
Sanzu,Not Found
Sicaria,Not Found
SLANDER,Not Found
SLANDER presents Before Dawn,Not Found
Sound Rush,Not Found
STAR SEED,Not Found
Steve Aoki,Not Found
Súbelo Neo,Not Found
Subtronics,Not Found
Synymata,Not Found
TAILSPIN,Not Found
Tape B,Not Found
Taylor Kade,Not Found
Taylor Torrence,Not Found
Tha Funk Junkie,Not Found
TOBEHONEST,Not Found
Tripps,Not Found
Vintage Culture,Not Found
VKTM,Not Found
VLCN,Not Found
VUlllGUR,Not Found
Warface,Not Found
Water Spirit,Not Found
Who's John,Not Found
Yosuf,Not Found
Zen Freeman,Not Found
Zevy,Not Found
ZOF,Not Found
Zomboy,Not Found
ACRAZE,Not Found
KREAM,Not Found
Adrenalize,Not Found
Wasted Penguinz,Not Found
Airglo,Not Found
Airwolf Paradise,Not Found
Alison Wonderland,Not Found
Aly & Fila,Not Found
Andrew Bayer,Not Found
ARMNHMR,Not Found
Atmozfears,Not Found
BEC,Not Found
Ben Hemsley,Not Found
Ben Sterling,Not Found
Benny Benassi,Not Found
Bianca Oblivion,Not Found
Boogie T,Not Found
Bou,Not Found
Bryan Kearney,Not Found
Bryan Matthew,Not Found
Bunny,Not Found
Camden Cox,Not Found
Caspa,Not Found
Cat & Maomi,Not Found
CHAMP FRESNEL,Not Found
Chef Boyarbeatz,Not Found
Codeko,Not Found
Crankdat,Not Found
Creeds,Not Found
Helen Ka,Not Found
Crystal Skies,Not Found
Culture Shock,Not Found
D!CED,Not Found
Daxson,Not Found
Dead X,Not Found
Levenkhan,Not Found
Deorro,Not Found
Devin Wild,Not Found
Dillon Francis,Not Found
Disco Fries,Not Found
DJ Hazel,Not Found
DJ Heartstring,Not Found
DJ Minx,Not Found
DJ Snake,Not Found
Dom Dolla,Not Found
Egzod,Not Found
Eli Brown,Not Found
Eli Brown,Not Found
HI-LO,Not Found
Fallen,Not Found
Fury,Not Found
Nightstalker,Not Found
Dknow (MC Dino),Not Found
Fallen&Dknow (MC Dino),Not Found
Ferry Corsten,Not Found
Fireworks,Not Found
Four Tet,Not Found
fun2bjane,Not Found
mad gavs,Not Found
Ghost in Real Life,Not Found
GRAVEDGR,Not Found
HALIENE,Not Found
Hannah Laing,Not Found
Hannah Laing,Not Found
Hedex,Not Found
Highlnd,Not Found
Interplanetary Criminal,Not Found
Jamie Jones,Not Found
John 00 Fleming,Not Found
Joluca,Not Found
Joseph Capriati,Not Found
JOYRYDE,Not Found
Habstrakt,Not Found
K.Gianni,Not Found
Kassel,Not Found
Kevin de Vries,Not Found
Kevin Saunderson,Not Found
DJ Minx,Not Found
Kreation,Not Found
Darksiderz,Not Found
Ky William,Not Found
Kyle Walker,Not Found
Lavish Life,Not Found
Lil Texas,Not Found
Lizzy Jane,Not Found
Loco Dice,Not Found
Malcolm Zeller,Not Found
Malóne,Not Found
Malóne,Not Found
Marcel Dettmann,Not Found
Mark Lizaola,Not Found
Matroda,Not Found
Matt Sassari,Not Found
Melé,Not Found
Melé,Not Found
Metta & Glyde,Not Found
MitiS,Not Found
MitiS,Not Found
Miyuki,Not Found
MK,Not Found
Odd Mob,Not Found
Panteros666,Not Found
PARTY DADS,Not Found
Paul van Dyk,Not Found
Peggy Gou,Not Found
Marcel Dettmann,Not Found
Piilot,Not Found
Polar Bears,Not Found
prv. d,Not Found
Purple Disco Machine,Not Found
Rated R,Not Found
Rayben,Not Found
Rebel Scum,Not Found
Roadhouse,Not Found
Rommii,Not Found
Sidney Charles,Not Found
Skin On Skin,Not Found
SOREN,Not Found
Soul Purpose,Not Found
Special Guest,Not Found
Sub Zero Project,Not Found
Subtronics,Not Found
Level Up,Not Found
Synymata,Not Found
Talla 2XLC,Not Found
Taylor Jaymin,Not Found
Taylor Kade,Not Found
Taylor Kade,Not Found
Teko,Not Found
Tiësto,Not Found
Tim Clark,Not Found
Trouble,Not Found
TroyBoi,Not Found
VTSS,Not Found
Wade,Not Found
Wilkinson,Not Found
Will Clarke,Not Found
Wooli,Not Found
Sub Focus&Dimension&Culture Shock&1991,Not Found
X-Coast,Not Found
XENAA,Not Found
Zedd,Not Found
Zevy,Not Found
ZUEZEU,Not Found
1080p,Not Found
A Shade of Black,Not Found
Abana,Not Found
D. Zeledon,Not Found
Adam X,Not Found
AFROdisiac,Not Found
Alesso,Not Found
Alison Wonderland,Not Found
Angerfist,Not Found
Arboles Pintados,Not Found
Argy,Not Found
Assembly,Not Found
ATLiens,Not Found
Azzecca,Not Found
Blake Webber,Not Found
blake.,Not Found
Bowie Jane,Not Found
Brandi Cyrus,Not Found
Bunny,Not Found
Calussa,Not Found
Da Tweekaz,Not Found
Damon Sharpe,Not Found
Deadly Guns,Not Found
deadmau5,Not Found
DEATH CODE,Not Found
Deborah De Luca,Not Found
Deeper Purpose,Not Found
Devin Wild,Not Found
Keltek,Not Found
Dimension,Not Found
Diplo,Not Found
DJ 30Rack,Not Found
East End Dubs,Not Found
Emorfik,Not Found
Excision,Not Found
Fester,Not Found
Fireworks,Not Found
Fisher,Not Found
Fleur Shore,Not Found
GEO,Not Found
Ghastly,Not Found
Gryffin,Not Found
Harmson,Not Found
Harristone,Not Found
Hint of Lavender,Not Found
HoneyLuv,Not Found
HUGEL,Not Found
HUGEL,Not Found
Indira Paganotto,Not Found
[IVY],Not Found
Jackie Hollander,Not Found
JEANIE,Not Found
Jerome Isma-Ae,Not Found
John Summit,Not Found
Green Velvet,Not Found
Joluca,Not Found
Jon Casey,Not Found
Jon Casey,Not Found
Kai Wachi,Not Found
Kallaghan,Not Found
Kasablanca,Not Found
Kaskade,Not Found
Kassel,Not Found
Kaysin,Not Found
Kayzo,Not Found
Kevin de Vries,Not Found
KhoMha,Not Found
Kian,Not Found
arman.,Not Found
Klangkuenstler,Not Found
Koven,Not Found
KREAM,Not Found
Lady Faith,Not Found
LALA,Not Found
LF SYSTEM,Not Found
Lisbona Sisters,Not Found
Lost Frequencies,Not Found
Lost Like Us,Not Found
LOUIEJAYXX,Not Found
Lucky Lou,Not Found
Luttrell,Not Found
Mandy,Not Found
Manics,Not Found
Marc V,Not Found
Marsh,Not Found
Martin Garrix,Not Found
Mary Droppinz,Not Found
Mary Droppinz,Not Found
Mau P,Not Found
MC4D,Not Found
Mind Against,Not Found
Myles O'Neal,Not Found
Naz,Not Found
Neon Black,Not Found
Neon Deluz,Not Found
Nick Garcia,Not Found
Oden & Fatzo,Not Found
Omar Santana,Not Found
Pickle,Not Found
PLS&TY,Not Found
Pocket,Not Found
Pocket,Not Found
Prunk,Not Found
Eric Prydz,Not Found
Quality G,Not Found
Ranger Trucco,Not Found
Redline,Not Found
Replicant,Not Found
RIOT,Not Found
Rohaan,Not Found
Sara Landry,Not Found
Seven Lions,Not Found
Shiba San,Not Found
Shlømo,Not Found
Sidney Charles,Not Found
simfonik,Not Found
Skellytn,Not Found
Sofi Tukker,Not Found
Sosa,Not Found
Staysick,Not Found
Sub Focus,Not Found
Svdden Death,Not Found
Thomas Garcia,Not Found
Timmy Trumpet,Not Found
TOBEHONEST,Not Found
TONG,Not Found
Trym,Not Found
Valentino Khan,Not Found
VARI,Not Found
VAVO,Not Found
Virtual Riot,Not Found
Wasted Penguinz,Not Found
Wes Pierce,Not Found
Wuki,Not Found
Yotto,Not Found
Zevy,Not Found
Zingara,Not Found
ZUEZEU,Not Found
ACRAZE,Not Found
KREAM,Not Found
Alesso,Not Found
Alison Wonderland,Not Found
Armin van Buuren,Not Found
Benny Benassi,Not Found
David Guetta,Not Found
DJ Snake,Not Found
Fireworks,Not Found
Fireworks,Not Found
Fireworks,Not Found
Fisher,Not Found
Gryffin,Not Found
Illenium,Not Found
John Summit,Not Found
Green Velvet,Not Found
Kaskade,Not Found
Lost Frequencies,Not Found
Maddix,Not Found
Matroda,Not Found
Mau P,Not Found
MitiS,Not Found
MK,Not Found
Ninajirachi,Not Found
Öwnboss,Not Found
Rayben,Not Found
Steve Aoki,Not Found
Subtronics,Not Found
Tiësto,Not Found
Wuki,Not Found
Zedd,Not Found
ZUEZEU,Not Found
Camden Cox,Not Found
Dabin,Not Found
deadmau5,Not Found
Deeper Purpose,Not Found
Deorro,Not Found
Devault,Not Found
Dillon Francis,Not Found
Diplo,Not Found
Friendly Fire,Not Found
FrostTop,Not Found
RemK,Not Found
Hamdi,Not Found
HUGEL,Not Found
JOYRYDE,Not Found
Habstrakt,Not Found
Kasablanca,Not Found
Khiva,Not Found
LSDREAM,Not Found
Mary Droppinz,Not Found
Noizu,Not Found
Westend,Not Found
Melé,Not Found
Odd Mob,Not Found
Purple Disco Machine,Not Found
Sicaria,Not Found
SLANDER,Not Found
Sofi Tukker,Not Found
TroyBoi,Not Found
Valentino Khan,Not Found
Sub Focus&Dimension&Culture Shock&1991,Not Found
Airwolf Paradise,Not Found
Ben Hemsley,Not Found
Brina Knauss,Not Found
Cassian,Not Found
Cristoph,Not Found
Dom Dolla,Not Found
Eli Brown,Not Found
HI-LO,Not Found
Eric Prydz,Not Found
Excision,Not Found
Four Tet,Not Found
[IVY],Not Found
John Summit,Not Found
Kayzo,Not Found
Koven,Not Found
Kyle Walker,Not Found
Martin Garrix,Not Found
MK,Not Found
Peggy Gou,Not Found
Sara Landry,Not Found
Seven Lions,Not Found
SLANDER presents Before Dawn,Not Found
Special Guest,Not Found
Sub Focus,Not Found
Timmy Trumpet,Not Found
Vintage Culture,Not Found
Wade,Not Found
Adam Beyer,Not Found
Adam X,Not Found
Ben Sterling,Not Found
Carl Cox,Not Found
Carl Cox,Not Found
Nicole Moudaber,Not Found
Chelina Manuhutu,Not Found
Deborah De Luca,Not Found
Heidi Lawden,Not Found
Indira Paganotto,Not Found
Jamie Jones,Not Found
Joseph Capriati,Not Found
Klangkuenstler,Not Found
Lilly Palmer,Not Found
Loco Dice,Not Found
Malóne,Not Found
Marcel Dettmann,Not Found
Nicole Moudaber,Not Found
Peggy Gou,Not Found
Marcel Dettmann,Not Found
Shlømo,Not Found
Trym,Not Found
Adventure Club,Not Found
ATLiens,Not Found
Boogie T,Not Found
Bou,Not Found
Caspa,Not Found
Chef Boyarbeatz,Not Found
Crankdat,Not Found
Dimension,Not Found
Emorfik,Not Found
Fallen&Dknow (MC Dino),Not Found
Ghastly,Not Found
Hedex,Not Found
HOL!,Not Found
JEANIE,Not Found
Jessica Audiffred,Not Found
Jon Casey,Not Found
Kai Wachi,Not Found
LAYZ,Not Found
MARAUDA,Not Found
Mersiv,Not Found
NGHTMRE,Not Found
Nightstalker,Not Found
Rated R,Not Found
Replicant,Not Found
Subtronics,Not Found
Level Up,Not Found
Svdden Death,Not Found
Tape B,Not Found
Virtual Riot,Not Found
VUlllGUR,Not Found
Wilkinson,Not Found
Wooli,Not Found
Zingara,Not Found
Zomboy,Not Found
Adrenalize,Not Found
Wasted Penguinz,Not Found
Angerfist,Not Found
Atmozfears,Not Found
Audiofreq,Not Found
Clawz,Not Found
DØMINA,Not Found
Creeds,Not Found
Helen Ka,Not Found
D-Sturb,Not Found
Da Tweekaz,Not Found
Dead X,Not Found
Levenkhan,Not Found
Deadly Guns,Not Found
DEATH CODE,Not Found
Devin Wild,Not Found
Keltek,Not Found
Devin Wild,Not Found
GEO,Not Found
GRAVEDGR,Not Found
Kayzo&Space Laces&Must Die!,Not Found
Hixxy,Not Found
Keltek,Not Found
Kreation,Not Found
Darksiderz,Not Found
Lady Faith,Not Found
Lil Texas,Not Found
Mandy,Not Found
Omar Santana,Not Found
SOREN,Not Found
Sound Rush,Not Found
Sub Zero Project,Not Found
Warface,Not Found
Wasted Penguinz,Not Found
Water Spirit,Not Found
Yosuf,Not Found
Alchimyst,Not Found
Aly & Fila,Not Found
Andrew Bayer,Not Found
Andrew Rayel,Not Found
Argy,Not Found
Blastoyz,Not Found
Bryan Kearney,Not Found
Daxson,Not Found
Ferry Corsten,Not Found
Giuseppe Ottaviani,Not Found
Infected Mushroom,Not Found
Jerome Isma-Ae,Not Found
John 00 Fleming,Not Found
Kevin de Vries,Not Found
KhoMha,Not Found
Luttrell,Not Found
Markus Schulz,Not Found
Marsh,Not Found
Metta & Glyde,Not Found
Mind Against,Not Found
Miyuki,Not Found
Naz,Not Found
Nifra,Not Found
Orjan Nilsen&Mark Sixma,Not Found
Paul Oakenfold,Not Found
Paul van Dyk,Not Found
Eric Prydz,Not Found
Talla 2XLC,Not Found
Taylor Torrence,Not Found
Yotto,Not Found
Abana,Not Found
D. Zeledon,Not Found
Andruss,Not Found
Azzecca,Not Found
BEC,Not Found
Calussa,Not Found
DREYA V,Not Found
Eli Brown,Not Found
Hannah Laing,Not Found
HoneyLuv,Not Found
HUGEL,Not Found
J. Worra,Not Found
Joluca,Not Found
Kevin de Vries,Not Found
Kevin Saunderson,Not Found
DJ Minx,Not Found
LF SYSTEM,Not Found
Majestic,Not Found
Matroda,Not Found
San Pacho,Not Found
Matt Sassari,Not Found
Max Styler,Not Found
Melé,Not Found
Noizu,Not Found
Odd Mob&Omnom,Not Found
Pocket,Not Found
Riordan,Not Found
Shiba San,Not Found
Sosa,Not Found
TOBEHONEST,Not Found
Will Clarke,Not Found
ZOF,Not Found
Baggi,Not Found
Matt Denuzzo,Not Found
Bianca Oblivion,Not Found
Denis Sulta,Not Found
DJ Heartstring,Not Found
East End Dubs,Not Found
Fleur Shore,Not Found
HAAi,Not Found
Hint of Lavender,Not Found
Interplanetary Criminal,Not Found
Justin Jay,Not Found
Jyoty,Not Found
Marlie,Not Found
Oden & Fatzo,Not Found
Panteros666,Not Found
Prunk,Not Found
Ranger Trucco,Not Found
Sally C,Not Found
Matisa,Not Found
Sidney Charles,Not Found
Skin On Skin,Not Found
VTSS,Not Found
X-Coast,Not Found
Zen Freeman,Not Found
Aaron K,Not Found
Alison Wonderland,Not Found
ARMNHMR,Not Found
Assembly,Not Found
Bryan Matthew,Not Found
Bunny,Not Found
Castor & Pollux,Not Found
CHAMP FRESNEL,Not Found
Damon Sharpe,Not Found
Hannah Laing,Not Found
James Kennedy,Not Found
Kittrix,Not Found
Kendoll,Not Found
KREAM,Not Found
Lost Like Us,Not Found
Marc V,Not Found
Matt Faulk,Not Found
Myles O'Neal,Not Found
Neon Deluz,Not Found
Nick Garcia,Not Found
SOREN,Not Found
Pickle,Not Found
PLS&TY,Not Found
Polar Bears,Not Found
Riordan,Not Found
TAILSPIN,Not Found
Taylor Jaymin,Not Found
Tim Clark,Not Found
XENAA,Not Found
ZUEZEU,Not Found
Akaio,Not Found
Andruss,Not Found
Bones,Not Found
Codeko,Not Found
Crystal Skies,Not Found
Discrete,Not Found
Egzod,Not Found
Fallon,Not Found
Fredy Lane,Not Found
HALIENE,Not Found
Highlnd,Not Found
Jackie Hollander,Not Found
Joluca,Not Found
Kaysin,Not Found
Manics,Not Found
MitiS,Not Found
Myles O'Neal,Not Found
Quality G,Not Found
Rommii,Not Found
Súbelo Neo,Not Found
Synymata,Not Found
Taylor Kade,Not Found
Thomas Garcia,Not Found
TOBEHONEST,Not Found
TONG,Not Found
Wes Pierce,Not Found
1080p,Not Found
Adam Pearce,Not Found
CELO,Not Found
DJ Minx,Not Found
Everen Maxwell,Not Found
Jon Casey,Not Found
KEPIK,Not Found
Kian,Not Found
arman.,Not Found
Kozmoz,Not Found
Ky William,Not Found
LALA,Not Found
The Living Proof,Not Found
LOUIEJAYXX,Not Found
Malcolm Zeller,Not Found
Malóne,Not Found
Melé,Not Found
Monika Santucci,Not Found
Redline,Not Found
RIOT,Not Found
Sidney Charles,Not Found
STAR SEED,Not Found
Staysick,Not Found
Synymata,Not Found
Teko,Not Found
Tha Funk Junkie,Not Found
VARI,Not Found
Airglo,Not Found
Algo,Not Found
ARMNHMR,Not Found
Blake Webber,Not Found
Bunny,Not Found
Chibs,Not Found
Culture Shock,Not Found
Fallen,Not Found
Fury,Not Found
Nightstalker,Not Found
Dknow (MC Dino),Not Found
Fester,Not Found
Ghost in Real Life,Not Found
Harristone,Not Found
Kassel,Not Found
Kassel,Not Found
Lizzy Jane,Not Found
Mary Droppinz,Not Found
OG Nixin,Not Found
Pocket,Not Found
Pyke,Not Found
Rebel Scum,Not Found
Rohaan,Not Found
Sanzu,Not Found
Skellytn,Not Found
Trouble,Not Found
VKTM,Not Found
VLCN,Not Found
blake.,Not Found
Brandi Cyrus,Not Found
Dee Jay Silver,Not Found
Disco Fries,Not Found
DJ 30Rack,Not Found
K.Gianni,Not Found
Lavish Life,Not Found
Lavish Life,Not Found
Lucky Lou,Not Found
Lucky Lou,Not Found
MC4D,Not Found
MC4D,Not Found
Mesa & Boss,Not Found
PARTY DADS,Not Found
Roadhouse,Not Found
Taylor Kade,Not Found
Taylor Kade,Not Found
VAVO,Not Found
Zevy,Not Found
Zevy,Not Found
Zevy,Not Found
A Shade of Black,Not Found
AFROdisiac,Not Found
Arboles Pintados,Not Found
arman.,Not Found
blklght,Not Found
Bowie Jane,Not Found
Cat & Maomi,Not Found
D!CED,Not Found
DJ Hazel,Not Found
Doses,Not Found
fun2bjane,Not Found
mad gavs,Not Found
Harmson,Not Found
Kallaghan,Not Found
Lisbona Sisters,Not Found
Lucky Lou,Not Found
Mark Lizaola,Not Found
Matt Suave,Not Found
Neon Black,Not Found
NOYZNTHEHOOD,Not Found
Piilot,Not Found
prv. d,Not Found
simfonik,Not Found
Soul Purpose,Not Found
Tripps,Not Found
Who's John,Not Found
12th Planet,Not Found
Airglo,Not Found
12th Planet,Not Found
12th Planet,Not Found
30 Year Dance Party,Not Found
8Kays,Not Found
999999999,Not Found
A Hundred Drums,Not Found
Abana,Not Found
Abana,Not Found
Above & Beyond,Not Found
ACRAZE,Not Found
Noizu,Not Found
ACRAZE,Not Found
Adrenalize,Not Found
Afrojack,Not Found
Airglo,Not Found
AK SPORTS,Not Found
Alec Monopoly,Not Found
Alison Wonderland,Not Found
ALLEYCVT,Not Found
Alok,Not Found
Anabel Englund,Not Found
Anden,Not Found
Andy C,Not Found
AniMe,Not Found
arman.,Not Found
Armin van Buuren,Not Found
ARMNHMR,Not Found
ARMNHMR,Not Found
ARMNHMR,Not Found
ARTBAT,Not Found
Assembly,Not Found
atDusk,Not Found
Audiofreq,Not Found
Azzecca,Not Found
Baggi,Not Found
BAKR,Not Found
BARELY ALIVE,Not Found
Ben Nicky,Not Found
Ben Nicky&Sub Zero Project,Not Found
Ben UFO,Not Found
Bensley,Not Found
Justin Hawkes,Not Found
Bexxie,Not Found
Bexxie,Not Found
Bexxie,Not Found
Billy Gillies,Not Found
Bingewatch,Not Found
Biscits,Not Found
Martin Ikin,Not Found
Black Tiger Sex Machine,Not Found
Blake Webber,Not Found
Blake Webber,Not Found
Blanke,Not Found
Blastoyz,Not Found
Bleu Clair,Not Found
Bones,Not Found
Lee Wells,Not Found
Boogie T,Not Found
Dirt Monkey,Not Found
Boogie T,Not Found
Borgore,Not Found
Level Up,Not Found
Boris Brejcha,Not Found
Born Dirty,Not Found
Brennan Heart,Not Found
Bunny,Not Found
Camden Cox,Not Found
Camden Cox,Not Found
Capozzi,Not Found
Capozzi,Not Found
Carola,Not Found
Carola,Not Found
Champagne Drip,Not Found
Chaney,Not Found
Chris Lake,Not Found
Chris Lorenzo,Not Found
Christopher Lawrence,Not Found
CHYL,Not Found
CID,Not Found
CID,Not Found
Sage Armstrong,Not Found
Cloverdale,Not Found
Code Black,Not Found
Connor q,Not Found
Coone,Not Found
Corey Divine,Not Found
Corrupt (UK),Not Found
Cosmic Gate,Not Found
Crespo,Not Found
D-Sturb,Not Found
Da Tweekaz,Not Found
Danny Daze,Not Found
Darren Styles,Not Found
David Guetta,Not Found
David Morales,Not Found
Deadly Guns,Not Found
Deeper Purpose,Not Found
Demigod,Not Found
Dennis Ferrer,Not Found
Deorro,Not Found
Dimension,Not Found
Dionysus&Yosuf,Not Found
Dombresky,Not Found
Disco Lines,Not Found
Elevate Two,Not Found
Discrete,Not Found
DJ Dan,Not Found
DJ Isaac,Not Found
DJ Minx,Not Found
DJ Topgun,Not Found
DJ Trance,Not Found
Dom Dolla,Not Found
Dombresky,Not Found
Dombresky,Not Found
Dr Phunk,Not Found
DREYA V,Not Found
DREYA V,Not Found
Duke Dumont,Not Found
Dustin Husain,Not Found
Eli Brown,Not Found
Eliminate,Not Found
Ellen Allien,Not Found
Emo Nite,Not Found
Enamour,Not Found
Eptic,Not Found
Excision,Not Found
Excision,Not Found
Dion Timmer,Not Found
Fallen,Not Found
Richter,Not Found
Dknow (MC Dino),Not Found
Ferreck Dawn,Not Found
Ferry Corsten,Not Found
Fester,Not Found
FETISH,Not Found
Fireworks,Not Found
Fireworks,Not Found
Fireworks,Not Found
Fisher,Not Found
Declan James&Decoder,Not Found
Frankie Bones,Not Found
Franky Wah,Not Found
Fred Everything,Not Found
Fredy Lane,Not Found
Friction,Not Found
FrostTop,Not Found
FuntCase,Not Found
Fury,Not Found
Nightstalker,Not Found
Galantis,Not Found
Gammer,Not Found
Tweekacore,Not Found
Gareth Emery,Not Found
Gareth Emery,Not Found
Gentlemens Club,Not Found
Giuseppe Ottaviani,Not Found
GlittrCat,Not Found
Goodboys,Not Found
Goodboys,Not Found
Grafix,Not Found
GRiZ,Not Found
GRiZ&Subtronics,Not Found
Habstrakt,Not Found
Habstrakt,Not Found
Hamdi,Not Found
HANA,Not Found
Hannah Wants,Not Found
Harmson,Not Found
Hint of Lavender,Not Found
Hoang,Not Found
HOL!,Not Found
Honey,Not Found
Hot Since 82,Not Found
HUGEL,Not Found
HVDES,Not Found
I Hate Models,Not Found
If Found,Not Found
Highlnd,Not Found
IMANU,Not Found
Infected Mushroom,Not Found
Isaac Civil,Not Found
J. Worra,Not Found
Jaded,Not Found
James Hype,Not Found
James Hype,Not Found
James Hype,Not Found
jamesjamesjames,Not Found
Jason Blakemore,Not Found
Jeff Mills,Not Found
Jerome Isma-Ae,Not Found
John Bryars,Not Found
Jorza,Not Found
Joshwa,Not Found
JSTJR,Not Found
Kaivon,Not Found
Kaleena Zanders,Not Found
Kaleena Zanders,Not Found
Kaskade,Not Found
Kaskade,Not Found
Kaysin,Not Found
Kaytranada,Not Found
KETTAMA,Not Found
Kill Script,Not Found
KJ Sawka,Not Found
KLAXX,Not Found
Korolova,Not Found
KREAM,Not Found
KsoFresKo,Not Found
Lady Faith,Not Found
Lady Sinclair,Not Found
Lady Sinclair,Not Found
Lane 8,Not Found
Layla Benitez,Not Found
Le Twins,Not Found
Le Youth,Not Found
Lenny Dee,Not Found
Lenny V,Not Found
Levenkhan,Not Found
Lil Texas,Not Found
Loco Dice,Not Found
Fisher,Not Found
Loud Luxury,Not Found
Louie Vega,Not Found
Lovefingers,Not Found
Heidi Lawden,Not Found
Machete,Not Found
Malaa,Not Found
Wax Motif,Not Found
Manolo,Not Found
Marc V,Not Found
Marshmello,Not Found
Svdden Death,Not Found
Marshmello,Not Found
Marten Hørger,Not Found
Martin Garrix,Not Found
The Martinez Brothers,Not Found
Masteria,Not Found
Matroda,Not Found
Matroda,Not Found
Matt Fax,Not Found
Matt Steffanina,Not Found
Mau P,Not Found
Max Low,Not Found
Meduza,Not Found
MEMBA,Not Found
Metrik,Not Found
Grafix,Not Found
Miane,Not Found
Midnight Tyrannosaurus,Not Found
Mike Dunn,Not Found
Mochakk,Not Found
Modapit,Not Found
Moody Good,Not Found
MORTEN,Not Found
Mrotek,Not Found
Ms. Mada,Not Found
Bakke,Not Found
MVSE,Not Found
Nala,Not Found
Netsky,Not Found
Netsky,Not Found
Nick Garcia,Not Found
Nightstalker,Not Found
No Etiquette,Not Found
Noizu,Not Found
Nostalgix,Not Found
Nurko,Not Found
Odd Mob,Not Found
Odd Mob,Not Found
OddKidOut,Not Found
OddKidOut,Not Found
OG Nixin,Not Found
Omar Santana,Not Found
Orso,Not Found
Oscure,Not Found
Osyris,Not Found
Paco Osuna,Not Found
Patrick Topping,Not Found
Paul Denton,Not Found
Pauline Herr,Not Found
Pauline Herr,Not Found
PAWSA,Not Found
Peekaboo,Not Found
Pretty Pink,Not Found
Primal Luxe,Not Found
Qlank,Not Found
R.A.W.,Not Found
Ray Volpe,Not Found
Reaper,Not Found
Rebelion,Not Found
Reinier Zonneveld,Not Found
Riot Ten,Not Found
Jessica Audiffred,Not Found
Rob Gee,Not Found
Rohaan,Not Found
Rohaan,Not Found
SABAI,Not Found
Said The Sky,Not Found
salute,Not Found
San Pacho,Not Found
SAYMYNAME,Not Found
Sean Lafayette,Not Found
SHEI,Not Found
SHERELLE,Not Found
Ship Wrek,Not Found
SIDEPIECE,Not Found
simfonik,Not Found
Simply Jeff,Not Found
Skellytn,Not Found
Dr. Apollo,Not Found
SLANDER,Not Found
SLANDER,Not Found
Softest Hard,Not Found
Softest Hard,Not Found
Sonny Fodera,Not Found
Sonny Fodera,Not Found
SOREN,Not Found
Sound Rush,Not Found
Space Laces,Not Found
Space Motion,Not Found
Special Guest,Not Found
Spencer Brown,Not Found
Suae,Not Found
Sub Zero Project,Not Found
Subtronics,Not Found
Sullivan King,Not Found
Sullivan King,Not Found
Kai Wachi,Not Found
Sultan + Shepard,Not Found
Svdden Death,Not Found
Tchami,Not Found
AC Slater,Not Found
Thee-O,Not Found
Things You Say,Not Found
Tiësto,Not Found
Tim Clark,Not Found
TOBEHONEST,Not Found
TOBEHONEST,Not Found
Todd Terry,Not Found
Tom & Collins,Not Found
Tones,Not Found
Township Rebellion,Not Found
Triode,Not Found
Trouble,Not Found
Tsu Nami,Not Found
Tsu Nami,Not Found
Valentino Khan,Not Found
Vini Vici,Not Found
Vini Vici,Not Found
VUlllGUR,Not Found
Warface,Not Found
D-Sturb,Not Found
Warface,Not Found
Wax Motif,Not Found
Westend,Not Found
Will Atkinson,Not Found
Will Clarke,Not Found
Wooli,Not Found
Yellow Claw,Not Found
yetep,Not Found
yetep,Not Found
Yokai,Not Found
Yoshi & Razner,Not Found
Yotto,Not Found
Young Bombs,Not Found
Zedd,Not Found
Zeds Dead,Not Found
Chase & Status,Not Found
Abana,Not Found
Above & Beyond,Not Found
Alec Monopoly,Not Found
Alison Wonderland,Not Found
ALLEYCVT,Not Found
Anabel Englund,Not Found
Andy C,Not Found
AniMe,Not Found
arman.,Not Found
ARMNHMR,Not Found
ARTBAT,Not Found
Azzecca,Not Found
BARELY ALIVE,Not Found
Bexxie,Not Found
Biscits,Not Found
Martin Ikin,Not Found
Blake Webber,Not Found
Blake Webber,Not Found
Blastoyz,Not Found
Bleu Clair,Not Found
Bones,Not Found
Lee Wells,Not Found
Born Dirty,Not Found
Camden Cox,Not Found
Carola,Not Found
Champagne Drip,Not Found
Christopher Lawrence,Not Found
CHYL,Not Found
Cloverdale,Not Found
Connor q,Not Found
Cosmic Gate,Not Found
Crespo,Not Found
Da Tweekaz,Not Found
David Guetta,Not Found
David Morales,Not Found
Demigod,Not Found
Dombresky,Not Found
Disco Lines,Not Found
Discrete,Not Found
DJ Dan,Not Found
DJ Isaac,Not Found
DJ Topgun,Not Found
Dr Phunk,Not Found
DREYA V,Not Found
DREYA V,Not Found
Duke Dumont,Not Found
Dustin Husain,Not Found
Eli Brown,Not Found
Eliminate,Not Found
Emo Nite,Not Found
Eptic,Not Found
Fallen,Not Found
Richter,Not Found
Dknow (MC Dino),Not Found
Ferry Corsten,Not Found
Fireworks,Not Found
Fisher,Not Found
Frankie Bones,Not Found
Friction,Not Found
FrostTop,Not Found
FuntCase,Not Found
Galantis,Not Found
GRiZ,Not Found
Habstrakt,Not Found
HANA,Not Found
Harmson,Not Found
Hint of Lavender,Not Found
HUGEL,Not Found
Infected Mushroom,Not Found
Isaac Civil,Not Found
James Hype,Not Found
Jason Blakemore,Not Found
Jerome Isma-Ae,Not Found
Kaivon,Not Found
Kaysin,Not Found
Kill Script,Not Found
KREAM,Not Found
Lady Sinclair,Not Found
Lady Sinclair,Not Found
Le Twins,Not Found
Lenny Dee,Not Found
Lil Texas,Not Found
Loco Dice,Not Found
Fisher,Not Found
Louie Vega,Not Found
Lovefingers,Not Found
Heidi Lawden,Not Found
Malaa,Not Found
Wax Motif,Not Found
Manolo,Not Found
Marc V,Not Found
Marshmello,Not Found
Matroda,Not Found
Matroda,Not Found
Matt Fax,Not Found
Meduza,Not Found
MEMBA,Not Found
Mike Dunn,Not Found
Nostalgix,Not Found
Odd Mob,Not Found
Odd Mob,Not Found
Omar Santana,Not Found
Patrick Topping,Not Found
Paul Denton,Not Found
Pauline Herr,Not Found
Pretty Pink,Not Found
Reaper,Not Found
Riot Ten,Not Found
Jessica Audiffred,Not Found
Said The Sky,Not Found
San Pacho,Not Found
SHEI,Not Found
SIDEPIECE,Not Found
simfonik,Not Found
Sound Rush,Not Found
Sullivan King,Not Found
Kai Wachi,Not Found
Tim Clark,Not Found
TOBEHONEST,Not Found
Tones,Not Found
Vini Vici,Not Found
Warface,Not Found
yetep,Not Found
Young Bombs,Not Found
12th Planet,Not Found
12th Planet,Not Found
30 Year Dance Party,Not Found
ACRAZE,Not Found
Afrojack,Not Found
AK SPORTS,Not Found
Alok,Not Found
ARMNHMR,Not Found
atDusk,Not Found
Audiofreq,Not Found
Ben Nicky,Not Found
Ben UFO,Not Found
Bexxie,Not Found
Bexxie,Not Found
Billy Gillies,Not Found
Bingewatch,Not Found
Boris Brejcha,Not Found
Bunny,Not Found
Camden Cox,Not Found
Carola,Not Found
Chaney,Not Found
Chris Lake,Not Found
CID,Not Found
Sage Armstrong,Not Found
Coone,Not Found
Corey Divine,Not Found
Danny Daze,Not Found
Darren Styles,Not Found
Dionysus&Yosuf,Not Found
Elevate Two,Not Found
DJ Trance,Not Found
Dom Dolla,Not Found
Dombresky,Not Found
Excision,Not Found
Dion Timmer,Not Found
Ferreck Dawn,Not Found
FETISH,Not Found
Fireworks,Not Found
Fredy Lane,Not Found
Fury,Not Found
Nightstalker,Not Found
Gareth Emery,Not Found
Giuseppe Ottaviani,Not Found
GlittrCat,Not Found
Habstrakt,Not Found
Hamdi,Not Found
Hoang,Not Found
Hot Since 82,Not Found
HVDES,Not Found
If Found,Not Found
Highlnd,Not Found
James Hype,Not Found
jamesjamesjames,Not Found
John Bryars,Not Found
Jorza,Not Found
JSTJR,Not Found
Kaskade,Not Found
Kaytranada,Not Found
KETTAMA,Not Found
KLAXX,Not Found
Korolova,Not Found
Lady Faith,Not Found
Layla Benitez,Not Found
Machete,Not Found
The Martinez Brothers,Not Found
Masteria,Not Found
Matt Steffanina,Not Found
Mau P,Not Found
Max Low,Not Found
Metrik,Not Found
Grafix,Not Found
Miane,Not Found
Mochakk,Not Found
Modapit,Not Found
Moody Good,Not Found
MORTEN,Not Found
Ms. Mada,Not Found
Bakke,Not Found
MVSE,Not Found
Nala,Not Found
Netsky,Not Found
Noizu,Not Found
Nurko,Not Found
OddKidOut,Not Found
OG Nixin,Not Found
Osyris,Not Found
Paco Osuna,Not Found
Pauline Herr,Not Found
PAWSA,Not Found
Primal Luxe,Not Found
Qlank,Not Found
R.A.W.,Not Found
Ray Volpe,Not Found
Rebelion,Not Found
Rohaan,Not Found
SABAI,Not Found
salute,Not Found
Sean Lafayette,Not Found
SHERELLE,Not Found
Simply Jeff,Not Found
Softest Hard,Not Found
Sonny Fodera,Not Found
Space Laces,Not Found
Special Guest,Not Found
Spencer Brown,Not Found
Suae,Not Found
Sub Zero Project,Not Found
Subtronics,Not Found
Sullivan King,Not Found
Svdden Death,Not Found
Tiësto,Not Found
Tom & Collins,Not Found
Triode,Not Found
Tsu Nami,Not Found
Valentino Khan,Not Found
Vini Vici,Not Found
VUlllGUR,Not Found
Warface,Not Found
D-Sturb,Not Found
Westend,Not Found
Will Atkinson,Not Found
Wooli,Not Found
yetep,Not Found
Yoshi & Razner,Not Found
Zedd,Not Found
Zeds Dead,Not Found
Chase & Status,Not Found
12th Planet,Not Found
Airglo,Not Found
8Kays,Not Found
999999999,Not Found
A Hundred Drums,Not Found
Abana,Not Found
ACRAZE,Not Found
Noizu,Not Found
Adrenalize,Not Found
Airglo,Not Found
Anden,Not Found
Armin van Buuren,Not Found
ARMNHMR,Not Found
Assembly,Not Found
Baggi,Not Found
BAKR,Not Found
Ben Nicky&Sub Zero Project,Not Found
Bensley,Not Found
Justin Hawkes,Not Found
Black Tiger Sex Machine,Not Found
Blanke,Not Found
Boogie T,Not Found
Dirt Monkey,Not Found
Boogie T,Not Found
Borgore,Not Found
Level Up,Not Found
Brennan Heart,Not Found
Capozzi,Not Found
Capozzi,Not Found
Chris Lorenzo,Not Found
CID,Not Found
Code Black,Not Found
Corrupt (UK),Not Found
D-Sturb,Not Found
Deadly Guns,Not Found
Deeper Purpose,Not Found
Dennis Ferrer,Not Found
Deorro,Not Found
Dimension,Not Found
DJ Minx,Not Found
Dombresky,Not Found
Ellen Allien,Not Found
Enamour,Not Found
Excision,Not Found
Fester,Not Found
Fireworks,Not Found
Declan James&Decoder,Not Found
Franky Wah,Not Found
Fred Everything,Not Found
Gammer,Not Found
Tweekacore,Not Found
Gareth Emery,Not Found
Gentlemens Club,Not Found
Goodboys,Not Found
Goodboys,Not Found
Grafix,Not Found
GRiZ&Subtronics,Not Found
Hannah Wants,Not Found
HOL!,Not Found
Honey,Not Found
I Hate Models,Not Found
IMANU,Not Found
J. Worra,Not Found
Jaded,Not Found
James Hype,Not Found
Jeff Mills,Not Found
Joshwa,Not Found
Kaleena Zanders,Not Found
Kaleena Zanders,Not Found
Kaskade,Not Found
KJ Sawka,Not Found
KsoFresKo,Not Found
Lane 8,Not Found
Le Youth,Not Found
Lenny V,Not Found
Levenkhan,Not Found
Loud Luxury,Not Found
Marshmello,Not Found
Svdden Death,Not Found
Marten Hørger,Not Found
Martin Garrix,Not Found
Midnight Tyrannosaurus,Not Found
Mrotek,Not Found
Netsky,Not Found
Nick Garcia,Not Found
Nightstalker,Not Found
No Etiquette,Not Found
OddKidOut,Not Found
Orso,Not Found
Oscure,Not Found
Peekaboo,Not Found
Reinier Zonneveld,Not Found
Rob Gee,Not Found
Rohaan,Not Found
SAYMYNAME,Not Found
Ship Wrek,Not Found
Skellytn,Not Found
Dr. Apollo,Not Found
SLANDER,Not Found
SLANDER,Not Found
Softest Hard,Not Found
Sonny Fodera,Not Found
SOREN,Not Found
Space Motion,Not Found
Sultan + Shepard,Not Found
Tchami,Not Found
AC Slater,Not Found
Thee-O,Not Found
Things You Say,Not Found
TOBEHONEST,Not Found
Todd Terry,Not Found
Township Rebellion,Not Found
Trouble,Not Found
Tsu Nami,Not Found
Wax Motif,Not Found
Will Clarke,Not Found
Yellow Claw,Not Found
Yokai,Not Found
Yotto,Not Found
Alison Wonderland,Not Found
Alok,Not Found
Armin van Buuren,Not Found
Boris Brejcha,Not Found
Carola,Not Found
Chris Lake,Not Found
David Guetta,Not Found
Dombresky,Not Found
Fireworks,Not Found
Fireworks,Not Found
Fireworks,Not Found
Galantis,Not Found
Gareth Emery,Not Found
James Hype,Not Found
Kaskade,Not Found
Korolova,Not Found
KREAM,Not Found
Loud Luxury,Not Found
Malaa,Not Found
Wax Motif,Not Found
Marshmello,Not Found
Marten Hørger,Not Found
Martin Garrix,Not Found
MORTEN,Not Found
Pauline Herr,Not Found
Ship Wrek,Not Found
SIDEPIECE,Not Found
SLANDER,Not Found
Tiësto,Not Found
Valentino Khan,Not Found
Zedd,Not Found
ARMNHMR,Not Found
Boogie T,Not Found
Dirt Monkey,Not Found
Capozzi,Not Found
Chris Lorenzo,Not Found
CID,Not Found
Sage Armstrong,Not Found
FrostTop,Not Found
GRiZ,Not Found
Habstrakt,Not Found
J. Worra,Not Found
James Hype,Not Found
JSTJR,Not Found
Kaivon,Not Found
Kaytranada,Not Found
Matroda,Not Found
MEMBA,Not Found
Nala,Not Found
Noizu,Not Found
Nostalgix,Not Found
Said The Sky,Not Found
Sonny Fodera,Not Found
Sullivan King,Not Found
Tchami,Not Found
AC Slater,Not Found
TOBEHONEST,Not Found
Wax Motif,Not Found
yetep,Not Found
Zeds Dead,Not Found
Chase & Status,Not Found
Above & Beyond,Not Found
ACRAZE,Not Found
Afrojack,Not Found
Anabel Englund,Not Found
Blanke,Not Found
Deorro,Not Found
Dom Dolla,Not Found
Duke Dumont,Not Found
Excision,Not Found
Fisher,Not Found
Kaskade,Not Found
Kill Script,Not Found
Marshmello,Not Found
Svdden Death,Not Found
Meduza,Not Found
Modapit,Not Found
Peekaboo,Not Found
SAYMYNAME,Not Found
Special Guest,Not Found
Spencer Brown,Not Found
Subtronics,Not Found
Tsu Nami,Not Found
Vini Vici,Not Found
Yellow Claw,Not Found
999999999,Not Found
ARTBAT,Not Found
Azzecca,Not Found
Eli Brown,Not Found
Ellen Allien,Not Found
Declan James&Decoder,Not Found
Hint of Lavender,Not Found
Hot Since 82,Not Found
I Hate Models,Not Found
Jeff Mills,Not Found
Layla Benitez,Not Found
Loco Dice,Not Found
Fisher,Not Found
The Martinez Brothers,Not Found
Mochakk,Not Found
Ms. Mada,Not Found
Bakke,Not Found
Paco Osuna,Not Found
Patrick Topping,Not Found
PAWSA,Not Found
Reinier Zonneveld,Not Found
Will Clarke,Not Found
12th Planet,Not Found
A Hundred Drums,Not Found
Andy C,Not Found
BARELY ALIVE,Not Found
Bensley,Not Found
Justin Hawkes,Not Found
Black Tiger Sex Machine,Not Found
Boogie T,Not Found
Borgore,Not Found
Level Up,Not Found
Champagne Drip,Not Found
Dimension,Not Found
Eliminate,Not Found
Eptic,Not Found
Excision,Not Found
Dion Timmer,Not Found
Fallen,Not Found
Richter,Not Found
Dknow (MC Dino),Not Found
Friction,Not Found
FuntCase,Not Found
Fury,Not Found
Nightstalker,Not Found
Gentlemens Club,Not Found
GRiZ&Subtronics,Not Found
HOL!,Not Found
HVDES,Not Found
IMANU,Not Found
Metrik,Not Found
Grafix,Not Found
Midnight Tyrannosaurus,Not Found
Moody Good,Not Found
Netsky,Not Found
Ray Volpe,Not Found
Reaper,Not Found
Riot Ten,Not Found
Jessica Audiffred,Not Found
Space Laces,Not Found
Sullivan King,Not Found
Kai Wachi,Not Found
Svdden Death,Not Found
Wooli,Not Found
Adrenalize,Not Found
AniMe,Not Found
Audiofreq,Not Found
Ben Nicky&Sub Zero Project,Not Found
Brennan Heart,Not Found
Code Black,Not Found
Coone,Not Found
D-Sturb,Not Found
Da Tweekaz,Not Found
Darren Styles,Not Found
Deadly Guns,Not Found
Dionysus&Yosuf,Not Found
DJ Isaac,Not Found
Dr Phunk,Not Found
Gammer,Not Found
Tweekacore,Not Found
Lady Faith,Not Found
Lenny Dee,Not Found
Levenkhan,Not Found
Lil Texas,Not Found
Mrotek,Not Found
Omar Santana,Not Found
Rebelion,Not Found
Rob Gee,Not Found
SHEI,Not Found
Softest Hard,Not Found
SOREN,Not Found
Sound Rush,Not Found
Suae,Not Found
Sub Zero Project,Not Found
Warface,Not Found
D-Sturb,Not Found
Warface,Not Found
8Kays,Not Found
Anden,Not Found
atDusk,Not Found
Ben Nicky,Not Found
Billy Gillies,Not Found
Blastoyz,Not Found
Cosmic Gate,Not Found
Dustin Husain,Not Found
Enamour,Not Found
Ferry Corsten,Not Found
Franky Wah,Not Found
Gareth Emery,Not Found
Giuseppe Ottaviani,Not Found
HANA,Not Found
Infected Mushroom,Not Found
Jerome Isma-Ae,Not Found
Jorza,Not Found
Lane 8,Not Found
Le Youth,Not Found
Matt Fax,Not Found
Paul Denton,Not Found
Pretty Pink,Not Found
Space Motion,Not Found
Sultan + Shepard,Not Found
Township Rebellion,Not Found
Triode,Not Found
Vini Vici,Not Found
Will Atkinson,Not Found
Yoshi & Razner,Not Found
Yotto,Not Found
Abana,Not Found
ACRAZE,Not Found
Noizu,Not Found
Bexxie,Not Found
Biscits,Not Found
Martin Ikin,Not Found
Bleu Clair,Not Found
Born Dirty,Not Found
Camden Cox,Not Found
Chaney,Not Found
CID,Not Found
Cloverdale,Not Found
Deeper Purpose,Not Found
Disco Lines,Not Found
Dombresky,Not Found
DREYA V,Not Found
Ferreck Dawn,Not Found
Goodboys,Not Found
Hannah Wants,Not Found
HUGEL,Not Found
Jaded,Not Found
James Hype,Not Found
Joshwa,Not Found
Kaleena Zanders,Not Found
Matroda,Not Found
Mau P,Not Found
Miane,Not Found
Odd Mob,Not Found
San Pacho,Not Found
Sonny Fodera,Not Found
Tom & Collins,Not Found
Westend,Not Found
AK SPORTS,Not Found
Baggi,Not Found
Ben UFO,Not Found
Danny Daze,Not Found
David Morales,Not Found
Dennis Ferrer,Not Found
Dombresky,Not Found
DJ Minx,Not Found
Fred Everything,Not Found
jamesjamesjames,Not Found
John Bryars,Not Found
KETTAMA,Not Found
Lady Sinclair,Not Found
Louie Vega,Not Found
Lovefingers,Not Found
Heidi Lawden,Not Found
Mike Dunn,Not Found
salute,Not Found
SHERELLE,Not Found
Things You Say,Not Found
Todd Terry,Not Found
12th Planet,Not Found
30 Year Dance Party,Not Found
Assembly,Not Found
Bunny,Not Found
Christopher Lawrence,Not Found
Demigod,Not Found
Elevate Two,Not Found
DJ Dan,Not Found
DJ Trance,Not Found
Fester,Not Found
Frankie Bones,Not Found
Jason Blakemore,Not Found
Lady Sinclair,Not Found
Lenny V,Not Found
Machete,Not Found
Marc V,Not Found
Nick Garcia,Not Found
Oscure,Not Found
Primal Luxe,Not Found
R.A.W.,Not Found
simfonik,Not Found
Simply Jeff,Not Found
Thee-O,Not Found
ALLEYCVT,Not Found
ARMNHMR,Not Found
BAKR,Not Found
Blake Webber,Not Found
CHYL,Not Found
Connor q,Not Found
Corey Divine,Not Found
DJ Topgun,Not Found
Emo Nite,Not Found
GlittrCat,Not Found
Goodboys,Not Found
Habstrakt,Not Found
Hamdi,Not Found
Honey,Not Found
Kaleena Zanders,Not Found
KsoFresKo,Not Found
OddKidOut,Not Found
OG Nixin,Not Found
Orso,Not Found
Osyris,Not Found
Rohaan,Not Found
SLANDER,Not Found
VUlllGUR,Not Found
12th Planet,Not Found
Airglo,Not Found
Alec Monopoly,Not Found
arman.,Not Found
Bexxie,Not Found
Bingewatch,Not Found
Blake Webber,Not Found
Carola,Not Found
Crespo,Not Found
FETISH,Not Found
Fredy Lane,Not Found
Grafix,Not Found
Harmson,Not Found
Isaac Civil,Not Found
KJ Sawka,Not Found
Le Twins,Not Found
Masteria,Not Found
Matt Steffanina,Not Found
Max Low,Not Found
Netsky,Not Found
Nightstalker,Not Found
No Etiquette,Not Found
Qlank,Not Found
Sean Lafayette,Not Found
Skellytn,Not Found
Dr. Apollo,Not Found
Tim Clark,Not Found
Tones,Not Found
Trouble,Not Found
Young Bombs,Not Found
Abana,Not Found
Airglo,Not Found
ARMNHMR,Not Found
Bexxie,Not Found
Bones,Not Found
Lee Wells,Not Found
Camden Cox,Not Found
Capozzi,Not Found
Corrupt (UK),Not Found
Discrete,Not Found
DREYA V,Not Found
Hoang,Not Found
If Found,Not Found
Highlnd,Not Found
Kaysin,Not Found
KLAXX,Not Found
Manolo,Not Found
MVSE,Not Found
Nurko,Not Found
Odd Mob,Not Found
OddKidOut,Not Found
Pauline Herr,Not Found
Rohaan,Not Found
SABAI,Not Found
Softest Hard,Not Found
TOBEHONEST,Not Found
Tsu Nami,Not Found
yetep,Not Found
Yokai,Not Found
12th Planet,Not Found
1991,Not Found
5GODZ,Not Found
A-Trak,Not Found
Craze,Not Found
A-Trak,Not Found
A.M.C,Not Found
AC Slater,Not Found
Chris Lorenzo,Not Found
ACIDTWIINS,Not Found
ACRAZE,Not Found
ACRAZE,Not Found
Adam Auburn,Not Found
Adam Beyer,Not Found
Adrenalize,Not Found
Air2Earth,Not Found
Alan Walker,Not Found
Alesso,Not Found
Alexandar Smash,Not Found
Alix Perez,Not Found
Alok,Not Found
Aly & Fila,Not Found
Alyx Ander,Not Found
ANATTA,Not Found
Anderson M,Not Found
Andrew Rayel,Not Found
Anfisa Letyago,Not Found
AniMe,Not Found
Ann Clue,Not Found
The Archer,Not Found
Armin van Buuren,Not Found
ARMNHMR,Not Found
ARMNHMR,Not Found
Assembly,Not Found
ATB,Not Found
atDusk,Not Found
ATLiens,Not Found
Audien,Not Found
Audiofreq,Not Found
Audiofreq&Code Black&Toneshifterz,Not Found
Autograf,Not Found
Autograf,Not Found
Avision,Not Found
Baby Weight,Not Found
Baby Weight,Not Found
Baggi,Not Found
Bakke,Not Found
Bear Grillz,Not Found
Kompany,Not Found
Ben Böhmer,Not Found
Ben Nicky,Not Found
Bexxie,Not Found
BIJOU,Not Found
Habstrakt,Not Found
Bingewatch,Not Found
Biscits,Not Found
Black V Neck,Not Found
Blake Webber,Not Found
Blastoyz,Not Found
Blossom,Not Found
Blunts & Blondes,Not Found
BOMBAYS,Not Found
Bones,Not Found
Borgore,Not Found
Boris Brejcha,Not Found
Born Dirty,Not Found
Boston Bun,Not Found
Brainchild,Not Found
Brandon Elliot,Not Found
Bunny,Not Found
Burko,Not Found
Candl,Not Found
Capozzi,Not Found
Capozzi,Not Found
Carl Craig,Not Found
Carlo Key,Not Found
Carlo Key,Not Found
Cat Dealers,Not Found
Cats & Boots Records,Not Found
Chapter & Verse,Not Found
Chapter & Verse,Not Found
Charlotte de Witte,Not Found
Charlotte de Witte,Not Found
Chocolate Sushi,Not Found
Chris Jay,Not Found
Chris Lake,Not Found
CID,Not Found
CID,Not Found
Cloonee,Not Found
Cloverdale,Not Found
Cloverdale,Not Found
Coco & Breezy,Not Found
Coco & Breezy,Not Found
Colored Craig,Not Found
Corey Sizemore,Not Found
Richie Panic,Not Found
Cosmic Gate,Not Found
Craig Connelly,Not Found
Crime Family,Not Found
D!CED,Not Found
D-Sturb,Not Found
Da Tweekaz,Not Found
Damon Sharpe,Not Found
Darksiderz,Not Found
Darren Styles,Not Found
David Guetta&MORTEN,Not Found
Deadly Guns,Not Found
Deborah De Luca,Not Found
Deeper Purpose,Not Found
Definitive,Not Found
Replicant,Not Found
Delta Heavy,Not Found
Koven,Not Found
Muzz,Not Found
Demigod,Not Found
Dennis Cruz,Not Found
Deorro,Not Found
Derrick Carter,Not Found
Deyo,Not Found
Diamond Dallas Tex,Not Found
Diesel,Not Found
Dillon Francis,Not Found
Charles Feelgood,Not Found
DJ Heather,Not Found
DJ Holographic,Not Found
DJ Isaac,Not Found
DJ Snake,Not Found
Doctor P,Not Found
Doctor P&FuntCase,Not Found
Dom Dolla,Not Found
Dom Dolla,Not Found
Dot,Not Found
Dr Phunk,Not Found
Dr. Apollo,Not Found
Dr. Defiant,Not Found
Duck Sauce,Not Found
DVRKO,Not Found
Echod,Not Found
El Monk,Not Found
Eprom,Not Found
Eric Mark,Not Found
Eric Prydz,Not Found
€URO TRA$H,Not Found
Evan Giia,Not Found
Evol Intent,Not Found
Excision,Not Found
Excision,Not Found
Fallen,Not Found
Richter,Not Found
Fallen,Not Found
Richter,Not Found
Fury,Not Found
Nightstalker,Not Found
Dknow (MC Dino),Not Found
MC XYZ,Not Found
Fantom Freq,Not Found
Felix Da Housecat,Not Found
Ferry Corsten,Not Found
Fester,Not Found
FETISH,Not Found
Fireworks,Not Found
Fireworks,Not Found
Fireworks,Not Found
Fisher,Not Found
FJAAK,Not Found
FlashGang,Not Found
Francis Mercier,Not Found
Francis Mercier,Not Found
Friction,Not Found
Kanine,Not Found
FrostTop,Not Found
RemK,Not Found
FuntCase,Not Found
Fury,Not Found
Nightstalker,Not Found
Dknow (MC Dino),Not Found
G Jones,Not Found
Gabriel & Dresden,Not Found
Ganja White Night,Not Found
Gem & Tauri,Not Found
Gene Farris,Not Found
Gene Farris,Not Found
Getter,Not Found
Space Laces,Not Found
Gibson Parker,Not Found
Big Gigantic&NGHTMRE,Not Found
Giuseppe Ottaviani,Not Found
Golf Clap,Not Found
Good Times Ahead,Not Found
Grimes,Not Found
HANA,Not Found
HANA,Not Found
Harmson,Not Found
Harry Romero,Not Found
Headhunterz,Not Found
Heidi Lawden,Not Found
helloworld,Not Found
Highlnd,Not Found
Honey Dijon,Not Found
HoneyLuv,Not Found
Hpnotic,Not Found
Lucky Rabbit,Not Found
HUGEL,Not Found
Hulk Gang (Valentino Khan + 4B),Not Found
Hush,Not Found
Hybrid Minds,Not Found
I Hate Models,Not Found
Ilan Bluestone,Not Found
Ilario Alicante,Not Found
Illenium,Not Found
Imanbek,Not Found
IMANU,Not Found
Indira Paganotto,Not Found
Jai Wolf,Not Found
James Hype,Not Found
Jason Ross,Not Found
Jauz,Not Found
Jauz,Not Found
Jawns,Not Found
Jayda G,Not Found
Jessica Audiffred,Not Found
Joel Corry,Not Found
John O'Callaghan,Not Found
John Summit,Not Found
Jorza,Not Found
Joseph Capriati,Not Found
Joshwa,Not Found
JSTJR,Not Found
Julienne By,Not Found
Junkie Kid,Not Found
GEO,Not Found
Justin Hawkes,Not Found
k?d,Not Found
Kai Wachi,Not Found
Kaleena Zanders,Not Found
Kallaghan,Not Found
KAMI,Not Found
Kasablanca,Not Found
Kx5,Not Found
Kaskade,Not Found
Kayzo,Not Found
Keekz,Not Found
Kendoll,Not Found
Khromata,Not Found
Kittrix,Not Found
Knock2,Not Found
Knowmans,Not Found
Korsky,Not Found
Koven,Not Found
KREAM,Not Found
KsoFresKo,Not Found
KsoFresKo,Not Found
Kwon,Not Found
Lab Group,Not Found
Lady Faith,Not Found
Lady Sinclair,Not Found
LayD,Not Found
Lee Foss,Not Found
Lee Foss,Not Found
Level Up,Not Found
Lil Texas,Not Found
Link,Not Found
Link,Not Found
Liquid Stranger,Not Found
LLLLNNNN,Not Found
LNY TNZ,Not Found
longstoryshort,Not Found
LP Giobbi,Not Found
LP Giobbi,Not Found
Born Dirty,Not Found
LP Giobbi,Not Found
Lucati,Not Found
Lucati,Not Found
LuckyRoll,Not Found
LUPA,Not Found
Luttrell,Not Found
Maanic,Not Found
Macky Gee,Not Found
DJ Mad Dog,Not Found
Madeon,Not Found
Majestic,Not Found
Manolo,Not Found
MARAUDA,Not Found
Marc V,Not Found
Mark Farina,Not Found
Mark Lizaola,Not Found
Mark Lizaola,Not Found
MaRLo,Not Found
Marques Wyatt,Not Found
Mars,Not Found
Martin Ikin,Not Found
Martin Ikin,Not Found
Mary Droppinz,Not Found
Masha Mar,Not Found
Masteria,Not Found
Mat Zo,Not Found
Matroda,Not Found
Bleu Clair,Not Found
Matroda,Not Found
Matt Fax,Not Found
Matt Steffanina,Not Found
Matthias,Not Found
Max Low,Not Found
Meduza,Not Found
MEMBA,Not Found
Mija,Not Found
MitiS,Not Found
MitiS,Not Found
Crystal Skies,Not Found
Moni,Not Found
Moni,Not Found
Moore Kismet,Not Found
Morelia,Not Found
Morgin Madison,Not Found
Morpei,Not Found
Abana,Not Found
Mr. Brooks,Not Found
Ms. Mada,Not Found
Ms. Mada,Not Found
Muzz,Not Found
MXM,Not Found
Mystery Jack,Not Found
Neon Deluz,Not Found
NES,Not Found
Nick Garcia,Not Found
Niles Shepard,Not Found
Niles Shepard,Not Found
Nitepunk,Not Found
Nitepunk,Not Found
NITTI,Not Found
Wuki,Not Found
No Mana,Not Found
Eddie,Not Found
No Thanks,Not Found
Nora En Pure,Not Found
Nostalgix,Not Found
Nostalgix,Not Found
Omar Santana,Not Found
On Deck,Not Found
Skemaddox,Not Found
One True God,Not Found
ONYVAA,Not Found
Partiboi69,Not Found
PARTY DADS,Not Found
Paul van Dyk,Not Found
Pauline Herr,Not Found
Piques,Not Found
Lāsh,Not Found
Porter Robinson,Not Found
Pretty Pink,Not Found
Pretty Pink,Not Found
Purple,Not Found
Qlank,Not Found
Qrion,Not Found
Qrion,Not Found
RachEP,Not Found
Rad Cat,Not Found
Radical Redemption,Not Found
Reaper,Not Found
RemK,Not Found
Renato S,Not Found
Renegade System,Not Found
Rezz,Not Found
Riot Ten,Not Found
Rob Gee,Not Found
Roswell,Not Found
Ruben de Ronde,Not Found
Ruff Hauser,Not Found
Roy Wilkins,Not Found
Rusko,Not Found
S-Doobie,Not Found
Sam Divine,Not Found
Sam Divine,Not Found
Samwise,Not Found
San Holo,Not Found
San Holo,Not Found
SCHALA,Not Found
Seven Lions,Not Found
Shiba San,Not Found
SIDEPIECE,Not Found
Sinopoli,Not Found
Danyelino,Not Found
Skonka,Not Found
SKYE,Not Found
Slippy,Not Found
So Tuff So Cute,Not Found
Softest Hard,Not Found
Solh,Not Found
Soothslayer,Not Found
SOREN,Not Found
SOREN,Not Found
Soul Purpose,Not Found
Sound Rush,Not Found
Special Guest,Not Found
Special Guest,Not Found
Spency Be,Not Found
Stanley Kubrix,Not Found
STAR SEED,Not Found
Sub Focus&Wilkinson,Not Found
Sub Zero Project,Not Found
Subtronics,Not Found
Subtronics,Not Found
Boogie T,Not Found
Sultan + Shepard,Not Found
Svdden Death,Not Found
SVNF8,Not Found
Swage,Not Found
Synymata,Not Found
Tale Of Us,Not Found
Talon,Not Found
Taylor Jaymin,Not Found
Taylor Kade,Not Found
Taylor Torrence,Not Found
Tchami,Not Found
TELYKAST,Not Found
Tempo Giusto,Not Found
Testpilot,Not Found
Thee-O,Not Found
Things You Say,Not Found
Thunderpony,Not Found
Tiësto,Not Found
Timmy Trumpet,Not Found
Tinlicker,Not Found
TINYKVT,Not Found
TNT,Not Found
Torren Foot,Not Found
Tritonal,Not Found
Trouble,Not Found
Trouble,Not Found
Truth x Lies,Not Found
TSHA,Not Found
Tsu Nami,Not Found
Tweekacore,Not Found
UNiiQU3,Not Found
Vini Vici,Not Found
Vintage Culture,Not Found
Vintage Culture,Not Found
Vintage Culture,Not Found
James Hype,Not Found
Virtual Riot,Not Found
Volac,Not Found
Wade,Not Found
Wave Point,Not Found
Wax Motif,Not Found
Wax Motif,Not Found
Wenzday,Not Found
Nostalgix,Not Found
Wenzday,Not Found
Wenzday,Not Found
Wenzday,Not Found
Dustycloud,Not Found
Special Guest,Not Found
Westend,Not Found
Black V Neck,Not Found
Westend,Not Found
Lucati,Not Found
Westend,Not Found
WHIPPED CREAM,Not Found
Wildstylez,Not Found
Wuki,Not Found
XiJaro & Pitch,Not Found
Yellow Claw,Not Found
yetep,Not Found
Yokai,Not Found
Yolanda Be Cool,Not Found
Yolanda Be Cool,Not Found
Zedd,Not Found
Zeds Dead,Not Found
Zeds Dead,Not Found
Zhu,Not Found
Zomboy,Not Found
ACRAZE,Not Found
ACRAZE,Not Found
Adam Auburn,Not Found
Adrenalize,Not Found
Alan Walker,Not Found
Alix Perez,Not Found
ANATTA,Not Found
Ann Clue,Not Found
The Archer,Not Found
ARMNHMR,Not Found
Audiofreq&Code Black&Toneshifterz,Not Found
Autograf,Not Found
Ben Böhmer,Not Found
Black V Neck,Not Found
Boris Brejcha,Not Found
Boston Bun,Not Found
Burko,Not Found
Capozzi,Not Found
Capozzi,Not Found
Carl Craig,Not Found
Carlo Key,Not Found
Cat Dealers,Not Found
Cats & Boots Records,Not Found
Charlotte de Witte,Not Found
Chris Lake,Not Found
Cloverdale,Not Found
Corey Sizemore,Not Found
Richie Panic,Not Found
Cosmic Gate,Not Found
D!CED,Not Found
Darren Styles,Not Found
Deadly Guns,Not Found
Demigod,Not Found
Dennis Cruz,Not Found
Deyo,Not Found
Diesel,Not Found
Charles Feelgood,Not Found
DJ Holographic,Not Found
Doctor P,Not Found
Doctor P&FuntCase,Not Found
Dom Dolla,Not Found
Echod,Not Found
Eric Prydz,Not Found
€URO TRA$H,Not Found
Evan Giia,Not Found
Evol Intent,Not Found
Fallen,Not Found
Richter,Not Found
Fallen,Not Found
Richter,Not Found
Fury,Not Found
Nightstalker,Not Found
Dknow (MC Dino),Not Found
MC XYZ,Not Found
Fester,Not Found
Fireworks,Not Found
Fisher,Not Found
FuntCase,Not Found
G Jones,Not Found
Gabriel & Dresden,Not Found
Ganja White Night,Not Found
Gem & Tauri,Not Found
Gene Farris,Not Found
Big Gigantic&NGHTMRE,Not Found
Giuseppe Ottaviani,Not Found
Harmson,Not Found
Honey Dijon,Not Found
HUGEL,Not Found
Ilan Bluestone,Not Found
Jauz,Not Found
Jayda G,Not Found
Jessica Audiffred,Not Found
John O'Callaghan,Not Found
Jorza,Not Found
JSTJR,Not Found
Julienne By,Not Found
Justin Hawkes,Not Found
k?d,Not Found
Kai Wachi,Not Found
Kallaghan,Not Found
Kendoll,Not Found
Kittrix,Not Found
Korsky,Not Found
Koven,Not Found
Kwon,Not Found
Lady Sinclair,Not Found
LLLLNNNN,Not Found
LNY TNZ,Not Found
Macky Gee,Not Found
DJ Mad Dog,Not Found
Madeon,Not Found
Marques Wyatt,Not Found
Mary Droppinz,Not Found
Masha Mar,Not Found
Matroda,Not Found
Bleu Clair,Not Found
Meduza,Not Found
MEMBA,Not Found
Moni,Not Found
Mr. Brooks,Not Found
Muzz,Not Found
Mystery Jack,Not Found
Neon Deluz,Not Found
Niles Shepard,Not Found
Niles Shepard,Not Found
Nitepunk,Not Found
Nitepunk,Not Found
NITTI,Not Found
Wuki,Not Found
No Thanks,Not Found
Nora En Pure,Not Found
Nostalgix,Not Found
Omar Santana,Not Found
Piques,Not Found
Lāsh,Not Found
Porter Robinson,Not Found
Pretty Pink,Not Found
Pretty Pink,Not Found
Purple,Not Found
Qrion,Not Found
RachEP,Not Found
RemK,Not Found
Renato S,Not Found
Riot Ten,Not Found
Roswell,Not Found
S-Doobie,Not Found
Seven Lions,Not Found
Sinopoli,Not Found
Danyelino,Not Found
SKYE,Not Found
Softest Hard,Not Found
Soothslayer,Not Found
SOREN,Not Found
Soul Purpose,Not Found
Stanley Kubrix,Not Found
Sub Focus&Wilkinson,Not Found
Sultan + Shepard,Not Found
Svdden Death,Not Found
Swage,Not Found
Tale Of Us,Not Found
TELYKAST,Not Found
Tempo Giusto,Not Found
Testpilot,Not Found
Timmy Trumpet,Not Found
Tinlicker,Not Found
TNT,Not Found
Trouble,Not Found
Tweekacore,Not Found
UNiiQU3,Not Found
Volac,Not Found
Westend,Not Found
Black V Neck,Not Found
Westend,Not Found
Lucati,Not Found
WHIPPED CREAM,Not Found
Wuki,Not Found
XiJaro & Pitch,Not Found
Yokai,Not Found
1991,Not Found
A-Trak,Not Found
AC Slater,Not Found
Chris Lorenzo,Not Found
Air2Earth,Not Found
Alesso,Not Found
Aly & Fila,Not Found
Alyx Ander,Not Found
Anderson M,Not Found
ARMNHMR,Not Found
Audien,Not Found
Audiofreq,Not Found
Autograf,Not Found
Bakke,Not Found
Bear Grillz,Not Found
Kompany,Not Found
Biscits,Not Found
Blastoyz,Not Found
Blossom,Not Found
Blunts & Blondes,Not Found
BOMBAYS,Not Found
Bones,Not Found
Borgore,Not Found
Born Dirty,Not Found
Brandon Elliot,Not Found
Carlo Key,Not Found
Chapter & Verse,Not Found
Charlotte de Witte,Not Found
CID,Not Found
CID,Not Found
Cloonee,Not Found
Cloverdale,Not Found
Craig Connelly,Not Found
Crime Family,Not Found
Da Tweekaz,Not Found
David Guetta&MORTEN,Not Found
Delta Heavy,Not Found
Koven,Not Found
Muzz,Not Found
Deorro,Not Found
DJ Snake,Not Found
Dot,Not Found
Dr. Defiant,Not Found
Duck Sauce,Not Found
El Monk,Not Found
Excision,Not Found
Felix Da Housecat,Not Found
Ferry Corsten,Not Found
FETISH,Not Found
Fireworks,Not Found
FJAAK,Not Found
Francis Mercier,Not Found
FrostTop,Not Found
RemK,Not Found
Fury,Not Found
Nightstalker,Not Found
Dknow (MC Dino),Not Found
Getter,Not Found
Space Laces,Not Found
Gibson Parker,Not Found
Grimes,Not Found
Harry Romero,Not Found
Heidi Lawden,Not Found
helloworld,Not Found
Highlnd,Not Found
HoneyLuv,Not Found
Hulk Gang (Valentino Khan + 4B),Not Found
Hush,Not Found
Hybrid Minds,Not Found
I Hate Models,Not Found
Indira Paganotto,Not Found
Jai Wolf,Not Found
James Hype,Not Found
Jason Ross,Not Found
Jauz,Not Found
Jawns,Not Found
Joseph Capriati,Not Found
Joshwa,Not Found
Junkie Kid,Not Found
GEO,Not Found
Kasablanca,Not Found
Kx5,Not Found
Kayzo,Not Found
Keekz,Not Found
Khromata,Not Found
Knock2,Not Found
KREAM,Not Found
KsoFresKo,Not Found
Lab Group,Not Found
Lady Faith,Not Found
Lil Texas,Not Found
Link,Not Found
Link,Not Found
longstoryshort,Not Found
LP Giobbi,Not Found
LP Giobbi,Not Found
Born Dirty,Not Found
Lucati,Not Found
LuckyRoll,Not Found
Majestic,Not Found
MARAUDA,Not Found
Marc V,Not Found
Mark Farina,Not Found
Mark Lizaola,Not Found
Mars,Not Found
Masteria,Not Found
Matroda,Not Found
Matt Fax,Not Found
Matt Steffanina,Not Found
Matthias,Not Found
Max Low,Not Found
Mija,Not Found
MitiS,Not Found
MitiS,Not Found
Crystal Skies,Not Found
Moni,Not Found
Morpei,Not Found
Abana,Not Found
MXM,Not Found
Nick Garcia,Not Found
On Deck,Not Found
Skemaddox,Not Found
One True God,Not Found
ONYVAA,Not Found
Paul van Dyk,Not Found
Pauline Herr,Not Found
Qlank,Not Found
Qrion,Not Found
Rad Cat,Not Found
Radical Redemption,Not Found
Rob Gee,Not Found
Ruben de Ronde,Not Found
Ruff Hauser,Not Found
Roy Wilkins,Not Found
San Holo,Not Found
SIDEPIECE,Not Found
Slippy,Not Found
So Tuff So Cute,Not Found
Solh,Not Found
SOREN,Not Found
Sound Rush,Not Found
Special Guest,Not Found
Spency Be,Not Found
STAR SEED,Not Found
Subtronics,Not Found
Synymata,Not Found
Talon,Not Found
Taylor Kade,Not Found
Taylor Torrence,Not Found
Thee-O,Not Found
Things You Say,Not Found
Tiësto,Not Found
TINYKVT,Not Found
Vini Vici,Not Found
Vintage Culture,Not Found
Vintage Culture,Not Found
Wax Motif,Not Found
Yellow Claw,Not Found
yetep,Not Found
12th Planet,Not Found
5GODZ,Not Found
A-Trak,Not Found
Craze,Not Found
A.M.C,Not Found
ACIDTWIINS,Not Found
Adam Beyer,Not Found
Alexandar Smash,Not Found
Alok,Not Found
Andrew Rayel,Not Found
Anfisa Letyago,Not Found
AniMe,Not Found
Armin van Buuren,Not Found
Assembly,Not Found
ATB,Not Found
atDusk,Not Found
ATLiens,Not Found
Avision,Not Found
Baby Weight,Not Found
Baby Weight,Not Found
Baggi,Not Found
Ben Nicky,Not Found
Bexxie,Not Found
BIJOU,Not Found
Habstrakt,Not Found
Bingewatch,Not Found
Blake Webber,Not Found
Brainchild,Not Found
Bunny,Not Found
Candl,Not Found
Chapter & Verse,Not Found
Chocolate Sushi,Not Found
Chris Jay,Not Found
Coco & Breezy,Not Found
Coco & Breezy,Not Found
Colored Craig,Not Found
D-Sturb,Not Found
Damon Sharpe,Not Found
Darksiderz,Not Found
Deborah De Luca,Not Found
Deeper Purpose,Not Found
Definitive,Not Found
Replicant,Not Found
Derrick Carter,Not Found
Diamond Dallas Tex,Not Found
Dillon Francis,Not Found
DJ Heather,Not Found
DJ Isaac,Not Found
Dom Dolla,Not Found
Dr Phunk,Not Found
Dr. Apollo,Not Found
DVRKO,Not Found
Eprom,Not Found
Eric Mark,Not Found
Excision,Not Found
Fantom Freq,Not Found
Fireworks,Not Found
FlashGang,Not Found
Francis Mercier,Not Found
Friction,Not Found
Kanine,Not Found
Gene Farris,Not Found
Golf Clap,Not Found
Good Times Ahead,Not Found
HANA,Not Found
HANA,Not Found
Headhunterz,Not Found
Hpnotic,Not Found
Lucky Rabbit,Not Found
Ilario Alicante,Not Found
Illenium,Not Found
Imanbek,Not Found
IMANU,Not Found
Joel Corry,Not Found
John Summit,Not Found
Kaleena Zanders,Not Found
KAMI,Not Found
Kaskade,Not Found
Knowmans,Not Found
KsoFresKo,Not Found
LayD,Not Found
Lee Foss,Not Found
Lee Foss,Not Found
Level Up,Not Found
Liquid Stranger,Not Found
LP Giobbi,Not Found
Lucati,Not Found
LUPA,Not Found
Luttrell,Not Found
Maanic,Not Found
Manolo,Not Found
Mark Lizaola,Not Found
MaRLo,Not Found
Martin Ikin,Not Found
Martin Ikin,Not Found
Mat Zo,Not Found
Moore Kismet,Not Found
Morelia,Not Found
Morgin Madison,Not Found
Ms. Mada,Not Found
Ms. Mada,Not Found
NES,Not Found
No Mana,Not Found
Eddie,Not Found
Nostalgix,Not Found
Partiboi69,Not Found
PARTY DADS,Not Found
Reaper,Not Found
Renegade System,Not Found
Rezz,Not Found
Rusko,Not Found
Sam Divine,Not Found
Sam Divine,Not Found
Samwise,Not Found
San Holo,Not Found
SCHALA,Not Found
Shiba San,Not Found
Skonka,Not Found
Special Guest,Not Found
Sub Zero Project,Not Found
Subtronics,Not Found
Boogie T,Not Found
SVNF8,Not Found
Taylor Jaymin,Not Found
Tchami,Not Found
Thunderpony,Not Found
Torren Foot,Not Found
Tritonal,Not Found
Trouble,Not Found
Truth x Lies,Not Found
TSHA,Not Found
Tsu Nami,Not Found
Vintage Culture,Not Found
James Hype,Not Found
Virtual Riot,Not Found
Wade,Not Found
Wave Point,Not Found
Wax Motif,Not Found
Wenzday,Not Found
Nostalgix,Not Found
Wenzday,Not Found
Wenzday,Not Found
Wenzday,Not Found
Dustycloud,Not Found
Special Guest,Not Found
Westend,Not Found
Wildstylez,Not Found
Yolanda Be Cool,Not Found
Yolanda Be Cool,Not Found
Zedd,Not Found
Zeds Dead,Not Found
Zeds Dead,Not Found
Zhu,Not Found
Zomboy,Not Found
AC Slater,Not Found
Chris Lorenzo,Not Found
ACRAZE,Not Found
Alan Walker,Not Found
Alok,Not Found
Armin van Buuren,Not Found
ARMNHMR,Not Found
Audien,Not Found
Autograf,Not Found
Cat Dealers,Not Found
David Guetta&MORTEN,Not Found
Deorro,Not Found
DJ Snake,Not Found
Dom Dolla,Not Found
Fireworks,Not Found
Fireworks,Not Found
Fireworks,Not Found
Fisher,Not Found
Gem & Tauri,Not Found
Illenium,Not Found
Imanbek,Not Found
Joel Corry,Not Found
Kaskade,Not Found
KREAM,Not Found
LP Giobbi,Not Found
Porter Robinson,Not Found
Seven Lions,Not Found
Tiësto,Not Found
Timmy Trumpet,Not Found
Vintage Culture,Not Found
Wenzday,Not Found
Nostalgix,Not Found
Zedd,Not Found
A-Trak,Not Found
Craze,Not Found
ACRAZE,Not Found
Air2Earth,Not Found
BIJOU,Not Found
Habstrakt,Not Found
Diesel,Not Found
Dillon Francis,Not Found
Dot,Not Found
Duck Sauce,Not Found
Evan Giia,Not Found
Big Gigantic&NGHTMRE,Not Found
Good Times Ahead,Not Found
Grimes,Not Found
Hulk Gang (Valentino Khan + 4B),Not Found
Jai Wolf,Not Found
Jauz,Not Found
JSTJR,Not Found
k?d,Not Found
Kasablanca,Not Found
Madeon,Not Found
MitiS,Not Found
Nitepunk,Not Found
NITTI,Not Found
Wuki,Not Found
Partiboi69,Not Found
Qrion,Not Found
San Holo,Not Found
Shiba San,Not Found
So Tuff So Cute,Not Found
Tchami,Not Found
TSHA,Not Found
UNiiQU3,Not Found
Wax Motif,Not Found
Wenzday,Not Found
Westend,Not Found
Lucati,Not Found
WHIPPED CREAM,Not Found
Yellow Claw,Not Found
Yolanda Be Cool,Not Found
Alesso,Not Found
Ann Clue,Not Found
Blossom,Not Found
Boris Brejcha,Not Found
Charlotte de Witte,Not Found
Chris Lake,Not Found
Eric Prydz,Not Found
Excision,Not Found
James Hype,Not Found
Jason Ross,Not Found
John Summit,Not Found
Kx5,Not Found
Kayzo,Not Found
Lee Foss,Not Found
Luttrell,Not Found
Matroda,Not Found
Meduza,Not Found
Moore Kismet,Not Found
Nora En Pure,Not Found
Rezz,Not Found
SIDEPIECE,Not Found
Subtronics,Not Found
Testpilot,Not Found
Tinlicker,Not Found
Westend,Not Found
Zeds Dead,Not Found
Zhu,Not Found
Adam Beyer,Not Found
Anfisa Letyago,Not Found
Avision,Not Found
Ben Böhmer,Not Found
Charlotte de Witte,Not Found
Deborah De Luca,Not Found
Dennis Cruz,Not Found
Dom Dolla,Not Found
FJAAK,Not Found
Honey Dijon,Not Found
I Hate Models,Not Found
Ilario Alicante,Not Found
Indira Paganotto,Not Found
Jayda G,Not Found
Joseph Capriati,Not Found
Ms. Mada,Not Found
ONYVAA,Not Found
Sinopoli,Not Found
Danyelino,Not Found
Tale Of Us,Not Found
1991,Not Found
A.M.C,Not Found
Alix Perez,Not Found
ATLiens,Not Found
Bear Grillz,Not Found
Kompany,Not Found
Blunts & Blondes,Not Found
Borgore,Not Found
Definitive,Not Found
Replicant,Not Found
Delta Heavy,Not Found
Koven,Not Found
Muzz,Not Found
Doctor P&FuntCase,Not Found
Eprom,Not Found
Excision,Not Found
Fallen,Not Found
Richter,Not Found
Friction,Not Found
Kanine,Not Found
Fury,Not Found
Nightstalker,Not Found
Dknow (MC Dino),Not Found
G Jones,Not Found
Ganja White Night,Not Found
Getter,Not Found
Space Laces,Not Found
Hybrid Minds,Not Found
Jessica Audiffred,Not Found
Kai Wachi,Not Found
Lab Group,Not Found
Level Up,Not Found
Liquid Stranger,Not Found
Macky Gee,Not Found
MARAUDA,Not Found
Riot Ten,Not Found
Rusko,Not Found
Sub Focus&Wilkinson,Not Found
Subtronics,Not Found
Boogie T,Not Found
Svdden Death,Not Found
Virtual Riot,Not Found
Zomboy,Not Found
Adrenalize,Not Found
AniMe,Not Found
Audiofreq,Not Found
Audiofreq&Code Black&Toneshifterz,Not Found
Ben Nicky,Not Found
Crime Family,Not Found
D-Sturb,Not Found
Da Tweekaz,Not Found
Darksiderz,Not Found
Darren Styles,Not Found
Deadly Guns,Not Found
DJ Isaac,Not Found
Dr Phunk,Not Found
Headhunterz,Not Found
Hpnotic,Not Found
Lucky Rabbit,Not Found
Junkie Kid,Not Found
GEO,Not Found
KAMI,Not Found
Lady Faith,Not Found
Lil Texas,Not Found
Link,Not Found
LLLLNNNN,Not Found
LNY TNZ,Not Found
DJ Mad Dog,Not Found
Omar Santana,Not Found
Radical Redemption,Not Found
Rob Gee,Not Found
SOREN,Not Found
Sound Rush,Not Found
Sub Zero Project,Not Found
Talon,Not Found
TNT,Not Found
Tweekacore,Not Found
Wildstylez,Not Found
Aly & Fila,Not Found
Andrew Rayel,Not Found
ATB,Not Found
atDusk,Not Found
Blastoyz,Not Found
Cosmic Gate,Not Found
Craig Connelly,Not Found
Ferry Corsten,Not Found
Gabriel & Dresden,Not Found
Giuseppe Ottaviani,Not Found
HANA,Not Found
Ilan Bluestone,Not Found
John O'Callaghan,Not Found
Jorza,Not Found
Khromata,Not Found
MaRLo,Not Found
Mat Zo,Not Found
Matt Fax,Not Found
Mr. Brooks,Not Found
Paul van Dyk,Not Found
Pretty Pink,Not Found
Renegade System,Not Found
Ruben de Ronde,Not Found
SCHALA,Not Found
Taylor Torrence,Not Found
Tempo Giusto,Not Found
Tritonal,Not Found
Vini Vici,Not Found
XiJaro & Pitch,Not Found
A-Trak,Not Found
Alyx Ander,Not Found
Biscits,Not Found
Boston Bun,Not Found
Capozzi,Not Found
Chapter & Verse,Not Found
CID,Not Found
Cloonee,Not Found
Coco & Breezy,Not Found
Deeper Purpose,Not Found
Francis Mercier,Not Found
Gene Farris,Not Found
HoneyLuv,Not Found
HUGEL,Not Found
Jauz,Not Found
Joshwa,Not Found
LP Giobbi,Not Found
Born Dirty,Not Found
Lucati,Not Found
Majestic,Not Found
Manolo,Not Found
Martin Ikin,Not Found
Mary Droppinz,Not Found
Matroda,Not Found
Bleu Clair,Not Found
Nostalgix,Not Found
Sam Divine,Not Found
Vintage Culture,Not Found
James Hype,Not Found
Volac,Not Found
Wade,Not Found
Westend,Not Found
Black V Neck,Not Found
Bakke,Not Found
Carl Craig,Not Found
Colored Craig,Not Found
Corey Sizemore,Not Found
Richie Panic,Not Found
Derrick Carter,Not Found
DJ Heather,Not Found
DJ Holographic,Not Found
Felix Da Housecat,Not Found
Gene Farris,Not Found
Harry Romero,Not Found
Heidi Lawden,Not Found
Lee Foss,Not Found
Mark Farina,Not Found
Marques Wyatt,Not Found
Masha Mar,Not Found
Ms. Mada,Not Found
Things You Say,Not Found
Thunderpony,Not Found
12th Planet,Not Found
5GODZ,Not Found
ANATTA,Not Found
The Archer,Not Found
Assembly,Not Found
Born Dirty,Not Found
Bunny,Not Found
Burko,Not Found
Damon Sharpe,Not Found
DVRKO,Not Found
Golf Clap,Not Found
Lucati,Not Found
Marc V,Not Found
Neon Deluz,Not Found
Nick Garcia,Not Found
On Deck,Not Found
Skemaddox,Not Found
Pretty Pink,Not Found
Qrion,Not Found
RachEP,Not Found
Solh,Not Found
SOREN,Not Found
Special Guest,Not Found
Sultan + Shepard,Not Found
Vintage Culture,Not Found
Wax Motif,Not Found
Zeds Dead,Not Found
ACIDTWIINS,Not Found
Baby Weight,Not Found
Bexxie,Not Found
BOMBAYS,Not Found
Cloverdale,Not Found
Coco & Breezy,Not Found
Doctor P,Not Found
Evol Intent,Not Found
Fallen,Not Found
Richter,Not Found
Fury,Not Found
Nightstalker,Not Found
Dknow (MC Dino),Not Found
MC XYZ,Not Found
FETISH,Not Found
FuntCase,Not Found
Gibson Parker,Not Found
HANA,Not Found
Justin Hawkes,Not Found
Kaleena Zanders,Not Found
Koven,Not Found
LP Giobbi,Not Found
Masteria,Not Found
Matt Steffanina,Not Found
Max Low,Not Found
Muzz,Not Found
Qlank,Not Found
S-Doobie,Not Found
Sam Divine,Not Found
Soothslayer,Not Found
Adam Auburn,Not Found
Deyo,Not Found
Diamond Dallas Tex,Not Found
€URO TRA$H,Not Found
Fester,Not Found
FrostTop,Not Found
RemK,Not Found
IMANU,Not Found
Jawns,Not Found
Kallaghan,Not Found
Kendoll,Not Found
Kittrix,Not Found
Knock2,Not Found
Lady Sinclair,Not Found
Link,Not Found
longstoryshort,Not Found
LUPA,Not Found
Morgin Madison,Not Found
No Mana,Not Found
Eddie,Not Found
One True God,Not Found
Rad Cat,Not Found
RemK,Not Found
Slippy,Not Found
Soul Purpose,Not Found
Special Guest,Not Found
STAR SEED,Not Found
SVNF8,Not Found
Synymata,Not Found
Tsu Nami,Not Found
Wenzday,Not Found
Anderson M,Not Found
Brandon Elliot,Not Found
Carlo Key,Not Found
Chris Jay,Not Found
D!CED,Not Found
Demigod,Not Found
Charles Feelgood,Not Found
El Monk,Not Found
Fantom Freq,Not Found
FlashGang,Not Found
Harmson,Not Found
KsoFresKo,Not Found
Kwon,Not Found
Mars,Not Found
Moni,Not Found
Morelia,Not Found
NES,Not Found
PARTY DADS,Not Found
Piques,Not Found
Lāsh,Not Found
Renato S,Not Found
Ruff Hauser,Not Found
Roy Wilkins,Not Found
Skonka,Not Found
Thee-O,Not Found
Trouble,Not Found
Trouble,Not Found
Yokai,Not Found
Alexandar Smash,Not Found
ARMNHMR,Not Found
Autograf,Not Found
Baggi,Not Found
Bingewatch,Not Found
Black V Neck,Not Found
Blake Webber,Not Found
Capozzi,Not Found
helloworld,Not Found
Highlnd,Not Found
MEMBA,Not Found
MitiS,Not Found
Crystal Skies,Not Found
Niles Shepard,Not Found
Nitepunk,Not Found
Nostalgix,Not Found
Pauline Herr,Not Found
Reaper,Not Found
San Holo,Not Found
Softest Hard,Not Found
Taylor Jaymin,Not Found
Taylor Kade,Not Found
Torren Foot,Not Found
Wenzday,Not Found
Dustycloud,Not Found
Special Guest,Not Found
Wuki,Not Found
yetep,Not Found
Baby Weight,Not Found
Bones,Not Found
Chapter & Verse,Not Found
CID,Not Found
Cloverdale,Not Found
Echod,Not Found
Francis Mercier,Not Found
Julienne By,Not Found
Maanic,Not Found
Mark Lizaola,Not Found
Martin Ikin,Not Found
Matthias,Not Found
Mija,Not Found
Morpei,Not Found
Abana,Not Found
Niles Shepard,Not Found
No Thanks,Not Found
Purple,Not Found
Swage,Not Found
TELYKAST,Not Found
Truth x Lies,Not Found
Wave Point,Not Found
Yolanda Be Cool,Not Found
Brainchild,Not Found
Candl,Not Found
Carlo Key,Not Found
Cats & Boots Records,Not Found
Chocolate Sushi,Not Found
Dr. Apollo,Not Found
Dr. Defiant,Not Found
Eric Mark,Not Found
Hush,Not Found
Keekz,Not Found
Knowmans,Not Found
Korsky,Not Found
KsoFresKo,Not Found
LayD,Not Found
LuckyRoll,Not Found
Mark Lizaola,Not Found
Moni,Not Found
MXM,Not Found
Mystery Jack,Not Found
Roswell,Not Found
Samwise,Not Found
SKYE,Not Found
Spency Be,Not Found
Stanley Kubrix,Not Found
TINYKVT,Not Found
$ami G,Not Found
2AR,Not Found
33 Below,Not Found
MPH,Not Found
6ejou,Not Found
Adam Ten,Not Found
Mita Gami,Not Found
Adrenalize,Not Found
Afrojack,Not Found
AfroMantis Collective,Not Found
AHEE,Not Found
Ahmed Spins,Not Found
Airrica,Not Found
Alcala Bros,Not Found
Alesso,Not Found
Alex Chapman,Not Found
Zoe Gitter,Not Found
Alignment,Not Found
Alison Wonderland,Not Found
Kaskade,Not Found
Alison Wonderland,Not Found
Allenora,Not Found
ALLEYCVT,Not Found
Alok,Not Found
Amal Nemer,Not Found
Amelie Lens,Not Found
AMÉMÉ,Not Found
ANATTA,Not Found
Andre Power,Not Found
Andromedik,Not Found
Andy C,Not Found
ANGEL CANNON,Not Found
AniMe,Not Found
Annicka,Not Found
Anoluxx,Not Found
Apashe,Not Found
AQUTIE,Not Found
The Archer,Not Found
Loco & Jam,Not Found
Argy,Not Found
arman.,Not Found
Armand Van Helden,Not Found
Armin van Buuren,Not Found
ARMNHMR,Not Found
ARODES,Not Found
ARODES,Not Found
ARTBAT,Not Found
MORTEN,Not Found
Assembly,Not Found
ATLiens,Not Found
Avalon,Not Found
Avi Snow,Not Found
AYYBO,Not Found
BACKCOURT,Not Found
Baggi,Not Found
Basstripper,Not Found
Sota,Not Found
Basswell,Not Found
Beltran,Not Found
Ben Hemsley,Not Found
Ben Nicky,Not Found
Ben Sterling,Not Found
Rossi.,Not Found
Ben Sterling,Not Found
Beltran,Not Found
Ben Sterling,Not Found
Ahmed Spins,Not Found
Bicep,Not Found
Aaron K,Not Found
BIIA,Not Found
Billy Gillies,Not Found
Biscits,Not Found
Black Tiger Sex Machine,Not Found
blklght,Not Found
BLOND:ISH,Not Found
Bo Knows,Not Found
Boizy,Not Found
Bones,Not Found
Bontan,Not Found
Calussa,Not Found
Boys Noize,Not Found
Boys Noize,Not Found
BRDWY,Not Found
Brody Jenner,Not Found
Brutalismus 3000,Not Found
Bunny,Not Found
Caleb Dent,Not Found
Calussa,Not Found
Caravel,Not Found
Carlita,Not Found
Caspa,Not Found
Rusko,Not Found
Cato Anaya,Not Found
CELO,Not Found
Cera Khin,Not Found
CHAMP FRESNEL,Not Found
Champion,Not Found
Charlotte de Witte,Not Found
Chase & Status,Not Found
Chris Avantgarde,Not Found
CHYL,Not Found
Clara Cuvé,Not Found
Clawz,Not Found
Cloonee,Not Found
Code Black,Not Found
Cole Knight,Not Found
Cole Knight,Not Found
Corey Biggs,Not Found
Cosmic Gate,Not Found
Country Night,Not Found
Crankdat,Not Found
Crankdat,Not Found
Tape B,Not Found
CUTDWN,Not Found
D-Sturb,Not Found
Da Capo,Not Found
Da Tweekaz,Not Found
Damon Sharpe,Not Found
Daniel Allan,Not Found
Danny Avila,Not Found
Darren Styles,Not Found
David Forbes,Not Found
David Rust,Not Found
Dea Magna,Not Found
Dead X,Not Found
DEATH CODE,Not Found
KAMI,Not Found
DEE/MA,Not Found
Dena,Not Found
Dennis Cruz,Not Found
Deorro,Not Found
Devin Wild,Not Found
Dimension,Not Found
Disco Dom,Not Found
Disco Lines,Not Found
Discrete,Not Found
Distinct Motive,Not Found
DJ Fuckoff,Not Found
DJ Gigola,Not Found
DJ Lag,Not Found
DJ Lag,Not Found
DJ Slim McGraw,Not Found
DJ Snake,Not Found
DJ Snake,Not Found
Dom Dolla,Not Found
Dom Dolla,Not Found
Chase & Status,Not Found
Dombresky,Not Found
DRĖĖĖMY,Not Found
DRINKURWATER,Not Found
Dual Damage,Not Found
Dylan Brady,Not Found
Elephante,Not Found
Eli Brown,Not Found
Eli Fola,Not Found
Emo Nite,Not Found
Eric Prydz,Not Found
€URO TRA$H,Not Found
Excision,Not Found
Fcukers,Not Found
Fireworks,Not Found
Fireworks,Not Found
Fireworks,Not Found
Fisher,Not Found
Francis Mercier,Not Found
Funk Tribu,Not Found
ØTTA,Not Found
Funk Tribu,Not Found
Fury&Dknow (MC Dino),Not Found
Gaia (CO),Not Found
Gesaffelstein,Not Found
VNSSA&Nala,Not Found
Gorgon City,Not Found
Goshfather,Not Found
Greg Mike,Not Found
GUDFELLA,Not Found
GUDFELLA,Not Found
Hannah Laing,Not Found
HANZ,Not Found
Harristone,Not Found
Harvard Bass,Not Found
Shaded,Not Found
Haylee Wood,Not Found
Hedex,Not Found
Hex Cougar,Not Found
Horichh,Not Found
horsegiirL,Not Found
Hot Since 82,Not Found
HUGEL,Not Found
HUGEL,Not Found
HUMAN404,Not Found
I Hate Models,Not Found
Illenium,Not Found
SLANDER,Not Found
INFEKT,Not Found
INIGMA,Not Found
Interplanetary Criminal,Not Found
INVT,Not Found
INZO,Not Found
ISOxo&Knock2,Not Found
it's murph,Not Found
Jackie Hollander,Not Found
James Hype,Not Found
Jenna Shaw,Not Found
Jessica Audiffred,Not Found
LAYZ,Not Found
Jon Casey,Not Found
K.Gianni,Not Found
KAMI,Not Found
KARABA,Not Found
Kasango,Not Found
Kaskade,Not Found
Kaysin,Not Found
Kenzii Scott,Not Found
Kian,Not Found
KidMaverick,Not Found
Kieran San Jose,Not Found
KILIMANJARO,Not Found
Kitty Amor,Not Found
Kitty Amor,Not Found
Kompany,Not Found
Korolova,Not Found
KROMI,Not Found
Ky William,Not Found
Ky William,Not Found
Alves,Not Found
Kyle Watson,Not Found
Lady Faith,Not Found
Lady Sinclair,Not Found
Lake Hills,Not Found
Laura van Dam,Not Found
Lauren Mia,Not Found
Lavern,Not Found
Lavern,Not Found
Layton Giordani,Not Found
Le Youth,Not Found
Level Up,Not Found
Levenkhan,Not Found
Levity,Not Found
LF SYSTEM,Not Found
Lil Texas,Not Found
Linney,Not Found
Linska,Not Found
Liquid Stranger,Not Found
Lizdek,Not Found
Lostly,Not Found
Loud Luxury,Not Found
Lucky Lou,Not Found
Lucky Lou,Not Found
LUMBERJVCK,Not Found
Maddix,Not Found
Maddix,Not Found
Ben Nicky,Not Found
Malcolm Zeller,Not Found
Malixe,Not Found
MALUGI,Not Found
Marc V,Not Found
Marianna Hadad,Not Found
Marie Vaunt,Not Found
Marlon Hoffstadt,Not Found
Martin Garrix,Not Found
The Martinez Brothers,Not Found
Loco Dice,Not Found
Masha Mar,Not Found
Matroda,Not Found
Matroda,Not Found
Matt Faulk,Not Found
Mattilo,Not Found
Mattilo,Not Found
Mau P,Not Found
Max Styler,Not Found
Maz,Not Found
MCR-T,Not Found
Meduza,Not Found
Meedy,Not Found
Pizzi,Not Found
Mer Bear,Not Found
Mike Posner,Not Found
Mish,Not Found
Miss Monique,Not Found
Miyuki,Not Found
Mochakk,Not Found
Moonlght,Not Found
MPH,Not Found
Mr. Brooks,Not Found
MRD,Not Found
Myles O'Neal,Not Found
Narciss,Not Found
NEKTER,Not Found
Neon Deluz,Not Found
Netsky,Not Found
NGHTMRE,Not Found
Nico Moreno,Not Found
I Hate Models,Not Found
Nils Hoffmann,Not Found
Noizu,Not Found
Nora En Pure,Not Found
Odd Language,Not Found
Odd Mob,Not Found
Odd Mob,Not Found
Oddly Godly,Not Found
Of The Trees,Not Found
OGUZ,Not Found
Omiki,Not Found
Omnom,Not Found
OMRI.,Not Found
AMÉMÉ&Baron,Not Found
Onlynumbers,Not Found
Oppidan,Not Found
ØTTA,Not Found
Pablo Bozzi,Not Found
Papa Lu,Not Found
PARTY DADS,Not Found
Paul Oakenfold,Not Found
DJ Pinke,Not Found
PLS&TY,Not Found
Pocket,Not Found
Sam Binga,Not Found
Pocket,Not Found
Prospa,Not Found
Josh Baker,Not Found
Pryda,Not Found
Quality G,Not Found
RaeCola,Not Found
RaeCola,Not Found
Ray Volpe,Not Found
RayRay,Not Found
RayRay,Not Found
Recess,Not Found
Restricted,Not Found
Reza,Not Found
Rezz,Not Found
Ricky Retro,Not Found
Riordan,Not Found
Riot Ten,Not Found
RL Grime,Not Found
Roadhouse,Not Found
Rollz Royce,Not Found
Rooler,Not Found
Roxy Ferrari,Not Found
Rudimental,Not Found
RZRKT,Not Found
Vastive,Not Found
Sabrosura Boyz,Not Found
Sam Binga,Not Found
Sam Blacky,Not Found
Samplifire,Not Found
Sara Landry,Not Found
Sarah de Warren,Not Found
Sarz,Not Found
Selective Response,Not Found
Shades,Not Found
Shlømo,Not Found
Showtek,Not Found
SIDEPIECE,Not Found
Sihk,Not Found
Silcrow,Not Found
Silver Panda,Not Found
simfonik,Not Found
Simula,Not Found
Skepta,Not Found
Skream,Not Found
Partiboi69,Not Found
SLANDER,Not Found
NGHTMRE,Not Found
Slugg,Not Found
Soothslayer,Not Found
SOREN,Not Found
Sosa,Not Found
Classmatic,Not Found
Sosa,Not Found
Soul Purpose,Not Found
southstar,Not Found
Space 92&Popof,Not Found
Special Guest,Not Found
Special Guest,Not Found
Special Guest,Not Found
Stedicam,Not Found
Steller,Not Found
Stoley,Not Found
Sub Zero Project,Not Found
Sullivan King,Not Found
Svdden Death,Not Found
Svdden Death,Not Found
Synnhaven,Not Found
Tape B,Not Found
Taylor Kade,Not Found
Tchami&Malaa,Not Found
TDJ,Not Found
Tha Funk Junkie,Not Found
Tiësto,Not Found
Tiësto,Not Found
Tim Clark,Not Found
Tim Underscore,Not Found
TOKiMONSTA,Not Found
TOKiMONSTA,Not Found
Torren Foot,Not Found
Trance Wax,Not Found
TRICKSTAR,Not Found
Tripps,Not Found
Trivecta,Not Found
Trouble,Not Found
Truth,Not Found
TWENTY SIX,Not Found
TWENTY SIX,Not Found
Uncle Waffles,Not Found
VARI,Not Found
VAVO,Not Found
veggi,Not Found
Victor Ruiz,Not Found
Villager,Not Found
Vini Vici,Not Found
Vintage Culture,Not Found
Vintage Culture,Not Found
Doozie,Not Found
VNSSA,Not Found
Wakyin,Not Found
Walker & Royce,Not Found
Ward Andrews,Not Found
Water Spirit,Not Found
wes mills,Not Found
Willie Pake,Not Found
X CLUB.,Not Found
Xandra,Not Found
YDG,Not Found
Yellow Claw,Not Found
Yoji Biomehanika,Not Found
Yosuf,Not Found
Zevy,Not Found
$ami G,Not Found
2AR,Not Found
6ejou,Not Found
Adam Ten,Not Found
Mita Gami,Not Found
AfroMantis Collective,Not Found
AHEE,Not Found
Airrica,Not Found
Alcala Bros,Not Found
Alesso,Not Found
Alex Chapman,Not Found
Zoe Gitter,Not Found
Alok,Not Found
Andromedik,Not Found
Andy C,Not Found
AniMe,Not Found
Annicka,Not Found
Apashe,Not Found
arman.,Not Found
Armand Van Helden,Not Found
ARMNHMR,Not Found
Avalon,Not Found
Avi Snow,Not Found
Baggi,Not Found
Basstripper,Not Found
Sota,Not Found
Basswell,Not Found
Ben Sterling,Not Found
Rossi.,Not Found
Aaron K,Not Found
BIIA,Not Found
Biscits,Not Found
BLOND:ISH,Not Found
Boizy,Not Found
Boys Noize,Not Found
Caravel,Not Found
Caspa,Not Found
Rusko,Not Found
Cato Anaya,Not Found
Cera Khin,Not Found
CHYL,Not Found
Clawz,Not Found
Cloonee,Not Found
Country Night,Not Found
Crankdat,Not Found
CUTDWN,Not Found
Daniel Allan,Not Found
David Forbes,Not Found
David Rust,Not Found
Dea Magna,Not Found
Dead X,Not Found
Dena,Not Found
Deorro,Not Found
Disco Dom,Not Found
Distinct Motive,Not Found
DJ Fuckoff,Not Found
DJ Lag,Not Found
DJ Slim McGraw,Not Found
DJ Snake,Not Found
Dom Dolla,Not Found
Dom Dolla,Not Found
Chase & Status,Not Found
Eli Brown,Not Found
Eli Fola,Not Found
Fireworks,Not Found
Gorgon City,Not Found
Goshfather,Not Found
Harristone,Not Found
Haylee Wood,Not Found
Horichh,Not Found
Hot Since 82,Not Found
INIGMA,Not Found
INVT,Not Found
Jackie Hollander,Not Found
Jenna Shaw,Not Found
Jon Casey,Not Found
KAMI,Not Found
Kian,Not Found
Kieran San Jose,Not Found
Kitty Amor,Not Found
Kompany,Not Found
Ky William,Not Found
Ky William,Not Found
Alves,Not Found
Kyle Watson,Not Found
Lady Sinclair,Not Found
Lake Hills,Not Found
Lavern,Not Found
Lavern,Not Found
Layton Giordani,Not Found
Linney,Not Found
Linska,Not Found
MALUGI,Not Found
Marie Vaunt,Not Found
Masha Mar,Not Found
Matroda,Not Found
Matt Faulk,Not Found
Mattilo,Not Found
Max Styler,Not Found
Mer Bear,Not Found
Mochakk,Not Found
Mr. Brooks,Not Found
Narciss,Not Found
NGHTMRE,Not Found
Noizu,Not Found
OGUZ,Not Found
Omiki,Not Found
Omnom,Not Found
Onlynumbers,Not Found
PARTY DADS,Not Found
Paul Oakenfold,Not Found
PLS&TY,Not Found
RayRay,Not Found
Riot Ten,Not Found
RL Grime,Not Found
Rollz Royce,Not Found
Sara Landry,Not Found
Sarz,Not Found
Shlømo,Not Found
Sihk,Not Found
Silver Panda,Not Found
Simula,Not Found
Skepta,Not Found
Skream,Not Found
Partiboi69,Not Found
SOREN,Not Found
Sosa,Not Found
Classmatic,Not Found
Soul Purpose,Not Found
Special Guest,Not Found
Special Guest,Not Found
Sullivan King,Not Found
Tape B,Not Found
Tiësto,Not Found
Trivecta,Not Found
VAVO,Not Found
Victor Ruiz,Not Found
Vini Vici,Not Found
VNSSA,Not Found
Water Spirit,Not Found
wes mills,Not Found
X CLUB.,Not Found
Yellow Claw,Not Found
Yoji Biomehanika,Not Found
Zevy,Not Found
Afrojack,Not Found
Ahmed Spins,Not Found
Amal Nemer,Not Found
AMÉMÉ,Not Found
ANATTA,Not Found
ANGEL CANNON,Not Found
AQUTIE,Not Found
AYYBO,Not Found
Beltran,Not Found
Ben Hemsley,Not Found
Ben Nicky,Not Found
Bicep,Not Found
Billy Gillies,Not Found
Bones,Not Found
Bontan,Not Found
Calussa,Not Found
Boys Noize,Not Found
Brody Jenner,Not Found
Brutalismus 3000,Not Found
Bunny,Not Found
Caleb Dent,Not Found
Calussa,Not Found
Carlita,Not Found
CELO,Not Found
CHAMP FRESNEL,Not Found
Charlotte de Witte,Not Found
Chase & Status,Not Found
Code Black,Not Found
Cole Knight,Not Found
Cosmic Gate,Not Found
D-Sturb,Not Found
Darren Styles,Not Found
DEE/MA,Not Found
Dennis Cruz,Not Found
Devin Wild,Not Found
Dimension,Not Found
Discrete,Not Found
DJ Gigola,Not Found
DJ Lag,Not Found
DJ Snake,Not Found
Dylan Brady,Not Found
Elephante,Not Found
Emo Nite,Not Found
Eric Prydz,Not Found
€URO TRA$H,Not Found
Fcukers,Not Found
Fireworks,Not Found
Fisher,Not Found
Francis Mercier,Not Found
Funk Tribu,Not Found
Fury&Dknow (MC Dino),Not Found
Gesaffelstein,Not Found
Greg Mike,Not Found
Hannah Laing,Not Found
Harvard Bass,Not Found
Shaded,Not Found
Hedex,Not Found
horsegiirL,Not Found
HUGEL,Not Found
HUGEL,Not Found
Illenium,Not Found
SLANDER,Not Found
INFEKT,Not Found
ISOxo&Knock2,Not Found
Jessica Audiffred,Not Found
LAYZ,Not Found
KARABA,Not Found
Kasango,Not Found
Kaskade,Not Found
Kenzii Scott,Not Found
Kitty Amor,Not Found
KROMI,Not Found
Level Up,Not Found
LF SYSTEM,Not Found
Lil Texas,Not Found
Lostly,Not Found
Lucky Lou,Not Found
Maddix,Not Found
Ben Nicky,Not Found
Malcolm Zeller,Not Found
Marc V,Not Found
Marianna Hadad,Not Found
The Martinez Brothers,Not Found
Loco Dice,Not Found
Mau P,Not Found
Maz,Not Found
MCR-T,Not Found
Meduza,Not Found
Mish,Not Found
Miyuki,Not Found
Moonlght,Not Found
MRD,Not Found
Myles O'Neal,Not Found
NEKTER,Not Found
Netsky,Not Found
Odd Mob,Not Found
Oppidan,Not Found
ØTTA,Not Found
Pablo Bozzi,Not Found
Papa Lu,Not Found
DJ Pinke,Not Found
Pocket,Not Found
Quality G,Not Found
Ray Volpe,Not Found
RayRay,Not Found
Recess,Not Found
Restricted,Not Found
Reza,Not Found
Rezz,Not Found
Ricky Retro,Not Found
Roxy Ferrari,Not Found
RZRKT,Not Found
Vastive,Not Found
Sabrosura Boyz,Not Found
Sam Blacky,Not Found
Samplifire,Not Found
Shades,Not Found
simfonik,Not Found
Sosa,Not Found
Space 92&Popof,Not Found
Special Guest,Not Found
Stoley,Not Found
Sub Zero Project,Not Found
Svdden Death,Not Found
Synnhaven,Not Found
Taylor Kade,Not Found
Tchami&Malaa,Not Found
TDJ,Not Found
Tha Funk Junkie,Not Found
Torren Foot,Not Found
Trance Wax,Not Found
Trouble,Not Found
TWENTY SIX,Not Found
TWENTY SIX,Not Found
Villager,Not Found
Vintage Culture,Not Found
Vintage Culture,Not Found
Doozie,Not Found
Wakyin,Not Found
Xandra,Not Found
33 Below,Not Found
MPH,Not Found
Adrenalize,Not Found
Alignment,Not Found
Alison Wonderland,Not Found
Kaskade,Not Found
Alison Wonderland,Not Found
Allenora,Not Found
ALLEYCVT,Not Found
Amelie Lens,Not Found
Andre Power,Not Found
Anoluxx,Not Found
The Archer,Not Found
Loco & Jam,Not Found
Argy,Not Found
Armin van Buuren,Not Found
ARODES,Not Found
ARODES,Not Found
ARTBAT,Not Found
MORTEN,Not Found
Assembly,Not Found
ATLiens,Not Found
BACKCOURT,Not Found
Ben Sterling,Not Found
Beltran,Not Found
Ben Sterling,Not Found
Ahmed Spins,Not Found
Black Tiger Sex Machine,Not Found
blklght,Not Found
Bo Knows,Not Found
BRDWY,Not Found
Champion,Not Found
Chris Avantgarde,Not Found
Clara Cuvé,Not Found
Cole Knight,Not Found
Corey Biggs,Not Found
Crankdat,Not Found
Tape B,Not Found
Da Capo,Not Found
Da Tweekaz,Not Found
Damon Sharpe,Not Found
Danny Avila,Not Found
DEATH CODE,Not Found
KAMI,Not Found
Disco Lines,Not Found
Dombresky,Not Found
DRĖĖĖMY,Not Found
DRINKURWATER,Not Found
Dual Damage,Not Found
Excision,Not Found
Fireworks,Not Found
Funk Tribu,Not Found
ØTTA,Not Found
Gaia (CO),Not Found
VNSSA&Nala,Not Found
GUDFELLA,Not Found
GUDFELLA,Not Found
HANZ,Not Found
Hex Cougar,Not Found
HUMAN404,Not Found
I Hate Models,Not Found
Interplanetary Criminal,Not Found
INZO,Not Found
it's murph,Not Found
James Hype,Not Found
K.Gianni,Not Found
Kaysin,Not Found
KidMaverick,Not Found
KILIMANJARO,Not Found
Korolova,Not Found
Lady Faith,Not Found
Laura van Dam,Not Found
Lauren Mia,Not Found
Le Youth,Not Found
Levenkhan,Not Found
Levity,Not Found
Liquid Stranger,Not Found
Lizdek,Not Found
Loud Luxury,Not Found
Lucky Lou,Not Found
LUMBERJVCK,Not Found
Maddix,Not Found
Malixe,Not Found
Marlon Hoffstadt,Not Found
Martin Garrix,Not Found
Matroda,Not Found
Mattilo,Not Found
Meedy,Not Found
Pizzi,Not Found
Mike Posner,Not Found
Miss Monique,Not Found
MPH,Not Found
Neon Deluz,Not Found
Nico Moreno,Not Found
I Hate Models,Not Found
Nils Hoffmann,Not Found
Nora En Pure,Not Found
Odd Language,Not Found
Odd Mob,Not Found
Oddly Godly,Not Found
Of The Trees,Not Found
OMRI.,Not Found
AMÉMÉ&Baron,Not Found
Pocket,Not Found
Sam Binga,Not Found
Prospa,Not Found
Josh Baker,Not Found
Pryda,Not Found
RaeCola,Not Found
RaeCola,Not Found
Riordan,Not Found
Roadhouse,Not Found
Rooler,Not Found
Rudimental,Not Found
Sam Binga,Not Found
Sarah de Warren,Not Found
Selective Response,Not Found
Showtek,Not Found
SIDEPIECE,Not Found
Silcrow,Not Found
SLANDER,Not Found
NGHTMRE,Not Found
Slugg,Not Found
Soothslayer,Not Found
southstar,Not Found
Stedicam,Not Found
Steller,Not Found
Svdden Death,Not Found
Tiësto,Not Found
Tim Clark,Not Found
Tim Underscore,Not Found
TOKiMONSTA,Not Found
TOKiMONSTA,Not Found
TRICKSTAR,Not Found
Tripps,Not Found
Truth,Not Found
Uncle Waffles,Not Found
VARI,Not Found
veggi,Not Found
Walker & Royce,Not Found
Ward Andrews,Not Found
Willie Pake,Not Found
YDG,Not Found
Yosuf,Not Found
Afrojack,Not Found
Alesso,Not Found
Alok,Not Found
Armin van Buuren,Not Found
ARTBAT,Not Found
MORTEN,Not Found
Ben Nicky,Not Found
Danny Avila,Not Found
Deorro,Not Found
Dimension,Not Found
DJ Snake,Not Found
Dom Dolla,Not Found
Dom Dolla,Not Found
Chase & Status,Not Found
Eric Prydz,Not Found
Fireworks,Not Found
Fireworks,Not Found
Fireworks,Not Found
Fisher,Not Found
Gorgon City,Not Found
Illenium,Not Found
SLANDER,Not Found
James Hype,Not Found
Kaskade,Not Found
Lavern,Not Found
Marlon Hoffstadt,Not Found
Martin Garrix,Not Found
Meduza,Not Found
Mike Posner,Not Found
Noizu,Not Found
Nora En Pure,Not Found
Sara Landry,Not Found
Tiësto,Not Found
Xandra,Not Found
Alison Wonderland,Not Found
Kaskade,Not Found
ARMNHMR,Not Found
AYYBO,Not Found
Baggi,Not Found
Bicep,Not Found
Boys Noize,Not Found
Brutalismus 3000,Not Found
CHYL,Not Found
Crankdat,Not Found
Daniel Allan,Not Found
Disco Lines,Not Found
DJ Snake,Not Found
Dombresky,Not Found
Gesaffelstein,Not Found
VNSSA&Nala,Not Found
GUDFELLA,Not Found
Hedex,Not Found
it's murph,Not Found
Loud Luxury,Not Found
Matroda,Not Found
NGHTMRE,Not Found
Odd Mob,Not Found
Oppidan,Not Found
RL Grime,Not Found
SIDEPIECE,Not Found
Sosa,Not Found
Classmatic,Not Found
Tape B,Not Found
TOKiMONSTA,Not Found
Trivecta,Not Found
Villager,Not Found
Yellow Claw,Not Found
ALLEYCVT,Not Found
Annicka,Not Found
Armand Van Helden,Not Found
ATLiens,Not Found
Black Tiger Sex Machine,Not Found
Charlotte de Witte,Not Found
Cloonee,Not Found
Eli Brown,Not Found
Excision,Not Found
HUGEL,Not Found
I Hate Models,Not Found
ISOxo&Knock2,Not Found
Layton Giordani,Not Found
LF SYSTEM,Not Found
Maddix,Not Found
Mau P,Not Found
Max Styler,Not Found
Mochakk,Not Found
Rezz,Not Found
SLANDER,Not Found
NGHTMRE,Not Found
Space 92&Popof,Not Found
Svdden Death,Not Found
Tchami&Malaa,Not Found
Tiësto,Not Found
Torren Foot,Not Found
Adam Ten,Not Found
Mita Gami,Not Found
Airrica,Not Found
Alignment,Not Found
Amelie Lens,Not Found
Beltran,Not Found
Ben Sterling,Not Found
Rossi.,Not Found
BLOND:ISH,Not Found
Carlita,Not Found
Clara Cuvé,Not Found
Cole Knight,Not Found
Dennis Cruz,Not Found
Funk Tribu,Not Found
ØTTA,Not Found
Hot Since 82,Not Found
The Martinez Brothers,Not Found
Loco Dice,Not Found
Masha Mar,Not Found
Nico Moreno,Not Found
I Hate Models,Not Found
Selective Response,Not Found
Skepta,Not Found
Sosa,Not Found
southstar,Not Found
Vintage Culture,Not Found
AHEE,Not Found
Andromedik,Not Found
Andy C,Not Found
Apashe,Not Found
Basstripper,Not Found
Sota,Not Found
Caspa,Not Found
Rusko,Not Found
Chase & Status,Not Found
Crankdat,Not Found
Tape B,Not Found
Distinct Motive,Not Found
DRINKURWATER,Not Found
Fury&Dknow (MC Dino),Not Found
INFEKT,Not Found
INZO,Not Found
Jessica Audiffred,Not Found
LAYZ,Not Found
Kompany,Not Found
Level Up,Not Found
Levity,Not Found
Liquid Stranger,Not Found
Netsky,Not Found
Of The Trees,Not Found
Ray Volpe,Not Found
Riot Ten,Not Found
Rudimental,Not Found
RZRKT,Not Found
Vastive,Not Found
Samplifire,Not Found
Shades,Not Found
Simula,Not Found
Soothslayer,Not Found
Steller,Not Found
Sullivan King,Not Found
Svdden Death,Not Found
Truth,Not Found
YDG,Not Found
6ejou,Not Found
Adrenalize,Not Found
ANGEL CANNON,Not Found
AniMe,Not Found
Anoluxx,Not Found
Basswell,Not Found
BIIA,Not Found
Caravel,Not Found
Cera Khin,Not Found
Clawz,Not Found
Code Black,Not Found
D-Sturb,Not Found
Da Tweekaz,Not Found
Darren Styles,Not Found
DEATH CODE,Not Found
KAMI,Not Found
Devin Wild,Not Found
Dual Damage,Not Found
Lady Faith,Not Found
Levenkhan,Not Found
Lil Texas,Not Found
Mish,Not Found
OGUZ,Not Found
Onlynumbers,Not Found
RayRay,Not Found
Restricted,Not Found
Rooler,Not Found
Shlømo,Not Found
Showtek,Not Found
Sub Zero Project,Not Found
Yosuf,Not Found
Argy,Not Found
ARODES,Not Found
Avalon,Not Found
Ben Hemsley,Not Found
Billy Gillies,Not Found
Chris Avantgarde,Not Found
Cosmic Gate,Not Found
David Forbes,Not Found
David Rust,Not Found
Funk Tribu,Not Found
Hannah Laing,Not Found
Korolova,Not Found
Laura van Dam,Not Found
Lauren Mia,Not Found
Le Youth,Not Found
Lostly,Not Found
Maddix,Not Found
Ben Nicky,Not Found
Marie Vaunt,Not Found
Miss Monique,Not Found
Miyuki,Not Found
Mr. Brooks,Not Found
Nils Hoffmann,Not Found
Omiki,Not Found
ØTTA,Not Found
Paul Oakenfold,Not Found
Pryda,Not Found
Trance Wax,Not Found
Victor Ruiz,Not Found
Vini Vici,Not Found
Yoji Biomehanika,Not Found
33 Below,Not Found
MPH,Not Found
Ahmed Spins,Not Found
Amal Nemer,Not Found
AMÉMÉ,Not Found
Biscits,Not Found
Bontan,Not Found
Calussa,Not Found
Champion,Not Found
Disco Dom,Not Found
Francis Mercier,Not Found
HUGEL,Not Found
Interplanetary Criminal,Not Found
Jackie Hollander,Not Found
Ky William,Not Found
Kyle Watson,Not Found
Linska,Not Found
Matroda,Not Found
Mattilo,Not Found
Maz,Not Found
Odd Mob,Not Found
Omnom,Not Found
Pocket,Not Found
Sam Binga,Not Found
RaeCola,Not Found
Riordan,Not Found
TWENTY SIX,Not Found
VNSSA,Not Found
Wakyin,Not Found
Walker & Royce,Not Found
Alex Chapman,Not Found
Zoe Gitter,Not Found
Ben Sterling,Not Found
Beltran,Not Found
Ben Sterling,Not Found
Ahmed Spins,Not Found
Boys Noize,Not Found
Cole Knight,Not Found
DJ Fuckoff,Not Found
DJ Gigola,Not Found
Dylan Brady,Not Found
Fcukers,Not Found
horsegiirL,Not Found
INVT,Not Found
Lake Hills,Not Found
MALUGI,Not Found
MCR-T,Not Found
MRD,Not Found
Narciss,Not Found
OMRI.,Not Found
Pablo Bozzi,Not Found
Prospa,Not Found
Josh Baker,Not Found
Skream,Not Found
Partiboi69,Not Found
Slugg,Not Found
TDJ,Not Found
X CLUB.,Not Found
Alison Wonderland,Not Found
The Archer,Not Found
Loco & Jam,Not Found
ARODES,Not Found
Assembly,Not Found
Aaron K,Not Found
Boizy,Not Found
Bunny,Not Found
Calussa,Not Found
Damon Sharpe,Not Found
Goshfather,Not Found
HUMAN404,Not Found
Kenzii Scott,Not Found
Lavern,Not Found
Linney,Not Found
LUMBERJVCK,Not Found
Marc V,Not Found
Matt Faulk,Not Found
NEKTER,Not Found
Neon Deluz,Not Found
PLS&TY,Not Found
Sam Blacky,Not Found
Silver Panda,Not Found
Special Guest,Not Found
Synnhaven,Not Found
Tim Clark,Not Found
Vintage Culture,Not Found
Doozie,Not Found
Ward Andrews,Not Found
wes mills,Not Found
Allenora,Not Found
Brody Jenner,Not Found
CELO,Not Found
CUTDWN,Not Found
Dead X,Not Found
Elephante,Not Found
Emo Nite,Not Found
€URO TRA$H,Not Found
Hex Cougar,Not Found
INIGMA,Not Found
KAMI,Not Found
Lizdek,Not Found
Malixe,Not Found
Marianna Hadad,Not Found
Myles O'Neal,Not Found
Odd Language,Not Found
Oddly Godly,Not Found
Papa Lu,Not Found
RayRay,Not Found
Rollz Royce,Not Found
Sihk,Not Found
Silcrow,Not Found
SOREN,Not Found
Tha Funk Junkie,Not Found
TRICKSTAR,Not Found
VARI,Not Found
Water Spirit,Not Found
ANATTA,Not Found
Avi Snow,Not Found
Caleb Dent,Not Found
Cato Anaya,Not Found
Gaia (CO),Not Found
GUDFELLA,Not Found
Harvard Bass,Not Found
Shaded,Not Found
Haylee Wood,Not Found
Horichh,Not Found
Jenna Shaw,Not Found
Kaysin,Not Found
Ky William,Not Found
Alves,Not Found
Lady Sinclair,Not Found
Malcolm Zeller,Not Found
Mattilo,Not Found
MPH,Not Found
Pocket,Not Found
Quality G,Not Found
Sam Binga,Not Found
Sarah de Warren,Not Found
Soul Purpose,Not Found
Stoley,Not Found
TOKiMONSTA,Not Found
TWENTY SIX,Not Found
veggi,Not Found
AfroMantis Collective,Not Found
Andre Power,Not Found
AQUTIE,Not Found
Da Capo,Not Found
DEE/MA,Not Found
DJ Lag,Not Found
DJ Lag,Not Found
DRĖĖĖMY,Not Found
Eli Fola,Not Found
Jon Casey,Not Found
KARABA,Not Found
Kasango,Not Found
KILIMANJARO,Not Found
Kitty Amor,Not Found
Kitty Amor,Not Found
Meedy,Not Found
Pizzi,Not Found
AMÉMÉ&Baron,Not Found
Sarz,Not Found
Special Guest,Not Found
Special Guest,Not Found
Uncle Waffles,Not Found
$ami G,Not Found
BRDWY,Not Found
Corey Biggs,Not Found
Country Night,Not Found
DJ Slim McGraw,Not Found
K.Gianni,Not Found
KidMaverick,Not Found
Lucky Lou,Not Found
Moonlght,Not Found
PARTY DADS,Not Found
DJ Pinke,Not Found
Recess,Not Found
Ricky Retro,Not Found
Roadhouse,Not Found
Roxy Ferrari,Not Found
Taylor Kade,Not Found
VAVO,Not Found
Willie Pake,Not Found
Zevy,Not Found
2AR,Not Found
Alcala Bros,Not Found
arman.,Not Found
BACKCOURT,Not Found
blklght,Not Found
Bo Knows,Not Found
Bones,Not Found
CHAMP FRESNEL,Not Found
Dea Magna,Not Found
Dena,Not Found
Discrete,Not Found
Greg Mike,Not Found
HANZ,Not Found
Harristone,Not Found
Kian,Not Found
Kieran San Jose,Not Found
KROMI,Not Found
Lucky Lou,Not Found
Mer Bear,Not Found
RaeCola,Not Found
Reza,Not Found
Sabrosura Boyz,Not Found
simfonik,Not Found
Stedicam,Not Found
Tim Underscore,Not Found
Tripps,Not Found
Trouble,Not Found
