Artist,Year,Genre
DJ Kaspa,2023,Techno
Donelly,2023,Pop
Livado,2023,House
Laura Hoogland,2023,Trance
Prinz,2023,Techno
Amari,2023,House
Emilija,2023,Techno
Makasi,2023,House
Maxim Lany,2023,"House, Deep House"
USED,2023,"Hardstyle, Rawstyle"
Amber Broos,2023,Techno
Alok,2023,Commercial Dance
Dimitri Vegas & Like Mike,2023,Commercial Dance
Sub Zero Project,2023,Commercial Dance
SHDDR,2023,"Electronic, Techno"
Carmen Lisa,2023,"Pop, R&B"
Juliet Fox,2023,Tech House
Eli Brown,2023,"Commercial Dance, Electronica, Tech House, Traditional House"
HI-LO b2b Layton Giordani,2023,Techno
Joris Voorn,2023,"Tech House, Techno"
Adam Beyer,2023,Techno
Wanton,2023,Electronic
Jan Vercauteren,2023,"Electronic, House, Techno"
Patrick Mason,2023,"Trance, Progressive House"
Cera Khin,2023,"Techno, Electro"
DJ Kaspa,2023,Techno
Paula Temple,2023,"Electronica, Techno"
Asian Sal,2023,"Hip-Hop, Rap"
Ava Eva,2023,Techno
Chloé Caillet,2023,"Electronic, House"
Dino Lenny,2023,"Commercial Dance, Electronica, Progressive House, Techno, Traditional House"
Krystal Klear,2023,"Tech House, Traditional House"
Folamour,2023,"House, Disco"
Special Request,2023,Commercial Dance
D&W,2023,"Techno, Acid Techno"
Tom & Collins,2023,"Electronica, Tech House, Traditional House"
HoneyLuv,2023,"House, Electro House"
Matt Guy,2023,"House, Techno"
LP Giobbi,2023,House
LF System,2023,"House, Tech House"
Solardo,2023,"Electro House, Tech House, Traditional House"
Purple Disco Machine,2023,"Deep House, Funk House, Disco House"
Milinguap,2023,Techno
Soul Shakers,2023,"House, Disco"
BAVR,2023,"Hardstyle, Rawstyle"
Flo Windey ft. Skyve,2023,"Techno, House"
MagiK,2023,"Trance, Psy-Trance"
Hyalyte,2023,"Dubstep, Bass Music"
DJ NC,2023,"House, Techno"
Kamal Bankay,2023,Unknown
SPFDJ,2023,Techno
Maxi Meraki,2023,"Electronic, House, Techno"
Mooglie,2023,"House, Techno"
Mau P,2023,"Hip-Hop, Rap"
Agents Of Time (Live),2023,Techno
Meduza,2023,House
Mathame,2023,Techno
Kölsch,2023,Commercial Dance
Eric Prydz presents HOLO,2023,"Progressive House, Techno"
Daybreak session: Claptone,2023,"House, Deep House, Tech House"
Anfisa Letyago,2023,Techno
Andromedik,2023,Drum & Bass
Henri PFR,2023,"Commercial Dance, Electronica, Traditional House"
MATTN,2023,"Commercial Dance, Traditional House"
Vini Vici,2023,"Psychedelic Trance, Trance"
Amelie Lens,2023,"Electronica, Techno, Trance"
Sunnery James & Ryan Marciano,2023,Electro House
Steve Angello,2023,Progressive House
The Chainsmokers,2023,Commercial Dance
Tiësto,2023,"Commercial Dance, Big Room"
Jelle DK,2023,"Electronic, Dance, House"
Michael More,2023,"Electronic, Dance, House"
Partyfriex,2023,"Dance, Pop"
F.R.A.N.K,2023,"Dance, Pop"
DJ Daan,2023,Commercial Dance
Audiowave,2023,"Trance, Psy-Trance"
Lucca van Damme,2023,Commercial Dance
Varoc,2023,Commercial Dance
Nils Hoffmann,2023,"House, Techno"
Nora En Pure,2023,Commercial Dance
NTO,2023,"Electronic, Techno"
Franky Wah,2023,"House, Techno"
Marsh,2023,"Deep House, Progressive House"
Kap's,2023,"Electronic, House, Techno"
Mosoo,2023,Electronic
Dorian Craft,2023,"Electronic, House, Techno"
MoBlack,2023,Afrohouse
Kasango,2023,"Electronic, House, Techno"
Philou Louzolo,2023,Electronic
Airrica,2023,Techno
Netsky,2023,Drum & Bass
AdamK,2023,"Electronic, Dance"
Marwan Dua,2023,Electronic
Chemical Surf,2023,"Tech House, House"
Bleu Clair,2023,"Bass House, Tech House"
Omdat Het Kan Soundsystem ft. Average Rob,2023,"EDM, Trap"
The Magician,2023,Indie / Underground
Wax Motif,2023,Commercial Dance
Marten Hørger,2023,Commercial Dance
Sonny Fodera,2023,Traditional House
DJ Michelle,2023,Commercial Dance
Lost Frequencies,2023,"Electro House, Electronica, Traditional House"
Oliver Heldens,2023,"Electro House, Electronica, Techno"
Lexi,2023,"Techno, House"
Jane Muss,2023,Electronic
Jazie,2023,"Hip Hop, Rap"
Stella K,2023,"Pop, R&B"
Myu:sa,2023,"House, Techno"
LOLITA,2023,Commercial Dance
Waltur,2023,"Techno, House"
Instar,2023,"Trance, Progressive House"
Gitzwart,2023,"Techno, House"
Burenhinder b4b,2023,"Hardcore, Hardstyle"
Maze,2023,Drum & Bass
Monrroe & Duskee,2023,Drum & Bass
A Little Sound,2023,"Trance, Psy-Trance"
Dr Ushuu B2B Ivory,2023,"Dubstep, Bass Music"
Grafix,2023,Drum & Bass
Hazard,2023,Commercial Dance
Murdock,2023,Drum & Bass
SVDDEN DEATH,2023,Dubstep
USED,2023,"Hardstyle, Rawstyle"
Funtcase,2023,Commercial Dance
Macky Gee,2023,Drum & Bass
Demi Kanon,2023,Hardstyle
Acraze,2023,Dubstep
Devin Wild,2023,Hard Dance
Coone,2023,Hard Dance
TNT,2023,Hard Dance
Sub Zero Project,2023,"Hard Dance, Hardcore Techno, Psychedelic Trance"
Ben Nicky presents Xtreme,2023,"Trance, Hardstyle"
Hard Driver,2023,Hard Dance
Warface,2023,"Dubstep, Electronica, Hard Dance, Hardcore Techno, Techno"
Sickmode,2023,Hardcore
D-Sturb,2023,Hard Dance
Lukas Firtzer,2023,Techno
Neon Shadow,2023,Electronic
Symphony of Unity,2023,"Classical, Orchestral"
Ramon Tapia,2023,"Tech House, Techno"
Klaudia Gawlas,2023,"Electronic, Techno"
Indira Paganotto,2023,Techno
Reinier Zonneveld,2023,Techno
Revenja,2023,Hardstyle
Dark Phoenix,2023,Hardstyle
Cryex,2023,Hardstyle
Killshot,2023,Hardstyle
Mad Dog,2023,Hardcore
Sakyra,2023,Hardcore
Sandy Warez vs The Mind Destiny,2023,Techno
Neko vs Maissouille,2023,Frenchcore
Boray,2023,Techno
Estasia,2023,Hardstyle
Republic,2023,Trance
Unruly Phoenix,2023,"Electronic, Techno"
Human Rias,2023,Electronic
Elif,2023,"Pop, R&B, Soul"
Armonica,2023,Electronic
Oostil b2b The Element,2023,Melodic Techno
Brina Knauss,2023,Techno
&ME,2023,Commercial Dance
Ben Malone,2023,"Electronic, Dance, House"
Sem Thomasson,2023,Progressive House
Chico Rose,2023,Future House
Double Pleasure,2023,House
Kapuchon,2023,Techno
Kryder & B Jones,2023,House
Jengi,2023,Electronic
Sunnery James & Ryan Marciano present Amazone Project,2023,House
Öwnboss,2023,Electronic Dance Music (EDM)
Ruthless,2023,Hardcore Techno
Bennie Disko,2023,"Dutch House, Moombahton"
Raywell,2023,Techno
Disco Danny,2023,"Disco, House"
Otto Wunderbar,2023,"Dutch House,"
FeestDJRuud,2023,"Dutch House, Moombahton"
Remzcore,2023,Hardcore Techno
Raywell & Ron Simpson,2023,Techno
Lady Bee,2023,"Moombahton, Trap"
Trobi,2023,Tropical House
Afro Bros,2023,"Moombahton, Latin House"
Axel Haube,2023,"Techno, Minimal Techno"
8Kays,2023,"Progressive House, Melodic House & Techno"
Colyn,2023,Melodic House & Techno
Kevin De Vries,2023,"Techno, Tech Trance"
Camelphat,2023,"Electronica, Tech House, Traditional House"
Anyma,2023,"Melodic House & Techno, Progressive House"
Adriatique,2023,"Electronica, Tech House, Techno"
Tale Of Us,2023,Tech House
Daybreak session: Laidback Luke presents Wayback Luke,2023,House
Warrior Workout by Q-dance,2023,Hardstyle
220 Kid,2023,"Electronic, Dance, Pop"
Lilly Palmer,2023,"Electronic, Techno"
GORDO,2023,Techno
James Hype,2023,House
Amber Broos,2023,Techno
ALOK,2023,Commercial Dance
AFROJACK,2023,"Electro House, Progressive House"
Dimitri Vegas & Like Mike,2023,Electro House
Alesso,2023,Progressive House
Thierry Vonderwarth b2b Jan V,2023,Techno
Gullie,2023,"Dutch House, Moombahton"
Jeroen Visser,2023,"Electronic, Dance, House"
DJ Tibo,2023,"Electronic, House"
sc.REBEL!?,2023,"Electronic, House"
Dolores,2023,"Electronic, House"
CHASE,2023,"Electronic, House"
NNIF,2023,"Electronic, House"
Frederico Gardenghi,2023,"Electronic, House"
Sophie Lloyd,2023,"Electronic, House"
Todd Terry,2023,Traditional House
Groove Armada,2023,"Electronica, Traditional House"
Mousse T.,2023,Electro House
Charlotte de Cock,2023,Techno
Capoon,2023,Techno
Francesca Lombardo,2023,Tech House
Amémé,2023,"House, Techno"
Bedouin,2023,Commercial Dance
Peter Luts,2023,Commercial Dance
Fancy Inc,2023,Tech House
Sentinel,2023,"Electronic, Techno"
Goodboys,2023,House
Matisse & Sadko,2023,Progressive House
Julian Jordan,2023,Electro House
Dubvision,2023,"Electro House, Progressive House, Traditional House"
Joseph Capriati,2023,"Traditional House, Techno"
Bromeo's,2023,"Electronic, Dance"
Martin Garrix and Friends,2023,"Electronic, Dance, House"
Bridgeman,2023,"Electronic, Dance, House"
Atitdude,2023,Electronic
Los Bomberos,2023,Latin House
Soulcity,2023,Electronic
Jonas Van Opstal,2023,Electronic
Monta,2023,Electronic
Pisca,2023,Electronic
Himperson,2023,Electronic
Deuxfwa,2023,Electronic
Dj Fire,2023,Electronic
Phi Phi,2023,"Progressive House, Trance"
DJ Jan,2023,"Hard Trance, Techno"
Franky Jones,2023,"Techno, Acid"
Jens Lissat,2023,"Techno, Tech House"
Jan Vervloet,2023,Progressive House
DJ Ghost,2023,"Hard Trance, Techno"
Franky Kloeck,2023,"Techno, Hard Trance"
Greg S,2023,"Techno, Trance"
PUSH,2023,"Trance, Progressive House"
Bonzai All Stars,2023,"Techno, Trance"
Merow,2023,Techno
Bossfight,2023,Drum and Bass
Shingo Nakamura,2023,Progressive House
Paul Kalkbrenner,2023,Techno
Curbi,2023,"Commercial Dance, Electronica"
Ray Volpe,2023,"Future Bass, Trap"
Kompany,2023,Riddim Dubstep
ARMNHMR,2023,"Commercial Dance, Big Room House, Trap, Hip-Hop"
Koven,2023,Drum & Bass
SLANDER,2023,"Drum & Bass, Dubstep, Traditional House, Trap"
Adventure Club,2023,Dubstep
Rick Baguette,2023,"Electronic, Dance"
Samm,2023,"Electronic, Dance"
Sona,2023,Traditional House
GHEIST live,2023,"Electronic, Techno"
Carlita,2023,Techno
Dixon,2023,Techno
Black Coffee,2023,"Funk / R&B, Traditional House"
Farflow,2023,Drum & Bass
Midas Touch Showcase w/ SVB & Scepticz,2023,"Electronic, Drum and Bass, Jungle"
Phase & LaMeduza,2023,Drum & Bass
One87,2023,Drum & Bass
CESCO,2023,"Electronic, Dance"
The Sauce,2023,Drum & Bass
Serum,2023,Drum & Bass
GEST,2023,Drum & Bass
James Marvel,2023,Drum & Bass
A Local Hero,2023,"Electronic, Dance"
Godlands,2023,Electronic
Cellini,2023,Techno
CiCi,2023,"Electronic, Techno"
Chet Faker dj-set,2023,"Electronic, Indie"
DJ BORING,2023,"House, Techno"
Lou8,2023,"Electronic, Dance, House"
Dana Montana,2023,"House, Techno"
Airwolf Paradise,2023,Electronic
Dom Dolla,2023,"Future House, Electro House, Funky House"
Cloonee,2023,House
Eats Everything,2023,Traditional House
Patrick Topping,2023,Commercial Dance
Bubba,2023,"Electronic, House, Techno"
DJ ND,2023,"Electronic, Dance, House"
Fabio Marcs,2023,"Electronic, Dance, House"
Discobaar A Moeder,2023,Dance
DJ Flash,2023,"Electronic, Dance, House"
MIMI,2023,"Electronic, Dance, House"
Team DAMP,2023,"Electronic, Dance, House"
B-KAY,2023,"Electronic, Dance, House"
Rakesh aka Blackjack9000,2023,House
Refuzion,2023,Hard Dance
Frontliner,2023,Hardcore Techno
Frequencerz,2023,Hard Dance
Outsiders,2023,Hard Dance
Jordan Vickors,2023,House
KELTEK,2023,Hard Dance
Sound Rush,2023,Hardstyle
Brennan Heart,2023,Hard Dance
Rebelion & Vertile,2023,Hardstyle
Mark With a K & Mc Chucky,2023,"Jumpstyle, Hardstyle"
Angerfist,2023,"Hardcore Techno, Psychedelic Trance"
Daybreak Session: Franky Rizardo,2023,"Electronic, House, Techno"
La Fuente,2023,Commercial Dance
Korolova,2023,Electronic
Yves Deruyter,2023,Trance
Vintage Culture,2023,"Commercial Dance, Electro House, Electronica, Traditional House"
Nina Kraviz,2023,Tech House
Da Tweekaz,2023,Hardcore Techno
Timmy Trumpet,2023,Progressive House
Lost Frequencies,2023,"Electro House, Electronica, Traditional House"
Martin Garrix,2023,Electro House
Mr E,2023,"Electronic, Dance, House"
The Bobmeister,2023,"Electronic, Dance"
Peter Wackel,2023,"Dance, Schlager"
Feest DJ Lucki Luc,2023,"Dance, Party"
Lecca Lecca,2023,Electronic
Unknown,2023,Unknown
Britt BL,2023,Electronic
Horizontal Soundsystem,2023,Electronic
MANDY,2023,Hard Dance
Cemode & Seelen,2023,Electronic
Joeri & Neon,2023,"Electronic, Techno"
Pat Krimson,2023,"Electronic, Dance"
Roma,2023,"Electronic, Dance"
Disco Dasco,2023,"Electronic, House"
Justin Wilkes,2023,"Electronic, Dance, House"
Yamo,2023,"Electronic, Experimental"
Elenore,2023,House
Guz,2023,"Electronic, House, Techno"
Majestic,2023,House
DJ Licious,2023,House
Danny Howard,2023,Commercial Dance
Delafino B2B DJ Gee,2023,House
D-Wayne,2023,Commercial Dance
Faulhaber,2023,"Electronic, Dance"
Wolfpack vs Diego Miranda,2023,Big Room
Dubdogz,2023,Electronica
Azteck & Angemi,2023,"Electronic, Dance"
Joel Corry,2023,"Dance, Pop"
Martin Jensen,2023,"Electro House, Traditional House"
DJ Diesel,2023,"Electronic, Dance"
John Newman,2023,Commercial Dance
Quintino,2023,Electro House
Bassjackers,2023,Electro House
ZT Music,2023,"Electronic, Techno"
Jackless & The Fox,2023,Techno
Toitoy Boys,2023,House
Maximo,2023,House
Fre,2023,House
Thim,2023,House
DJ Tom & Saxy Mr S,2023,House
Greg Lamore,2023,House
QUE9,2023,House
Sol & Sura,2023,House
Luna Lucci,2023,House
Many Moore,2023,House
Mystique,2023,Hardstyle
DiMaro,2023,House
Boy,2023,House
Quintino,2023,Electro House
Chuckie,2023,Electro House
Yves V,2023,Progressive House
Dyro,2023,Progressive House
Firebeatz,2023,Electro House
W&W,2023,Trance
Blasterjaxx,2023,Commercial Dance
Fred Baker,2023,"Techno, Trance"
RODG,2023,Trance
Ruben de Ronde,2023,"Progressive House, Trance"
3 Are Legend,2023,"Commercial Dance, Electro House, Electronica, Hard Dance, Techno"
Nifra,2023,Trance
Andrew Rayel,2023,Trance
M.I.K.E. Push,2023,Trance
Ben Nicky presents Emotional Havoc,2023,Trance
Gareth Emery,2023,Trance
Chiara Meloni,2023,Progressive House
Muze,2023,Techno
Boy,2023,House
Prinz,2023,Techno
BDC,2023,Trance
Mademoiselle Luna,2023,House
Meaghan,2023,House
Omdat Het Kan Soundsystem ft. Average Rob,2023,"EDM, Trap"
Henri PFR,2023,"Commercial Dance, Electronica, Traditional House"
Andromedik,2023,Drum & Bass
Kevin de Vries,2023,Commercial Dance
Lost Frequencies,2023,Commercial Dance
Yves V vs Regi,2023,Progressive House
MANDY,2023,Hard Dance
Amekmar,2023,"Electronic, Dance"
VE/RA,2023,Techno
Klaps,2023,"House, Techno"
Patrick Mason,2023,"Trance, Progressive House"
999999999,2023,Techno
Cosmic Gate,2023,"Progressive House, Trance"
I Hate Models,2023,Techno
Nina Kraviz,2023,Tech House
Diøn,2023,Electronic
Ender vs Massive Disorder,2023,Hardcore
Rayzen,2023,Hardcore
Mish,2023,Hardcore
Hysta,2023,Hardcore
Broken Minds,2023,Hardcore
Detest vs eDUB,2023,Hardcore
DRS vs Sandy Warez,2023,Drum & Bass
Dimitri K,2023,Hardcore
Lunakorpz,2023,Hardcore
Unicorn on Keta,2023,Hardcore
MBK vs NSD,2023,Hardcore
Olympe,2023,"Pop, R&B"
Dyzen,2023,Electronic
Amémé,2023,"House, Techno"
Dino Lenny,2023,"Commercial Dance, Electronica, Progressive House, Techno, Traditional House"
HAAi,2023,Electronic
Trikk b2b Jimi Jules,2023,Electronic
Mind Against,2023,Commercial Dance
Neon,2023,Electronic
Tita Lau,2023,"House, Techno"
Korolova,2023,Electronic
Hector Oaks,2023,Techno
Meduza,2023,House
James Hype,2023,House
Vintage Culture,2023,"Commercial Dance, Electro House, Electronica, Traditional House"
DJ Chanelle,2023,"House, Techno"
DJ Sahra,2023,Techno
Eagl,2023,Techno
Flavour Drop,2023,House
KEVIN KOFII,2023,House
Nina Black,2023,Techno
Kwijt Trek System,2023,"Electronic, Dance, House"
Rick & James 80’s Party,2023,"Pop, Rock"
DJ Creator,2023,Techno
Goldfox,2023,"Electronic, Dance"
Jeroen Delodder,2023,"Electronic, Dance, House"
Joyhauser,2023,"Commercial Dance, Electronica, Techno, Trance"
Amber Broos,2023,Techno
KAS:ST,2023,Techno
HI-LO,2023,"Electro House, Electronica, Techno"
Joris Voorn,2023,"Tech House, Techno"
Eric Prydz presents HOLO,2023,"Progressive House, Techno"
Daybreak session: Claptone,2023,"House, Deep House, Tech House"
Brina Knauss,2023,Techno
Matisse & Sadko,2023,Progressive House
Öwnboss,2023,Electronic Dance Music (EDM)
Claptone,2023,"Electro House, Tech House, Techno, Traditional House"
B Jones,2023,"Dance, Electronic, Hip-Hop, Rap"
Dom Dolla,2023,"Future House, Electro House, Funky House"
Kölsch,2023,Commercial Dance
Steve Angello & Sebastian Ingrosso,2023,"House, EDM"
Tiësto,2023,"Commercial Dance, Big Room"
Hardwell,2023,"Electro House, Progressive House"
Filip,2023,"Pop, Rock"
Tom Cosyns,2023,"Electronic, Dance, House"
Christoff,2023,"Pop, Schlager"
Funkhauser,2023,"Electronic, Dance"
Max Goldrusher,2023,Electronic
DJ Renee,2023,Electronic
Maite Dedecker,2023,Electronic
DJ Pombak,2023,"House, Techno"
DJ Yolotanker,2023,Electronic
Omdat Het Kan Soundsystem ft. Average Rob,2023,"EDM, Trap"
Gladde Paling,2023,Electronic
Dikke Baap,2023,"House, Techno"
Michael Amani,2023,"House, Techno"
Vieze Asbak,2023,"Electronic, Hip-Hop"
Natte Visstick,2023,"House, Techno"
Vissa Collectief,2023,"Electronic, Hip-Hop"
Calao,2023,Electronic
Nick Bril,2023,"House, Techno"
Purple Disco Machine,2023,"Deep House, Funk House, Disco House"
Biesmans Live,2023,"House, Techno"
Eelke Kleijn,2023,Progressive House
Nico Morano,2023,"House, Techno"
Sefa,2023,Hard Dance
Meaghan,2023,Electronic
Lennert Wolfs,2023,"Electronic, Dance, House"
La Fuente,2023,Commercial Dance
Michenlo,2023,Electronic
Cat Dealers,2023,"Commercial Dance, Electronica, Traditional House"
Topic,2023,"Pop, Dance"
Lucas & Steve,2023,"Commercial Dance, Hard Dance, Traditional House"
Henri PFR,2023,"Commercial Dance, Electronica, Traditional House"
Ofenbach,2023,"Deep House, Electro House"
Mike Williams,2023,"Commercial Dance, Drum & Bass, Electronica, Progressive House, Traditional House"
Nicky Romero,2023,Progressive House
Sub Zero Project,2023,"Hard Dance, Hardcore Techno, Psychedelic Trance"
Ran-D,2023,Hardcore Techno
Structure,2023,"House, Techno"
Bram Delux,2023,House
DJ Luk,2023,Electronic
Bros Rodriguez,2023,House
PartyShakerz,2023,"Electronic, Dance"
DJ Kat,2023,House
Funk D,2023,"House, Techno"
Re.You,2023,Commercial Dance
Double-U,2023,Electronic
Winterclubbing All Stars,2023,"Electronic, Dance"
Primate,2023,Drum & Bass
Lexurus,2023,Bass Music
Jeanie,2023,Bass Music
Turno & Dreps,2023,Drum & Bass
Skepsis & Darkzy,2023,Bass Music
Calcium B2B Layz,2023,Dubstep
Metrik,2023,"Drum & Bass, Dubstep"
Murdock,2023,Drum & Bass
Mollie Collins,2023,Drum & Bass
Andy C & Tonn Piper,2023,Drum & Bass
USED,2023,"Hardstyle, Rawstyle"
A.M.C ft Phantom,2023,Drum & Bass
Rdeem,2023,Psytrance
Firaga,2023,Psytrance
Fabio Fusco,2023,Psytrance
WHITENO1SE,2023,Psytrance
Skazi,2023,Trance
Blastoyz,2023,Psytrance
Vegas,2023,"House, Techno"
Neelix,2023,Psychedelic Trance
Heckman,2023,"Electronic, Techno"
AM.I,2023,Techno
Dimitri Wouters,2023,House
Oscar L,2023,Tech House
Alex Stein,2023,Tech House
Victor Ruiz,2023,Commercial Dance
Enrico Sangiuliano,2023,"Electronica, Techno"
Novah,2023,"Techno, Melodic Techno"
Noneoftheabove,2023,Electronic
SHLØMO,2023,"Techno, Ambient, Experimental"
Cassie Raptor,2023,"Techno, Acid Techno, Electronic"
Paolo Ferrara,2023,"Techno, Electronic"
Lorenzo Raganzini,2023,"Techno, Industrial Techno"
Kappen,2023,Techno
Mosley Jr,2023,"Electronic, Dance, House"
Capoon,2023,Techno
Major League DJz,2023,"Amapiano, House"
Holographic,2023,Techno
Honey Dijon,2023,"Deep House, Tech House"
Floorplan,2023,"Techno, House"
Dylan Guaetta,2023,"Electronic, Dance, House"
Laura van Dam,2023,"House, Tech House"
Amy Wiles b2b Leena Punks,2023,Techno
Sunny Lax,2023,Trance
Anamē,2023,Techno
Alpha9,2023,Trance
Andrew Bayer,2023,"Progressive House, Techno"
Symphony of Unity,2023,"Classical, Orchestral"
Mat Zo,2023,"Progressive House, Trance"
Above & Beyond,2023,Trance
LNY TNZ,2023,Hard Dance
Bennie Disko,2023,"Dutch House, Moombahton"
Aiscream,2023,"Electro House, Bass House"
La June,2023,"House, Deep House"
Raywell,2023,Techno
Gullie,2023,"Dutch House, Moombahton"
FeestDJRuud,2023,"Dutch House, Moombahton"
Otto Wunderbar,2023,"Dutch House,"
Disco Danny,2023,"Disco, House"
Irwan,2023,"House, Electronic, Urban"
Mr Belt & Wezol,2023,"House, Deep House, Future House"
Maxim Lany,2023,"House, Deep House"
Ann Clue,2023,"Techno, Minimal, Tech House"
Boris Brechja in concert,2023,"Techno, Minimal, Tech House"
Yves Deruyter,2023,Trance
Adam Beyer & Maceo Plex,2023,"Techno, House, Electronic"
Reinier Zonneveld,2023,Techno
Daybreak session: Laidback Luke presents Wayback Luke,2023,House
Warrior Workout by Q-dance,2023,Hardstyle
Carola,2023,Techno
Goodboys,2023,House
Yves V & Regi,2023,"Big Room House, Progressive House"
Ilan Bluestone,2023,"Dubstep, Trance"
John Newman,2023,Commercial Dance
Tale Of Us,2023,Tech House
Armin van Buuren,2023,Trance
Dimitri Vegas & Like Mike,2023,Electro House
Steve Aoki,2023,"Electro House, Indie / Underground"
Rino,2023,"Electronic, Dance"
Milano,2023,"Electronic, Dance"
Schorre cheff & MC Vals,2023,"Hip-Hop, Rap"
Laurent Wery,2023,"Electronic, Dance, House"
DJ FLOW,2023,Unknown
DJ Elfigo,2023,Unknown
AMA LIA,2023,Unknown
Bobby & Djenko,2023,Unknown
Rio Tashan,2023,"Pop, R&B"
Mambo Brothers,2023,House
Ferreck Dawn,2023,Commercial Dance
SYREETA,2023,"Pop, Soul"
Gorgon City,2023,Electronica
Luna & Lenthe,2023,"Pop, R&B"
Naethan,2023,"Electronic, Dance"
Florentin,2023,Electronic
Khainz,2023,"Electronica, Techno"
Goom Gum,2023,"Melodic House, Electronic"
Undercatt,2023,"Chill Out, Techno"
NERVO,2023,"Electro House, Progressive House"
Netsky,2023,Drum & Bass
Reygel,2023,"Electronic, Dance"
Arodes,2023,House
Subshift,2023,Drum & Bass
Toolate Groove,2023,House
Throttle,2023,"Commercial Dance, Electronica"
Pretty Pink,2023,Electro House
Matroda,2023,"Bass House, Electro House"
Tony Romera,2023,Electro House
Robin Schulz,2023,Commercial Dance
Kungs,2023,"Tech House, Traditional House"
Lost Frequencies,2023,"Electro House, Electronica, Traditional House"
Tchami,2023,Commercial Dance
Dj SOME,2023,"House, Deep House"
Psytox,2023,"Hardstyle, Rawstyle, Electronic"
Alexa Borzyk,2023,"Techno, Electronic"
Helsmoortel,2023,"Techno, Electronic"
Steya,2023,"Techno, Electronic"
TRiXY,2023,"Hardstyle, Rawstyle, Electronic"
Remy-X Live,2023,"Trance, Hard Trance, Electronic"
Pako Marckx,2023,Electronic
RPTR,2023,"Techno, Electronic"
DJ Liberty,2023,"Hardstyle, Jumpstyle"
Anonymize,2023,"Techno, Minimal, Electronic"
GLOWAL,2023,"Melodic Techno, Electronic"
Franky Jones,2023,"Techno, Acid"
Furax,2023,"Hardcore Techno, Traditional House"
Jan Vervloet,2023,Progressive House
DJ Ghost,2023,"Hard Trance, Techno"
Franky Kloeck,2023,"Techno, Hard Trance"
Greg S,2023,"Techno, Trance"
PUSH,2023,"Trance, Progressive House"
Bonzai All Stars,2023,"Techno, Trance"
Senator,2023,"Dubstep, Bass Music"
Merow,2023,Dubstep
Afterthought,2023,"Dubstep, Bass Music"
Crankdat,2023,"Dubstep, Hybrid Trap"
Sullivan King,2023,Dubstep
Koven,2023,Drum & Bass
WHIPPED CREAM,2023,"Bass Music, Trap, Club Music"
DJ Diesel,2023,"Electronic, Dance"
Jessica Audiffred,2023,"Dubstep, Bass Music"
12th Planet,2023,Dubstep
Herton,2023,Electronic
Ahl Iver Live,2023,Techno
Farrago,2023,Techno
Klangkuenstler,2023,"Techno, Techno"
Kobosil,2023,Techno
ANNA,2023,Techno
DJ Bountyhunter,2023,"Hardcore, Gabber, Electronic"
Captain Bass,2023,Future Bass
Natty Lou,2023,Electronic
Cartoon,2023,Dubstep
Charlie Tee,2023,"Electronic, Dance, House"
EJ Kitto,2023,Drum & Bass
Mozey,2023,Drum & Bass
Jamezy,2023,"Hip Hop, Rap"
Alcemist,2023,Drum & Bass
DJ Marky,2023,"Drum & Bass, Jungle"
Lilihell,2023,"Electronic, Dance"
DC Salas,2023,"Electronic, Techno"
Carlita,2023,Techno
DJ Seinfeld,2023,House
DJ Tennis,2023,"Tech House, Deep House"
Âme,2023,Minimal
Emjie,2023,"Electronic, Dance"
Hollt,2023,"Electronic, Dance"
Massano,2023,Progressive House
Like Mike,2023,"Big Room House, Progressive House"
Kevin De Vries,2023,"Techno, Tech Trance"
Adriatique,2023,"Electronica, Tech House, Techno"
Stephan Bodzin,2023,"Electro House, Techno"
El Bacha ft Sam Renascent,2023,"Electronic, Dance, House"
Bart & Baker,2023,"Electronic, Dance, House, Swing"
Amelie Lens,2023,"Electronica, Techno, Trance"
Daddy K,2023,"Hip-Hop, Rap"
Jeronimo & Leaux Reese,2023,"Electronic, Dance, House"
Crack-T,2023,"Electronic, Dance, House"
Uneak ft. Cosmic & Babybang,2023,"Electronic, Dance, House"
Lady S,2023,"Electronic, Dance, House"
The Knightriders,2023,"Electronic, Dance, House"
Yves V & Delafino,2023,Traditional House
YOUNOTUS,2023,"Electronic, Dance"
GORDO,2023,Techno
Don Diablo,2023,Progressive House
Sunnery James & Ryan Marciano,2023,Electro House
Steve Angello presents SIZE XX,2023,"Electronic, Dance, House"
Armin van Buuren,2023,Trance
Daybreak Session: OWR Soundsystem,2023,Techno
Marten Hørger,2023,Commercial Dance
Andromedik,2023,Drum & Bass
Malaa,2023,"Hip-Hop, Tech House"
Indira Paganotto,2023,Techno
Otto Knows,2023,Traditional House
R3hab & W&W,2023,"Big Room House, Progressive House"
Alesso,2023,Progressive House
Paul Kalkbrenner,2023,Techno
Martin Garrix,2023,Electro House
Frank Mellemans,2023,"Electronic, Dance"
Nicki Sanchez,2023,"Electronic, Dance, House"
Dorothee Vegas & Like Maarten,2023,"Dance, Party"
Kurt Verheyen,2023,"Electronic, Dance, House"
Simon T,2023,Deep House
Odssey,2023,Deep House
Brian Cross & Abel Ramos,2023,"House, Progressive House"
Bhaskar,2023,"Brazilian Bass, Deep House"
Header,2023,House
Justus,2023,Deep House
Kura,2023,Progressive House
Yves V,2023,Progressive House
Sevek,2023,House
Glockenbach,2023,Deep House
Kris Kross Amsterdam,2023,"Electronic, Pop"
Mariana Bo,2023,"Dubstep, Hard Dance, Hardcore Techno, Psychedelic Trance, Traditional House"
Elenore,2023,House
séa,2023,Electronic
PBH & Jack,2023,House
DJ Licious,2023,House
ODEN & FATZO,2023,House
Biscits,2023,House
Vato Gonzalez,2023,"Dubstep, Traditional House"
Delafino B2B DJ Gee,2023,House
Suark,2023,House
Mr. Pig & Le Twins,2023,"Big Room House, Brazilian Bass"
Les Mecs Eclectics,2023,"Electronic, Dance, House"
Tungevaag,2023,"Dance, Pop"
Viktor & Kobe,2023,"Electronic, Dance"
Ben Nicky,2023,"Progressive House, Trance"
Gabry Ponte,2023,Traditional House
Paris Hilton,2023,"Electronic, Dance"
MATTN,2023,"Commercial Dance, Traditional House"
Afrojack,2023,"Electro House, Progressive House"
Dimitri Vegas & Like Mike vs Timmy Trumpet,2023,Big Room House
Brennan Heart,2023,Hard Dance
Fuga,2023,Electronic
Wannes Lenaers,2023,Electronic
Ampe,2023,Electronic
Keyser,2023,Electronic
Oton,2023,Electronic
Brennt und Klakmatrak,2023,"Hardcore, Uptempo"
Wørtaal,2023,Electronic
X-tof,2023,Big Room House
Yamo,2023,"Electronic, Experimental"
Romeo Blanco,2023,Commercial Dance
AN21,2023,Progressive House
Third Party,2023,Progressive House
Dannic,2023,Progressive House
Regi,2023,"Trance, Big Room House"
DJs FROM MARS,2023,"Electro House, Progressive House"
Sevenn,2023,Bass Music
Bassjackers,2023,Electro House
BassBrain,2023,Bass House
Refuzion,2023,Hard Dance
Sound Rush,2023,Hardstyle
MANDY,2023,Hard Dance
Coone,2023,Hard Dance
Da Tweekaz,2023,Hardcore Techno
Darren Styles,2023,Commercial Dance
Hard Driver,2023,Hard Dance
Rebelion,2023,Hard Dance
Mark With a K & Mc Chucky,2023,"Jumpstyle, Hardstyle"
Killshot,2023,Hardstyle
Nederhand,2022,Unknown
Prinz,2022,Techno
Delafino,2022,House
Yamo,2022,"Electronic, Experimental"
Alexander Merlin,2022,Unknown
Odssey,2022,Deep House
Double Pleasure,2022,House
Meaghan,2022,Electronic
Robert Falcon,2022,Unknown
D'Angello & Francis,2022,Unknown
MATTN,2022,"Commercial Dance, Traditional House"
Regis vs Yves V,2022,Unknown
Sidney Samson,2023,Traditional House
W&W,2022,Trance
OGENN b2b One Track Brain,2022,Techno
Onyvaa,2022,Techno
Indira Paganotto,2022,Techno
Chris Liebing,2022,Techno
Enrico Sangiuliano,2022,"Electronica, Techno"
Charlotte de Witte,2022,Techno
More to be announced,2022,Unknown
Psytox,2022,"Hardstyle, Rawstyle, Electronic"
Insolate,2022,Techno
Klaudia Gawlas,2022,"Electronic, Techno"
Salome,2022,Unknown
Cynthia Spiering,2022,Unknown
Volvox,2022,"Techno, Electro"
SPFDJ,2022,Techno
Nick Bril,2022,"House, Techno"
A Local Hero,2022,"Electronic, Dance"
Jaden Thompson,2022,Unknown
DJ Holographic,2022,"Deep House, Classic House"
Kevin Saunderson,2022,"Tech House, Techno"
Seth Troxler,2022,"Tech House, Techno"
Elliot Fitch,2022,Unknown
Guz,2022,"Electronic, House, Techno"
LP Giobbi,2022,House
Lucas & Steve,2022,"Commercial Dance, Hard Dance, Traditional House"
Vintage Culture,2022,"Commercial Dance, Electro House, Electronica, Traditional House"
DIPLO,2022,"Electro House, Indie / Underground"
John Summit,2022,Techno
Kenn Colt,2022,"Electro House, Progressive House"
Goldfox,2022,"Electronic, Dance"
Yotto,2022,"Progressive House, Traditional House"
Cristoph,2022,Unknown
Ida Engberg,2022,Techno
Joris Voorn,2022,"Tech House, Techno"
Eric Prydz presents HOLO,2022,"Progressive House, Techno"
OB1,2022,Unknown
Fuzz B2B OB1,2022,Unknown
Fuzz,2022,Tech House
Olivier Gosseries,2022,Unknown
Assia MK,2022,Unknown
Rick & James,2022,"80's Pop, Disco, Funk"
Puri,2022,Top40
Bobalicious,2022,Unknown
Reygel,2022,"Electronic, Dance"
Jerro,2022,Unknown
Lauren Mia,2022,Techno
Rebecca & Fiona,2022,Progressive House
Marsh,2022,"Deep House, Progressive House"
Spencer Brown,2022,Progressive House
SIDEPIECE,2022,Unknown
Tinlicker,2022,"Progressive House, Techno"
Sinjo,2022,Unknown
Dennis Quin,2022,Unknown
Iris Menza,2022,Unknown
Djebali,2022,Tech House
Demarzo,2022,Unknown
Prunk B2B Mhigh,2022,Unknown
Artmann,2022,Unknown
Jamie Jones,2022,Tech House
Yves Deruyter,2022,Trance
Matisse & Sadko,2022,Progressive House
B Jones,2022,"Dance, Electronic, Hip-Hop, Rap"
Robin Schulz,2022,Commercial Dance
Reinier Zonneveld LIVE,2022,Unknown
Afrojack B2B R3hab,2022,Unknown
Fisher,2022,"Commercial Dance, Electro House, Tech House, Traditional House"
Armin van Buuren,2022,Trance
Hardwell,2022,"Electro House, Progressive House"
Major Lazer Soundsystem,2022,Unknown
Michael More,2022,"Electronic, Dance, House"
Mr E,2022,"Electronic, Dance, House"
Lorenz Buffel,2022,Unknown
Jeroen Visser,2022,"Electronic, Dance, House"
Headhunterz,2022,Hard Dance
Eli & Fur,2022,House
Peter Luts,2022,Commercial Dance
LOVRA,2022,Unknown
Chico Rose,2022,Future House
Mariana Bo,2022,"Dubstep, Hard Dance, Hardcore Techno, Psychedelic Trance, Traditional House"
De Jeugd van Tegenwoordig,2022,Unknown
SICKICK,2022,Unknown
Topic,2022,"Pop, Dance"
Fedde Le Grand,2022,Progressive House
MORTEN,2022,"Commercial Dance, Dubstep"
Vini Vici,2022,"Psychedelic Trance, Trance"
Gaspard,2022,Unknown
Krankenhaus Selektion,2022,Unknown
WLC,2022,House
Maxmoody,2022,Unknown
Jeroen Delodder,2022,"Electronic, Dance, House"
Kimman,2022,Unknown
Human Rias,2022,Electronic
Lemakuhlar,2022,Unknown
BRÖDER,2022,Unknown
Mosoo,2022,Electronic
Glockz,2022,Dubstep
Andromedik,2022,Drum & Bass
USED,2022,"Hardstyle, Rawstyle"
Franky Nuts & Oliverse,2022,Unknown
B'Elle,2022,Unknown
Maduk,2022,Drum & Bass
Apashe,2022,"Dubstep, Electro House, Electronica, Trap"
Murdock,2022,Drum & Bass
Virtual Riot,2022,Commercial Dance
SaSaSaS,2022,Drum & Bass
Eptic,2022,Dubstep
Korsakoff,2022,"Hardcore Techno, Psychedelic Trance"
Jones,2022,Minimal
Geck-O,2022,Unknown
Outsiders,2022,Hard Dance
Pat B,2022,Rock
Ransom,2022,Unknown
The Darkraver,2022,"Commercial Dance, Electronica, Techno"
Deepack,2022,Hardcore Techno
Bass Chaserz,2022,Unknown
Panic,2022,"Hardcore Techno, Psychedelic Trance"
The Viper,2022,Band
Paul Elstak,2022,Hardcore Techno
Axel Haube,2022,"Techno, Minimal Techno"
Kevin De Vries,2022,"Techno, Tech Trance"
Mathame,2022,Techno
Adriatique,2022,"Electronica, Tech House, Techno"
Stephan Bodzin,2022,"Electro House, Techno"
Tale Of Us,2022,Tech House
Fox Stevenson,2022,Future Bass
Lavance,2022,Unknown
One87,2022,Drum & Bass
Scepticz B2B SVB,2022,Unknown
Bredren,2022,Unknown
Phase,2022,Commercial Dance
Artificial Intelligence,2022,Drum & Bass
Kyrist,2022,Unknown
Alix Perez,2022,Commercial Dance
Skylark,2022,Unknown
Capoon,2022,Techno
Aldebaran,2022,Unknown
Dino Lenny,2022,"Commercial Dance, Electronica, Progressive House, Techno, Traditional House"
Brina Knauss,2022,Techno
Patrice Bäumel,2022,Tech House
Âme,2022,Minimal
Captain Bass,2022,Future Bass
SIREN,2022,Hard Dance
Flava D,2022,"Bassline, G-House, Uk Garage"
Moore Kismet,2022,"Dubstep, Glitch, Bass Music"
MONTELL2099,2022,Trap
What So Not,2022,"Electronica, Hip-Hop, Trap"
Koven,2022,Drum & Bass
Bou,2022,Drum & Bass
SUB FOCUS DJ SET & ID,2022,Unknown
BenOneShot & Sisley,2022,Unknown
Kayzo,2022,Commercial Dance
Sefa,2022,Hard Dance
Sephyx,2022,Hard Dance
MANDY,2022,Hard Dance
KELTEK,2022,Hard Dance
Devin Wild,2022,Hard Dance
Sound Rush,2022,Hardstyle
Coone,2022,Hard Dance
Mark With a K & MC Chucky LIVE,2022,Hard Dance
Hard Driver,2022,Hard Dance
Da Tweekaz,2022,Hardcore Techno
Sub Zero Project LIVE,2022,Hard Dance
Frequencerz & Rejecta,2022,Hard Dance
Gunz for Hire,2022,Commercial Dance
Warface,2022,"Dubstep, Electronica, Hard Dance, Hardcore Techno, Techno"
DJ NC,2022,"House, Techno"
Nicki Sanchez,2022,"Electronic, Dance, House"
Daddy K,2022,"Hip-Hop, Rap"
Rakesh aka Blackjack9000,2022,House
B-KAY,2022,"Electronic, Dance, House"
Soul Shakers,2022,"House, Disco"
DJ Flash,2022,"Electronic, Dance, House"
Juul Pence,2022,Unknown
Jeroen Delodder,2022,"Electronic, Dance, House"
Netsky,2022,Drum & Bass
The Shapeshifters,2022,Unknown
Purple Disco Machine,2022,"Deep House, Funk House, Disco House"
Simon Dunmore,2022,Unknown
Harry Romero,2022,Tech House
Matthew Clarck,2022,Unknown
Mr Grammy,2022,Unknown
Elenore,2022,House
Danny Howard,2022,Commercial Dance
DJ Licious,2022,House
Sam Divine,2022,Techno
The Magician,2022,Indie / Underground
Delafino,2022,House
Laidback Luke presents Wayback Luke,2022,House
Cat Dealers,2022,"Commercial Dance, Electronica, Traditional House"
Dombresky B2B Noizu,2022,Unknown
Quintino,2022,Electro House
Yves V,2022,Progressive House
ALOK,2022,Commercial Dance
Maceo Plex,2022,Tech House
Sunnery James & Ryan Marciano,2022,Electro House
Timmy Trumpet,2022,Progressive House
Dimitri Vegas & Like Mike,2022,Electro House
Alesso,2022,Progressive House
Jan V,2022,"Electronic, Techno"
Katie Goodman,2022,Unknown
Tom Cosyns,2022,"Electronic, Dance, House"
R3HAB,2022,"Electro House, Progressive House"
Lou8,2022,"Electronic, Dance, House"
Marsal Ventura,2022,Unknown
Malkin,2022,Unknown
Brian Van Andel,2022,Unknown
BYOR,2022,Unknown
Sick Individuals,2022,Progressive House
Ofenbach,2022,"Deep House, Electro House"
Regi,2022,"Trance, Big Room House"
Mike Williams,2022,"Commercial Dance, Drum & Bass, Electronica, Progressive House, Traditional House"
W&W,2022,Trance
Nicky Romero,2022,Progressive House
Lenny,2022,"Commercial Dance, Electronica, Progressive House, Techno, Traditional House"
Geheimzinnig Soundsystem,2022,Unknown
Red D,2022,"Bass Music, Dubstep"
Psytox,2022,"Hardstyle, Rawstyle, Electronic"
Julie Marghilano,2022,Commercial Dance
Sheridan,2022,Commercial Dance
Greg S,2022,"Techno, Trance"
DJ Jan,2022,"Hard Trance, Techno"
Airwave,2022,"Progressive House, Psychedelic Trance"
Jan Vervloet,2022,Progressive House
DJ Ghost,2022,"Hard Trance, Techno"
Kurt Verheyen,2022,"Electronic, Dance, House"
Franky Kloeck,2022,"Techno, Hard Trance"
Yves Deruyter,2022,Trance
Santini ft Quatre-temps,2022,Unknown
Bonzai All Stars,2022,"Techno, Trance"
Domi Re,2022,Unknown
John '00' Fleming,2022,Unknown
Fabio Fusco,2022,Psytrance
HI Profile,2022,Unknown
Coming Soon,2022,"Psytrance, Tech Trance, Trap"
Vibe Tribe,2022,Psychedelic Trance
Firaga vs Somnia vs SynSUN,2022,Unknown
Skazi,2022,Trance
Infected Mushroom,2022,"Psychedelic Trance, Trance"
BLiSS,2022,Techno
Olivier Weiter,2022,Commercial Dance
Lilly Palmer,2022,"Electronic, Techno"
Joyhauser,2022,"Commercial Dance, Electronica, Techno, Trance"
Monika Kruse,2022,"Tech House, Techno"
ANNA,2022,Techno
Joseph Capriati,2022,"Traditional House, Techno"
Adam Beyer,2022,Techno
Rayzen,2022,Hardcore
Penta,2022,Acapella
Jimmy Twin,2022,Unknown
Jones & Stephenson,2022,Unknown
Sandy Warez,2022,Commercial Dance
Estasia,2022,Hardstyle
Unproven,2022,Unknown
Tha Playah,2022,Hardcore Techno
Detest,2022,Commercial Dance
Dimitri K,2022,Hardcore
Unicorn on K,2022,Hardcore
Betical,2022,Unknown
Melawati,2022,Unknown
Jennifer Cardini,2022,Commercial Dance
DJ Seinfeld,2022,House
Maceo Plex,2022,Tech House
Marcel Dettmann,2022,Techno
Robert Falcon,2022,Unknown
YAX.X,2022,Unknown
Sem Thomasson,2022,Progressive House
Zonderling,2022,Commercial Dance
Kryder,2022,"Progressive House, Tech House"
Sofi Tukker,2022,Commercial Dance
Sunnery James & Ryan Marciano,2022,Electro House
Tchami,2022,Commercial Dance
Emjie,2022,"Electronic, Dance"
LUMINØUZ,2022,Unknown
Nico Morano,2022,"House, Techno"
Agressive Noize,2022,Unknown
ARTBAT,2022,"Commercial Dance, Electronica"
Meduza,2022,House
Claptone,2022,"Electro House, Tech House, Techno, Traditional House"
Paul Kalkbrenner,2022,Techno
DJ Shake 'N Bake,2022,Unknown
El Bacha,2022,Unknown
Omdat Het Kan Soundsystem ft. Average Rob,2022,"EDM, Trap"
Lady S,2022,"Electronic, Dance, House"
Bubba,2022,"Electronic, House, Techno"
Rakesh aka Blackjack9000,2022,House
Gee,2022,Hard Dance
Roma,2022,"Electronic, Dance"
Pat Krimson,2022,"Electronic, Dance"
Tofke,2022,Tech House
Younes,2022,Unknown
Neon,2022,Electronic
Marko De La Rocca,2022,Unknown
Soulcity,2022,Electronic
Mr Joy,2022,Unknown
Bocain & Notoir,2022,Unknown
Jasper Fioole,2022,Unknown
X-IAN & Joeri,2022,Unknown
Lauren Lo Sung,2022,Commercial Dance
Toman,2022,Band
Amber Broos,2022,Techno
Franky Rizardo,2022,Commercial Dance
Nukov & Yelmet,2022,Unknown
Chocolate Puma,2022,Traditional House
Pretty Pink,2022,Electro House
MATTN,2022,"Commercial Dance, Traditional House"
Joel Corry,2022,"Dance, Pop"
Kungs,2022,"Tech House, Traditional House"
NERVO,2022,"Electro House, Progressive House"
Kölsch,2022,Commercial Dance
Lost Frequencies LIVE,2022,Commercial Dance
Marshmello,2022,"Electronica, Progressive House, Trap"
Martin Garrix,2022,Electro House
Special Guest,2022,Unknown
Funkhauser,2022,"Electronic, Dance"
Thierry VonderWarth,2022,"Electronic, Techno"
Special Guest,2022,Unknown
Les Mecs,2022,Unknown
D-wayne,2022,Commercial Dance
Carl Nunes,2022,Unknown
Arodes,2022,House
Le Twins & Mr Pig,2022,Unknown
Ilkay Sencan,2022,Unknown
Tungevaag,2022,"Dance, Pop"
Wolfpack,2022,"Commercial Dance, Electro House, Progressive House"
Chelina Manuhutu,2022,Techno
Martin Jensen,2022,"Electro House, Traditional House"
Vize,2022,"Breakbeats, Electro House"
Bassjackers,2022,Electro House
Dimitri Vegas & Like Mike,2022,Electro House
Bobby & Djenko,2022,Unknown
Vluarr,2022,Unknown
Jay Bombay,2022,Unknown
Kohmi,2022,Unknown
Los Bomberos,2022,Latin House
Monta,2022,Electronic
Cassie,2022,"Techno, Acid Techno, Electronic"
Chiq,2022,Unknown
Soulcity,2022,Electronic
White Noise,2022,Unknown
Mystique,2022,Hardstyle
DiMaro,2022,House
Romeo Blanco,2022,Commercial Dance
Regi,2022,"Trance, Big Room House"
Bingo Players,2022,Progressive House
Yves V,2022,Progressive House
Dada Life,2022,"Electro House, Progressive House"
Sandro Silva,2022,"Electro House, Progressive House"
Thomas Gold,2022,Progressive House
Sidney Samson,2022,Traditional House
Angemi,2022,"Electronic, Dance"
Kompany,2022,Riddim Dubstep
Gammer,2022,Hardcore Techno
Wooli,2022,"Future Bass, Dubstep, Trap, Commercial Dance"
Sullivan King,2022,Dubstep
DJ Diesel,2022,"Electronic, Dance"
NGHTMRE,2022,"Drum & Bass, Dubstep, Electro House, Traditional House, Trap"
Jauz,2022,"Drum & Bass, Dubstep, Electronica, Traditional House, Trap"
DIVS,2022,Unknown
Dave Lambert & Tach Cremer,2022,Unknown
Prinz,2022,Techno
Capoon,2022,Techno
Neon,2022,Electronic
Odyssey,2022,Pop
Sem Thomasson,2022,Progressive House
Robert Falcon,2022,Unknown
Mandy,2022,Hard Dance
Makasi,2022,House
Amber Broos,2022,Techno
Wolfpack,2022,"Commercial Dance, Electro House, Progressive House"
Sunnery James & Ryan Marciano,2022,Electro House
Da Tweekaz,2022,Hardcore Techno
Ahl Iver,2022,Techno
Milo Spykers,2022,Unknown
Klangkuenstler,2022,"Techno, Techno"
MUZZ,2022,Traditional House
Kobosil,2022,Techno
Ben Klock,2022,Techno
Pan-Pot,2022,"Minimal, Techno"
Amelie Lens,2022,"Electronica, Techno, Trance"
Ampe,2022,Electronic
Naty Seres,2022,Unknown
Salome,2022,Unknown
Hadone,2022,Unknown
Hector Oaks B2B SPFDJ,2022,Unknown
Dana Montana,2022,"House, Techno"
Axel Haube,2022,"Techno, Minimal Techno"
Shiffer,2022,Unknown
Marino Canal,2022,Unknown
Brina Knauss,2022,Techno
Innellea,2022,"Electronica, Techno"
Adriatique,2022,"Electronica, Tech House, Techno"
Eli Brown,2022,"Commercial Dance, Electronica, Tech House, Traditional House"
D&W,2022,"Techno, Acid Techno"
Neon,2022,Electronic
AmyElle,2022,Unknown
MAUR,2022,"Progressive House, Techno, Deep House"
Mason Maynard,2022,"Commercial Dance, Electronica"
Solardo,2022,"Electro House, Tech House, Traditional House"
Claptone,2022,"Electro House, Tech House, Techno, Traditional House"
Helena Hauff,2022,"Electronica, Tech House, Techno"
Nicolas Cuer,2022,Techno
Goldfox,2022,"Electronic, Dance"
Cristoph,2022,Unknown
Yotto,2022,"Progressive House, Traditional House"
Kölsch,2022,Commercial Dance
Joris Voorn,2022,"Tech House, Techno"
Eric Prydz,2022,Progressive House
RAIATWINZ,2022,Unknown
Dosschy,2022,Unknown
Masai & The Roots ft. MC Rim,2022,Unknown
Rakesh aka Blackjack9000,2022,House
DJ MIMI,2022,Unknown
Bubba,2022,"Electronic, House, Techno"
Grimm,2022,Rock
Firaga,2022,Psytrance
Ghost Rider,2022,Unknown
Liquid Soul,2022,Trance
Vini Vici,2022,"Psychedelic Trance, Trance"
Infected Mushroom - Retro Live Show,2022,Unknown
Blastoyz,2022,Psytrance
Animato,2022,Unknown
Reality Test,2022,Unknown
Mr Black,2022,Unknown
Cemode,2022,Electronic
John Summit,2022,Techno
Delafino vs Gee,2022,Unknown
Low Steppa,2022,"Tech House, Bassline, Uk Garage"
DJ Licious,2022,House
Biscits,2022,House
Mr Belt & Wezol,2022,"House, Deep House, Future House"
Vato Gonzalez,2022,"Dubstep, Traditional House"
Jamie Jones,2022,Tech House
Cellini,2022,Techno
Seth Hills,2022,Unknown
Mike Williams,2022,"Commercial Dance, Drum & Bass, Electronica, Progressive House, Traditional House"
MORTEN,2022,"Commercial Dance, Dubstep"
Yves V,2022,Progressive House
Meduza,2022,House
Lost Frequencies LIVE,2022,Commercial Dance
Alan Walker,2022,"Commercial Dance, Electro House, Electronica, Progressive House, Traditional House"
Armin van Buuren,2022,Trance
Steve Aoki,2022,"Electro House, Indie / Underground"
Feest DJ Lucki Luc,2022,"Dance, Party"
Laurent Wery,2022,"Electronic, Dance, House"
Frank Mellemans,2022,"Electronic, Dance"
Wildstylez,2022,Hard Dance
DJ Cham,2022,Unknown
Rikki,2022,"Electro House, Progressive House, Traditional House"
Lari Luke,2022,Unknown
Elenore,2022,House
Dubvision,2022,"Electro House, Progressive House, Traditional House"
Otto Knows,2022,Traditional House
Danny Avila,2022,Electro House
Robin Schulz,2022,Commercial Dance
NERVO,2022,"Electro House, Progressive House"
Timmy Trumpet,2022,Progressive House
Bassjackers,2022,Electro House
Krankenhaus Selektion,2022,Unknown
Naethan,2022,"Electronic, Dance"
Fotn & Marsden,2022,Unknown
Ikaro Grati,2022,Unknown
Kimman,2022,Unknown
Joone,2022,Unknown
Beswerda,2022,Unknown
Kapibara,2022,Unknown
Moziz,2022,Unknown
Panterkraft,2022,Unknown
DJ Bassgod,2022,Unknown
Green Tree,2022,Unknown
Sky Sky & Dysomia,2022,Unknown
Rawtek,2022,Unknown
Weird Genius,2022,Unknown
Nonsens,2022,Electro House
Psycho Boys Club,2022,Unknown
Goldband,2022,Unknown
€URO TRA$H,2022,Unknown
Moksi,2022,"Pop House, Electro House"
Yellow Claw,2022,"Electro House, Electronica, Hip-Hop, Traditional House, Trap"
Dither & Sihk,2022,Unknown
Mc Chucky,2022,"Jumpstyle, Hardstyle"
Lost Identity,2022,Unknown
BassBrain,2022,Bass House
MANDY,2022,Hard Dance
Refuzion,2022,Hard Dance
Mark With a K,2022,Hard Dance
Coone,2022,Hard Dance
Da Tweekaz,2022,Hardcore Techno
Hard Driver,2022,Hard Dance
Tweekacore & Darren Styles,2022,Unknown
Warface,2022,"Dubstep, Electronica, Hard Dance, Hardcore Techno, Techno"
Killshot,2022,Hardstyle
OGENN b2b One Track Brain,2022,Techno
SAMA,2022,House
Indira Paganotto,2022,Techno
Adiel,2022,Techno
Alignment,2022,Techno
Charlotte de Witte,2022,Techno
MC Chickaboo,2022,Unknown
Visionobi,2022,Drum and Bass
RayRay,2022,Unknown
Pinks B2B Clarkus,2022,Unknown
Changing Faces B2B Clouwds,2022,Unknown
Charlie Tee,2022,"Electronic, Dance, House"
Nathan X,2022,Unknown
IMANU,2022,Unknown
Mollie Collins,2022,Drum & Bass
Flava D,2022,"Bassline, G-House, Uk Garage"
Mandidextrous,2022,Unknown
Unorthodox B2B set,2022,Unknown
Neyha,2022,Unknown
Kevin Di Serna,2022,Unknown
Tijana T,2022,"Techno, House, Jackin"
Dino Lenny,2022,"Commercial Dance, Electronica, Progressive House, Techno, Traditional House"
Mano Le Tough,2022,Traditional House
Mind Against,2022,Commercial Dance
Captain Bass,2022,Future Bass
SACHI,2022,Unknown
MONTELL2099,2022,Trap
Holy Goof,2022,"Electro House, Bass House"
Hot Dub Time Machine,2022,"Commercial Dance, Indie Dance"
Luude,2022,Unknown
Kanine,2022,Unknown
Dimension,2022,Band
Netsky,2022,Drum & Bass
Figures,2022,Unknown
Partyraiser,2022,Hard Dance
Villain,2022,Hard Dance
Refuzion,2022,Hard Dance
Bass Modulators,2022,"Commercial Dance, Electronica"
Psyko Punkz,2022,Hardcore Techno
Atmozfears,2022,"Hardcore Techno, Techno, Traditional House, Trance"
Outsiders,2022,Hard Dance
Ran-D,2022,Hardcore Techno
Sub Zero Project,2022,"Hard Dance, Hardcore Techno, Psychedelic Trance"
B-Front,2022,Hardcore Techno
Zatox,2022,Hard Dance
D-Sturb,2022,Hard Dance
Rebelion,2022,Hard Dance
Miss K8,2022,Hard Dance
Fabio Marcs,2022,"Electronic, Dance, House"
Nicki Sanchez,2022,"Electronic, Dance, House"
Daddy K,2022,"Hip-Hop, Rap"
Lady S,2022,"Electronic, Dance, House"
Crack-T,2022,"Electronic, Dance, House"
BLVCKPRINT,2022,Unknown
UNEAK,2022,Unknown
Nightfunk,2022,Unknown
Delafino,2022,House
Mambo Brothers,2022,House
Jauz B2B NGHTMRE,2022,Unknown
A-trak,2022,"Electro House, Indie / Underground"
Sam Divine,2022,Techno
Ferreck Dawn,2022,Commercial Dance
Belben & Arnaud Boatpeople,2022,Unknown
Jana Vitiligo,2022,Unknown
Tom Zeta,2022,Unknown
Caspar & Don Cabron,2022,Unknown
D-Nox & Beckers,2022,Progressive House
Nico Morano,2022,"House, Techno"
Laidback Luke,2022,Electro House
Maxim Lany,2022,"House, Deep House"
LP Giobbi,2022,House
Third Party,2022,Progressive House
Henri PFR,2022,"Commercial Dance, Electronica, Traditional House"
Vintage Culture,2022,"Commercial Dance, Electro House, Electronica, Traditional House"
Tale Of Us,2022,Tech House
Sunnery James & Ryan Marciano,2022,Electro House
Tiesto,2022,"Commercial Dance, Big Room"
Dimitri Vegas & Like Mike,2022,Electro House
Marshmello,2022,"Electronica, Progressive House, Trap"
The Bobmeister,2022,"Electronic, Dance"
Rino,2022,"Electronic, Dance"
Jelle DK,2022,"Electronic, Dance, House"
Funky Fool,2022,Unknown
Catz 'n Dogz,2022,Traditional House
Pretty Pink,2022,Electro House
The Magician,2022,Indie / Underground
Dombresky,2022,"Bass House, Electro House, Funky House"
Kungs,2022,"Tech House, Traditional House"
Riton,2022,Commercial Dance
Acraze,2022,Dubstep
Dom Dolla,2022,"Future House, Electro House, Funky House"
Lost Frequencies,2022,"Electro House, Electronica, Traditional House"
Duck Sauce,2022,Unknown
Oliver Heldens & Tchami,2022,Unknown
Many Moore,2022,House
Maximo,2022,House
Thim,2022,House
Que 9,2022,Unknown
WOODY WEEKEND INVITES: ATMOZ,2022,Unknown
Severe,2022,"Industrial, Synthpop, Post-Punk"
Greg Lamore,2022,House
DJ Tom & Saxy Mr S,2022,House
Sol & Sura,2022,House
Mc Reign,2022,Unknown
Mc Pyro,2022,"MC for Hardstyle, Hardcore"
Greg S,2022,"Techno, Trance"
DJ Jan,2022,"Hard Trance, Techno"
Airwave,2022,"Progressive House, Psychedelic Trance"
Toolate Groove,2022,House
DJ Ghost,2022,"Hard Trance, Techno"
Furax,2022,"Hardcore Techno, Traditional House"
Franky Kloeck,2022,"Techno, Hard Trance"
Yves Deruyter,2022,Trance
Santini ft Quatre-temps,2022,Unknown
Bonzai All Stars,2022,"Techno, Trance"
Jackie White,2022,Unknown
Digicult,2022,Commercial Dance
HI Profile,2022,Unknown
Stryker,2022,"Club Music, Trap"
Firaga vs Somnia,2022,Unknown
Neelix,2022,Psychedelic Trance
Skazi,2022,Trance
Mad Maxx,2022,Psytrance
WHITENO1SE,2022,Psytrance
BLiSS,2022,Techno
AM.I,2022,Techno
Juliet Fox,2022,Tech House
Ramon Tapia,2022,"Tech House, Techno"
HI-LO,2022,"Electro House, Electronica, Techno"
Nicole Moudaber,2022,Tech House
Adam Beyer B2B Maceo Plex,2022,Unknown
Madhouse LIVE,2022,Unknown
Simon Says,2022,Unknown
Jan Vervloet,2022,Progressive House
Massouille,2022,Unknown
Soulblast,2022,Unknown
Sandy Warez,2022,Commercial Dance
Dither,2022,Unknown
Detest Live,2022,Unknown
The Satan,2022,Rock
Furyan,2022,Unknown
Frenchfaces,2022,Unknown
Cincity B2B JAMIIE,2022,Unknown
Biesmans B2B Kid Simius,2022,Unknown
Djeff,2022,Unknown
Jimi Jules B2B Trikk,2022,Unknown
WhoMadeWho,2022,Commercial Dance
Stephan Bodzin,2022,"Electro House, Techno"
Shannon Delani,2022,Unknown
Thomas Newson,2022,Commercial Dance
Double Pleasure,2022,House
B Jones B2B Kryder,2022,Unknown
GORDO,2022,Techno
Fedde Le Grand,2022,Progressive House
Sunnery James & Ryan Marciano,2022,Electro House
Malaa,2022,"Hip-Hop, Tech House"
Adam K,2022,Traditional House
Mooglie,2022,"House, Techno"
Neko,2022,Unknown
Amber Broos,2022,Techno
Alesso,2022,Progressive House
ARTBAT,2022,"Commercial Dance, Electronica"
Reinier Zonneveld LIVE,2022,Unknown
Cham,2022,Eperimental
DRIGAO & IAMGUNZ,2022,Unknown
DJ Policy ft. Burd & BeatFox,2022,Unknown
Mr. Rakka,2022,Unknown
DJ Flash,2022,"Electronic, Dance, House"
B-KAY,2022,"Electronic, Dance, House"
Lola Flores,2022,Unknown
DJ Allures & A-Tom-X,2022,Unknown
Tom Leclercq,2022,Unknown
Donelly & Seelen,2022,Unknown
Dave Lambert & Tach Crémer,2022,Unknown
Superstyling,2022,Unknown
Zfilio & Tim G,2022,Unknown
Delafino & Luna Fino,2022,Unknown
Roma,2022,"Electronic, Dance"
Disco Dasco,2022,"Electronic, House"
Noumé,2022,Unknown
Ruze,2022,Unknown
Jesse Maas,2022,Unknown
DJOKO,2022,House
Nico Morano B2B Maxim Lany B2B Nick Bril,2022,Unknown
Julian Anthony,2022,Techno
Robbie Doherty,2022,Unknown
DJ Licious & Delafino,2022,Unknown
James Hype,2022,House
Tinlicker,2022,"Progressive House, Techno"
Purple Disco Machine,2022,"Deep House, Funk House, Disco House"
Ofenbach,2022,"Deep House, Electro House"
Da Tweekaz,2022,Hardcore Techno
Ape Rave Club,2022,Unknown
Fisher,2022,"Commercial Dance, Electro House, Tech House, Traditional House"
Alesso,2022,Progressive House
Martin Garrix,2022,Electro House
Rino,2022,"Electronic, Dance"
The Bobmeister,2022,"Electronic, Dance"
Immerhansie,2022,Unknown
Michael More,2022,"Electronic, Dance, House"
Vito Mendez,2022,Unknown
Mastachi,2022,Unknown
Diego Miranda,2022,Traditional House
Chemical Surf,2022,"Tech House, House"
Klaas,2022,"Breakbeats, Progressive House"
Tujamo,2022,Traditional House
Azteck,2022,"Electronic, Dance"
MATTN,2022,"Commercial Dance, Traditional House"
Prunk,2022,Commercial Dance
Brennan Heart,2022,Hard Dance
Afrojack,2022,"Electro House, Progressive House"
Dimitri Vegas & Like Mike,2022,Electro House
Bram Delux,2022,House
Robert Abigail & MJ The Unique,2022,Unknown
Dj Luk,2022,Electronic
Vinny,2022,Unknown
PartyShakerz,2022,"Electronic, Dance"
DJ Kat,2022,House
Ronny Retro,2022,Unknown
Dimitri Wouters,2022,House
Double-U,2022,Electronic
Winterclubbing All Stars,2022,"Electronic, Dance"
DiMaro,2022,House
Mystique,2022,Hardstyle
Wolfpack,2022,"Commercial Dance, Electro House, Progressive House"
Chuckie,2022,Electro House
Gregor Salto,2022,Electro House
Fedde Le Grand,2022,Progressive House
AN21,2022,Progressive House
Dannic vs Dyro,2022,Unknown
W&W,2022,Trance
Dyro,2022,Progressive House
Mick Mazoo,2022,Unknown
Gianluca Vacchi,2022,Commercial Dance
Curbi,2022,"Commercial Dance, Electronica"
Kompany,2022,Riddim Dubstep
WHIPPED CREAM,2022,"Bass Music, Trap, Club Music"
Habstrakt,2022,"Commercial Dance, Electronica, Traditional House, Trap"
Eptic,2022,Dubstep
Krewella,2022,Electro House
Ookay,2022,Commercial Dance
Feed Me,2022,Electro House
Maori,2022,Unknown
1984,2022,Unknown
Nederhand,2022,Unknown
Prinz,2022,Techno
Lennert Wolfs,2022,"Electronic, Dance, House"
Mademoiselle Luna,2022,House
DJ Licious,2022,House
Makasi,2022,House
Cellini,2022,Techno
Amber Broos,2022,Techno
Regi,2022,"Trance, Big Room House"
Öwnboss,2022,Electronic Dance Music (EDM)
Afrojack,2022,"Electro House, Progressive House"
Vini Vici,2022,"Psychedelic Trance, Trance"
Amekmar,2022,"Electronic, Dance"
Airod,2022,Unknown
Godlands,2022,Electronic
Nur Jaber,2022,Unknown
Farrago,2022,Techno
Rødhåd,2022,"Minimal, Techno"
Amelie Lens,2022,"Electronica, Techno, Trance"
Dax J B2B Kobosil,2022,Unknown
Twan,2022,Unknown
Mati Drome,2022,Unknown
Mama Snake,2022,Unknown
Clara Cuvé,2022,Unknown
Hector Oaks,2022,Techno
KRTM LIVE,2022,Unknown
Hangar Soundsystem,2022,Unknown
Kasper Thuishaven,2022,Unknown
Carlita,2022,Techno
Gerd Janson,2022,"Commercial Dance, Electronica, Techno, Traditional House"
DJ Tennis,2022,"Tech House, Deep House"
Acid Pauli,2022,Commercial Dance
Leesa,2022,Unknown
Neon,2022,Electronic
Martin Ikin,2022,Traditional House
Shouse,2022,Unknown
Like Mike,2022,"Big Room House, Progressive House"
Dom Dolla,2022,"Future House, Electro House, Funky House"
Solardo,2022,"Electro House, Tech House, Traditional House"
Regal,2022,Unknown
maxi Meraki,2022,"Electronic, House, Techno"
Goldfox,2022,"Electronic, Dance"
Cristoph,2022,Unknown
Joris Voorn,2022,"Tech House, Techno"
Ida Engberg,2022,Techno
Yotto,2022,"Progressive House, Traditional House"
Eric Prydz,2022,Progressive House
A.R.T,2022,Unknown
Bubba,2022,"Electronic, House, Techno"
Bart & Baker,2022,"Electronic, Dance, House, Swing"
Discobaar A Moeder,2022,Dance
B-KAY,2022,"Electronic, Dance, House"
Zeen & Myer,2022,Unknown
Paul Denton B2B Craig Connelly,2022,Unknown
Fred Baker,2022,"Techno, Trance"
Paul Thomas,2022,Traditional House
Miss Monique,2022,Unknown
Stoneface & Terminal,2022,Trance
M.I.K.E. Push,2022,Trance
Sander Van Doorn presents Purple Haze,2022,Unknown
Aly & Fila,2022,Trance
John O'Callaghan,2022,Trance
Giuseppe Ottaviani,2022,Trance
Alessandra Roncone,2022,Unknown
2manydj's,2022,Unknown
ADIN,2022,Techno
Lexx,2022,Techno
Sébastien Léger,2022,Tech House
Caspar & Don Cabron,2022,Unknown
Hernan Cattaneo,2022,"Progressive House, Tech House"
Claptone,2022,"Electro House, Tech House, Techno, Traditional House"
Öwnboss,2022,Electronic Dance Music (EDM)
Felix Jaehn,2022,"Deep House, Tech House"
B Jones,2022,"Dance, Electronic, Hip-Hop, Rap"
Topic,2022,"Pop, Dance"
Yellow Claw,2022,"Electro House, Electronica, Hip-Hop, Traditional House, Trap"
Boris Brejcha,2022,"Minimal, Techno"
W&W,2022,Trance
Paul Kalkbrenner,2022,Techno
Tiesto,2022,"Commercial Dance, Big Room"
Hardwell,2022,"Electro House, Progressive House"
Laurent Wery,2022,"Electronic, Dance, House"
Jelle DK,2022,"Electronic, Dance, House"
Jan V,2022,"Electronic, Techno"
Janee,2022,Unknown
Drove,2022,Unknown
Aspyer x Matt Nash,2022,Unknown
Seth Hills x Vluarr,2022,Unknown
CAROLA x KVSH,2022,Unknown
Amare,2022,Unknown
Blinders x TV Noise,2022,Unknown
Justin Mylo x Pontifexx,2022,Unknown
Dubvision x Matisse & Sadko,2022,Unknown
Brooks x Julian Jordan,2022,Unknown
Tinie Tempah,2022,Unknown
Martin Garrix,2022,Electro House
Track-Thor,2022,Unknown
MH!MZ,2022,Unknown
VYNX,2022,Unknown
Pierre,2022,Traditional House
Soulcity,2022,Electronic
Monta,2022,Electronic
Geuzz,2022,Unknown
Deuxfwa,2022,Electronic
Himperson,2022,Electronic
Mc Mota,2022,"Hip-Hop, Rap"
Madcore,2022,Unknown
USED,2022,"Hardstyle, Rawstyle"
Andromedik,2022,Drum & Bass
Franky Nuts & Oliverse,2022,Unknown
Fox Stevenson,2022,Future Bass
Dirtyphonics,2022,"Drum & Bass, Dubstep"
Murdock,2022,Drum & Bass
Kanine,2022,Unknown
Loopers x Nuzb,2022,Unknown
Macky Gee,2022,Drum & Bass
Eptic,2022,Dubstep
Villain,2022,Hard Dance
Jesse Jax,2022,Unknown
BassBrain,2022,Bass House
MANDY,2022,Hard Dance
Devin Wild,2022,Hard Dance
Sub Zero Project,2022,"Hard Dance, Hardcore Techno, Psychedelic Trance"
Ran-D,2022,Hardcore Techno
Coone,2022,Hard Dance
Hard Driver LIVE,2022,Unknown
Sub Zero Project vs Rebelion,2022,Unknown
Vertile,2022,Hard Dance
Killshot,2022,Hardstyle
Melawati,2022,Unknown
8Kays,2022,"Progressive House, Melodic House & Techno"
Fideles,2022,"Techno, Techno"
Colyn,2022,Melodic House & Techno
Mind Against,2022,Commercial Dance
Tale Of Us,2022,Tech House
Hiraeth B2B Shire,2022,Unknown
One87,2022,Drum & Bass
Swift,2022,"Drum & Bass, Jungle"
Steam Team Crew,2022,Unknown
Virtual Riot,2022,Commercial Dance
Mc Mota,2022,"Hip-Hop, Rap"
What u on about crew,2022,Unknown
GLXY,2022,Unknown
GEST,2022,Drum & Bass
Technimatic,2022,Unknown
S.P.Y,2022,Commercial Dance
Icicle,2022,Drum & Bass
Naut & Baggi,2022,Unknown
Gonçalo,2022,Unknown
Capoon,2022,Techno
DJ BORING,2022,"House, Techno"
Amotik,2022,Unknown
Rebekah,2022,Techno
Dokho,2022,Unknown
Jordin Post,2022,Unknown
Amy Wiles,2022,Techno
Pretty Pink,2022,Electro House
Oliver Smith,2022,"Progressive House, Trance"
Genix,2022,Trance
Ilan Bluestone,2022,"Dubstep, Trance"
Grum,2022,"Progressive House, Electro House, Tech House"
Above & Beyond,2022,Trance
Angerfist,2022,"Hardcore Techno, Psychedelic Trance"
Villain,2022,Hard Dance
M&T,2022,Unknown
Audiotricz,2022,Hard Dance
Noisecontrollers,2022,Hardcore Techno
DJ The Prophet,2022,Hard Dance
Outsiders,2022,Hard Dance
Frequencerz,2022,Hard Dance
Phuture Noize,2022,Hard Dance
Atmozfears & Sound Rush,2022,Hard Dance
B-Front,2022,Hardcore Techno
Adaro & Vertile,2022,Hard Dance
Act of Rage,2022,Hard Dance
Radical Redemption,2022,"Electronica, Hard Dance, Hardcore Techno, Techno, Trance"
KEVIN KOFII,2022,House
Nicki Sanchez,2022,"Electronic, Dance, House"
Daddy K,2022,"Hip-Hop, Rap"
Jesse,2022,Pop
J. Roots,2022,Unknown
Team DAMP,2022,"Electronic, Dance, House"
The Knightriders,2022,"Electronic, Dance, House"
Séa,2022,Electronic
Paige Tomlinson,2022,Unknown
Delafino,2022,House
Horse Meat Disco,2022,Commercial Dance
Bob Sinclar,2022,Traditional House
Simon Dunmore,2022,Unknown
Deepack,2022,Hardcore Techno
Sakso,2022,Commercial Dance
Yamo,2022,"Electronic, Experimental"
Iljac,2022,House
Elenore,2022,House
MC Robbie Rise,2022,Unknown
PHB & Jack,2022,Unknown
Ferreck Dawn,2022,Commercial Dance
DJ Licious,2022,House
Dish Dash,2022,Unknown
Guz,2022,"Electronic, House, Techno"
Delafino vs Gee,2022,Unknown
Laidback Luke,2022,Electro House
DJ Licious,2022,House
Regard,2022,"Tech House, Dance House"
Acraze,2022,Dubstep
Lucas & Steve,2022,"Commercial Dance, Hard Dance, Traditional House"
Martin Solveig B2B Kungs,2022,Unknown
Kölsch,2022,Commercial Dance
Oliver Heldens,2022,"Electro House, Electronica, Techno"
Afrojack,2022,"Electro House, Progressive House"
Dimitri Vegas & Like Mike,2022,Electro House
Charlotte de Witte,2022,Techno
Funkhauser,2022,"Electronic, Dance"
Kurt Verheyen,2022,"Electronic, Dance, House"
Melvo Baptiste,2022,Unknown
Feest DJ Lucki Luc,2022,"Dance, Party"
Netsky,2022,Drum & Bass
Toolate Groove,2022,House
Sam Starks,2022,Unknown
Noizu,2022,Tech House
Blue Neuville,2022,Unknown
Matt Medved,2022,Unknown
Hot Dub Time Machine,2022,"Commercial Dance, Indie Dance"
Joel Corry,2022,"Dance, Pop"
Lost Frequencies,2022,"Electro House, Electronica, Traditional House"
Duck Sauce,2022,Unknown
Volunt Barbati,2022,Unknown
Wanton,2022,Electronic
Murdër b2b savagery,2022,Unknown
Oguz,2022,Unknown
Mindmistake,2022,Unknown
Vishscale,2022,Unknown
Ayahuasca b2b Chaosx,2022,Unknown
Køzløv,2022,Unknown
Basswell,2022,Unknown
Mc Reign,2022,Unknown
Mc Pyro,2022,"MC for Hardstyle, Hardcore"
Greg S,2022,"Techno, Trance"
DJ Jan,2022,"Hard Trance, Techno"
Partyfriex,2022,"Dance, Pop"
Jan Vervloet,2022,Progressive House
DJ Ghost,2022,"Hard Trance, Techno"
Jones & Stephenson,2022,Unknown
Franky Kloeck,2022,"Techno, Hard Trance"
Yves Deruyter,2022,Trance
Santini & Quatretemps (live),2022,Unknown
Bonzai All Stars,2022,"Techno, Trance"
Yannick Thiry,2022,Unknown
Somnia vs Synsun,2022,Unknown
Zyce,2022,Unknown
Ranji,2022,Unknown
Berg,2022,Trance
Firaga,2022,Psytrance
WHITENO1SE,2022,Psytrance
Skazi,2022,Trance
Neelix,2022,Psychedelic Trance
Astrix,2022,Psychedelic Trance
Klaps,2022,"House, Techno"
Yves Deruyter,2022,Trance
Kiki Solvej,2022,Unknown
Monika Kruse,2022,"Tech House, Techno"
HI-LO,2022,"Electro House, Electronica, Techno"
Indira Paganotto,2022,Techno
Reinier Zonneveld LIVE,2022,Unknown
Airwave,2022,"Progressive House, Psychedelic Trance"
Eddy Hardcore,2022,Unknown
DRS,2022,Hardcore
Sakyra,2022,Hardcore
Anhatema,2022,Unknown
DJ Anime,2022,Unknown
FMC,2022,Unknown
eDUB,2022,Hardcore
Major Conspiracy,2022,Unknown
The Dark Horror,2022,Hardstyle
Lunakorpz,2022,Hardcore
Star B B2B Krankk,2022,Unknown
Cosmicat,2022,Unknown
Nicky Elisabeth,2022,Unknown
Cellini,2022,Techno
Adriatique,2022,"Electronica, Tech House, Techno"
Konstantin Sibold B2B Kevin de Vries,2022,Unknown
Siege,2022,"House, Techno"
Chambray,2022,Techno
Francesca Lombardo,2022,Tech House
Elderbrook LIVE,2022,Unknown
Carista,2022,Unknown
DIPLO,2022,"Electro House, Indie / Underground"
Paul Woolford,2022,Progressive House
Maceo Plex,2022,Tech House
Evolver vs The Snatcher,2022,Unknown
Maxim Lany,2022,"House, Deep House"
Agents Of Time,2022,"Electronica, Progressive House, Tech House, Techno"
Mathame,2022,Techno
Claptone,2022,"Electro House, Tech House, Techno, Traditional House"
Kölsch,2022,Commercial Dance
Adam Beyer,2022,Techno
BabyBang,2022,Unknown
Mr. Rakka,2022,Unknown
COSMIC,2022,Disco
UNEAK,2022,Unknown
Lady S,2022,"Electronic, Dance, House"
Rakesh aka Blackjack9000,2022,House
Tessa & Ricardo,2022,Unknown
David DM,2022,Unknown
De la Peña & Bross!,2022,Unknown
One more Time DJ crew,2022,Unknown
Christian82,2022,Unknown
Phill Da Cunha & Smith Davis,2022,Unknown
Cemode & Mr Grammy,2022,Unknown
Roma,2022,"Electronic, Dance"
Disco Dasco,2022,"Electronic, House"
Alec & Philip,2022,Unknown
Djaxx,2022,Unknown
Jordi Ruz,2022,Unknown
Thang & L Bossa,2022,Unknown
ODEN & FATZO,2022,House
Chelina Manuhutu,2022,Techno
Marco Tropeano,2022,Unknown
Jasper Fioole,2022,Unknown
Comrad & Friends,2022,Unknown
DJs FROM MARS,2022,"Electro House, Progressive House"
Tom & Collins,2022,"Electronica, Tech House, Traditional House"
KC Lights,2022,Unknown
NERVO,2022,"Electro House, Progressive House"
Nicky Romero,2022,Progressive House
ARTBAT,2022,"Commercial Dance, Electronica"
Lost Frequencies LIVE,2022,Commercial Dance
Major Lazer Soundsystem,2022,"Commercial Dance, Electro House, Electronica, Hard Dance, Techno"
3 Are Legend,2022,"Commercial Dance, Electro House, Electronica, Hard Dance, Techno"
Jeroen Visser,2022,"Electronic, Dance, House"
Mr E,2022,"Electronic, Dance, House"
Dorothee Vegas & Like Maarten,2022,"Dance, Party"
Michael More,2022,"Electronic, Dance, House"
Suark,2022,House
Jaxx & Vega,2022,Unknown
Dubdogz,2022,Electronica
Odssey,2022,Deep House
Azteck,2022,"Electronic, Dance"
Paris Hilton,2022,"Electronic, Dance"
Marco Tropeano,2022,Unknown
Gianluca Vacchi,2022,Commercial Dance
Dimitri Vegas & Like Mike vs Timmy Trumpet,2022,Big Room House
Quintino,2022,Electro House
Bassjackers,2022,Electro House
Vini Vici,2022,"Psychedelic Trance, Trance"
Trixy,2022,"Hardstyle, Rawstyle, Electronic"
Kruger,2022,Unknown
Ana Lilia,2022,Unknown
Herton,2022,Electronic
Massimo Mephisto,2022,Unknown
Keyser,2022,Electronic
Tripped,2022,Unknown
Mystique,2022,Hardstyle
DiMaro,2022,House
Romeo Blanco,2022,Commercial Dance
Deniz Koyu,2022,"Electro House, Progressive House"
Dannic,2022,Progressive House
Quintino,2022,Electro House
Laidback Luke,2022,Electro House
Special Guest,2022,Unknown
Moguai,2022,"Electro House, Progressive House"
Kage,2022,"Drum & Bass, Dubstep"
Skyler Madison,2022,"Commercial Dance, Trap"
Tony Romera,2022,Electro House
MATTN,2022,"Commercial Dance, Traditional House"
Koven,2022,Drum & Bass
Crankdat,2022,"Dubstep, Hybrid Trap"
DROELOE,2022,"Commercial Dance, Drum & Bass, Electronica"
Modestep,2022,Dubstep
Darren Styles,2022,Commercial Dance
Infected Mushroom,2022,"Psychedelic Trance, Trance"
Afrojack,2019,"Electro House, Progressive House"
Dzeager,2019,Unknown
Fabio Marcs,2019,"Electronic, Dance, House"
JackJazz,2019,Unknown
Hermanos,2019,Unknown
Prinz,2019,Techno
Flashback Force,2019,Unknown
Mademoiselle Luna,2019,House
Maori,2019,Unknown
Hiddn,2019,Unknown
Double Pleasure,2019,House
Romeo Blanco,2019,Commercial Dance
Henri PFR,2019,"Commercial Dance, Electronica, Traditional House"
Regi vs Yves V,2019,Unknown
Lost Frequencies,2019,"Electro House, Electronica, Traditional House"
Downside,2019,Unknown
Pierre,2019,Traditional House
Cellini,2019,Techno
GG Magree,2022,"Trap, Future Bass"
Pan-Pot,2019,"Minimal, Techno"
Dave Clarke,2019,"Electro House, Techno"
Rødhåd,2019,"Minimal, Techno"
Spacid,2019,Unknown
Linear Straight,2019,Unknown
999999999,2019,Techno
Fjaak,2019,Techno
Headstrong,2019,Unknown
Tommy Four Seven,2019,Minimal
Dax J,2019,"Drum & Bass, Techno"
Bjeor,2019,Unknown
Mona Lee,2019,Unknown
Maxim Lany,2019,"House, Deep House"
Red D ft. Lady Linn,2019,Unknown
San Soda,2019,Commercial Dance
Pete Howl,2019,Unknown
Raw District,2019,Unknown
Audiojack,2019,Tech House
Brina Knauss,2019,Techno
Virgil Abloh,2019,"Hip-Hop, Grime"
Ae:ther,2019,Unknown
Guy Gerber,2019,"Tech House, Techno"
Bedouin,2019,Commercial Dance
Damian Lazarus,2019,"Tech House, Techno"
Chris Liebing,2019,Techno
Surfing Leons,2019,Unknown
Yotto,2019,"Progressive House, Traditional House"
Cristoph,2019,Unknown
Camelphat,2019,"Electronica, Tech House, Traditional House"
Tiga,2019,"Electro House, Indie / Underground"
Eric Prydz,2019,Progressive House
Notoir,2019,Unknown
Moscoman,2019,Techno
Magit Cacoon,2019,"Deep House, Techno, Techno"
Kollektiv Turmstrasse,2019,Tech House
Adriatique,2019,"Electronica, Tech House, Techno"
Solomun,2019,Tech House
Undercatt,2019,"Chill Out, Techno"
Fabio Marcs,2019,"Electronic, Dance, House"
Rakesh aka Blackjack9000,2019,House
Crack-T,2019,"Electronic, Dance, House"
UNEAK ft. COSMIC,2019,Unknown
B-KAY,2019,"Electronic, Dance, House"
Tach Cremer & Luna Fino,2019,Unknown
Zfilio & Tim G,2019,Unknown
Seelen & Cemode,2019,Unknown
DJ Licious & Delafino,2019,Unknown
Chocolate Puma,2019,Traditional House
Disco Dasco,2019,"Electronic, House"
Neon,2019,Electronic
Kolombo,2019,Commercial Dance
Roma,2019,"Electronic, Dance"
Konstantin Sibold,2019,Unknown
Mia More,2019,Unknown
Chus & Ceballos,2019,Traditional House
Bruno Martini,2019,"Commercial Dance, House"
Double Pleasure,2019,House
Lucas & Steve,2019,"Commercial Dance, Hard Dance, Traditional House"
Sam Feldt,2019,Traditional House
Sunnery James & Ryan Marciano,2019,Electro House
The Magician,2019,Indie / Underground
Benny Benassi,2019,Electro House
Hermanez,2019,Tech House
Sebastien Leger,2019,Tech House
Guy J,2019,"Tech House, Techno"
Guy Mantzur,2019,Techno
Roy Rosenfeld,2019,"Tech House, Techno"
Eauxmar b2b Osrin,2019,Unknown
Todd Helder b2b CMC$,2019,Unknown
Infuze,2019,Commercial Dance
Bart B more,2019,Electro House
Blinders b2b TV Noise,2019,Unknown
Dubvision b2b Raiden,2019,Unknown
Brooks b2b Julian Jordan,2019,Unknown
Alec & Philip,2019,Unknown
Vintage Culture,2019,"Commercial Dance, Electro House, Electronica, Traditional House"
Louis The Child,2019,Future Beats
Salvatore Ganacci,2019,"Electro House, Big Room, Pop House"
Bebe Rexha,2019,Electropop
Martin Garrix,2019,Electro House
15Y Spectacle,2019,Unknown
Carl Cox,2019,"Tech House, Techno"
Amelie Lens,2019,"Electronica, Techno, Trance"
Hugel,2019,Big Room House
DJ Diesel,2019,"Electronic, Dance"
ALOK,2019,Commercial Dance
Oliver Heldens,2019,"Electro House, Electronica, Techno"
Black Coffee,2019,"Funk / R&B, Traditional House"
Don Diablo,2019,Progressive House
Steve Aoki,2019,"Electro House, Indie / Underground"
Tiesto,2019,"Commercial Dance, Big Room"
The Chainsmokers,2019,Commercial Dance
DJ Mr. E,2019,Unknown
Surprise,2019,Unknown
Feest DJ Lucki Luc,2019,"Dance, Party"
De Romeo's,2019,Unknown
Feest DJ Lucki Luc,2019,"Dance, Party"
Thierry von der Warth,2019,Unknown
Villain,2019,Hard Dance
Dyro b2b Loopers,2019,Unknown
Refuzion,2019,Hard Dance
Primeshock,2019,Unknown
Sound Rush,2019,Hardstyle
Wildstylez,2019,Hard Dance
Sub Zero Project,2019,"Hard Dance, Hardcore Techno, Psychedelic Trance"
Frequencerz,2019,Hard Dance
Hard Driver,2019,Hard Dance
B-Front,2019,Hardcore Techno
Evil Activities,2019,Hardcore Techno
Krankenhaus Selektion,2019,Unknown
Sixsixsixties,2019,Unknown
Kimman,2019,Unknown
Locked Groove,2019,"Techno, Traditional House"
Pelace,2019,Unknown
Jeroen Delodder,2019,"Electronic, Dance, House"
Kaiserr,2019,Unknown
Captain Flash,2019,Unknown
Davis,2019,Country
Justin OH,2019,"Electro House, Progressive House, Trance"
Conro,2019,Unknown
DROELOE,2019,"Commercial Dance, Drum & Bass, Electronica"
Gammer,2019,Hardcore Techno
Pegboard Nerds b2b Tokyo Machine,2019,Unknown
Modestep,2019,Dubstep
Jay Reeve,2019,Unknown
Slushii,2019,"Dubstep, Electro House, Electronica, Progressive House, Trap"
NGHTMRE & SLANDER Present: Gud Vibrations,2019,Unknown
Zeds Dead,2019,Dubstep
Seven Lions,2019,Dubstep
Amber Stomp,2019,Unknown
Josep,2019,Guitar
Tinlicker,2019,"Progressive House, Techno"
Genix,2019,Trance
Oliver Smith,2019,"Progressive House, Trance"
Grum,2019,"Progressive House, Electro House, Tech House"
Spencer Brown,2019,Progressive House
Andrew Bayer,2019,"Progressive House, Techno"
Ilan Bluestone,2019,"Dubstep, Trance"
Gabriel & Dresden,2019,"Progressive House, Trance"
Above & Beyond,2019,Trance
Axel Haube,2019,"Techno, Minimal Techno"
VNTM,2019,Unknown
Kevin De Vries,2019,"Techno, Tech Trance"
Agents Of Time,2019,"Electronica, Progressive House, Tech House, Techno"
Mind Against,2019,Commercial Dance
Special Guest,2019,Unknown
Stephan Bodzin,2019,"Electro House, Techno"
Tale Of Us,2019,Tech House
Sheridan,2019,Commercial Dance
Seven Lions b2b Kill The Noise,2019,Unknown
Simon Dunmore,2019,Unknown
The Shapeshifters,2019,Unknown
Roger Sanchez,2019,Traditional House
Junior Jack,2019,Traditional House
Pirrès,2019,Unknown
Paramida,2019,"Italo, Disco House, Tech House"
Thang,2019,Psychedelic Trance
A Local Hero b2b Bafana,2019,Unknown
TITIA,2019,"Epr, Ambient"
Reygel & Peri,2019,Unknown
Rebūke,2019,Unknown
Nico Morano,2019,"House, Techno"
Catz 'n Dogz,2019,Traditional House
Robag Whrume,2019,Unknown
wAFF,2019,Commercial Dance
Claude VonStroke,2019,"Tech House, Techno"
Solardo,2019,"Electro House, Tech House, Traditional House"
Chris Bekker,2019,Unknown
Paul Thomas,2019,Traditional House
Will Atkinson,2019,Trance
Jordan Suckley,2019,Techno
Push,2019,"Trance, Progressive House"
Ben Nicky,2019,"Progressive House, Trance"
John O'Callaghan & Bryan Kearney,2019,Unknown
Melvo Baptiste,2019,Unknown
Ferry Corsten,2019,Trance
Alex M.O.R.P.H.,2019,"Electro House, Trance"
Aly & Fila,2019,Trance
Alison Wonderland,2019,Commercial Dance
DJ Moe,2019,Unknown
Hush Hefner,2019,Unknown
1991,2019,Unknown
R.O,2019,"Techno, Deep House"
Holy Goof,2019,"Electro House, Bass House"
Jauz,2019,"Drum & Bass, Dubstep, Electronica, Traditional House, Trap"
London On Da Track,2019,"Hip-Hop, Trap"
Hot Dub Time Machine,2019,"Commercial Dance, Indie Dance"
A-trak,2019,"Electro House, Indie / Underground"
Young Thug,2019,Rap
Netsky,2019,Drum & Bass
Blvckprint,2019,Unknown
DRIGAO & IAMGUNZ,2019,Unknown
Bubba,2019,"Electronic, House, Techno"
Discobaar A Moeder,2019,Dance
The Knightriders,2019,"Electronic, Dance, House"
DJ Ward,2019,Unknown
Furax,2019,"Hardcore Techno, Traditional House"
Pat Krimson,2019,"Electronic, Dance"
Sven Lanvin,2019,Unknown
Paul Van Dyk,2019,Trance
Niels Van Gogh,2019,"Electro House, Progressive House"
Ward vs Starfighter,2019,Unknown
Charly Lownoise & Mental Theo,2019,Unknown
Marco Bailey,2019,"Tech House, Techno"
Deniro,2019,Unknown
Karenn,2019,Unknown
Paula Temple,2019,"Electronica, Techno"
Helena Hauff,2019,"Electronica, Tech House, Techno"
Nina Kraviz,2019,Tech House
Steve Slight,2019,Unknown
Mees Salomé,2019,Unknown
Caspar & Don Cabron,2019,Unknown
ARTBAT,2019,"Commercial Dance, Electronica"
Midnight Criminals,2019,Unknown
Hernan Cattaneo,2019,"Progressive House, Tech House"
Toolate Groove,2019,House
Mastrovita,2019,Unknown
Pretty Pink,2019,Electro House
Empra,2019,Unknown
Mr Belt & Wezol,2019,"House, Deep House, Future House"
Zonderling,2019,Commercial Dance
EDX,2019,Progressive House
Dom Dolla,2019,"Future House, Electro House, Funky House"
Nora En Pure,2019,Commercial Dance
Wout,2019,House
Tchami & Malaa,2019,Unknown
Oscar & The Wolf,2019,Unknown
Maceo Plex,2019,Tech House
DJ Licious,2019,House
Loud Luxury,2019,"Progressive House, Tech House, Traditional House"
MATTN,2019,"Commercial Dance, Traditional House"
Jonas Blue,2019,"Pop House, Tropical House"
Da Tweekaz,2019,Hardcore Techno
Yves V,2019,Progressive House
W&W,2019,Trance
Armin Van Buuren,2019,Trance
Dimitri Vegas & Like Mike,2019,Electro House
DJ Snake,2019,"Electronica, Hard Dance, Trap"
DJ Rino,2019,Unknown
Jelle DK,2019,"Electronic, Dance, House"
Marco Mzee,2019,Unknown
DJ Kurt,2019,Unknown
The Bobmeister,2019,"Electronic, Dance"
Laurent Wery,2019,"Electronic, Dance, House"
Dark-E,2019,Unknown
Audiotricz,2019,Hard Dance
Code Black,2019,"Electronica, Hard Dance"
Brennan Heart,2019,Hard Dance
Devin Wild & JNXD,2019,Unknown
Lost Frequencies,2019,"Electro House, Electronica, Traditional House"
Ran-D,2019,Hardcore Techno
Psyko Punkz,2019,Hardcore Techno
Phuture Noize,2019,Hard Dance
Zatox,2019,Hard Dance
Sefa,2019,Hard Dance
Many Moore,2019,House
Maximo,2019,House
Samyn,2019,Unknown
Jackless & The Fox,2019,Techno
Thim,2019,House
Que 9,2019,Unknown
Greg Lamore vs Jay Lee Hudson,2019,Unknown
Basement Sounds,2019,Unknown
Wezlee,2019,Unknown
Severe,2019,"Industrial, Synthpop, Post-Punk"
Donelly,2019,Pop
Kneels,2019,Unknown
Mc Reign & Mc Pyro,2019,Unknown
Greg S,2019,"Techno, Trance"
DJ Jan,2019,"Hard Trance, Techno"
Airwave,2019,"Progressive House, Psychedelic Trance"
Franky Jones,2019,"Techno, Acid"
Bountyhunter,2019,"Hardcore, Gabber, Electronic"
DJ Ghost,2019,"Hard Trance, Techno"
D-Block & S-te-Fan,2019,"Hard Dance, Hardcore Techno"
Franky Kloeck,2019,"Techno, Hard Trance"
Yves Deruyter,2019,Trance
Bonzai All Stars,2019,"Techno, Trance"
Frederico,2019,Funk
Makasi,2019,House
Double Deejay,2019,Unknown
Nicola Zucchi,2019,Unknown
Merk & Kremont,2019,Commercial Dance
MC Fioti,2019,Unknown
Gianluca Vacchi,2019,Commercial Dance
KHEA,2019,Hip-Hop
Manuel Turizo,2019,"Reggaeton, Trap, Latin Dance"
Afro Bros,2019,"Moombahton, Latin House"
Onyvaa,2019,Techno
Jeroen Search,2019,Unknown
Monoloc,2019,Minimal
Cleric,2019,Techno
Sam Paganini,2019,Techno
Charlotte de Witte,2019,Techno
Richie Hawtin,2019,"Tech House, Techno"
Hardbouncer,2019,Unknown
Richie Gee,2019,Hardcore Techno
Miss Enemy vs Anhatema,2019,Unknown
Deadly Guns,2019,Unknown
Jan Vervloet,2019,Progressive House
The Satan vs Sei2ure,2019,Unknown
FOOTWORXX MILITANT CREW,2019,Unknown
N-Vitral,2019,Commercial Dance
Malice,2019,Rock
Dr. Peacock,2019,Unknown
F.Noize,2019,Unknown
SYTYCF All Stars,2019,Unknown
DJ Thong & DJ Droppa & DJ 2EZ,2019,Unknown
DJ Soe,2019,Unknown
Aso Asin,2019,Unknown
Konna,2019,Unknown
STIJN DJ Set,2019,Unknown
Nick Bril,2019,"House, Techno"
Fabe,2019,Unknown
Butch,2019,Tech House
Ilario Alicante,2019,"Tech House, Techno"
KiNK,2019,Commercial Dance
Sven Väth,2019,Techno
Me Time,2019,Unknown
Dave Lambert,2019,Traditional House
Boston Bun,2019,Unknown
Watermät,2019,Pop House
Curtis Alto,2019,Unknown
Michael Calfan,2019,Traditional House
Garra,2019,Unknown
Henri PFR,2019,"Commercial Dance, Electronica, Traditional House"
Martin Solveig & Jax Jones Present: Europa,2019,Unknown
Kungs,2019,"Tech House, Traditional House"
Bakermat,2019,Deep House
Paradise City Soundsystem,2019,Unknown
La Fleur,2019,"Traditional House, Techno"
ANOTR,2019,Techno
Andhim,2019,"Progressive House, Tech House"
Fisher,2019,"Commercial Dance, Electro House, Tech House, Traditional House"
Andrea Oliva,2019,"Minimal, Tech House"
Joris Voorn,2019,"Tech House, Techno"
Frederico ft. Lotte Feyen,2019,Unknown
Rakka,2019,Unknown
Team DAMP,2019,"Electronic, Dance, House"
DJ Flash,2019,"Electronic, Dance, House"
Firaga,2019,Psytrance
Coexist,2019,Unknown
Day Din,2019,Unknown
Phanatic,2019,Unknown
WHITENO1SE,2019,Psytrance
Reality Test,2019,Unknown
Animato,2019,Unknown
Vini Vici,2019,"Psychedelic Trance, Trance"
Infected Mushroom - Retro Live Show,2019,Unknown
Symphony of Unity,2019,"Classical, Orchestral"
Radar Records Soundsystem,2019,Unknown
Bare Up,2019,Unknown
Maduk & MC Mota,2019,Unknown
Emalkay b2b Subscape,2019,Unknown
Hype & Hazard,2019,Unknown
Pegboard Nerds,2019,Dubstep
Flux Pavilion,2019,Dubstep
Murdock & MC Mota,2019,Unknown
Delta Heavy & MC Mota,2019,Unknown
Roni Size & MC Dynamite,2019,Unknown
Barely Alive b2b PhaseOne b2b Virtual Riot,2019,Unknown
Dominico,2019,Tech House
Danny Howard,2019,Commercial Dance
Harry Romero,2019,Tech House
Lovely Laura & Ben Santiago,2019,Unknown
Mambo Brothers,2019,House
Doorly,2019,"Dubstep, Tech House"
Yamo,2019,"Electronic, Experimental"
Odssey,2019,Deep House
D'Angello & Francis b2b MAD M.A.C,2019,Unknown
Matt Medved,2019,Unknown
Tom & Collins b2b Mr. Pig,2019,Unknown
Angemi,2019,"Electronic, Dance"
Lil Kleine,2019,Unknown
Blastoyz,2019,Psytrance
Quintino,2019,Electro House
J Balvin,2019,Reggaeton
Nicky Romero,2019,Progressive House
Dimitri Vegas & Like Mike,2019,Electro House
Wolfpack,2019,"Commercial Dance, Electro House, Progressive House"
Cosmic Gate,2019,"Progressive House, Trance"
MaRLo,2019,Trance
Fedde Le Grand,2019,Progressive House
Bassjackers,2019,Electro House
Laidback Luke,2019,Electro House
Robin Schulz,2019,Commercial Dance
Timmy Trumpet,2019,Progressive House
Afrojack,2019,"Electro House, Progressive House"
Kölsch,2019,Commercial Dance
Steve Aoki & Dimitri Vegas & Like Mike,2019,Unknown
Jeroen Visser,2019,"Electronic, Dance, House"
Thierry von der Warth,2019,Unknown
Viktor & Kobe,2019,"Electronic, Dance"
Frank Mellermans,2019,Unknown
Jan V,2019,"Electronic, Techno"
Ransom,2019,Unknown
Zany,2019,Hardcore Techno
Outsiders,2019,Hard Dance
Ruthless & The Darkraver,2019,Unknown
Paris Hilton,2019,"Electronic, Dance"
Pat B,2019,Rock
Tweekacore & Darren Styles,2019,Unknown
LNY TNZ,2019,Hard Dance
Mark with a K & Warface & MC Chucky,2019,Unknown
Coone,2019,Hard Dance
Korsakoff,2019,"Hardcore Techno, Psychedelic Trance"
Tom Sea,2019,Unknown
B,2019,Commercial Dance
Palmbomen II,2019,"Deep House, Acid House, Techno, Eperimental"
Cellini b2b Goose,2019,Unknown
GOOSE DJ,2019,Unknown
Surprise,2019,Unknown
John Noseda,2019,Unknown
LXNGTN,2019,Unknown
Two Pauz,2019,Unknown
Siege,2019,"House, Techno"
Lars Moston,2019,Commercial Dance
Riva Starr,2019,Tech House
Tensnake,2019,Disco House
Purple Disco Machine,2019,"Deep House, Funk House, Disco House"
Claptone,2019,"Electro House, Tech House, Techno, Traditional House"
Sonny Fodera,2019,Traditional House
Myma,2019,Unknown
Sem Thomasson,2019,Progressive House
MANDY,2019,Hard Dance
Mike Williams,2019,"Commercial Dance, Drum & Bass, Electronica, Progressive House, Traditional House"
Danny Avila,2019,Electro House
Sofi Tukker,2019,Commercial Dance
Tinie Tempah,2019,Unknown
Nervo,2019,"Electro House, Progressive House"
Dannic b2b Sem Vox,2019,Unknown
Eastblock Bitches b2b Firebeatz,2019,Unknown
W&W,2019,Trance
Shiver,2019,"Progressive House, Trance"
Odssey,2019,Deep House
Jeroen Delodder,2019,"Electronic, Dance, House"
Prinz,2019,Techno
Michael Amani,2019,"House, Techno"
Curtis Alto,2019,Unknown
Mystique B2B Makaso,2019,Unknown
DJ Licious,2019,House
Yves Deruyter,2019,Trance
MANDY,2019,Hard Dance
Robert Falcon,2019,Unknown
Netsky,2019,Drum & Bass
Regi vs Yves V,2019,Unknown
Sunnery James & Ryan Marciano,2019,Electro House
Joyhauser,2019,"Commercial Dance, Electronica, Techno, Trance"
UNER,2019,Tech House
Throttle,2019,"Commercial Dance, Electronica"
Monika Kruse,2019,"Tech House, Techno"
Amelie Lens,2019,"Electronica, Techno, Trance"
Pan-Pot,2019,"Minimal, Techno"
Carl Cox,2019,"Tech House, Techno"
Double U Jay,2019,Unknown
TWR72,2019,Unknown
PTTRN,2019,Unknown
Himperson,2019,Electronic
Gary Beck,2019,"Tech House, Techno"
O/V/R,2019,Unknown
Lewis Fautzi,2019,"Techno, Tech House, Deep House"
Pudde b2b Simon Dobbs,2019,Unknown
Michael Sanchez,2019,Unknown
Nader Razdar,2019,Unknown
Artslaves,2019,Unknown
Tini Gessler b2b Toni Varga,2019,Unknown
Nukov & Yelmet,2019,Unknown
Crazy Sirkus b2b2b2b2b,2019,Unknown
Tom Zeta,2019,Unknown
Timmerman,2019,Unknown
Animal Trainer,2019,Commercial Dance
Jan Blomqvist,2019,"Techno, Progressive House, Deep House"
Nico Morano,2019,"House, Techno"
Eelke Kleijn,2019,Progressive House
ANNA,2019,Techno
Edu Imbernon b2b Nico Morano,2019,Unknown
Goldfox,2019,"Electronic, Dance"
Neon,2019,Electronic
Rebuke,2019,Unknown
Maya Jane Coles,2019,Tech House
2manyDJ's,2019,Unknown
Peggy Gou,2019,"Commercial Dance, Electro House, Electronica, Techno, Traditional House"
Adam Beyer b2b Ida Engberg,2019,Unknown
Eric Prydz,2019,Progressive House
Danko,2019,Unknown
Brian Cross vs Jerry Davila & DJ Pelos,2019,Unknown
Robert Falcon,2019,Unknown
Mariana Bo,2019,"Dubstep, Hard Dance, Hardcore Techno, Psychedelic Trance, Traditional House"
Sevenn,2019,Bass Music
Carta,2019,"Electronica, Hard Dance, Tech House, Techno"
Blasterjaxx,2019,Commercial Dance
Regi,2019,"Trance, Big Room House"
Laidback Luke,2019,Electro House
Yves V,2019,Progressive House
Timmy Trumpet,2019,Progressive House
Brennan Heart,2019,Hard Dance
NESSA SOW,2019,Unknown
B-KAY,2019,"Electronic, Dance, House"
Bart & Baker,2019,"Electronic, Dance, House, Swing"
Denis Horvat,2019,"Techno, Techno"
Rakesh aka Blackjack9000,2019,House
MegaMen vs. Antoine Simar,2019,Unknown
DJ Q-La Lane,2019,Unknown
Kid Noize,2019,Unknown
Codeko,2019,"Future Bass, Trap, Midtempo Bass, Dubstep"
Nitti Gritti,2019,"Commercial Dance, Electronica"
Spag Heddy,2019,"Drum & Bass, Dubstep, Electronica, Hip-Hop"
The Jillionaire,2019,Unknown
Whipped Cream,2019,"Bass Music, Trap, Club Music"
Kayzo,2019,Commercial Dance
DJ Diesel,2019,"Electronic, Dance"
Carnage,2019,"Dubstep, Hip-Hop, Trap"
Mad Teeth,2019,Unknown
CID,2019,Rap
Toby Green,2019,Commercial Dance
Ofenbach,2019,"Deep House, Electro House"
Fedde Le Grand,2019,Progressive House
Disciples,2019,"Electronica, Traditional House"
Felix Jaehn,2019,"Deep House, Tech House"
Oliver Heldens,2019,"Electro House, Electronica, Techno"
ALOK,2019,Commercial Dance
Akira,2019,Trance
Modd,2019,Unknown
Kora,2019,"Deep House, Tech House"
Crazy Sir-G,2019,Unknown
Behrouz,2019,Traditional House
WhoMadeWho,2019,Commercial Dance
Russian Roulette,2019,Unknown
Jennifer Cooke,2019,Unknown
JLV,2019,Unknown
RetroVision,2019,Unknown
DJ Licious,2019,House
Henri PFR,2019,"Commercial Dance, Electronica, Traditional House"
Zonderling,2019,Commercial Dance
Tchami & Malaa,2019,Unknown
Don Diablo,2019,Progressive House
Hexagon All Stars,2019,Unknown
Martin Solveig Live,2019,Unknown
15Y Spectacle,2019,Unknown
Kölsch,2019,Commercial Dance
Boris Brejcha,2019,"Minimal, Techno"
Mark With a K & Mc Chucky,2019,"Jumpstyle, Hardstyle"
Mike Williams,2019,"Commercial Dance, Drum & Bass, Electronica, Progressive House, Traditional House"
Kungs,2019,"Tech House, Traditional House"
Sunnery James & Ryan Marciano,2019,Electro House
Charlotte de Witte,2019,Techno
Nicky Romero,2019,Progressive House
Alesso,2019,Progressive House
Armin Van Buuren,2019,Trance
Seth Schwarz,2019,"Tech House, Progressive House"
Lareunt Wery,2019,Unknown
Freest DJ Lucki Luc,2019,Unknown
DJ Funkhauser,2019,Unknown
Tom Cosyns,2019,"Electronic, Dance, House"
Jelle DK,2019,"Electronic, Dance, House"
DJ Mr. E,2019,Unknown
Zany,2019,Hardcore Techno
Sephyx,2019,Hard Dance
LNY TNZ,2019,Hard Dance
Wildstylez,2019,Hard Dance
Bass Chaserz & Degos & Re-done,2019,Unknown
Frequencerz presents Get Wack!,2019,Unknown
Frequencerz & Ran-D,2019,Unknown
D-Block & S-te-Fan,2019,"Hard Dance, Hardcore Techno"
Frequencerz & Rejecta,2019,Hard Dance
Phuture Noize,2019,Hard Dance
Adaro & B-Front,2019,Unknown
Dr. Peacock,2019,Unknown
Winterclubbing All Stars,2019,"Electronic, Dance"
Louis XIV vs Michael Amani,2019,Unknown
PartyShakerz,2019,"Electronic, Dance"
Bram Delux,2019,House
Foncky Time,2019,Unknown
Robert Abigail,2019,Traditional House
The Chainsmokers,2019,Commercial Dance
Double-U b2b DJ Luk,2019,Unknown
Double-U,2019,Electronic
Dimitri Wouters,2019,House
5napback & Funk D,2019,Unknown
Deve & Matizz,2019,Unknown
Bassjackers,2019,Electro House
Mr Black,2019,Unknown
Vito Mendez,2019,Unknown
Diego Miranda,2019,Traditional House
Pep & Rash,2019,"Electronica, Tech House, Traditional House"
Chuckie,2019,Electro House
Afro Bros,2019,"Moombahton, Latin House"
D-Wayne b2b Skemaddox,2019,Unknown
Kristian Nairn,2019,Deep House
Tony Junior b2b Sidney Samson,2019,Unknown
Frenna,2019,Unknown
Wolfpack,2019,"Commercial Dance, Electro House, Progressive House"
Ummet Ozcan,2019,Trance
DJaxx,2019,Unknown
Niels Feijen,2019,Unknown
Richy Ahmed,2019,Tech House
Patrick Topping,2019,Commercial Dance
Hot Since 82,2019,Commercial Dance
Loco Dice,2019,"Tech House, Techno"
DJ Luk,2019,Electronic
Cellini,2019,Techno
Mathame,2019,Techno
Adriatique,2019,"Electronica, Tech House, Techno"
Rødhåd,2019,"Minimal, Techno"
Recondite,2019,Commercial Dance
Âme,2019,Minimal
Tale Of Us,2019,Tech House
La Junta,2019,Unknown
One87,2019,Drum & Bass
Bredren,2019,Unknown
Bassdubbers,2019,Unknown
Space Pirate Recordings Crew,2019,Unknown
QZB,2019,Unknown
Kasra,2019,Unknown
Mefjus ft. MC Maksim,2019,Unknown
Enei,2019,Drum & Bass
Emperor,2019,Eperimental
Amare,2019,Unknown
Naethan,2019,"Electronic, Dance"
DJumaa b2b Vertier,2019,Unknown
Alwys Late,2019,Unknown
Arado,2019,Commercial Dance
Klaps,2019,"House, Techno"
Unclesand b2b Jeroen Meertens,2019,Unknown
Jamie Jones,2019,Tech House
Kiani & His Legion,2019,Unknown
La Fleur,2019,"Traditional House, Techno"
Mind Against,2019,Commercial Dance
Agoria,2019,Techno
Patrice Bäumel,2019,Tech House
Joris Voorn,2019,"Tech House, Techno"
Jack Wins,2019,Unknown
Magnificence,2019,Unknown
Chocolate Puma,2019,Traditional House
Kryder,2019,"Progressive House, Tech House"
Shapov,2019,"Commercial Dance, Electro House, Electronica, Progressive House, Trance"
D.O.D,2019,Electro House
Benny Benassi,2019,Electro House
Axwell,2019,Progressive House
Bob Sinclar,2019,Traditional House
Tom Staar,2019,Commercial Dance
Bollen & Fichtner,2019,Unknown
Andy Bros,2019,Unknown
Lehar & Musumeci,2019,Unknown
Magdalena,2019,"Tech House, Deep House"
Johannes Brecht,2019,Unknown
Adana Twins,2019,Tech House
Solomun,2019,Tech House
Eagl,2019,Techno
Bocain,2019,Unknown
Jesse,2019,Pop
DJ Policy,2019,Unknown
Daddy K,2019,"Hip-Hop, Rap"
Rakesh aka Blackjack9000,2019,House
Philippe el Sisi vs Omar Sherif,2019,Unknown
Aly & Fila (UV Progressive Set),2019,Unknown
Gai Barone,2019,Progressive House
John 00 Fleming vs Paul Thomas,2019,Unknown
Monoverse,2019,Trance
Roger Shah,2019,Trance
Ferry Corsten,2019,Trance
Aly & Fila,2019,Trance
M.I.K.E. Push,2019,Trance
Ferry Tayle vs Dan Stone,2019,Unknown
James Dymond vs Sneijder,2019,Unknown
R'Deem,2019,Unknown
Jackie White,2019,Unknown
Somnia,2019,Unknown
Upgrade,2019,Unknown
Ace Ventura,2019,Commercial Dance
WHITENO1SE,2019,Psytrance
Firaga,2019,Psytrance
Alpha Portal,2019,Unknown
Astrix,2019,Psychedelic Trance
Nicki Sanchez,2019,"Electronic, Dance, House"
BLiSS,2019,Techno
Mr. Joy,2019,Unknown
Jasper Fioole,2019,Unknown
Toman,2019,Band
Luuk Van Dijk,2019,Unknown
Michael Bibi,2019,"Indie / Underground, Traditional House"
Franky Rizardo,2019,Commercial Dance
Heckman,2019,"Electronic, Techno"
Peter Luts,2019,Commercial Dance
Dave Lambert,2019,Traditional House
Loud Luxury,2019,"Progressive House, Tech House, Traditional House"
Dom Dolla,2019,"Future House, Electro House, Funky House"
Vitalic,2019,"Electronica, Indie / Underground"
Skepta,2019,Unknown
Oscar & The Wolf,2019,Unknown
Armand Van Helden,2019,Traditional House
15Y Spectacle,2019,Unknown
Claptone,2019,"Electro House, Tech House, Techno, Traditional House"
JLS,2019,Unknown
Deorro,2019,Electro House
Quintino,2019,Electro House
Sam Feldt,2019,Traditional House
Salvatore Ganacci,2019,"Electro House, Big Room, Pop House"
Fisher,2019,"Commercial Dance, Electro House, Tech House, Traditional House"
Skazi,2019,Trance
David Guetta,2019,Electro House
Dimitri Vegas & Like Mike,2019,Electro House
DJ Snake,2019,"Electronica, Hard Dance, Trap"
Jelle DK,2019,"Electronic, Dance, House"
The Bobmeister,2019,"Electronic, Dance"
Les Mecs,2019,Unknown
Die Freddies,2019,Unknown
Viktor & Kobe,2019,"Electronic, Dance"
Dorothee Vegas & Like Maarten,2019,"Dance, Party"
The Bobmeister,2019,"Electronic, Dance"
Michael More,2019,"Electronic, Dance, House"
Lost Identity,2019,Unknown
Toneshifterz,2019,Hard Dance
MANDY,2019,Hard Dance
KELTEK,2019,Hard Dance
Code Black,2019,"Electronica, Hard Dance"
Coone,2019,Hard Dance
Audiofreq,2019,Hard Dance
Brennan Heart,2019,Hard Dance
Atmozfears,2019,"Hardcore Techno, Techno, Traditional House, Trance"
Radical Redemption,2019,"Electronica, Hard Dance, Hardcore Techno, Techno, Trance"
Partyraiser,2019,Hard Dance
Q-Dance Endshow,2019,Unknown
Go'Yie,2019,Unknown
Vini Vici,2019,"Psychedelic Trance, Trance"
Masari & Sample,2019,Unknown
Monta,2019,Electronic
Soulcity,2019,Electronic
Himperson,2019,Electronic
Deuxfwa,2019,Electronic
Nico Parisi,2019,Progressive House
DJ Jan,2019,"Hard Trance, Techno"
Airwave,2019,"Progressive House, Psychedelic Trance"
Franky Jones,2019,"Techno, Acid"
Bountyhunter,2019,"Hardcore, Gabber, Electronic"
DJ Ghost,2019,"Hard Trance, Techno"
Jan Vervloet,2019,Progressive House
Franky Kloeck,2019,"Techno, Hard Trance"
Yves Deruyter,2019,Trance
Bonzai All Stars,2019,"Techno, Trance"
B'Elle,2019,Unknown
Cham,2019,Eperimental
Tropkillaz,2019,Commercial Dance
Takagi & Ketra,2019,Unknown
Afro Bros,2019,"Moombahton, Latin House"
Gianluca Vacchi,2019,Commercial Dance
Anitta,2019,Unknown
Kris Kross Amsterdam,2019,"Electronic, Pop"
Ghali,2019,Unknown
Cassie,2019,"Techno, Acid Techno, Electronic"
Layton Giordani,2019,Techno
Ida Engberg,2019,Techno
Enrico Sangiuliano,2019,"Electronica, Techno"
Cirez D,2019,"Tech House, Progressive House"
Richie Hawtin,2019,"Tech House, Techno"
Adam Beyer,2019,Techno
Al Twisted vs Rob Da Rhythm,2019,Unknown
The Punisher,2019,Unknown
Deterrent Man vs Blaster,2019,Unknown
Goetia,2019,Unknown
eDUB,2019,Hardcore
Sandy Warez,2019,Commercial Dance
Detest,2019,Commercial Dance
Hatred,2019,Metal
Rooler,2019,Unknown
Mad Dog,2019,Hardcore
D-Fence,2019,Unknown
Lady Dammage,2019,Hardcore
GPF - Greazy Puzzy Fuckerz,2019,Unknown
Elenore,2019,House
JackJazz,2019,Unknown
Ferreck Dawn,2019,Commercial Dance
DJ Licious,2019,House
Vato Gonzalez,2019,"Dubstep, Traditional House"
Ramon Tapia,2019,"Tech House, Techno"
SHDDR,2019,"Electronic, Techno"
Renaat Vandepapeliere,2019,Unknown
Dino Lenny,2019,"Commercial Dance, Electronica, Progressive House, Techno, Traditional House"
Brame & Hamo,2019,Unknown
Ellen Allien,2019,Techno
Maceo Plex,2019,Tech House
Stephan Bodzin,2019,"Electro House, Techno"
Fast Distance,2019,"Chill Out, Trance"
Maor Levi,2019,Trance
Ruben de Ronde b2b Estiva,2019,Unknown
MaRLo,2019,Trance
Andrew Rayel,2019,Trance
Symphony of Unity,2019,"Classical, Orchestral"
Cosmic Gate,2019,"Progressive House, Trance"
NWYR,2019,"Commercial Dance, Electronica, Progressive House, Trance, Trap"
Armin Van Buuren,2019,Trance
Gareth Emery,2019,Trance
Markus Schulz,2019,"Progressive House, Trance"
Tofke,2019,Tech House
Maxim Lany,2019,"House, Deep House"
Francisco Allendes,2019,Tech House
Andhim,2019,"Progressive House, Tech House"
Solardo,2019,"Electro House, Tech House, Traditional House"
Camelphat,2019,"Electronica, Tech House, Traditional House"
Gee vs Delafino,2019,Unknown
Cham,2019,Eperimental
Dany Neville,2019,Unknown
Lady S,2019,"Electronic, Dance, House"
Rakka,2019,Unknown
Bubba,2019,"Electronic, House, Techno"
Rakesh aka Blackjack9000,2019,House
Lady S,2019,"Electronic, Dance, House"
The Aston Shuffle,2019,Commercial Dance
Riton,2019,Commercial Dance
SG Lewis,2019,R&B
MK,2019,Commercial Dance
The Magician,2019,Indie / Underground
Chris Lake,2019,Electro House
Olivier Pieters,2019,Unknown
Marko de La Rocca & Phi Phi,2019,Unknown
Mr. Sam,2019,Unknown
Quincy,2019,Unknown
Sven Van Hees,2019,"Chill Out, Traditional House"
Youri Parker,2019,Unknown
Insider aka Tyrome Live,2019,Unknown
Jam & Spoon,2019,Commercial Dance
Zolex Live,2019,Unknown
Jaydee,2019,"Progressive House, Tech House"
Deer Jade,2019,"Deep House, Playa Tech"
Andrea Oliva,2019,"Minimal, Tech House"
Kiasmos,2019,"Minimal, Techno"
Cellini,2019,Techno
Hunter/Game,2019,"Deep House, Tech House"
Massimo Mephisto,2019,Unknown
Lost Stories b2b Zaeden,2019,Unknown
Le Twins,2019,"Big Room House, Brazilian Bass"
Ariel Vromen,2019,Unknown
Lucas & Steve,2019,"Commercial Dance, Hard Dance, Traditional House"
Lil Kleine,2019,Unknown
Bassjackers,2019,Electro House
MATTN,2019,"Commercial Dance, Traditional House"
Afrojack,2019,"Electro House, Progressive House"
J Balvin,2019,Reggaeton
Dimitri Vegas & Like Mike,2019,Electro House
Yves Deruyter,2019,Trance
Ben Nicky,2019,"Progressive House, Trance"
Garmiani,2019,Unknown
Dynoro,2019,Unknown
Jax Jones,2019,Traditional House
Nervo,2019,"Electro House, Progressive House"
Netsky,2019,Drum & Bass
Solomun,2019,Tech House
Lost Frequencies,2019,"Electro House, Electronica, Traditional House"
Armin Van Buuren,2019,Trance
Gusta-vo,2019,Unknown
15Y Spectacle,2019,Unknown
Feest DJ Lucki Luke,2019,Unknown
Jelle DK,2019,"Electronic, Dance, House"
Vincenzo Frenzo,2019,Unknown
Frank Mellemanz,2019,Unknown
Laurent Wery,2019,"Electronic, Dance, House"
Ransom & Dr. Rude,2019,Unknown
Bass Modulators,2019,"Commercial Dance, Electronica"
Outsiders & The Partysquad,2019,Unknown
Mark With a K & Mc Chucky,2019,"Jumpstyle, Hardstyle"
DUNE,2019,Rock
Psyko Punkz,2019,Hardcore Techno
Da Tweekaz,2019,Hardcore Techno
Sub Zero Project,2019,"Hard Dance, Hardcore Techno, Psychedelic Trance"
Ran-D,2019,Hardcore Techno
Warface,2019,"Dubstep, Electronica, Hard Dance, Hardcore Techno, Techno"
Charly Lownoise & Mental Theo,2019,Unknown
Alec,2019,"Progressive House, Tech House"
JNO,2019,"Commercial Dance, Trap"
Tom Dazing,2019,Commercial Dance
Steve Cop,2019,Unknown
Amekmar,2019,"Electronic, Dance"
Insolate,2019,Techno
Trixy,2019,"Hardstyle, Rawstyle, Electronic"
"Dimitri Vegas & Like Mike, Steve Aoki",2019,Unknown
Kenn Colt,2019,"Electro House, Progressive House"
Plastik Funk,2019,Electro House
Deepend,2019,"Tech House, Traditional House"
LOVRA,2019,Unknown
Nick Martin,2019,Commercial Dance
Cedric Gervais,2019,Tech House
Klingande,2019,"Deep House, Tropical House"
Hugel,2019,Big Room House
Alle Farben,2019,"Tech House, Techno, Deep House"
Robin Schulz,2019,Commercial Dance
CORSAK,2019,Unknown
SIHK,2019,Unknown
Bellorum,2019,Unknown
Nonsens,2019,Electro House
RayRay,2019,Unknown
DOLF,2019,"Electro House, Progressive House, Tribal"
Psycho Boys Club: Juyen Sebulba x Stoltenhoff,2019,Unknown
Moksi,2019,"Pop House, Electro House"
Slushii,2019,"Dubstep, Electro House, Electronica, Progressive House, Trap"
Yellow Claw,2019,"Electro House, Electronica, Hip-Hop, Traditional House, Trap"
Radical Redemption,2019,"Electronica, Hard Dance, Hardcore Techno, Techno, Trance"
Lil Texas x Dither,2019,Unknown
Afrojack,2018,"Electro House, Progressive House"
Proudmich,2018,Unknown
Psytox,2019,"Hardstyle, Rawstyle, Electronic"
Alex Germys,2018,Unknown
Mademoiselle Luna,2018,House
Prinz,2018,Techno
Goldfox,2018,"Electronic, Dance"
Curtis Alto,2018,Unknown
DiMaro & Violinvasion,2018,Unknown
Mystique b2b Makasi,2018,Unknown
Romeo Blanco,2018,Commercial Dance
Double Pleasure,2018,House
MATTN,2018,"Commercial Dance, Traditional House"
Cherry Moon Trax,2018,Unknown
Mark With a K & Mc Chucky,2018,"Jumpstyle, Hardstyle"
Yves V & Regi,2018,"Big Room House, Progressive House"
Mr. Sam,2018,Unknown
Olivier Pieters,2018,Unknown
Youri Parker,2018,Unknown
Quincy,2018,Unknown
M.I.K.E. Push,2018,Trance
Jam & Spoon,2018,Commercial Dance
Yves Deruyter,2018,Trance
Insider (Live),2018,Unknown
Zolex,2018,Unknown
Michael Thoelen,2018,Unknown
Enrico Sangiuliano,2018,"Electronica, Techno"
OH-G,2018,Unknown
Ida Engberg,2018,Techno
Sam Paganini,2018,Techno
Ben Klock,2018,Techno
Richie Hawtin,2018,"Tech House, Techno"
Adam Beyer,2018,Techno
CYRK (Live),2018,Unknown
DC Salas,2018,"Electronic, Techno"
Surfing Leons,2018,Unknown
Myd,2018,Commercial Dance
Boston Bun,2018,Unknown
Breakbot & Irfane,2018,Unknown
Busy P,2018,Indie / Underground
Xavier Shimtshack,2018,Unknown
Flashmob,2018,Unknown
Marco Faraone,2018,"Tech House, Techno"
Patrick Topping,2018,Commercial Dance
Detlef,2018,Tech House
Richy Ahmed,2018,Tech House
Nicole Moudaber,2018,Tech House
Jamie Jones,2018,Tech House
Lost Stories x ZAEDEN,2018,Unknown
Julian Calor,2018,Unknown
Robert Falcon,2018,Unknown
Mike Williams,2018,"Commercial Dance, Drum & Bass, Electronica, Progressive House, Traditional House"
Dense & Pika,2018,"Techno, Techno"
k?d,2018,Electronica
Jauz,2018,"Drum & Bass, Dubstep, Electronica, Traditional House, Trap"
Oliver Heldens,2018,"Electro House, Electronica, Techno"
Don Diablo,2018,Progressive House
Tiesto,2018,"Commercial Dance, Big Room"
Ilan Bluestone,2018,"Dubstep, Trance"
Amy Wiles,2018,Techno
Tinlicker,2018,"Progressive House, Techno"
Genix & Sunny Lax,2018,Unknown
Spencer Brown,2018,Progressive House
Oliver Smith,2018,"Progressive House, Trance"
Jason Ross,2018,Progressive House
Gabriel & Dresden,2018,"Progressive House, Trance"
Andrew Bayer,2018,"Progressive House, Techno"
Grum,2018,"Progressive House, Electro House, Tech House"
Above & Beyond,2018,Trance
Rakesh aka Blackjack9,2018,Unknown
Lady S,2018,"Electronic, Dance, House"
DRIGAO & IAMGUNZ,2018,Unknown
Crack-T,2018,"Electronic, Dance, House"
B-Kay,2018,"Electronic, Dance, House"
Kiani & His Legion b2b Konna,2018,Unknown
Red D,2018,"Bass Music, Dubstep"
San Soda,2018,Commercial Dance
Brohug,2018,"Drum & Bass, Electronica, Tech House, Traditional House"
Boatman,2018,Unknown
Gorje Hewek & Izhevski,2018,Unknown
YokoO,2018,"Deep House, Tech House"
Lee Burridge,2018,"Progressive House, Techno"
Carl Cox,2018,"Tech House, Techno"
Charlotte de Witte,2018,Techno
San Holo,2018,"Drum & Bass, Electronica, Trap"
Vini Vici,2018,"Psychedelic Trance, Trance"
Bonzai All Stars feat. Airwave,2018,Unknown
Alan Walker,2018,"Commercial Dance, Electro House, Electronica, Progressive House, Traditional House"
Joris Voorn,2018,"Tech House, Techno"
Netsky,2018,Drum & Bass
Hardwell,2018,"Electro House, Progressive House"
Axwell & Ingrosso,2018,Unknown
Steve Aoki,2018,"Electro House, Indie / Underground"
Sem Thomasson,2018,Progressive House
Peter Luts,2018,Commercial Dance
Dave Lambert,2018,Traditional House
SCARLXRD,2018,Rap
Ekali,2018,"Commercial Dance, Electronica"
Lil Kleine,2018,Unknown
Coely,2018,Unknown
Chuckie,2018,Electro House
Lil Pump,2018,Rap
Fabrice Lig,2018,Unknown
DJ Jazzy Jeff,2018,Unknown
French Montana,2018,Rap
Winterclubbing All Stars,2018,"Electronic, Dance"
PartyShakerz,2018,"Electronic, Dance"
Bram Delux,2018,House
Foncky Time,2018,Unknown
Double-U ft Eugene,2018,Unknown
Structure,2018,"House, Techno"
DJ Luk,2018,Electronic
5napback b2b Freaquency,2018,Unknown
Dimitri Wouters,2018,House
Deve & Matizz,2018,Unknown
Funk D,2018,"House, Techno"
Seven Lions,2018,Dubstep
Grant,2018,Minimal
Myrne,2018,"Trap, Bass Music"
Tokyo Machine,2018,Unknown
Dion Timmer,2018,"Dubstep, Trap, Electro House"
Lowriderz,2018,Unknown
Pegboard Nerds,2018,Dubstep
KAYZO,2018,Commercial Dance
Ookay,2018,Commercial Dance
REZZ,2018,"Electronica, Techno"
NGHTMRE & SLANDER Present: Gud Vibrations,2018,Unknown
Black Coffee,2018,"Funk / R&B, Traditional House"
Ransom,2018,Unknown
Dr Rude,2018,Unknown
Mark With a K,2018,Hard Dance
The Darkraver,2018,"Commercial Dance, Electronica, Techno"
Technoboy,2018,Hardcore Techno
Ruthless,2018,Hardcore Techno
Paul Elstak,2018,Hardcore Techno
DJ The Prophet,2018,Hard Dance
The Viper,2018,Band
DJ Mad Dog,2018,Unknown
Bastin.,2018,Unknown
Alec & Phill Da Cunha,2018,Unknown
B2B Soundsystem & Delafino,2018,Unknown
Cemode & Philip,2018,Unknown
Mr Grammy & DJ Licious,2018,Unknown
Sam Divine,2018,Techno
Mambo Brothers,2018,House
Edu Imbernon,2018,Tech House
Roma,2018,"Electronic, Dance"
Disco Dasco,2018,"Electronic, House"
Cesqeaux,2018,"Electro House, Electronica, Trap"
Michael Amani,2018,"House, Techno"
Kiida,2018,Unknown
Dubvision,2018,"Electro House, Progressive House, Traditional House"
Rät N FrikK,2018,Unknown
Laidback Luke,2018,Electro House
Ummet Ozcan,2018,Trance
Ravitez,2018,Unknown
Afrojack,2018,"Electro House, Progressive House"
Jewelz & Sparks,2018,Unknown
Bassjackers,2018,Electro House
Yannick Thiry,2018,Unknown
Vertical Mode,2018,Unknown
Liquid Soul,2018,Trance
Ace Ventura,2018,Commercial Dance
Vibe Trive,2018,Unknown
WHITENO1SE,2018,Psytrance
WAIO,2018,Psychedelic Trance
Firaga vs SynSUN,2018,Unknown
Avalon,2018,Commercial Dance
BLiSS,2018,Techno
Infected Mushroom,2018,"Psychedelic Trance, Trance"
Unsenses,2018,Unknown
Demi Kanon,2018,Hardstyle
Mandy & Adrenalize,2018,Unknown
Audiotricz,2018,Hard Dance
Da Tweekaz,2018,Hardcore Techno
Wildstylez,2018,Hard Dance
Brennan Heart,2018,Hard Dance
Moksi,2018,"Pop House, Electro House"
Zatox,2018,Hard Dance
Ran-D,2018,Hardcore Techno
Sub Zero Project,2018,"Hard Dance, Hardcore Techno, Psychedelic Trance"
Korsakoff,2018,"Hardcore Techno, Psychedelic Trance"
Sheridan,2018,Commercial Dance
FCL feat. Lady Linn,2018,Unknown
Simon Dunmore,2018,Unknown
The Shapeshifters,2018,Unknown
Purple Disco Machine,2018,"Deep House, Funk House, Disco House"
Todd Terry,2018,Traditional House
Roger Sanchez,2018,Traditional House
Spacid b2b Pilose,2018,Unknown
Kr!z b2b Pfirter,2018,Unknown
Monika Kruse b2b Anna,2018,Unknown
MULTIPLES (Speedy J & Surgeon),2018,Unknown
Ben Klock b2b Marcel Dettmann,2018,Unknown
Kryder,2018,"Progressive House, Tech House"
Jack Wins,2018,Unknown
WILL K vs Dave Winnel,2018,Unknown
NEW_ID,2018,Unknown
D.O.D,2018,Electro House
Shapov,2018,"Commercial Dance, Electro House, Electronica, Progressive House, Trance"
Tom Staar,2018,Commercial Dance
Benny Benassi,2018,Electro House
Atmozfears,2018,"Hardcore Techno, Techno, Traditional House, Trance"
Galantis,2018,Commercial Dance
Fatboy Slim,2018,"Electronica, Traditional House"
DkA LIVE,2018,Unknown
Karmon,2018,Electronica
Magdalena,2018,"Tech House, Deep House"
HOSH,2018,"Electronica, Tech House, Techno"
Lehar,2018,Unknown
Adriatique,2018,"Electronica, Tech House, Techno"
Solomun,2018,Tech House
Kollektiv Turmstrasse,2018,Tech House
Rakesh aka Blackjack9000,2018,House
Lady S,2018,"Electronic, Dance, House"
DRIGAO & IAMGUNZ,2018,Unknown
Crack-T,2018,"Electronic, Dance, House"
B-Kay,2018,"Electronic, Dance, House"
Heckman,2018,"Electronic, Techno"
Axel Haube,2018,"Techno, Minimal Techno"
Miss Melera,2018,Commercial Dance
Eelke Kleijn,2018,Progressive House
Nico Morano,2018,"House, Techno"
Alex Niggemann,2018,Traditional House
Dauw & Schemering,2018,Unknown
Bloem,2018,Unknown
Monolink,2018,"Electronica, Techno, Traditional House"
Axwell,2018,Progressive House
Behrouz,2018,Traditional House
Nora En Pure,2018,Commercial Dance
Curtis Alto,2018,Unknown
Salvatore Ganacci,2018,"Electro House, Big Room, Pop House"
Alison Wonderland,2018,Commercial Dance
Lucas & Steve,2018,"Commercial Dance, Hard Dance, Traditional House"
Sunnery James & Ryan Marciano,2018,Electro House
Nicky Romero,2018,Progressive House
Yellow Claw,2018,"Electro House, Electronica, Hip-Hop, Traditional House, Trap"
Armin Van Buuren,2018,Trance
Dimitri Vegas & Like Mike,2018,Electro House
Alesso,2018,Progressive House
Hermanos,2018,Unknown
Justin Mylo,2018,"Electro House, Electronica, Progressive House, Tech House, Traditional House"
TV Noise,2018,Electro House
Blinders,2018,"Commercial Dance, Electro House, Electronica"
CMC$,2018,Unknown
Ytram,2018,Unknown
Tchami x Malaa,2018,"Future House, G-House"
Matisse & Sadko,2018,Progressive House
Brooks,2018,"Progressive House, Tech House"
Jonas Blue,2018,"Pop House, Tropical House"
Dua Lipa,2018,Unknown
Martin Garrix,2018,Electro House
Blond:ish,2018,Traditional House
Bouncing Rhytms,2018,Unknown
Maximo,2018,House
Jackless & The Fox,2018,Techno
Samyn,2018,Unknown
Que 9,2018,Unknown
Thim,2018,House
Greg Lamore vs Jay Lee Hudson,2018,Unknown
Basement Sounds,2018,Unknown
Wezlee,2018,Unknown
Seelen,2018,Electronic
Orb,2018,Commercial Dance
DJ Fire,2018,Electronic
Airwave,2018,"Progressive House, Psychedelic Trance"
Oliver Lieb,2018,"Tech House, Techno"
Franky Jones,2018,"Techno, Acid"
Bountyhunter,2018,"Hardcore, Gabber, Electronic"
Jan Vervloet,2018,Progressive House
DJ Ghost,2018,"Hard Trance, Techno"
Franky Kloeck,2018,"Techno, Hard Trance"
Yves Deruyter,2018,Trance
Bonzai All Stars,2018,"Techno, Trance"
Leesa,2018,Unknown
Prinz,2018,Techno
Bontan,2018,Commercial Dance
Many Moore,2018,House
Eats Everything,2018,Traditional House
Dubfire,2018,Techno
Luciano,2018,"Minimal, Techno"
Ton T.B. (Three Drives),2018,Unknown
Fred Baker,2018,"Techno, Trance"
Jochen Miller,2018,Trance
Scott Bond,2018,Hard Dance
Marcel Woods,2018,"Progressive House, Trance"
Menno de Jong,2018,Trance
Rank 1,2018,Trance
Johan Gielen Extended Set,2018,Unknown
Talla 2XLC,2018,"Progressive House, Trance"
Mark Sherry,2018,Trance
Tim Arisu,2018,Unknown
Stadiumx,2018,"Electro House, Electronica, Progressive House, Tech House"
THRDL!FE,2018,Unknown
The Him,2018,Electronica
Throttle,2018,"Commercial Dance, Electronica"
Matoma,2018,"Electronica, Funk / R&B, Traditional House"
Danny Avila,2018,Electro House
Quintino,2018,Electro House
Nervo,2018,"Electro House, Progressive House"
Chuckie,2018,Electro House
Krewella,2018,Electro House
Skream,2018,Commercial Dance
Radar Records Soundsystem ft NCT b,2018,Unknown
Fox Stevenson,2018,Future Bass
TC,2018,Commercial Dance
Murdock,2018,Drum & Bass
Barely Alive & PhaseOne & Virtual,2018,Unknown
SaSaSaS,2018,Drum & Bass
NGHTMRE,2018,"Drum & Bass, Dubstep, Electro House, Traditional House, Trap"
Slushii,2018,"Dubstep, Electro House, Electronica, Progressive House, Trap"
Ditryphonics,2018,Unknown
Pendulum (DJ Set),2018,Unknown
Downside,2018,Unknown
Pierre,2018,Traditional House
Mind Against,2018,Commercial Dance
Marcel Dettmann,2018,Techno
Pan-Pot,2018,"Minimal, Techno"
Len Faki,2018,Techno
Dave Clarke,2018,"Electro House, Techno"
MYST,2018,Funk
Clockartz,2018,Unknown
Requiem,2018,Unknown
Phuture Noize,2018,Hard Dance
Bass Chaserz,2018,Unknown
Deetox,2018,Unknown
B-Front,2018,Hardcore Techno
Callie Reiff,2018,Unknown
E-Force,2018,Commercial Dance
Warface,2018,"Dubstep, Electronica, Hard Dance, Hardcore Techno, Techno"
Lars Moston,2018,Commercial Dance
Two Pauz,2018,Unknown
MAT.Joe,2018,Commercial Dance
Dennis Cruz,2018,"Commercial Dance, Electronica, Traditional House"
Andhim,2018,"Progressive House, Tech House"
Claude VonStroke,2018,"Tech House, Techno"
Claptone,2018,"Electro House, Tech House, Techno, Traditional House"
Butch,2018,Tech House
Vito Mendez,2018,Unknown
D'Angello & Francis,2018,Unknown
MAD M.A.C.,2018,Unknown
Henri PFR,2018,"Commercial Dance, Electronica, Traditional House"
Brennan Heart,2018,Hard Dance
Ummet Ozcan,2018,Trance
Quintino,2018,Electro House
Wolfpack,2018,"Commercial Dance, Electro House, Progressive House"
W&W,2018,Trance
MATTN,2018,"Commercial Dance, Traditional House"
Dimitri Vegas & Like Mike,2018,Electro House
Goldfox,2018,"Electronic, Dance"
Nukov & Yelmet,2018,Unknown
Francisco Allendes,2018,Tech House
D-Sturb,2018,Hard Dance
Solardo,2018,"Electro House, Tech House, Traditional House"
wAFF,2018,Commercial Dance
Kölsch,2018,Commercial Dance
Andrea Oliva,2018,"Minimal, Tech House"
Dosschy,2018,Unknown
Rakka,2018,Unknown
Veepee,2018,Unknown
Rakesh aka Blackjack9000,2018,House
Discobaar A Moeder,2018,Dance
The Knightriders,2018,"Electronic, Dance, House"
Dimitri Delava,2018,Unknown
Tom Smeyers,2018,Unknown
Lunoize & LYA,2018,Unknown
Jacky,2018,"Hard Dance, Hardcore Techno"
Niels Feijen,2018,Unknown
DJaxx,2018,Unknown
Bocain,2018,Unknown
Flashmob,2018,Unknown
Akira,2018,Trance
Budakid,2018,Unknown
Luca Bacchetti,2018,"Tech House, Techno"
Guy Mantzur,2018,Techno
Guy J,2018,"Tech House, Techno"
Chicola,2018,Unknown
Camelphat,2018,"Electronica, Tech House, Traditional House"
Paul Oakenfold,2018,Trance
Andrew Rayel,2018,Trance
Fedde Le Grand,2018,Progressive House
Timmy Trumpet,2018,Progressive House
Coone,2018,Hard Dance
Yves V,2018,Progressive House
Paul Kalkbrenner,2018,Techno
Lost Frequencies,2018,"Electro House, Electronica, Traditional House"
Steve Angello,2018,Progressive House
Martin Garrix,2018,Electro House
Yamo,2018,"Electronic, Experimental"
Coco Cole,2018,Unknown
Michael Calfan,2018,Traditional House
The Magician,2018,Indie / Underground
Kungs,2018,"Tech House, Traditional House"
Jax Jones,2018,Traditional House
2mandyDJs (DJ Set),2018,Unknown
Martin Solveig,2018,Electro House
Karl,2018,Techno
White Noise,2018,Unknown
Monta,2018,Electronic
Monta,2018,Electronic
Arno Stolz,2018,Unknown
That's Who,2018,Unknown
Khen,2018,Unknown
Deuxfwa,2018,Electronic
Himperson,2018,Electronic
Plastik Funk,2018,Electro House
LOVRA,2018,Unknown
Sylvain Armand,2018,Commercial Dance
Alle Farben,2018,"Tech House, Techno, Deep House"
Hugel,2018,Big Room House
Cheat Codes,2018,"Commercial Dance, Electronica"
Deepend,2018,"Tech House, Traditional House"
Feder,2018,"Commercial Dance, Electronica, Reggae"
Robin Schulz,2018,Commercial Dance
Klingande,2018,"Deep House, Tropical House"
Fast Distance,2018,"Chill Out, Trance"
Jordan Suckley,2018,Techno
Alpha9,2018,Trance
Ben Nicky,2018,"Progressive House, Trance"
John O'Callaghan,2018,Trance
Cosmic Gate,2018,"Progressive House, Trance"
Markus Schulz,2018,"Progressive House, Trance"
Aly & Filla,2018,Unknown
Paul Van Dyk,2018,Trance
Kristof,2018,Country
Buzz Fuzz,2018,Tech House
Rob fr. MC Joe,2018,Unknown
Soulcity,2018,Electronic
Promo,2018,Trance
Tommyknocker,2018,Hardcore Techno
Neophyte,2018,Unknown
N-Vitral,2018,Commercial Dance
Nosferatu,2018,Hardcore Techno
Noize Suppressor,2018,Hardcore Techno
Unexist,2018,Hardcore
Joyhauser,2018,"Commercial Dance, Electronica, Techno, Trance"
Dana Ruh,2018,Commercial Dance
Ilario Alicante,2018,"Tech House, Techno"
Ricardo Villalobos,2018,"Minimal, Techno"
Dixon,2018,Techno
Sven Väth,2018,Techno
Armin Van Buuren,2018,Trance
DJ Ever-L,2018,Unknown
JackJazz,2018,Unknown
Axel Haube,2018,"Techno, Minimal Techno"
Dominico,2018,Tech House
Hermanos,2018,Unknown
Prinz,2018,Techno
Lowriderz,2018,Unknown
Mandy,2018,Hard Dance
Kid Noize,2018,Unknown
Henri PFR,2018,"Commercial Dance, Electronica, Traditional House"
Panic,2018,"Hardcore Techno, Psychedelic Trance"
Bonzai All Stars,2018,"Techno, Trance"
Regi,2018,"Trance, Big Room House"
Lost Frequencies,2018,"Electro House, Electronica, Traditional House"
Netsky,2018,Drum & Bass
Aevion,2018,Unknown
Neon,2018,Electronic
Punctual,2018,Unknown
Chocolate Puma,2018,Traditional House
Anna Lunoe,2018,"Commercial Dance, Electronica, Traditional House"
Disciples,2018,"Electronica, Traditional House"
Jax Jones,2018,Traditional House
Oliver Heldens,2018,"Electro House, Electronica, Techno"
Duke Dumont,2018,Electronica
Broux,2018,Unknown
Frankyeffe,2018,Unknown
Cristoph,2018,Unknown
Dubfire,2018,Techno
Sasha,2018,"Tech House, Techno"
Adam Beyer,2018,Techno
Eric Prydz,2018,Progressive House
Dave Brody,2018,Unknown
Double u jay,2018,Unknown
Arkline,2018,Unknown
TWR72,2018,Unknown
Robert Falcon,2018,Unknown
Gary Beck,2018,"Tech House, Techno"
Marcel Fengler,2018,Techno
Oscar Mulero,2018,Techno
Nick Bril,2018,"House, Techno"
Flapjackers,2018,Unknown
Yotto,2018,"Progressive House, Traditional House"
Konstantin Sibold,2018,Unknown
Maya Jane Coles,2018,Tech House
Tiga,2018,"Electro House, Indie / Underground"
Rødhåd B2B Âme DJ,2018,Unknown
Joris Voorn,2018,"Tech House, Techno"
MaRLo,2018,Trance
Estiva,2018,Trance
Ruben de Ronde,2018,"Progressive House, Trance"
Super8 & Tab,2018,Trance
David Gravell,2018,Commercial Dance
Vini Vici,2018,"Psychedelic Trance, Trance"
Cosmic Gate,2018,"Progressive House, Trance"
Armin Van Buuren,2018,Trance
Andrew Rayel,2018,Trance
Ben Nicky,2018,"Progressive House, Trance"
Siege,2018,"House, Techno"
Bruno Martini,2018,"Commercial Dance, House"
Double Pleasure,2018,House
Himperson,2018,Electronic
Cédric Gervais,2018,Tech House
Laidback Luke,2018,Electro House
Sunnery James & Ryan Marciano,2018,Electro House
Fedde Le Grand,2018,Progressive House
Sander Van Doorn,2018,Trance
Burak Yeter,2018,Progressive House
Nitsa,2018,Unknown
Rakesh aka Blackjack9000,2018,House
Jesse,2018,Pop
B-Kay,2018,"Electronic, Dance, House"
Bubba,2018,"Electronic, House, Techno"
The Whatevers,2018,Unknown
Hush,2018,Traditional House
Blackout Boy,2018,Unknown
Jaël,2018,Unknown
Hush Hefner,2018,Unknown
Wantigga,2018,Unknown
TLP,2018,Unknown
Gab Rhome,2018,"Progressive House, Techno"
Öona Dahl,2018,"Tech House, Progressive House, Deep House"
Lost Desert,2018,Unknown
Powel,2018,House
Paul Kalkbrenner,2018,Techno
Nico Morano,2018,"House, Techno"
DJ Licious,2018,House
Slushii,2018,"Dubstep, Electro House, Electronica, Progressive House, Trap"
Cherry Moon Traxx,2018,Unknown
Henri PFR,2018,"Commercial Dance, Electronica, Traditional House"
Kölsch,2018,Commercial Dance
W&W,2018,Trance
Tiesto,2018,"Commercial Dance, Big Room"
Axwell & Ingrosso,2018,Unknown
Hardwell,2018,"Electro House, Progressive House"
Underworld,2018,Electronica
Dave Lambert,2018,Traditional House
Buscemi & MC TD Rankin,2018,Unknown
Youngr,2018,"Commercial Dance, Funk / R&B"
Curtis Alto,2018,Unknown
Klingande (Live),2018,Unknown
Coely,2018,Unknown
Craig David presents TS5,2018,Unknown
Push (Live),2018,Unknown
The Bloody Beetroots (Live),2018,Unknown
Krankenhaus Selektion,2018,Unknown
Kimman,2018,Unknown
Bjeor,2018,Unknown
Jensen,2018,"Techno, Electro"
Karawane,2018,Unknown
Bafana,2018,Unknown
Jonas Blue,2018,"Pop House, Tropical House"
Goldfox,2018,"Electronic, Dance"
Jauz,2018,"Drum & Bass, Dubstep, Electronica, Traditional House, Trap"
Matt Medved,2018,Unknown
Codeko,2018,"Future Bass, Trap, Midtempo Bass, Dubstep"
Qrion,2018,"Funky House, Progressive House"
Holy Goof,2018,"Electro House, Bass House"
Fox Stevenson,2018,Future Bass
DJ Marky feat. Mc GQ,2018,Unknown
San Holo,2018,"Drum & Bass, Electronica, Trap"
Ookay,2018,Commercial Dance
Alison Wonderland,2018,Commercial Dance
Netsky,2018,Drum & Bass
François,2018,Unknown
Dark-E,2018,Unknown
Pat B,2018,Rock
Lowriderz,2018,Unknown
Lords of TEK,2018,Unknown
Ruthless,2018,Hardcore Techno
Deepack,2018,Hardcore Techno
The Darkraver,2018,"Commercial Dance, Electronica, Techno"
Rob ft. MC Joe,2018,Unknown
Paul Elstak,2018,Hardcore Techno
Korsakoff,2018,"Hardcore Techno, Psychedelic Trance"
The Viper,2018,Band
JP Enfant,2018,Unknown
Compuphonic,2018,Traditional House
Jody Wisternoff & James Grant,2018,Unknown
Eli & Fur,2018,House
16 Bit Lolitas,2018,Progressive House
Yotto,2018,"Progressive House, Traditional House"
Lane 8,2018,Commercial Dance
Luttrel,2018,Progressive House
Megamen vs R-wan,2018,Unknown
BLR,2018,Unknown
Breathe Carolina,2018,"Electro House, Electronica"
Dannic,2018,Progressive House
Florian Picasso,2018,Electro House
Sevenn,2018,Bass Music
ALOK,2018,Commercial Dance
Kura,2018,Progressive House
Yves V,2018,Progressive House
Timmy Trumpet,2018,Progressive House
Regi,2018,"Trance, Big Room House"
Brian Cross,2018,"Tech House, Trance"
One Track Brain b2b Ogenn,2018,Unknown
Nastia Reigel,2018,Unknown
SHDW & Obscure Shape,2018,Unknown
Cleric,2018,Techno
Keith Carnal,2018,Unknown
Ben Böhmer,2018,"Progressive House, Techno"
Rebekah,2018,Techno
DVS1,2018,Hard Dance
Ransom,2018,Unknown
Refuzion,2018,Hard Dance
Sound Rush,2018,Hardstyle
Wasted Penguinz,2018,Hard Dance
Mark With a K & Mc Chucky,2018,"Jumpstyle, Hardstyle"
Bass Modulators,2018,"Commercial Dance, Electronica"
Code Black,2018,"Electronica, Hard Dance"
Noisecontrollers,2018,Hardcore Techno
Psyko Punkz,2018,Hardcore Techno
Frequencerz,2018,Hard Dance
B-Front,2018,Hardcore Techno
Partyraiser,2018,Hard Dance
S.P.Y,2018,Commercial Dance
SVB,2018,Drum & Bass
One87 ft. Mc Mush,2018,Unknown
Cedex & Higher Underground fea,2018,Unknown
M&T ft. Mc Seko,2018,Unknown
Doctrine,2018,Unknown
Pamb & Harsh feat Mc Swift,2018,Unknown
Ed:it b2b Pola & Bryson,2018,Unknown
Fourward,2018,Commercial Dance
Friction & Linguistics,2018,Unknown
Charlotte de Witte,2018,Techno
Raw District,2018,Unknown
Magit Cacoon,2018,"Deep House, Techno, Techno"
Serge DeVant,2018,"Progressive House, Trance"
Patrice Bäumel,2018,Tech House
Bedouin,2018,Commercial Dance
&me,2018,Commercial Dance
Dixon,2018,Techno
Damian Lazarus,2018,"Tech House, Techno"
Mathy,2018,Unknown
Kenn Colt,2018,"Electro House, Progressive House"
Sem Thomasson,2018,Progressive House
Lost Identity,2018,Unknown
Garmiani,2018,Unknown
Otto Knows,2018,Traditional House
Salvatore Ganacci,2018,"Electro House, Big Room, Pop House"
Sebastian Ingrosso,2018,Progressive House
Alesso,2018,Progressive House
Virtual Self,2018,"Synthpop, House, Electro, Trance"
Fatboy Slim,2018,"Electronica, Traditional House"
Amare,2018,Unknown
Hunter/Game,2018,"Deep House, Tech House"
Capoon,2018,Techno
Vaal,2018,Unknown
Kollektiv Turmstrasse,2018,Tech House
Icicle b2b Ulterior Motive,2018,Unknown
Recondite (live),2018,Unknown
Tale Of Us,2018,Tech House
Nicki sanchez,2018,"Electronic, Dance, House"
Uneak,2018,Unknown
Daddy K,2018,"Hip-Hop, Rap"
Bart & Baker,2018,"Electronic, Dance, House, Swing"
Rakesh aka Blackjack9000,2018,House
Franco Y Gael,2018,Unknown
Denis Horvat,2018,"Techno, Techno"
Cellini,2018,Techno
Eagles & Butterflies,2018,"Electro House, Electronica"
Traumer,2018,Commercial Dance
Mandana,2018,Unknown
Daoud,2018,"Electronic, Dance, House"
Bloem,2018,Unknown
Maga,2018,Traditional House
Blond:ish,2018,Traditional House
Audiofly,2018,"Tech House, Techno"
Erick Morillo,2018,Traditional House
Sigala,2018,Pop House
Angemi,2018,"Electronic, Dance"
Bassjackers,2018,Electro House
Sunnery James & Ryan Marciano,2018,Electro House
Nervo,2018,"Electro House, Progressive House"
Mind Against,2018,Commercial Dance
Afrojack,2018,"Electro House, Progressive House"
Armin Van Buuren,2018,Trance
Dimitri Vegas & Like Mike,2018,Electro House
Above & Beyond,2018,Trance
Toolate Groove,2018,House
LIMITS,2018,Unknown
Mr. Belt & Wezol,2018,Unknown
Throttle,2018,"Commercial Dance, Electronica"
EDX,2018,Progressive House
Zonderling,2018,Commercial Dance
Ofenbach,2018,"Deep House, Electro House"
Nora En Pure,2018,Commercial Dance
Lost Frequencies,2018,"Electro House, Electronica, Traditional House"
Armand Van Helden,2018,Traditional House
2manyDJs (DJ Set),2018,Unknown
Reus & Cékes,2018,Unknown
Simon Dobbs & Benji,2018,Unknown
Adeline,2018,Techno
Federico Grazzini,2018,Hard Dance
Nukov & Yelmet,2018,Unknown
Arado,2018,Commercial Dance
Tolstoi & Andsan,2018,Unknown
DJ Jan,2018,"Hard Trance, Techno"
Airwave,2018,"Progressive House, Psychedelic Trance"
Don Diablo,2018,Progressive House
Franky Jones,2018,"Techno, Acid"
Bountyhunter,2018,"Hardcore, Gabber, Electronic"
Jan Vervloet,2018,Progressive House
DJ Ghost,2018,"Hard Trance, Techno"
Franky Kloeck,2018,"Techno, Hard Trance"
Yves Deruyter,2018,Trance
Bonzai All Stars,2018,"Techno, Trance"
Tofke,2018,Tech House
Maxim Lany,2018,"House, Deep House"
Melé,2018,Traditional House
Alan Fitzpatrick,2018,Techno
Jamie Jones,2018,Tech House
Nicole Moudaber,2018,Tech House
Paco Osuna,2018,"Tech House, Techno"
Stoneface & Terminal,2018,Trance
Hazem Beltagui (Deep Set),2018,Unknown
Paul Thomas,2018,Traditional House
Ciaran McAuley,2018,Unknown
Alessandra Roncone,2018,Unknown
Ahmed Romel,2018,Unknown
A & Z vs Omar Sherif,2018,Unknown
Giuseppe Ottaviani Live 2.0,2018,Unknown
Aly & Fila,2018,Trance
Cold Blue,2018,Trance
Oliver Lieb,2018,"Tech House, Techno"
RayRay,2018,Unknown
Lowriderz,2018,Unknown
Slowbody,2018,Unknown
PKCZ®,2018,Unknown
Kalibwoy,2018,Unknown
Crisis Era,2018,Hard Dance
Lil Debbie (Live),2018,Unknown
Stoltenhoff b2b Bellorum,2018,Unknown
ANBU (Live),2018,Unknown
Menasa b2b Tsunano,2018,Unknown
DOLF,2018,"Electro House, Progressive House, Tribal"
Cesqeaux b2b Aazar,2018,Unknown
Wiwek b2b Juyen Sebulba,2018,Unknown
Moksi,2018,"Pop House, Electro House"
Yellow Claw,2018,"Electro House, Electronica, Hip-Hop, Traditional House, Trap"
Alex Di Stefano,2018,Techno
Sean Tyas (Live),2018,Unknown
John Askew,2018,Trance
Simon Patterson,2018,"Psychedelic Trance, Trance"
Astrix,2018,Psychedelic Trance
Freedom Fighters,2018,Unknown
Will Atkinson,2018,Trance
Fred Hush vs Nakadia,2018,Unknown
Rob Hes,2018,Unknown
Ferry Corsten,2018,Trance
Len Faki,2018,Techno
Sven Väth,2018,Techno
Richie Hawtin,2018,"Tech House, Techno"
Nina Kraviz,2018,Tech House
Blaster vs Richie Gee,2018,Unknown
Tymon (Live),2018,Unknown
Sei2ure,2018,Unknown
D-Fence,2018,Unknown
Hatred vs The Punisher,2018,Unknown
Miss K8,2018,Hard Dance
Detest vs eDUB,2018,Hardcore
Warface,2018,"Dubstep, Electronica, Hard Dance, Hardcore Techno, Techno"
Sandy Warez vs Goetia,2018,Unknown
Vandal,2018,Commercial Dance
Dr. Peacock,2018,Unknown
Neon,2018,Electronic
The Aston Shuffle,2018,Commercial Dance
Boston Bun,2018,Unknown
Hamza,2018,Commercial Dance
Idris Elba,2018,Unknown
Pete Tong,2018,Traditional House
MK,2018,Commercial Dance
The Magician,2018,Indie / Underground
Claptone,2018,"Electro House, Tech House, Techno, Traditional House"
Boris Brejcha,2018,"Minimal, Techno"
Sephyx,2018,Hard Dance
Crisis Era,2018,Hard Dance
LNY TNZ,2018,Hard Dance
Da Tweekaz,2018,Hardcore Techno
Wildstylez,2018,Hard Dance
Coone,2018,Hard Dance
Pablo Discobar,2018,Unknown
Darren Styles,2018,Commercial Dance
Zatox,2018,Hard Dance
Coone vs Hard Driver,2018,Unknown
Gunz for Hire,2018,Commercial Dance
Iris Menza,2018,Unknown
Bollen & Fichtner,2018,Unknown
ANOTR,2018,Techno
Andhim,2018,"Progressive House, Tech House"
Matthias Tanzmann,2018,Tech House
Andrea Oliva,2018,"Minimal, Tech House"
Joris Voorn,2018,"Tech House, Techno"
Bart & Baker,2018,"Electronic, Dance, House, Swing"
Rakesh aka Blackjack9000,2018,House
Rakka,2018,Unknown
Bubba,2018,"Electronic, House, Techno"
Zeen & Myer,2018,Unknown
Vertier,2018,Unknown
Mandy,2018,Hard Dance
Deltano,2018,Commercial Dance
Deecoy x Jerrymore,2018,Unknown
Dominik Eulberg,2018,Electro House
Renaat Vandepapeliere,2018,Unknown
Until Dawn,2018,Unknown
Sven Van Hees,2018,"Chill Out, Traditional House"
Jose Maria Ramon,2018,Unknown
UNER,2018,Tech House
Franky Rizardo,2018,Commercial Dance
Mambo Brothers,2018,House
Lovely Laura & Ben Santiago,2018,Unknown
Markus Schulz,2018,"Progressive House, Trance"
Kungs,2018,"Tech House, Traditional House"
Quintino,2018,Electro House
Ummet Ozcan,2018,Trance
METAFO4R (Firebeatz vs Dubvisi,2018,Unknown
Robin Schulz,2018,Commercial Dance
Solomun,2018,Tech House
Steve Angello,2018,Progressive House
David Guetta,2018,Electro House
Martin Garrix,2018,Electro House
Diego Miranda,2018,Traditional House
Warriors,2018,Commercial Dance
Mr Pig & Jamis,2018,Unknown
Unclesand,2018,Unknown
Virgil Abloh,2018,"Hip-Hop, Grime"
MATTN,2018,"Commercial Dance, Traditional House"
Bassjackers,2018,Electro House
Nicky Romero,2018,Progressive House
KSHMR,2018,"Electro House, Electronica, Indie / Underground, Progressive House, Tech House"
Steve Aoki,2018,"Electro House, Indie / Underground"
Dimitri Vegas & Like Mike,2018,Electro House
3 Are Legend,2018,"Commercial Dance, Electro House, Electronica, Hard Dance, Techno"
Rupert Harvey & JLN,2018,Unknown
Amekmar,2018,"Electronic, Dance"
Seba Lecompte,2018,Unknown
Psytox,2018,"Hardstyle, Rawstyle, Electronic"
Tom Hades,2018,Techno
Trixy,2018,"Hardstyle, Rawstyle, Electronic"
Stranger,2018,Commercial Dance
Twan,2018,Unknown
LVNDSCAPE,2018,"Progressive House, Traditional House"
Trobi,2018,Tropical House
Deepend,2018,"Tech House, Traditional House"
Carta,2018,"Electronica, Hard Dance, Tech House, Techno"
Jay Hardway,2018,Commercial Dance
Kris Kross Amsterdam,2018,"Electronic, Pop"
Mike Williams,2018,"Commercial Dance, Drum & Bass, Electronica, Progressive House, Traditional House"
Lucas & Steve,2018,"Commercial Dance, Hard Dance, Traditional House"
Kristian Nairn,2018,Deep House
Blasterjaxx,2018,Commercial Dance
Tujamo,2018,Traditional House
Ward,2018,"Disco, Funk, House"
Laurent Wery,2018,"Electronic, Dance, House"
Wout,2018,House
DJ F.R.A.N.K,2018,Unknown
DJ Jean,2018,Unknown
Sash!,2018,"Traditional House, Trance"
Dune,2018,Rock
Ward vs Party Crasher,2018,Unknown
Back In Time,2018,Unknown
Kagge & Bowen,2018,Unknown
Caspar,2018,Unknown
Hernan Cattaneo,2018,"Progressive House, Tech House"
Don Cabron,2018,Unknown
Gui Boratto (Live),2018,Unknown
Nico Morano,2018,"House, Techno"
Smos,2018,Band
Dino Lenny,2018,"Commercial Dance, Electronica, Progressive House, Techno, Traditional House"
Kiasmos DJ,2018,Unknown
Peggy Gou,2018,"Commercial Dance, Electro House, Electronica, Techno, Traditional House"
Jennifer Cardini,2018,Commercial Dance
Maceo Plex,2018,Tech House
Stephan Bodzin (Live),2018,Unknown
Curbi,2018,"Commercial Dance, Electronica"
NRuth,2017,Unknown
Studio Brussels' Contest Winner,2017,Unknown
Jules Dime,2017,Unknown
Thang,2017,Psychedelic Trance
Daniel Bovie,2017,Traditional House
Mathy,2017,Unknown
Goldfox,2017,"Electronic, Dance"
Prinz,2017,Techno
Discobar Galaxie,2017,Unknown
Neon,2017,Electronic
Mystique,2017,Hardstyle
Romeo Blanco,2017,Commercial Dance
Sem Thomasson,2017,Progressive House
Afrojack,2017,"Electro House, Progressive House"
Moksi,2017,"Pop House, Electro House"
Pyrodox,2017,Unknown
Mark Villa,2017,Unknown
Curbi,2017,"Commercial Dance, Electronica"
Mike Hawkins,2017,Traditional House
Florian Picasso,2017,Electro House
GTA,2017,Electro House
Dannic,2017,Progressive House
Will Sparks,2017,Commercial Dance
DVBBS,2017,Commercial Dance
Yves V,2017,Progressive House
Laidback Luke B2B Afrojack,2017,Unknown
Blasterjaxx,2017,Commercial Dance
Jozef Devillé,2017,Unknown
Quincy,2017,Unknown
Sven Van Hees,2017,"Chill Out, Traditional House"
Steve Cop,2017,Unknown
Joey Beltram,2017,Techno
Olivier Abbeloos aka T99,2017,Unknown
Mike Thompson,2017,Unknown
Stereo For Two,2017,Tech House
B.Traits,2017,Commercial Dance
Amelie Lens,2017,"Electronica, Techno, Trance"
Marco Faraone,2017,"Tech House, Techno"
Pan-Pot,2017,"Minimal, Techno"
Joseph Capriati,2017,"Traditional House, Techno"
Adam Beyer,2017,Techno
Eric Prydz pr. Cirez D,2017,Unknown
Fred Baker,2017,"Techno, Trance"
ReOrder,2017,Trance
Marco V,2017,"Progressive House, Trance"
Ben Nicky,2017,"Progressive House, Trance"
Cosmic Gate,2017,"Progressive House, Trance"
Johan Gielen,2017,Trance
Sander Van Doorn pr. Purple Haze,2017,Unknown
Laidback Luke,2017,Electro House
Svenson & Gielen (Live),2017,Unknown
Gareth Emery,2017,Trance
Markus Schulz,2017,"Progressive House, Trance"
Paul Van Dyk,2017,Trance
Curtis Alto (live),2017,Unknown
Coco Cole,2017,Unknown
Billy Kenny,2017,"Tech House, Traditional House"
Hook n Sling,2017,Electro House
Michael Calfan,2017,Traditional House
Hannah Wants,2017,"Drum & Bass, Electro House, Traditional House"
Kungs,2017,"Tech House, Traditional House"
Alison Wonderland,2017,Commercial Dance
The Magician,2017,Indie / Underground
Duke Dumont,2017,Electronica
Martin Solveig,2017,Electro House
Lady S,2017,"Electronic, Dance, House"
Rakesh aka Blackjack9000,2017,House
Groove Merchant,2017,Unknown
Cookies and Cream & The Retronettes,2017,Unknown
Rakesh aka Blackjack9000,2017,House
Bubba,2017,"Electronic, House, Techno"
Swanky Tunes,2017,"Electro House, Progressive House"
MegaMen,2017,Unknown
Skytech & Fafaq,2017,Unknown
Ferry Corsten,2017,Trance
Breathe Carolina,2017,"Electro House, Electronica"
Third Party,2017,Progressive House
Quintino,2017,Electro House
Cedric Gervais,2017,Tech House
ALOK,2017,Commercial Dance
Yves V,2017,Progressive House
Regi,2017,"Trance, Big Room House"
Kura,2017,Progressive House
Greg Bouvin,2017,Unknown
Amare,2017,Unknown
Compuphonic,2017,Traditional House
LIMITS,2017,Unknown
Mainro,2017,Unknown
Solemn Eye b2b Eran Aviner,2017,Unknown
Fabio Montana,2017,Unknown
Peo Watson,2017,Unknown
Daoud,2017,"Electronic, Dance, House"
José Noventa,2017,Unknown
Kanan K7,2017,Unknown
David Mears,2017,"Progressive House, Techno"
Birds of Mind,2017,Unknown
Parra for Cuva,2017,Unknown
Emmanuel Russ,2017,Unknown
Steve Aoki,2017,"Electro House, Indie / Underground"
Brian Cross,2017,"Tech House, Trance"
Lucas & Steve,2017,"Commercial Dance, Hard Dance, Traditional House"
Chace,2017,Unknown
Sunnery James & Ryan Marciano,2017,Electro House
Jauz,2017,"Drum & Bass, Dubstep, Electronica, Traditional House, Trap"
R3HAB,2017,"Electro House, Progressive House"
Marshmello,2017,"Electronica, Progressive House, Trap"
Eric Prydz,2017,Progressive House
Tiesto,2017,"Commercial Dance, Big Room"
Axwell & Ingrosso,2017,Unknown
Bastian Bux,2017,Unknown
George Privatti,2017,"Tech House, Techno"
wAFF,2017,Commercial Dance
De La Swing,2017,Techno
Edu Imbernon,2017,Tech House
Marc Maya,2017,Unknown
Art Department,2017,Tech House
Joris Voorn,2017,"Tech House, Techno"
Odssey,2017,Deep House
Tom & Hills,2017,Unknown
Barry Fore,2017,Commercial Dance
Tom Tyger,2017,Unknown
Dr. Shiver,2017,Unknown
Michael Feiner,2017,Unknown
Justin Oh,2017,"Electro House, Progressive House, Trance"
Carl Cox,2017,"Tech House, Techno"
Bali Bandits,2017,Unknown
WinterClubbing All Stars,2017,"Electronic, Dance"
Partyshakerz,2017,"Electronic, Dance"
Jean De Gand,2017,Unknown
Laurent Wery,2017,"Electronic, Dance, House"
Thierry von der Warth,2017,Unknown
Steve Rush,2017,Unknown
DJ Luk,2017,Electronic
Double-u ft. Eugene,2017,Unknown
Dimitri Wouters,2017,House
Funk D,2017,"House, Techno"
Deve & Matizz,2017,Unknown
Seven Lions,2017,Dubstep
WRLD,2017,Rap
Unlike Pluto,2017,"Trap, Future Bass"
Conro,2017,Unknown
DROELOE,2017,"Commercial Dance, Drum & Bass, Electronica"
Pegboard Nerds,2017,Dubstep
San Holo,2017,"Drum & Bass, Electronica, Trap"
Slushii,2017,"Dubstep, Electro House, Electronica, Progressive House, Trap"
Snails,2017,Trap
Getter,2017,Dubstep
Krewella,2017,Electro House
Special Guest,2017,Unknown
Pitchback,2017,Unknown
Camelphat,2017,"Electronica, Tech House, Traditional House"
Dosem,2017,"Electronica, Techno"
Chus & Ceballos,2017,Traditional House
Prok & Fitch,2017,Traditional House
Technasia,2017,Commercial Dance
Umek,2017,"Tech House, Techno"
Mark Knight,2017,Tech House
Partyraiser,2017,Hard Dance
Yves,2017,Trance
Panic,2017,"Hardcore Techno, Psychedelic Trance"
Rob ft. MC Joe,2017,Unknown
Marc Acardipane,2017,Unknown
Javi Boss,2017,Unknown
Promo,2017,Trance
Art of Fighters vs. The Stunned Guys,2017,Unknown
Tha Playah,2017,Hardcore Techno
Angerfist,2017,"Hardcore Techno, Psychedelic Trance"
Tieum,2017,Unknown
Ransom,2017,Unknown
Audiotricz,2017,Hard Dance
Atmozfears,2017,"Hardcore Techno, Techno, Traditional House, Trance"
Da Tweekaz,2017,Hardcore Techno
Wildstylez,2017,Hard Dance
NCBM,2017,Unknown
Bollen & Fichtner,2017,Unknown
Charly Lownoise & Mental Theo,2017,Unknown
Coone,2017,Hard Dance
Brennan Heart,2017,Hard Dance
Zatox,2017,Hard Dance
Evil Activities,2017,Hardcore Techno
Elska,2017,Unknown
Raw District,2017,Unknown
Stereoclip,2017,Unknown
Rodriguez JR,2017,"Tech House, Techno"
Joachim Pastor,2017,Techno
N'To,2017,"Electronica, Hip-Hop, Minimal, Techno"
Worakls,2017,"Electronica, Funk / R&B, Traditional House"
Surfing Lions,2017,Unknown
Nukov & Yelmet,2017,Unknown
Igor Vicente,2017,"House, Techno"
Seth Troxler,2017,"Tech House, Techno"
Route 94,2017,Deep House
Richy Ahmed,2017,Tech House
Patrick Topping,2017,Commercial Dance
Nicole Moudaber,2017,Tech House
Jamie Jones,2017,Tech House
Nicholas Meich & Batmax,2017,Unknown
Mr. Tophat,2017,Unknown
M-22,2017,Unknown
Psyko Punkz,2017,Hardcore Techno
KO:YU,2017,Unknown
ALOK,2017,Commercial Dance
Otto Knows,2017,Traditional House
Sebastian Ingrosso,2017,Progressive House
Salvatore Ganacci,2017,"Electro House, Big Room, Pop House"
Tommy Trash,2017,"Electro House, Progressive House"
Garmiani,2017,Unknown
Kaiserr,2017,Unknown
Fred Hush,2017,Unknown
Musumeci,2017,"Electro, House, Techno"
Lehar,2017,Unknown
H.O.S.H.,2017,Commercial Dance
Karmon,2017,Electronica
Solomun,2017,Tech House
Kollektiv Turmstrasse,2017,Tech House
Adriatique,2017,"Electronica, Tech House, Techno"
Uneak,2017,Unknown
Rakesh aka Blackjack9000,2017,House
Veepee & friends,2017,Unknown
Pierre Elitair,2017,Unknown
B-Kay,2017,"Electronic, Dance, House"
Bubba,2017,"Electronic, House, Techno"
Wiwek,2017,"Commercial Dance, Drum & Bass, Electronica, Traditional House"
Rui,2017,Rock
Bottai,2017,Unknown
Oliver Rosa,2017,Unknown
Kiida,2017,Unknown
D-wayne,2017,Commercial Dance
Valentino Khan,2017,"Dubstep, Electro House"
Craig David pr. TS5,2017,Unknown
Bassjackers,2017,Electro House
Afrojack B2B D.O.D. B2B Ravitez,2017,Unknown
The Jillionaire,2017,Unknown
Villion,2017,Unknown
Hush,2017,Traditional House
Vic Crezée,2017,Unknown
Hush Hefner,2017,Unknown
Blackout Boy,2017,Unknown
The Whatevers,2017,Unknown
TLP,2017,Unknown
Gorje Hewek & Izhevski,2017,Unknown
Akira,2017,Trance
YokoO,2017,"Deep House, Tech House"
Alesso,2017,Progressive House
Nora En Pure,2017,Commercial Dance
Double Pleasure,2017,House
Henri PFR,2017,"Commercial Dance, Electronica, Traditional House"
Angemi,2017,"Electronic, Dance"
Timmy Trumpet,2017,Progressive House
Ricky Breaker,2017,Unknown
Yves V,2017,Progressive House
Netsky DJ set + MC Script,2017,Unknown
Armin Van Buuren,2017,Trance
Dimitri Vegas & Like Mike,2017,Electro House
Estaw,2017,Unknown
CMC$,2017,Unknown
Justin Mylo,2017,"Electro House, Electronica, Progressive House, Tech House, Traditional House"
Matisse & Sadko,2017,Progressive House
Dyro,2017,Progressive House
Ytram,2017,Unknown
Cassius,2017,Indie / Underground
Riton,2017,Commercial Dance
Don Diablo,2017,Progressive House
Steve Angello,2017,Progressive House
Martin Garrix,2017,Electro House
DJ Q-La Lane,2017,Unknown
Dux n Bass,2017,Unknown
ReauBeau,2017,Unknown
Tavi Castro,2017,Unknown
SLOWBØDY,2017,Unknown
Snavs,2017,"Dubstep, Trap"
Sikdope,2017,"Commercial Dance, Electronica"
Apashe,2017,"Dubstep, Electro House, Electronica, Trap"
Dark Drake,2017,Unknown
Nervo,2017,"Electro House, Progressive House"
White Noise,2017,Unknown
Kwallah,2017,Unknown
Pierre & Cassie,2017,Unknown
That's Who,2017,Unknown
Shredding Sounds,2017,Unknown
Soulcity,2017,Electronic
Deuxfwa,2017,Electronic
Himperson,2017,Electronic
Airwave,2017,"Progressive House, Psychedelic Trance"
Franky Jones,2017,"Techno, Acid"
Bountyhunter,2017,"Hardcore, Gabber, Electronic"
DJ Ghost,2017,"Hard Trance, Techno"
Jan Vervloet,2017,Progressive House
Franky Kloeck,2017,"Techno, Hard Trance"
Talla 2XLC,2017,"Progressive House, Trance"
Yves Deruyter,2017,Trance
Push (Live),2017,Unknown
Bonzai All-Stars,2017,Unknown
Mark Sherry vs. Marco V,2017,Unknown
Mohamed Raga vs. Monoverse,2017,Unknown
Fady & Mina,2017,Commercial Dance
Factor B,2017,"Trance, Uplifting Trance"
Arctic Moon,2017,Trance
Darren Porter vs. James Dymond,2017,Unknown
Jemaniax,2017,Unknown
Ferry Tayle vs. Dan Stone,2017,Unknown
Aly & Fila,2017,Trance
The Thrillseekers,2017,"Progressive House, Trance"
Ferry Corsten pres. Gouryella,2017,Unknown
Baba Stiltz,2017,"Deep House, Funky House, Jackin House"
Charlotte de Witte b2b One Track Brain,2017,Unknown
Boys Noize,2017,"Electro House, Indie / Underground"
Paul Kalkbrenner,2017,Techno
The Belleville Three,2017,Unknown
Nina Kravitz,2017,Unknown
Fabrice Lig,2017,Unknown
Blade & Beard,2017,Unknown
Rebekah,2017,Techno
Charlotte de Witte,2017,Techno
Ken Ishii,2017,"Tech House, Techno"
Ben Klock,2017,Techno
Len Faki,2017,Techno
Dave Clarke,2017,"Electro House, Techno"
Masters Of Noise vs. Richie Gee,2017,Unknown
Negative Warz vs. Stolen Cult,2017,Unknown
Detest vs. Tymon,2017,Unknown
Sei2ure vs. eDUB,2017,Unknown
F.Noize vs. Detterent Man vs. Insane S,2017,Unknown
Sandy Warez vs. Section Grabuge vs. A-Kriv aka FOOTWORXX MILIT,2017,Unknown
M.I.K.E. Push,2017,Trance
Vandalism vs. Hardbouncer,2017,Unknown
Goetia vs. Miss Enemy,2017,Unknown
Drokz,2017,Unknown
Siege,2017,"House, Techno"
MAT.Joe,2017,Commercial Dance
Eli & Fur,2017,House
Pete Tong,2017,Traditional House
Black Coffee,2017,"Funk / R&B, Traditional House"
Booka Shade,2017,"Electro House, Tech House"
Claptone,2017,"Electro House, Tech House, Techno, Traditional House"
Claude VonStroke,2017,"Tech House, Techno"
Magic Wand,2017,Pop
Ummet Ozcan,2017,Trance
PKCZ,2017,Unknown
Angemi,2017,"Electronic, Dance"
MATTN,2017,"Commercial Dance, Traditional House"
Wolfpack,2017,"Commercial Dance, Electro House, Progressive House"
Nicky Romero,2017,Progressive House
KSHMR,2017,"Electro House, Electronica, Indie / Underground, Progressive House, Tech House"
W&W,2017,Trance
Oscar & The Wolf (Live),2017,Unknown
Dimitri Vegas & Like Mike,2017,Electro House
Nick Bril,2017,"House, Techno"
Iris Menza,2017,Unknown
Noize Suppressor vs. Mad Dog vs. AniMe,2017,Unknown
Tube & Berger,2017,Tech House
Matthias Tanzmann,2017,Tech House
Eats Everything,2017,Traditional House
Andrea Oliva,2017,"Minimal, Tech House"
Kölsch,2017,Commercial Dance
Kisa,2017,Unknown
Rakesh aka Blackjack9000,2017,House
Rakka,2017,Unknown
Kisa,2017,Unknown
Zeen & Myer,2017,Unknown
Smos b2b Flapjackers,2017,Unknown
Carola Pisaturo,2017,Minimal
Ilario Alicante,2017,"Tech House, Techno"
Dixon,2017,Techno
Ricardo Villalobos,2017,"Minimal, Techno"
Sven Väth,2017,Techno
Klaps,2017,"House, Techno"
Vision Machine B2B Natasja,2017,Unknown
Red D,2017,"Bass Music, Dubstep"
Goldfox,2017,"Electronic, Dance"
Gusta-vo,2017,Unknown
Ten Walls,2017,Unknown
Renaat Vandepapeliere,2017,Unknown
Notoir,2017,Unknown
Lauren Lane,2017,Tech House
Yazz,2017,Unknown
Mimi Love,2017,Unknown
Britta Unders,2017,"Progressive House, Tech House"
Stavroz,2017,"Synthwave, House"
Markus Schulz,2017,"Progressive House, Trance"
King Arthur,2017,Unknown
Shapov,2017,"Commercial Dance, Electro House, Electronica, Progressive House, Trance"
Yellow Claw,2017,"Electro House, Electronica, Hip-Hop, Traditional House, Trap"
Oliver Heldens,2017,"Electro House, Electronica, Techno"
Solomun,2017,Tech House
David Guetta,2017,Electro House
Lost Frequencies,2017,"Electro House, Electronica, Traditional House"
Steve Angello,2017,Progressive House
Martin Garrix,2017,Electro House
Delafino,2017,House
Sem Thomasson,2017,Progressive House
Peter Luts,2017,Commercial Dance
Joachim Garraud,2017,Electro House
Dave Lambert,2017,Traditional House
John Dahlback,2017,"Electro House, Progressive House"
Fedde Le Grand,2017,Progressive House
Bob Sinclar,2017,Traditional House
Tim Arisu,2017,Unknown
Alpha Party,2017,Unknown
Dauw & Schemering,2017,Unknown
Mathy,2017,Unknown
Lennert Wolfs & Lester Williams,2017,Unknown
Sem Vox,2017,Unknown
Pep & Rash,2017,"Electronica, Tech House, Traditional House"
The Him,2017,Electronica
Hektor Mass,2017,Unknown
Deltano B2B Ishtar,2017,Unknown
Murvin Jay,2017,Unknown
Francesca Lombardo,2017,Tech House
Antonio Ponti,2017,Unknown
Siopis,2017,Commercial Dance
Ode Maen,2017,Unknown
Massaar,2017,Unknown
Anton Powers,2017,Commercial Dance
Deepend,2017,"Tech House, Traditional House"
Hugel,2017,Big Room House
Sam Feldt,2017,Traditional House
Digital Farm Animals,2017,Unknown
Jonas Blue,2017,"Pop House, Tropical House"
Feder,2017,"Commercial Dance, Electronica, Reggae"
Robin Schulz,2017,Commercial Dance
Klingande,2017,"Deep House, Tropical House"
Joka & Eggi,2017,Unknown
Alec & Phill De Cunha,2017,Unknown
Dennis Cartier,2017,Unknown
Alle Farben,2017,"Tech House, Techno, Deep House"
Nico Morano,2017,"House, Techno"
Cemode & Philip,2017,Unknown
Mr. Grammy & DJ Licious,2017,Unknown
Sonny Fodera,2017,Traditional House
Franky Rizardo,2017,Commercial Dance
Roma,2017,"Electronic, Dance"
Disco Dasco,2017,"Electronic, House"
Orphan,2017,Rock
Bestien,2017,Unknown
Lowriderz,2017,Unknown
Mark with a K,2017,Hard Dance
LNY TNZ,2017,Hard Dance
Ruthless,2017,Hardcore Techno
Luna,2017,"Synthpop, Trip Hop, Uk Garage"
The Darkraver,2017,"Commercial Dance, Electronica, Techno"
Paul Elstak,2017,Hardcore Techno
The Viper,2017,Band
Mental Theo,2017,Unknown
Regi,2017,"Trance, Big Room House"
Zaman,2017,Unknown
Beaver T & Pinch,2017,Unknown
JackJazz,2017,Unknown
Joyhauser vs. Decoy,2017,Unknown
B2B Soundsystem,2017,Unknown
Kid Noize,2017,Unknown
Prinz,2017,Techno
Siege,2017,"House, Techno"
The Oddword,2017,Unknown
Henri PFR,2017,"Commercial Dance, Electronica, Traditional House"
Double Pleasure,2017,House
Lost Frequencies,2017,"Electro House, Electronica, Traditional House"
JETFIRE,2017,Unknown
Coone,2017,Hard Dance
Bad Royale,2017,"Electro House, Dancehall, Dubstep, Hip-Hop"
BOEHM,2017,Tech House
R3LL,2017,"Jersey Club, Hip-Hop, Trap, Club Music, Breaks, House, R&B"
Rain Man,2017,Electro House
Marnik,2017,"Electronica, Progressive House"
Morten,2017,"Commercial Dance, Dubstep"
Stööki Sound,2017,Commercial Dance
Keys N Krates,2017,"Electronica, Hip-Hop"
Borgore,2017,Dubstep
Steve Aoki,2017,"Electro House, Indie / Underground"
Benny Benassi,2017,Electro House
Garmiani,2017,Unknown
Kong,2017,Commercial Dance
San Soda,2017,Commercial Dance
Simon Dunmore,2017,Unknown
DiMaro LIMITED,2017,Unknown
Maxim Lany vs. DJ Licious,2017,Unknown
Spacid,2017,Unknown
Sigha (Live),2017,Unknown
Kr!z,2017,Unknown
Ben Sims & James Ruskin,2017,Unknown
DVS1,2017,Hard Dance
Rødåd,2017,Unknown
Alan Fitzpatrick,2017,Techno
Len Faki,2017,Techno
Vini Vici,2017,"Psychedelic Trance, Trance"
Ruben de Ronde b2b Rodg,2017,Unknown
Ben Gold,2017,Trance
David Gravell,2017,Commercial Dance
Orjan Nilsen,2017,Commercial Dance
Marlo,2017,Trance
Andrew Rayel,2017,Trance
Markus Schulz,2017,"Progressive House, Trance"
Armin Van Buuren,2017,Trance
W&W pres. NWYR,2017,Unknown
Aly & Fila,2017,Trance
Raiden,2017,Unknown
Thomas Newson,2017,Commercial Dance
Double Pleasure,2017,House
Cedric Gervais,2017,Tech House
Kerri Chandler vs. Red D ft. Lady Linn,2017,Unknown
Afrojack b2b Benny Rodrigues,2017,Unknown
Benny Rodrigues,2017,"Traditional House, Techno"
Steve Angello pres. Mescal Kid,2017,Unknown
Sunnery James & Ryan Marciano,2017,Electro House
Sander Van Doorn,2017,Trance
SEp,2017,Metal
Bart & Baker,2017,"Electronic, Dance, House, Swing"
Bubba,2017,"Electronic, House, Techno"
Rakesh aka Blackjack9000,2017,House
Team Damp,2017,"Electronic, Dance, House"
Bubba,2017,"Electronic, House, Techno"
Sophie Francis,2017,Unknown
Carta B2B Curtis,2017,Unknown
Mike Williams,2017,"Commercial Dance, Drum & Bass, Electronica, Progressive House, Traditional House"
Kris Kross Amsterdam,2017,"Electronic, Pop"
Gregor Salto,2017,Electro House
Lucas & Steve,2017,"Commercial Dance, Hard Dance, Traditional House"
EDX,2017,Progressive House
Sam Feldt,2017,Traditional House
Tujamo,2017,Traditional House
Firebeatz,2017,Electro House
Vinai,2017,Big Room House
Les Enchanted,2017,Unknown
Mike Dem,2017,Unknown
Roger Sanchez,2017,Traditional House
Chantal,2017,Unknown
Gonçalo,2017,Unknown
Arkline,2017,Unknown
Rafi Khan,2017,Unknown
Gee & Noski,2017,Unknown
Lexx On,2017,Unknown
Christian82. & L.Bossa,2017,Unknown
Sven Van Hees,2017,"Chill Out, Traditional House"
Yamo,2017,"Electronic, Experimental"
Delafino & Luna Fino,2017,Unknown
Jose Maria Ramon,2017,Unknown
Sam Devine,2017,Unknown
Luis del Villar,2017,Commercial Dance
DJ Snake,2017,"Electronica, Hard Dance, Trap"
Luciano,2017,"Minimal, Techno"
Stereo Killah,2017,Unknown
Bassjackers,2017,Electro House
Regi,2017,"Trance, Big Room House"
Kaskade,2017,Progressive House
Martin Solveig,2017,Electro House
Tchami,2017,Commercial Dance
Nicky Romero,2017,Progressive House
Afrojack,2017,"Electro House, Progressive House"
Axwell & Ingrosso,2017,Unknown
Leesa,2017,Unknown
Eddy M,2017,"Tech House, Techno"
Edu Imbernon,2017,Tech House
Andres Campo,2017,"Tech House, Techno"
Toni Varga,2017,Unknown
Jackmaster,2017,Commercial Dance
The Martinez Brothers,2017,Tech House
Seth Troxler,2017,"Tech House, Techno"
FlowChief,2017,Unknown
DJ EU,2017,Unknown
Robert Falcon,2017,Unknown
Selectro,2017,Electro House
TV Noise,2017,Electro House
Olly James,2017,"Electro House, Progressive House"
Giocatori,2017,Unknown
Vato Gonzalez ft. MC Tjen,2017,Unknown
Bali Bandits,2017,Unknown
Madison Mars,2017,"Electro House, Pop House"
Timmerman,2017,Unknown
Solco,2017,Unknown
Gullfisk,2017,Unknown
Konna,2017,Unknown
Nadine ADJani,2017,Unknown
Borealis,2017,Unknown
Karawane B2B Just Nathan,2017,Unknown
Tini Gessler,2017,Unknown
No Shit Like Deep,2017,Unknown
Snails,2017,Trap
Hush Hefner,2017,Unknown
Murdock,2017,Drum & Bass
Point Point,2017,"Future Bass, Trap"
Dimension,2017,Band
Camo & Krooked,2017,Drum & Bass
Alison Wonderland,2017,Commercial Dance
Jauz,2017,"Drum & Bass, Dubstep, Electronica, Traditional House, Trap"
Netsky (DJ Set) & Script MC,2017,Unknown
Vince Nova,2017,Unknown
Marko De La Rocca,2017,Unknown
Youri Parker,2017,Unknown
Quincy,2017,Unknown
Olivier Pieters,2017,Unknown
Jaydee,2017,"Progressive House, Tech House"
M.I.K.E. Push,2017,Trance
Jam & Spoon,2017,Commercial Dance
Zolex,2017,Unknown
Crude Intentions,2017,Unknown
Davoodi,2017,Unknown
Lethal MG,2017,Unknown
Ruthless,2017,Hardcore Techno
The Darkraver,2017,"Commercial Dance, Electronica, Techno"
Sandrien,2017,Commercial Dance
The Viper,2017,Band
Paul Elstak,2017,Hardcore Techno
Scott Brown,2017,Hardcore Techno
Bass-D,2017,Unknown
Korsakoff,2017,"Hardcore Techno, Psychedelic Trance"
Dr. Rude,2017,Commercial Dance
Rebourne,2017,Unknown
Sound Rush,2017,Hardstyle
Adrenalize,2017,Unknown
D-Block & S-te-Fan,2017,"Hard Dance, Hardcore Techno"
Bass Modulators,2017,"Commercial Dance, Electronica"
Wildstylez,2017,Hard Dance
Brennan Heart,2017,Hard Dance
Atmozfears,2017,"Hardcore Techno, Techno, Traditional House, Trance"
Noisecontrollers,2017,Hardcore Techno
Gunz for Hire,2017,Commercial Dance
Angerfist,2017,"Hardcore Techno, Psychedelic Trance"
Skazi,2017,Trance
Guadaloop vs. Smokonut,2017,Unknown
Major 7,2017,Unknown
Digicult,2017,Commercial Dance
Alien Project,2017,Unknown
SynSUN,2017,Trance
Firaga,2017,Psytrance
DJ Isaac,2017,Hard Dance
Outsiders,2017,Hard Dance
Input Malfunction,2017,Unknown
Blastoyz,2017,Psytrance
Himperson,2017,Electronic
Fabio Florido,2017,Unknown
Hito,2017,"Trap, Hip-Hop, Juke"
Matador,2017,Techno
Chris Liebing,2017,Techno
Loco Dice,2017,"Tech House, Techno"
Paco Osuna,2017,"Tech House, Techno"
Tale of Us,2017,Tech House
Richie Hawtin,2017,"Tech House, Techno"
KO:YU,2017,Unknown
Kenn Colt,2017,"Electro House, Progressive House"
NEW_ID,2017,Unknown
KLAHR,2017,Unknown
ALOK,2017,Commercial Dance
Tom Staar,2017,Commercial Dance
Kryder,2017,"Progressive House, Tech House"
Axwell,2017,Progressive House
Shapov,2017,"Commercial Dance, Electro House, Electronica, Progressive House, Trance"
D.O.D.,2017,"Electro House, Dubstep"
M.E.G. & N.E.R.A.K.,2017,Unknown
Mike Tohr,2017,Unknown
WAIO,2017,Psychedelic Trance
Undercatt,2017,"Chill Out, Techno"
Kollektiv Turmstrasse,2017,Tech House
Magdalena,2017,"Tech House, Deep House"
H.O.S.H.,2017,Commercial Dance
Adriatique,2017,"Electronica, Tech House, Techno"
Solomun,2017,Tech House
Johannes Brecht,2017,Unknown
Rakesh aka Blackjack9000,2017,House
Bubba,2017,"Electronic, House, Techno"
Alpha Party,2017,Unknown
Rebelle,2017,"House, Techno"
Cookies and Cream & The Retronettes,2017,Unknown
Pierre Elitair,2017,Unknown
SirOJ,2017,Unknown
Menasa ft. MC Don't,2017,Unknown
Stoltenhoff,2017,Unknown
ANBU (live),2017,Unknown
The Galaxy,2017,Unknown
Mightyfools,2017,Commercial Dance
DOLF,2017,"Electro House, Progressive House, Tribal"
Cesqeaux,2017,"Electro House, Electronica, Trap"
San Holo,2017,"Drum & Bass, Electronica, Trap"
Mike Cervello,2017,"Bass House, Electro House"
Moski b2b Chace,2017,Unknown
Nick Bril,2017,"House, Techno"
Yellow Claw,2017,"Electro House, Electronica, Hip-Hop, Traditional House, Trap"
Excision,2017,Dubstep
Ra-im,2017,Unknown
Don Cabron,2017,Unknown
Victor Ruiz,2017,Commercial Dance
ATTARI,2017,Unknown
Nico Morano,2017,"House, Techno"
Guy Mantzur,2017,Techno
Caspar,2017,Unknown
Lost Desert,2017,Unknown
Lee Burridge,2017,"Progressive House, Techno"
Bedouin,2017,Commercial Dance
Joris Voorn,2017,"Tech House, Techno"
DJ Licious,2017,House
Wolfpack,2017,"Commercial Dance, Electro House, Progressive House"
ALOK,2017,Commercial Dance
Sunnery James & Ryan Marciano,2017,Electro House
Don Diablo,2017,Progressive House
W&W,2017,Trance
KSHMR,2017,"Electro House, Electronica, Indie / Underground, Progressive House, Tech House"
Armin Van Buuren,2017,Trance
Dimitri Vegas & Like Mike,2017,Electro House
Alesso,2017,Progressive House
Curtis Alto (live),2017,Unknown
Flux Pavilion,2017,Dubstep
Mike Perry,2017,Unknown
Thomas Jack,2017,"Progressive House, Funky House"
Sigala,2017,Pop House
Henri PFR,2017,"Commercial Dance, Electronica, Traditional House"
Disciples,2017,"Electronica, Traditional House"
Lost Frequencies,2017,"Electro House, Electronica, Traditional House"
Oscar & The Wolf (live),2017,Unknown
Duke Dumont,2017,Electronica
Fatboy Slim,2017,"Electronica, Traditional House"
Nuroy,2017,Unknown
Xavier Shimshack,2017,Unknown
TND,2017,Unknown
Const,2017,"Chiptune, Hardcore, Techno"
CYA,2017,Commercial Dance
Yall,2017,"Traditional House, Techno"
Codeko,2017,"Future Bass, Trap, Midtempo Bass, Dubstep"
Curbi,2017,"Commercial Dance, Electronica"
Maurice West,2017,Unknown
Maori,2017,Unknown
Maximo,2017,House
Samyn,2017,Unknown
VVM,2017,Unknown
Mathy,2017,Unknown
Que 9,2017,Unknown
Zonderling,2017,Commercial Dance
Basement Sounds,2017,Unknown
Wezlee,2017,Unknown
Thim,2017,House
Greg Lamore vs. Jay Lee Hudson,2017,Unknown
Many Moore,2017,House
DJ Fire,2017,Electronic
Phi Phi,2017,"Progressive House, Trance"
John '00' Fleming,2017,Unknown
Bountyhunter,2017,"Hardcore, Gabber, Electronic"
Jan Vervloet,2017,Progressive House
DJ Ghost,2017,"Hard Trance, Techno"
Franky Kloeck,2017,"Techno, Hard Trance"
Yves Deruyter,2017,Trance
Bonzai All Stars,2017,"Techno, Trance"
Nexuz vs. Luka Caro,2017,Unknown
Makasi vs. Kaku,2017,Unknown
Le Shuuk,2017,Unknown
Cheat Codes,2017,"Commercial Dance, Electronica"
Julian Jordan,2017,Electro House
D'Angello & Francis,2017,Unknown
Goldfish & Blink,2017,Unknown
MAD M.A.C. vs. Playmen,2017,Unknown
Sidney Samson,2017,Traditional House
Lost Stories,2017,Unknown
Freaquency,2017,Unknown
Simon Patterson,2017,"Psychedelic Trance, Trance"
Mike Squillo,2017,Unknown
Airwave,2017,"Progressive House, Psychedelic Trance"
Indecent Noise,2017,Trance
Airscape,2017,Unknown
Lange,2017,Trance
Alex M.O.R.P.H.,2017,"Electro House, Trance"
Paul Oakenfold,2017,Trance
Andy Moor,2017,Trance
Tenishia,2017,"Progressive House, Trance"
Gabriel & Dresden,2017,"Progressive House, Trance"
Standerwick,2017,Trance
Sean Tyas & Menno de Jong,2017,Unknown
Ward,2017,"Disco, Funk, House"
Wout,2017,House
DJ F.R.A.N.K.,2017,Unknown
Pat Krimson,2017,"Electronic, Dance"
Darude,2017,"Progressive House, Trance"
Ward vs. D-Devils,2017,Unknown
Cherry Moon (live),2017,Unknown
Charly Lownoise & Mental Theo,2017,Unknown
Tartaros,2017,Unknown
Alpha2,2017,Unknown
Adaro,2017,Commercial Dance
Juicy M,2017,Progressive House
Phuture Noize,2017,Hard Dance
Bass Chaserz,2017,Unknown
B-Front,2017,Hardcore Techno
Regain,2017,Electronica
Delete,2017,Traditional House
Jason Payne,2017,Unknown
Bobby Nourmand,2017,"Disco House, Deep House"
DJ Licious,2017,House
Mickey,2017,Breakbeats
The Aston Shuffle,2017,Commercial Dance
Danny Howard,2017,Commercial Dance
Watermät,2017,Pop House
Blonde,2017,Commercial Dance
Jax Jones,2017,Traditional House
Michael Calfan,2017,Traditional House
MK,2017,Commercial Dance
The Magician,2017,Indie / Underground
Cristoph,2017,Unknown
Eagles & Butterflies,2017,"Electro House, Electronica"
Dusky,2017,"Deep House, Techno, Tech House"
Sasha,2017,"Tech House, Techno"
Adam Beyer,2017,Techno
Deadmau5,2017,"Electro House, Progressive House"
Eric Prydz,2017,Progressive House
Prefix & Density,2017,Unknown
Tapesh,2017,"Electronica, Traditional House"
Francisco Allendes,2017,Tech House
Vaal,2017,Unknown
Maya Jane Coles,2017,Tech House
Andrea Oliva,2017,"Minimal, Tech House"
Kölsch,2017,Commercial Dance
Nic Fanciulli,2017,Tech House
DJ Dosschy,2017,Unknown
Bubba,2017,"Electronic, House, Techno"
Discobaar A Moeder,2017,Dance
Pepe Luvwax,2017,Unknown
Axel Haube & Arno Stolz,2017,Unknown
Michael Thoelen,2017,Unknown
Dino Lenny,2017,"Commercial Dance, Electronica, Progressive House, Techno, Traditional House"
Agents of Time (live),2017,Techno
Fatima Yamaha (live),2017,Unknown
DJ Koze,2017,"Techno, Deep House"
Âme (live),2017,Unknown
Maceo Plex,2017,Tech House
Mano Le Tough,2017,Traditional House
KHLR,2017,Unknown
Farrago,2017,Techno
Tofke,2017,Tech House
Kipibara,2017,Unknown
Jules Dime,2017,Unknown
ANOTR,2017,Techno
Niels Feijen B2B LYA,2017,Unknown
Ben Remember,2017,Unknown
Koodoo & Lamaz,2017,Unknown
Miyaguy,2017,Unknown
Julie Vazele,2017,Unknown
Filipa Lazary,2017,Unknown
Be Svendsen,2017,"Techno, Tech House"
Aly & Fila,2017,Trance
Martin Jensen,2017,"Electro House, Traditional House"
MATTN,2017,"Commercial Dance, Traditional House"
Alan Walker,2017,"Commercial Dance, Electro House, Electronica, Progressive House, Traditional House"
Otto Knows,2017,Traditional House
Robin Schulz,2017,Commercial Dance
Paul Kalkbrenner,2017,Techno
Nervo,2017,"Electro House, Progressive House"
David Guetta,2017,Electro House
Martin Garrix,2017,Electro House
DiMaro,2017,House
Futuristic Polar Bears,2017,Commercial Dance
Moguai,2017,"Electro House, Progressive House"
Diego Miranda,2017,Traditional House
Frank Walker,2017,"Commercial Dance, Future Bass, Trap"
Quintino,2017,Electro House
Prinz,2017,Techno
Ummet Ozcan,2017,Trance
Chuckie,2017,Electro House
Smash The House Family,2017,Unknown
DVBBS,2017,Commercial Dance
MACHA!,2017,Unknown
Dominico,2017,Tech House
Dante Klein,2017,"Electronica, Tech House, Traditional House"
Bruno Martini,2017,"Commercial Dance, House"
Gestöt aber GeiL,2017,Unknown
LVNDSCAPE,2017,"Progressive House, Traditional House"
Sophie Francis,2017,Unknown
NIVIRO,2017,Unknown
Stereo Palma,2017,Traditional House
Lena,2017,Rock
Psytox,2017,"Hardstyle, Rawstyle, Electronic"
Trinity,2017,Unknown
Tahko,2017,Unknown
Tom Dazing,2017,Commercial Dance
Annie Hall,2017,Unknown
Trixy,2017,"Hardstyle, Rawstyle, Electronic"
Pete Howl,2017,Unknown
Massimo Mephesto,2017,Unknown
Filatov & Karas,2017,Unknown
AFSHeeN,2017,Unknown
Yves V & Regi,2017,"Big Room House, Progressive House"
Chris Lake,2017,Electro House
Chocolate Puma,2017,Traditional House
Throttle,2017,"Commercial Dance, Electronica"
Mike Mago,2017,Commercial Dance
Felix Jaehn,2017,"Deep House, Tech House"
Oliver Heldens,2017,"Electro House, Electronica, Techno"
Laidback Luke,2017,Electro House
One87 ft. MC Mush,2017,Unknown
Bredren,2017,Unknown
Baz & Simplistix,2017,Unknown
Gunman & Judah,2017,Unknown
M&T ft. MC Seko,2017,Unknown
James Marvel ft. MC Mota,2017,Unknown
Murdock,2017,Drum & Bass
Unreal,2017,Unknown
Bensley,2017,Unknown
June Miller,2017,"Drum & Bass, Dubstep"
Wilkinson ft. MC Ad-Apt,2017,Unknown
Andy C & Tonn Piper,2017,Drum & Bass
Unsenses,2017,Unknown
Sephyx,2017,Hard Dance
Lowriderz,2017,Unknown
Da Tweekaz,2017,Hardcore Techno
Dirtcaps vs. LNY TNZ,2017,Unknown
Ferrick Dawn,2017,Unknown
Psyko Punkz,2017,Hardcore Techno
Pablo Discobar's Hitlist,2017,Unknown
Coone & Zatox,2017,Unknown
Frequencerz vs. Hard Driver,2017,Unknown
Sub Zero Project (live),2017,Unknown
Radical Redemption,2017,"Electronica, Hard Dance, Hardcore Techno, Techno, Trance"
Tiesto,2016,"Commercial Dance, Big Room"
Stu Bru Contest,2016,Unknown
Curtis Alto,2016,Unknown
Mr. Moustache,2016,Unknown
Iris Menza,2016,Unknown
Nico Morano,2016,"House, Techno"
Caspar & Don Cabron,2016,Unknown
Tom Hades,2016,Techno
Prinz,2016,Techno
Siege,2016,"House, Techno"
Double Pleasure,2016,House
Julian Cross,2016,Unknown
Jetfire,2016,Unknown
Romeo Blanco,2016,Commercial Dance
Afrojack,2016,"Electro House, Progressive House"
Sander Van Doorn,2016,Trance
Herve Pagez,2016,Unknown
Mark Villa,2016,Unknown
Coone,2017,Hard Dance
Twoloud,2016,Commercial Dance
Tujamo,2016,Traditional House
Matisse & Sadko,2016,Progressive House
Dannic,2016,Progressive House
Timmy Trumpet,2016,Progressive House
Dyro,2016,Progressive House
Laidback Luke,2016,Electro House
Blasterjaxx,2016,Commercial Dance
Dune,2016,Rock
Ward,2016,"Disco, Funk, House"
DJ F.R.A.N.K.,2016,Unknown
Wout,2016,House
DJ Sash!,2016,Unknown
Ward,2016,"Disco, Funk, House"
Klubbheads Ft Boozywoozy,2016,Unknown
"Back In Time (Q-Ic, Lethal Mg & DJ Ghost)",2016,Unknown
Swanky Tunes,2016,"Electro House, Progressive House"
Kenn Colt,2016,"Electro House, Progressive House"
Sem Thomasson,2016,Progressive House
Brian Cross,2016,"Tech House, Trance"
Jack Novak,2016,Commercial Dance
Alan Walker,2016,"Commercial Dance, Electro House, Electronica, Progressive House, Traditional House"
Vinai,2016,Big Room House
Jay Hardway,2016,Commercial Dance
Inpetto,2016,Progressive House
Sidney Samson,2016,Traditional House
Yves V B2B Quintino,2016,Unknown
R3:Ab,2016,Unknown
Sep,2016,Metal
El Bacha,2016,Unknown
Davidov,2016,Unknown
Blackjack 9000,2016,Unknown
Rakesh Aka,2016,Unknown
Bubba,2016,"Electronic, House, Techno"
Michael Thoelen,2016,Unknown
Nukov & Yelmet,2016,Unknown
Denney,2016,House
Russ Yallop,2016,Techno
Waff,2016,Commercial Dance
Matador (Live),2016,Unknown
Patrick Topping,2016,Commercial Dance
Richy Ahmed,2016,Tech House
The Martinez Brothers,2016,Tech House
Jamie Jones,2016,Tech House
Jules Dime,2016,Unknown
DJaxx & Neurotique,2016,Unknown
Lopezhouse,2016,Unknown
The Golden Boy,2016,Unknown
Compuphonic,2016,Traditional House
Kura,2016,Progressive House
Igor Vicente,2016,"House, Techno"
Niels Feijen B2B Lya,2016,Unknown
Xavier Shimtshack,2016,Unknown
Davidov,2016,Unknown
Jose Maria Ramon,2016,Unknown
Sven Van Hees,2016,"Chill Out, Traditional House"
Double Pleasure,2016,House
Redondo,2016,Tech House
Yamo,2016,"Electronic, Experimental"
Metrobox,2016,Unknown
Locked Groove,2016,"Techno, Traditional House"
Axel Boman,2016,Commercial Dance
Fcl Ft. Lady Linn,2016,Unknown
Frankey & Sandrino,2016,Unknown
Derrick May,2016,Techno
Alesso,2016,Progressive House
Fedde Le Grand,2016,Progressive House
Dimitri Vangelis & Wyman,2016,Unknown
Otto Knows,2016,Traditional House
R3:Ab,2016,Unknown
Galantis,2016,Commercial Dance
Dvbbs,2016,Commercial Dance
W&W,2016,Trance
David Guetta,2016,Electro House
99 Souls,2016,Unknown
Tiesto,2016,"Commercial Dance, Big Room"
Steve Rush,2016,Unknown
Dominico,2016,Tech House
Bodalia,2016,Unknown
Shaun Frank,2016,Commercial Dance
Miss Ghyss,2016,Unknown
Mike Williams,2016,"Commercial Dance, Drum & Bass, Electronica, Progressive House, Traditional House"
Tigerlily,2016,Electro House
Selectro,2016,Electro House
King Arthur,2016,Unknown
Korsakoff,2016,"Hardcore Techno, Psychedelic Trance"
Sephyx,2016,Hard Dance
Nsclt,2016,Unknown
Wasted Penguinz,2016,Hard Dance
DJ Isaac,2016,Hard Dance
Coone,2016,Hard Dance
Da Tweekaz,2016,Hardcore Techno
Hard Driver,2016,Hard Dance
Sub Zero Project,2016,"Hard Dance, Hardcore Techno, Psychedelic Trance"
Winterclubbing All Stars,2016,"Electronic, Dance"
Tall & Small,2016,Unknown
Jean De Gand,2016,Unknown
Double-U Ft Eugene Vs DJ Luk,2016,Unknown
Thierry Von Der Warth Vs Laurent Wery,2016,Unknown
Armin Van Buuren,2016,Trance
Dimitri Wouters,2016,House
Barto Vs DJ Luk,2016,Unknown
Funk D,2016,"House, Techno"
Deve & Matizz,2016,Unknown
Ookay,2016,Commercial Dance
Hush,2016,Traditional House
London Future,2016,Unknown
The Whatevers,2016,Unknown
Blackout Boy,2016,Unknown
Hush Hefner,2016,Unknown
DJ Diesel Aka Shaq,2016,Unknown
Alison Wonderland,2016,Commercial Dance
Marshmello,2016,"Electronica, Progressive House, Trap"
Snails,2016,Trap
Nghtmre B2B Slander,2016,Unknown
Tommy & Alec,2016,Unknown
Khlr & Phill Da Cunha,2016,Unknown
B2B Soundsystem,2016,Unknown
Cemode & Seelen,2016,Electronic
Kolombo,2016,Commercial Dance
Mr Grammy & DJ Licious,2016,Unknown
Disco Dasco,2016,"Electronic, House"
Joeri & Philip,2016,Unknown
Roma,2016,"Electronic, Dance"
Thunderbuds Vs DJ Luk,2016,Unknown
Ferry Corsten Pres. Gouryella,2016,Unknown
Fred Baker,2016,"Techno, Trance"
Dimension,2016,Band
Standerwick,2016,Trance
Ben Gold,2016,Trance
M.I.K.E Push,2016,Unknown
Khomha,2016,"Progressive House, Trance"
Marlo,2016,Trance
Orjan Nilsen,2016,Commercial Dance
Gareth Emery,2016,Trance
Sean Tyas,2016,Trance
Purenrg (Live),2016,Unknown
Aly & Fila,2016,Trance
Lowriderz,2016,Unknown
Cyber,2016,"Electro House, Electronica"
Code Black,2016,"Electronica, Hard Dance"
Audiotricz,2016,Hard Dance
Brennan Heart,2016,Hard Dance
Bass Modulators,2016,"Commercial Dance, Electronica"
Wildstylez & Noisecontrollers,2016,Unknown
Atmozfears,2016,"Hardcore Techno, Techno, Traditional House, Trance"
Coone,2016,Hard Dance
Zatox,2016,Hard Dance
Frequencerz,2016,Hard Dance
Hot Since 82,2016,Commercial Dance
Snap-Ah,2016,Unknown
The Offenders,2016,Unknown
Gunman & Judah,2016,Unknown
Steamteam Ft. 3Xb & Mc Nice,2016,Unknown
M&T Ft. Mc Mota,2016,Unknown
One87 & Phase Ft. Mc Mush,2016,Unknown
Murdock,2016,Drum & Bass
Level 2 (Alibi),2016,Unknown
Culture Shock Ft. Mc Mota,2016,Unknown
S.P.Y. Ft. Mc Mota,2016,Unknown
Calyx & Teebee Ft. Lx One,2016,Unknown
Hard Rock Sofa,2016,"Electro House, Progressive House"
Delafino,2016,House
Peter Luts,2016,Commercial Dance
Klahr,2016,Unknown
M.E.G & N.E.R.A.K,2016,Unknown
New_Id,2016,Unknown
Tomstaar,2016,Unknown
Kryder,2016,"Progressive House, Tech House"
Axwell,2016,Progressive House
Shapov,2016,"Commercial Dance, Electro House, Electronica, Progressive House, Trance"
Dirty South,2016,"Electro House, Progressive House"
Sick Individuals,2016,Progressive House
Bobbalicious,2016,Unknown
Crypsis,2016,Unknown
Blackjack 9000,2016,Unknown
Rakesh Aka,2016,Unknown
Rebelle,2016,"House, Techno"
Davidov,2016,Unknown
Magdalena,2016,"Tech House, Deep House"
Karmon B2B Ntfo,2016,Unknown
H.O.S.H.,2016,Commercial Dance
Johannes Brecht,2016,Unknown
Adriatique,2016,"Electronica, Tech House, Techno"
Kollektiv Turmstrasse,2016,Tech House
Solomun,2016,Tech House
C-Me,2016,Unknown
Bastin Vs Lebawski,2016,Unknown
Vision Machine,2016,Unknown
Iris Menza,2016,Unknown
Tcts,2016,Unknown
Blonde,2016,Commercial Dance
Anotr,2016,Techno
Maxim Lany,2016,"House, Deep House"
Dave Lambert,2016,Traditional House
Const,2016,"Chiptune, Hardcore, Techno"
Magic Wand,2016,Pop
Jose Maria Ramon,2016,Unknown
Anna Tur,2016,Unknown
Tlp,2016,Unknown
Franky Rizardo,2016,Commercial Dance
Bassjackers,2016,Electro House
2 Faced Funks,2016,Unknown
Nexuz Vs Luka Caro,2016,Unknown
Makasi Vs Neon,2016,Unknown
Playmen Vs Mad M.A.C,2016,Unknown
Diego Miranda,2016,Traditional House
Mystique Vs Dimaro,2016,Unknown
Fox Stevenson,2016,Future Bass
Julian Jordan,2016,Electro House
Moti,2016,"Electro House, Progressive House, Tech House"
Wolfpack,2016,"Commercial Dance, Electro House, Progressive House"
Firebeatz,2016,Electro House
Laidback Luke,2016,Electro House
Andrew Rayel,2016,Trance
Regi,2016,"Trance, Big Room House"
Sunnery James & Ryan Marciano,2016,Electro House
Kshmr,2016,"Electro House, Electronica, Indie / Underground, Progressive House, Tech House"
The Chainsmokers,2016,Commercial Dance
Yves V,2016,Progressive House
Nicky Romero,2016,Progressive House
Afrojack,2016,"Electro House, Progressive House"
Dimitri Vegas & Like Mike,2016,Electro House
Axwell ^ Ingrosso,2016,Unknown
Ferreck Dawn,2016,Commercial Dance
Saint Wknd,2016,"Deep House, Techno"
Lucas & Steve,2016,"Commercial Dance, Hard Dance, Traditional House"
Feder,2016,"Commercial Dance, Electronica, Reggae"
Sigala,2016,Pop House
Ruby Rose,2016,Big Room House
Lost Frequencies,2016,"Electro House, Electronica, Traditional House"
Robin Schulz,2016,Commercial Dance
Felix Jaehn,2016,"Deep House, Tech House"
Chris Niveda Ft. Mcreign,2016,Unknown
Frank Caro & Alemany,2016,Unknown
Paula Serra,2016,Unknown
Mikael Weermets,2016,Progressive House
Pat Farrell,2016,Unknown
Pep & Rash,2016,"Electronica, Tech House, Traditional House"
John Christian,2016,Unknown
Jacob Plant,2016,Commercial Dance
No Mondays,2016,Unknown
R’Deem,2016,Unknown
Neelix,2016,Psychedelic Trance
Liquid Soul,2016,Trance
Avalon,2016,Commercial Dance
Talamasca,2016,"Psychedelic Trance, Trance"
Firaga Vs Synsun,2016,Unknown
Brain Hunters Vs D-Maniac,2016,Unknown
Bender,2016,Surfgaz
Many Moore,2016,House
DJ Que 9,2016,Unknown
Maximo Ft. Coin,2016,Unknown
Basement Sounds,2016,Unknown
Wezlee,2016,Unknown
M At H Y,2016,Unknown
Thim,2016,House
Luca Barassii,2016,Unknown
Freaquency,2016,Unknown
DJ Eu,2016,Unknown
Greg Lamore Vs Jay Lee Hudson,2016,Unknown
Bountyhunter,2016,"Hardcore, Gabber, Electronic"
DJ Fire,2016,Electronic
Phi Phi,2016,"Progressive House, Trance"
Airwav E,2016,Unknown
Jan Vervloet,2016,Progressive House
DJ Ghost,2016,"Hard Trance, Techno"
Franky Kloeck,2016,"Techno, Hard Trance"
Yves Deruyter,2016,Trance
Bonzai All Stars,2016,"Techno, Trance"
Cheap Charly Men,2016,Unknown
Flapjackers,2016,Unknown
Smos,2016,Band
Chantal,2016,Unknown
Vini Vici,2016,"Psychedelic Trance, Trance"
Bollen & Fichtner,2016,Unknown
Agents Of Time,2016,"Electronica, Progressive House, Tech House, Techno"
Spacid,2016,Unknown
Len Faki,2016,Techno
Kr!Z,2016,Unknown
Jonas Kopp,2016,Commercial Dance
Marcel Dettmann,2016,Techno
Adam Beyer,2016,Techno
Nina Kraviz,2016,Tech House
Pierre,2016,Traditional House
Marcel Fengler,2016,Techno
Scuba,2016,"Dubstep, Tech House"
Green Velvet,2016,"Traditional House, Techno"
Vitalic,2016,"Electronica, Indie / Underground"
Dave Clarke,2016,"Electro House, Techno"
Dark-E,2016,Unknown
Akyra,2016,Hardcore
Davoodi,2016,Unknown
Mark With A K,2016,Hard Dance
Ruthless,2016,Hardcore Techno
Kutski,2016,Hardcore Techno
Da Tweekaz,2016,Hardcore Techno
Darkraver,2016,"Electro House, Hard Dance"
The Viper,2016,Band
DJ Tennis,2016,"Tech House, Deep House"
Re-Style,2016,Unknown
Tom Leclercq,2016,Unknown
Davelambert,2016,Unknown
Alok,2016,Commercial Dance
Watermät,2016,Pop House
G Ta,2016,Unknown
A-Trak,2016,"Electro House, Indie / Underground"
Martin Solveig,2016,Electro House
The Magician,2016,Indie / Underground
Oliver Heldens,2016,"Electro House, Electronica, Techno"
Dajobu,2016,Unknown
Blackjack 9000,2016,Unknown
Rakesh Aka,2016,Unknown
Rakka,2016,Unknown
Bubba,2016,"Electronic, House, Techno"
Groove Merchant,2016,Unknown
Fred Hush,2016,Unknown
Einzelkind,2016,Tech House
Nastia,2016,Commercial Dance
Apollonia,2016,Commercial Dance
Sonja Moonear,2016,Tech House
Maceo Plex,2016,Tech House
Sven Väth,2016,Techno
Les Enchanted,2016,Unknown
Paul Elstak,2016,Hardcore Techno
Nick Bril,2016,"House, Techno"
The Oddword,2016,Unknown
Josh Butler,2016,Commercial Dance
Low Steppa,2016,"Tech House, Bassline, Uk Garage"
Camelphat,2016,"Electronica, Tech House, Traditional House"
Les Mecs,2016,Unknown
That’S Who,2016,Unknown
Licious,2016,Traditional House
Delafino,2016,House
Luis Del Villar,2016,Commercial Dance
Nathan Fix,2016,Unknown
Barry Fore,2016,Commercial Dance
Joe Stone,2016,Unknown
Dc Salas,2016,"Electronic, Techno"
"Ed Banger House Party Ft. Busy P, Para One, Boston Bun",2016,Unknown
Sebastian,2016,Electro House
Surfing Leons,2016,Unknown
Claude (Aka Fulgeance),2016,Unknown
Partyharders,2016,Unknown
Ferry Corsten,2016,Trance
Ftampa,2016,Electro House
Dada Life,2016,"Electro House, Progressive House"
Don Diablo,2016,Progressive House
Oliver Heldens,2016,"Electro House, Electronica, Techno"
Himperson,2016,Electronic
Steve Aoki,2016,"Electro House, Indie / Underground"
Steve Angello,2016,Progressive House
Martin Garrix,2016,Electro House
Dimitri Vegas & Like Mike,2016,Electro House
Dave Till,2016,Unknown
Rockstarz Vs Boostedkids,2016,Unknown
Anton Power S,2016,Unknown
Danny Howard,2016,Commercial Dance
Angemi,2016,"Electronic, Dance"
MATTN,2016,"Commercial Dance, Traditional House"
Ummet Ozcan,2016,Trance
Nervo,2016,"Electro House, Progressive House"
Smash The House Family,2016,Unknown
Wolfpack,2016,"Commercial Dance, Electro House, Progressive House"
Masari,2016,Unknown
Norde,2016,Unknown
Swift D,2016,Unknown
Mathy,2016,Unknown
Throttle,2016,"Commercial Dance, Electronica"
Kris Kross Amsterdam,2016,"Electronic, Pop"
Kill The Buzz B2B Thomas Newson,2016,Unknown
Edo Denova,2016,Unknown
This Is Crob,2016,Unknown
Vandal!Sm Vs Spitnoise,2016,Unknown
Paul Kalkbrenner,2016,Techno
Lenny Dee,2016,"Hardcore Techno, Techno"
Detest Vs I:Gor,2016,Unknown
Sei2Ure Vs N-Vitral,2016,Unknown
Da Mouth Of Madness,2016,Unknown
A-Kriv Vs Bartoch,2016,Unknown
Sandy Warez Vs Section Grabuge,2016,Unknown
Angerfist Vs Miss K8,2016,Unknown
Deterrent Man Vs Miss Enemy,2016,Unknown
Goetia,2016,Unknown
Didier Beydts,2016,Unknown
Rupert Harvey & Jln,2016,Unknown
Rafi Khan,2016,Unknown
Tom Dazing,2016,Commercial Dance
Nicole Rosie,2016,Unknown
Jeff Rushin,2016,Unknown
Amelie Lens,2016,"Electronica, Techno, Trance"
Massimo Mephisto,2016,Unknown
Deepend,2016,"Tech House, Traditional House"
Mike Mago,2016,Commercial Dance
Jonas Blue Ft. Dakota,2016,Unknown
Matoma,2016,"Electronica, Funk / R&B, Traditional House"
Sam Feldt,2016,Traditional House
Klingande,2016,"Deep House, Tropical House"
Thomas Jack,2016,"Progressive House, Funky House"
System Overload Vs Darkcontroller,2016,Unknown
Michael Calfan,2016,Traditional House
Cosmo,2016,"Electro House, Trance"
Sven Van Hees & Steve Cop,2016,Unknown
Olivier Pieters,2016,Unknown
Quincy,2016,Unknown
Marko De La Rocca,2016,Unknown
Franky Jones,2016,"Techno, Acid"
Da Hool,2016,Unknown
Zolex,2016,Unknown
Push,2016,"Trance, Progressive House"
Chace,2016,Unknown
The Galaxy,2016,Unknown
San Holo,2016,"Drum & Bass, Electronica, Trap"
Mightyfools,2016,Commercial Dance
Mike Cervello,2016,"Bass House, Electro House"
Cesqeaux,2016,"Electro House, Electronica, Trap"
Mustard,2016,Hip-Hop
Wiwek,2016,"Commercial Dance, Drum & Bass, Electronica, Traditional House"
Moksi,2016,"Pop House, Electro House"
Yellow Claw,2016,"Electro House, Electronica, Hip-Hop, Traditional House, Trap"
Jauz,2016,"Drum & Bass, Dubstep, Electronica, Traditional House, Trap"
Lny Tnz,2016,Hard Dance
Dimitri Vegas & Like Mike & Yves V,2015,Unknown
Mr_Fuzz,2015,Unknown
Bakermat,2016,Deep House
Michael Thoelen,2015,Unknown
Chantal,2015,Unknown
Dany Rodriguez,2015,Unknown
Prinz,2015,Techno
Goldfox,2015,"Electronic, Dance"
DJaxx & Neurotique,2015,Unknown
Stereo Killah,2015,Unknown
Kenn Colt,2015,"Electro House, Progressive House"
Jetfire,2015,Unknown
Romeo Blanco,2015,Commercial Dance
Coone,2015,Hard Dance
Surprise Gig,2015,Unknown
ATMO,2015,Trance
S1ngular,2015,Unknown
Mightyfools,2015,Commercial Dance
Dirtcaps,2015,"Drum & Bass, Hardcore Techno, Trap"
A*S*Y*S*,2015,Commercial Dance
ACTI,2015,Rap
Alex Kidd,2015,Hard Dance
Geck-O,2015,Unknown
Dr. Phunk,2015,Unknown
Audiofreq,2015,Hard Dance
LNY TNZ,2015,Hard Dance
Phrantic,2015,Unknown
Soulcity,2015,Electronic
Fuc Le Duc,2015,Unknown
Bafana & Hush Hefner,2015,Unknown
Broiler,2015,Unknown
FEDER,2015,"Commercial Dance, Electronica, Reggae"
Leesa,2015,Unknown
Niels Feijen,2015,Unknown
The Oddword,2015,Unknown
Michael Beltran,2015,Unknown
T.A.T.S,2015,Unknown
Lost Stories,2015,Unknown
MVTTN,2015,Unknown
Nexuz,2015,Unknown
DiMaro & Violinvasion,2015,Unknown
Double Pleasure,2015,House
Redondo,2015,Tech House
Franky Rizardo,2015,Commercial Dance
Makasi,2015,House
Amine Edge & Dance,2015,Commercial Dance
Neon,2015,Electronic
Megamen,2015,Unknown
Human Resource,2015,Commercial Dance
Ward,2015,"Disco, Funk, House"
2 Fabiola,2015,Unknown
Superfunk,2015,Unknown
Wooden Sound,2015,Unknown
Wout,2015,House
Johan Gielen,2015,Trance
Future Breeze,2015,Unknown
Ward,2015,"Disco, Funk, House"
Atmoz,2015,"Hardcore Techno, Techno, Traditional House, Trance"
Marnik,2015,"Electronica, Progressive House"
Qulinez,2015,Unknown
Uberjak'd,2015,Commercial Dance
Autoérotique,2015,Electro House
Ookay,2015,Commercial Dance
Crookers,2015,Electro House
Borgore,2015,Dubstep
Steve Aoki,2015,"Electro House, Indie / Underground"
Deorro,2015,Electro House
Keys N Krates,2015,"Electronica, Hip-Hop"
Chris Lorenzo,2015,"Drum & Bass, Traditional House"
The Bloody Beetroots (SBCR DJ SET),2015,Unknown
Dirtyphonics,2015,"Drum & Bass, Dubstep"
Chuckie,2015,Electro House
Coone,2015,Hard Dance
Mystique,2015,Hardstyle
Brian Cross,2015,"Tech House, Trance"
Promise Land,2015,Commercial Dance
Dzeko & Torres,2015,Progressive House
Syndicate of L.A.W.,2015,Unknown
FTampa,2015,Electro House
Firebeatz,2015,Electro House
Sidney Samson,2015,Traditional House
Yves V vs Sidney Samson,2015,Unknown
Yves V,2015,Progressive House
R3hab,2015,"Electro House, Progressive House"
Borgeous,2015,Commercial Dance
Quintino,2015,Electro House
Cheap Charly Men,2015,Unknown
Smos,2015,Band
Robert James,2015,Minimal
wAFF,2015,Commercial Dance
Patrick Topping,2015,Commercial Dance
Richy Ahmed,2015,Tech House
Cajmere,2015,Unknown
The Martinez Brothers,2015,Tech House
Jamie Jones,2015,Tech House
Xavier Shimtshack,2015,Unknown
Trashlagoon,2015,Unknown
Jose Maria Ramon,2015,Unknown
Parra For Cuva,2015,Unknown
Ade Kanon,2015,Unknown
Iris Menza,2015,Unknown
David Moreno,2015,Unknown
Dimitri Vangelis & Wyman,2015,Unknown
Riva Starr,2015,Tech House
Riva Starr B2B DJ Pierre,2015,Unknown
Derrick Carter,2015,Traditional House
Derrick Carter B2B Eats Everything,2015,Unknown
Mark Farina B2B Seth Troxler,2015,Unknown
Steve Aoki,2015,"Electro House, Indie / Underground"
Nick Van de Wall,2015,Unknown
Oliver Heldens,2015,"Electro House, Electronica, Techno"
Ummet Ozcan,2015,Trance
Dyro,2015,Progressive House
Romeo Blanco,2015,Commercial Dance
W&W,2015,Trance
Nicky Romero,2015,Progressive House
Alesso,2015,Progressive House
David Guetta,2015,Electro House
Avicii,2015,Unknown
Souza Malouza,2015,Unknown
Alvar & Millas,2015,Unknown
Siege,2015,"House, Techno"
Abel Ramos,2015,"Progressive House, Trance"
Shaan,2015,Unknown
Quentin Mosimann,2015,Unknown
Mike Hawkins,2015,Traditional House
Stadiumx,2015,"Electro House, Electronica, Progressive House, Tech House"
Sven Van Hees B2B Flapjackers,2015,Unknown
Blasterz,2015,Unknown
Wessel - S,2015,Unknown
Javi Row,2015,Unknown
Jon Rundell,2015,Techno
John Digweed,2015,"Tech House, Techno"
Monika Kruse,2015,"Tech House, Techno"
Nicole Moudaber,2015,Tech House
Dubfire,2015,Techno
Solomun,2015,Tech House
Carl Cox,2015,"Tech House, Techno"
DJ Luk & Mr Shake & Vox - D & DJ Barto,2015,Unknown
Jean de Gand,2015,Unknown
Double - U vs Skinnie,2015,Unknown
DJ Luk & Mr Shake & Vox - D & DJ Barto,2015,Unknown
Dimitri Wouters,2015,House
Deve & Matizz,2015,Unknown
Funk D,2015,"House, Techno"
DJ Luk & Vox - D & DJ Barto,2015,Unknown
Radio Ultra Modern - Friday,2015,Unknown
Rafi Khan ft. Shéhérazade,2015,Unknown
Audioboulevard,2015,Unknown
Phill Da Cunha ft. Alec,2015,Unknown
Cemode ft. Seelen,2015,Unknown
DJ Licious ft. Delafino,2015,Unknown
Albert Neve,2015,Progressive House
AN21,2015,Progressive House
Cazzette,2015,Electro House
Dave Lambert ft. Mr Grammy,2015,Unknown
Disco Dasco,2015,"Electronic, House"
Roma,2015,"Electronic, Dance"
DJ Philip ft. Joeri,2015,Unknown
Andrea Oliva,2015,"Minimal, Tech House"
Markus Schulz,2015,"Progressive House, Trance"
Fred Baker,2015,"Techno, Trance"
Menno De Jong,2015,Trance
Airscape,2015,Unknown
Tenishia,2015,"Progressive House, Trance"
Stadium4,2015,Unknown
Pure NRG (Live),2015,Unknown
Sean Tyas,2015,Trance
John O'Callaghan,2015,Trance
Orjan Nilsen,2015,Commercial Dance
Andrew Rayel,2015,Trance
Aly & Fila,2015,Trance
No shit like deep,2015,Unknown
Karotte,2015,Tech House
Caspar,2015,Unknown
Edu Imbernon,2015,Tech House
Don Cabron,2015,Unknown
2Dirty,2015,Unknown
Nico Morano,2015,"House, Techno"
Marc Romboy vs Stephan Bodzin,2015,Unknown
Wayback,2015,House
Sheridan,2015,Commercial Dance
Mashpop,2015,Unknown
Beauhause,2015,Unknown
Michael Midnight,2015,Unknown
Felix da Housecat,2015,Traditional House
Raving George,2015,Unknown
Ugur Yurt,2015,Tech House
Manu Riga & Matt Holiday,2015,Unknown
Relaunch,2015,"Traditional House, Trance"
Gai Barone,2015,Progressive House
Nico Parisi,2015,Progressive House
DJ Phi Phi,2015,Unknown
Jan Vervloet,2015,Progressive House
Bountyhunter,2015,"Hardcore, Gabber, Electronic"
Furax,2015,"Hardcore Techno, Traditional House"
DJ Ghost ft. MC Pyro,2015,Unknown
Yves Deruyter,2015,Trance
Franky Kloeck,2015,"Techno, Hard Trance"
Bonzai All Stars,2015,"Techno, Trance"
Matrix & Futurebound ft. Mc Rhymestar,2015,Unknown
Carbon,2015,"Chill Out, Drum & Bass, Electronica, Minimal, Psychedelic Trance"
Andhim,2015,"Progressive House, Tech House"
M&T,2015,Unknown
Station Earth B2B James Marvel,2015,Unknown
New Deal,2015,Commercial Dance
Murdock,2015,Drum & Bass
Nymfo,2015,Drum & Bass
Koven,2015,Drum & Bass
The Prototypes,2015,"Drum & Bass, Jungle"
Brookes Brothers,2015,Drum & Bass
DJ Marky,2015,"Drum & Bass, Jungle"
Kutski,2015,Hardcore Techno
Pat B,2015,Rock
Psyko Punkz,2015,Hardcore Techno
Frontliner,2015,Hardcore Techno
Atmozfears (live),2015,Unknown
Wildstylez,2015,Hard Dance
Coone,2015,Hard Dance
Noisecontrollers,2015,Hardcore Techno
Brennan Heart,2015,Hard Dance
B - Front ft. Hard Driver,2015,Unknown
Ran - D,2015,Unknown
Evil Activities,2015,Hardcore Techno
Thomas Newson,2015,Commercial Dance
JETFIRE,2015,Unknown
Tom & Jame,2015,"Commercial Dance, Electronica, Traditional House"
The Offenders,2015,Unknown
Joey Dale,2015,"Electro House, Electronica, Progressive House"
Julian Calor,2015,Unknown
Kill The Buzz,2015,Commercial Dance
Sick Individuals,2015,Progressive House
Dannic,2015,Progressive House
Hardwell,2015,"Electro House, Progressive House"
Dyro,2015,Progressive House
Headhunterz,2015,Hard Dance
Jordy Dazz,2015,Commercial Dance
Fred Hush,2015,Unknown
Seth Troxler,2015,"Tech House, Techno"
Dana Ruh,2015,Commercial Dance
Markus Fix,2015,Electronica
Josh Wink,2015,"Tech House, Techno"
Maceo Plex,2015,Tech House
Sven Väth,2015,Techno
X - Ian,2015,Unknown
Jose Maria Ramon,2015,Unknown
Trashlagoon,2015,Unknown
Parra For Cuva,2015,Unknown
Nathan Fix,2015,Unknown
Merdan Taplak,2015,Unknown
Prinz,2015,Techno
Jensen,2015,"Techno, Electro"
Manse,2015,Metal
Deetron,2015,Techno
Aril Brikha,2015,"Minimal, Techno"
Oliver Dollar,2015,House
FCL ft. Lady Linn,2015,Unknown
Mousse T,2015,Electro House
Martin Solveig,2015,Electro House
R3hab,2015,"Electro House, Progressive House"
Otto Knows,2015,Traditional House
Deorro,2015,Electro House
Blasterjaxx,2015,Commercial Dance
Dillon Francis,2015,Electro House
Yves V,2015,Progressive House
Martin Garrix,2015,Electro House
Armin Van Buuren,2015,Trance
Dimitri Vegas & Like Mike,2015,Electro House
Axwell ^ Ingrosso,2015,Unknown
Davidov,2015,Unknown
Dominico,2015,Tech House
Reygel & Peri,2015,Unknown
Henrik B,2015,Progressive House
Stereo Killah,2015,Unknown
Danny Wade,2015,Unknown
Pierce Fulton,2015,Progressive House
Made in June,2015,Unknown
Prosumer,2015,Traditional House
Lush & Simon,2015,Commercial Dance
That's Who,2015,Unknown
MOTi,2015,"Electro House, Progressive House, Tech House"
D.O.D,2015,Electro House
Chocolate Puma,2015,Traditional House
Tom Staar vs Kryder,2015,Unknown
Don Diablo,2015,Progressive House
VINAI,2015,Big Room House
The Chainsmokers,2015,Commercial Dance
Sander Van Doorn,2015,Trance
Laidback Luke,2015,Electro House
Martin Solveig,2015,Electro House
Superheroes,2015,Unknown
Krewella,2015,Electro House
Many Moore,2015,House
Basement Sounds,2015,Unknown
Coin ft. Swa,2015,Unknown
Thim,2015,House
Mathy,2015,Unknown
Luca Barassii & Seelen,2015,Unknown
Greg Lamore vs Jay Lee Hudson,2015,Unknown
Thierry von der Warth,2015,Unknown
Laurent Wery,2015,"Electronic, Dance, House"
Radio Ultra Modern - Saturday,2015,Unknown
Sebjak,2015,Commercial Dance
Jochen Miller,2015,Trance
Marco V & Thomas Newson,2015,Unknown
Jacob Van Hage,2015,"Traditional House, Trance"
Cosmic Gate,2015,"Progressive House, Trance"
MaRLo,2015,Trance
Mark Sherry,2015,Trance
Audien,2015,"Progressive House, Trance"
Ferry Corsten,2015,Trance
Bryan Kearney,2015,Trance
Spacid,2015,Unknown
Rødhåd,2015,"Minimal, Techno"
Marcel Fengler,2015,Techno
Kr!z,2015,Unknown
Luke Slater,2015,Techno
Speedy J,2015,Techno
Gary Beck,2015,"Tech House, Techno"
Johannes Heil live,2015,Unknown
DJ Domi Ré,2015,Unknown
Jackie White,2015,Unknown
Day.Din,2015,Trance
Bizarre Tribe,2015,Unknown
Electro Sun,2015,"Psychedelic Trance, Trance"
Firaga,2015,Psytrance
Astral Projection,2015,"Psychedelic Trance, Trance"
Lucky Charmes,2015,Unknown
MVMNT,2015,Unknown
Christian82,2015,Unknown
Robbert Humble,2015,Unknown
Gewelt,2015,Unknown
Goldfox,2015,"Electronic, Dance"
De Sluwe Vos,2015,Unknown
Dominik Eulberg,2015,Electro House
Moonlight Matters,2015,Unknown
Sven Van Hees,2015,"Chill Out, Traditional House"
The Mackenzie,2015,Unknown
Systematic Parts,2015,Unknown
Marko de La Rocca,2015,Unknown
Youri Parker,2015,Unknown
Quincy,2015,Unknown
Jam El Mar aka Jam & Spoon,2015,Unknown
Zolex,2015,Unknown
Joe T Vannelli,2015,Unknown
Franky Jones,2015,"Techno, Acid"
M.I.K.E. / Push,2015,Unknown
Zzino,2015,Unknown
Francois,2015,Tech House
Ronald V,2015,Unknown
Lowriderz,2015,Unknown
Mark with a K,2015,Hard Dance
Astrix,2015,Psychedelic Trance
Ruthless,2015,Hardcore Techno
Luna,2015,"Synthpop, Trip Hop, Uk Garage"
Darkraver,2015,"Electro House, Hard Dance"
Paul Elstak,2015,Hardcore Techno
The Viper,2015,Band
Vince,2015,Rock
Boostedkids,2015,Unknown
Mambo Brothers,2015,House
Fox Stevenson,2015,Future Bass
Lost Frequencies,2015,"Electro House, Electronica, Traditional House"
Danny Howard,2015,Commercial Dance
Regi B2B Dave Till,2015,Unknown
Carnage,2015,"Dubstep, Hip-Hop, Trap"
Bassjackers,2015,Electro House
Ummet Ozcan,2015,Trance
Benny Benassi,2015,Electro House
Dimitri Vegas & Like Mike,2015,Electro House
Wolfpack,2015,"Commercial Dance, Electro House, Progressive House"
Tom Leclercq,2015,Unknown
Peter Luts,2015,Commercial Dance
Sem Thomasson,2015,Progressive House
Manuel De La Mare,2015,"Traditional House, Techno"
Kenn Colt,2015,"Electro House, Progressive House"
Dave Lambert,2015,Traditional House
Dr Rude,2015,Unknown
Sunnery James & Ryan Marciano,2015,Electro House
Bingo Players,2015,Progressive House
Fedde Le Grand,2015,Progressive House
Bob Sinclar,2015,Traditional House
Bollen & Fichtner,2015,Unknown
Fabio Florido,2015,Unknown
Justin James,2015,Commercial Dance
Julian Jeweil,2015,Techno
Marc Houle,2015,"Minimal, Tech House"
Matador,2015,Techno
Gaiser,2015,Techno
Richie Hawtin,2015,"Tech House, Techno"
Const,2015,"Chiptune, Hardcore, Techno"
Ozan,2015,Commercial Dance
Trashlagoon,2015,Unknown
Parra For Cuva,2015,Unknown
Luis del Villar,2015,Commercial Dance
Barry Fore,2015,Commercial Dance
Yamo,2015,"Electronic, Experimental"
Kong,2015,Commercial Dance
DC Salas,2015,"Electronic, Techno"
Arches,2015,Traditional House
Surfing Leons,2015,Unknown
Huxley,2015,"Commercial Dance, Electronica"
Funkerman,2015,Progressive House
MK,2015,Commercial Dance
Route 94,2015,Deep House
Bob Moses,2015,Tech House
Markus Schulz,2015,"Progressive House, Trance"
Arty,2015,"Progressive House, Trance"
Dannic,2015,Progressive House
DVBBS,2015,Commercial Dance
Chuckie,2015,Electro House
Nervo,2015,"Electro House, Progressive House"
Steve Angello,2015,Progressive House
Afrojack,2015,"Electro House, Progressive House"
Hardwell,2015,"Electro House, Progressive House"
Tiesto,2015,"Commercial Dance, Big Room"
3 Are Legend,2015,"Commercial Dance, Electro House, Electronica, Hard Dance, Techno"
Dave202,2015,"Hard Dance, Trance"
Mathy,2015,Unknown
Back To Basicz Soundsystem,2015,Unknown
Kenneth G,2015,"Electro House, Progressive House"
Didrick,2015,Unknown
Albin Myers,2015,"Electro House, Progressive House"
Jay Cosmic,2015,Commercial Dance
Tom Swoon,2015,Electro House
Julia Carpenter,2015,Unknown
Steve Romani & The Addiction,2015,Unknown
Pete Tong,2015,Traditional House
The Symphony of Unity,2015,Unknown
Pierre,2015,Traditional House
Green Velvet,2015,"Traditional House, Techno"
Chris Liebing,2015,Techno
Paul Kalkbrenner (Live),2015,Unknown
Dave Clarke,2015,"Electro House, Techno"
Rafi Khan,2015,Unknown
Nukov & Yelmet,2015,Unknown
Tom Dazing,2015,Commercial Dance
A. Brehme,2015,Unknown
Steve Cop,2015,Unknown
Svemirski,2015,Unknown
Mirella Kroes,2015,Unknown
GO!DIVA,2015,"Minimal, Techno"
Manone,2015,Unknown
Radio Ultra Modern - Sunday,2015,Unknown
Dante Klein,2015,"Electronica, Tech House, Traditional House"
The Avener,2015,Unknown
Klingande,2015,"Deep House, Tropical House"
Thomas Jack,2015,"Progressive House, Funky House"
Alle Farben,2015,"Tech House, Techno, Deep House"
Robin Schulz,2015,Commercial Dance
Bakermat,2015,Deep House
Oliver Heldens,2015,"Electro House, Electronica, Techno"
Delafino,2015,House
Mike Cervello,2015,"Bass House, Electro House"
San Holo,2015,"Drum & Bass, Electronica, Trap"
Vicetone,2015,"Commercial Dance, Electronica, Progressive House, Traditional House"
Jebroer ft. Stepherd & Skinto,2015,Unknown
Cesqeaux,2015,"Electro House, Electronica, Trap"
Moksi,2015,"Pop House, Electro House"
Dillon Francis,2015,Electro House
Wiwek,2015,"Commercial Dance, Drum & Bass, Electronica, Traditional House"
Yellow Claw,2015,"Electro House, Electronica, Hip-Hop, Traditional House, Trap"
GTA,2015,Electro House
Headhunterz,2015,Hard Dance
ROTTERDAM TERROR CORPS,2015,Unknown
Dimitri Vegas & Like Mike & Yves V,2014,Unknown
Stu Bru DJ Contest,2014,Unknown
Lennergy,2014,Unknown
Const,2014,"Chiptune, Hardcore, Techno"
Mylan,2014,Unknown
Yamo,2014,"Electronic, Experimental"
DJaxx & Neurotique,2014,Unknown
Prinz,2014,Techno
Double Pleasure,2014,House
Makasi,2014,House
MegaMen,2014,Unknown
Sem Thomasson,2014,Progressive House
Davoodi,2015,Unknown
Romeo Blanco,2014,Commercial Dance
Ghost,2014,Rock
Two Times Four,2014,Unknown
Donnie Darko,2014,Unknown
Argy,2014,Techno
Dirtcaps,2014,"Drum & Bass, Hardcore Techno, Trap"
A*S*Y*S,2014,Commercial Dance
The Oddword,2014,Unknown
Geck-O,2014,Unknown
Mightyfools,2014,Commercial Dance
Alex Kidd,2014,Hard Dance
ACTI,2014,Rap
Audiofreq,2014,Hard Dance
Rob Low,2014,Unknown
Cheap Charly Men,2014,Unknown
Mark Jenkyns,2014,Unknown
Russ Yallop,2014,Techno
Dixon,2014,Techno
wAFF,2014,Commercial Dance
Richy Ahmed,2014,Tech House
Art Department,2014,Tech House
Jamie Jones,2014,Tech House
Foxy Lady Ft Mc Elvee,2014,Unknown
Nathan Fix & Meffew,2014,Unknown
The Oddword,2014,Unknown
Tripleks b2b WSSRT,2014,Unknown
Les Mecs,2014,Unknown
Lexis,2014,Commercial Dance
Lextravaganza,2014,Unknown
Black Tropics,2014,Unknown
Bontan,2014,Commercial Dance
Kill Frenzy,2014,Tech House
Michael Thoelen,2014,Unknown
Merdan Taplak,2014,Unknown
Fred Nova,2014,Unknown
Dominico,2014,Tech House
Greg Bouvin,2014,Unknown
Yamo,2014,"Electronic, Experimental"
Joey Suki,2014,Unknown
Blasterz,2014,Unknown
Starkillers,2014,"Electro House, Progressive House"
Kryder,2014,"Progressive House, Tech House"
Tom Staar,2014,Commercial Dance
Steve Romani & The Addiction,2014,Unknown
Kiani & his Legion,2014,Unknown
Âme,2014,Minimal
George Fitzgerald,2014,"Commercial Dance, Synthpop"
Deetron,2014,Techno
KiNK,2014,Commercial Dance
Robin Schulz,2014,Commercial Dance
Coone,2014,Hard Dance
Garmiani,2014,Unknown
Tony Junior,2014,Commercial Dance
Keys N Krates,2014,"Electronica, Hip-Hop"
The Chainsmokers,2014,Commercial Dance
Deorro,2014,Electro House
Borgore,2014,Dubstep
Steve Aoki,2014,"Electro House, Indie / Underground"
Benny Benassi,2014,Electro House
Felix Cartal b2b Autoerotique,2014,Unknown
Joachim Garraud,2014,Electro House
Dirtyphonics,2014,"Drum & Bass, Dubstep"
Yellow Claw,2014,"Electro House, Electronica, Hip-Hop, Traditional House, Trap"
Kenn Colt,2014,"Electro House, Progressive House"
Sem Thomasson,2014,Progressive House
Savage Skulls,2014,Traditional House
Davoodi,2014,Unknown
Paper Diamond,2014,Unknown
Trippy Turtle,2014,"Club Music, Jersey Club, Hip-Hop"
The Partysquad,2014,Commercial Dance
Zeds Dead,2014,Dubstep
DJ Snake,2014,"Electronica, Hard Dance, Trap"
Flosstradamus,2014,Electro House
Dillon Francis,2014,Electro House
FCL ft. Lady Linn,2014,Unknown
Mystique,2014,Hardstyle
Michael Beltran,2014,Unknown
2Empress,2014,Unknown
Double Pleasure,2014,House
Michael Calfan,2014,Traditional House
Franky Rizardo,2014,Commercial Dance
Oliver Heldens,2014,"Electro House, Electronica, Techno"
The Flexican & MC Sef,2014,Unknown
Makasi,2014,House
The Opposites,2014,Unknown
MegaMen,2014,Unknown
DiMaro,2014,House
Neon,2014,Electronic
Eric Prydz,2014,Progressive House
Wolfpack,2014,"Commercial Dance, Electro House, Progressive House"
Dirty South,2014,"Electro House, Progressive House"
NERVO,2014,"Electro House, Progressive House"
Dada Life,2014,"Electro House, Progressive House"
Yves V,2014,Progressive House
Skrillex,2014,Dubstep
Martin Solveig,2014,Electro House
Dimitri Vegas & Like Mike,2014,Electro House
Armin Van Buuren,2014,Trance
Guy J,2014,"Tech House, Techno"
Diplo,2014,"Electro House, Indie / Underground"
Cassy,2014,"Tech House, Techno"
John Digweed,2014,"Tech House, Techno"
Marco Bailey,2014,"Tech House, Techno"
Adam Beyer,2014,Techno
Loco Dice,2014,"Tech House, Techno"
Carl Cox,2014,"Tech House, Techno"
Max Graham vs Protoculture,2014,Unknown
Fast Distance,2014,"Chill Out, Trance"
Fred Baker,2014,"Techno, Trance"
Jorn Van Deynhoven,2014,Trance
Bryan Kearney,2014,Trance
KhoMha,2014,"Progressive House, Trance"
Andrew Rayel,2014,Trance
Orjan Nilsen,2014,Commercial Dance
Paul Oakenfold,2014,Trance
Menno De Jong,2014,Trance
Team 140,2014,Unknown
Sean Tyas,2014,Trance
Paul Elstak,2014,Hardcore Techno
Ward,2014,"Disco, Funk, House"
DJ Jean ft. Mc Boogshe,2014,Unknown
AtmoZ SoundZ,2014,Unknown
Johan Gielen,2014,Trance
Rank 1,2014,Trance
Yousef,2014,Traditional House
Ward vs Doridzie,2014,Unknown
Back In Time,2014,Unknown
Charlie Lownoise and Mental Theo,2014,Unknown
DJ P Jay & DJ Vox-D & DJ Barto & DJ Luk,2014,Unknown
Double-U vs Skinnie,2014,Unknown
Jean de Gand,2014,Unknown
DJ P Jay & DJ Vox-D & DJ Barto & DJ Luk,2014,Unknown
Dimitri Wouters,2014,House
Deve & Matizz,2014,Unknown
Funk D,2014,"House, Techno"
DJ P Jay & DJ Vox-D & DJ Barto & DJ Luk,2014,Unknown
Radio Ultra Modern - Friday,2014,Unknown
Roma,2014,"Electronic, Dance"
Larsson ft. Diego Remes,2014,Unknown
Audioboulevard,2014,Unknown
Licious ft. Delafino,2014,Unknown
Funkerman,2014,Progressive House
Phill Da Cunha & Dave Lambert,2014,Unknown
Cemode & Seelen,2014,Electronic
AN21,2014,Progressive House
Nico Morano & Jean Delaru,2014,Unknown
DJ Philip & Joeri,2014,Unknown
Roger Sanchez,2014,Traditional House
Disco Dasco,2014,"Electronic, House"
Darude,2014,"Progressive House, Trance"
Bollen & Fichtner,2014,Unknown
Eats Everything,2014,Traditional House
Don Cabron,2014,Unknown
Hernan Cattaneo,2014,"Progressive House, Tech House"
Caspar,2014,Unknown
Pleasurekraft,2014,Tech House
don Santos,2014,Unknown
PAN-POT,2014,"Minimal, Techno"
Hermanez b2b Massimo Girardi,2014,Unknown
Joachim,2014,"Eperimental, Industrial, Synthpop, Ambient"
Martinez,2014,Tech House
Seth Troxler,2014,"Tech House, Techno"
Maya Jane Coles,2014,Tech House
Premiesku (live),2014,Unknown
Popof,2014,Techno
Sven Väth,2014,Techno
Prinz of Darkness,2014,Unknown
Mophito,2014,Unknown
Ojek,2014,Commercial Dance
Beauhause,2014,Unknown
Maxim Lany,2014,"House, Deep House"
Gewelt,2014,Unknown
Michael Midnight,2014,Unknown
Compuphonic,2014,Traditional House
The Creamminals,2014,Unknown
Solina,2014,Reggaeton
Jacck The DJ,2014,Unknown
Kaz James,2014,Commercial Dance
Cooper,2014,"Balearic, House"
Adam De Great,2014,Unknown
Thomas Newson,2014,Commercial Dance
Pierce Fulton,2014,Progressive House
DBN,2014,Traditional House
Ashley Wallbridge,2014,"Progressive House, Trance"
Felguk,2014,Electro House
Gregori Klosman,2014,Unknown
Reygel & Peri,2014,Unknown
Rebel,2014,Rock
Bonzai All Stars,2014,"Techno, Trance"
DJ Fire,2014,Electronic
CP,2014,Rock
Nico Parisi,2014,Progressive House
Eric Powa B,2014,Unknown
Yves Deruyter,2014,Trance
Airwave,2014,"Progressive House, Psychedelic Trance"
Phi Phi,2014,"Progressive House, Trance"
Franky Kloeck,2014,"Techno, Hard Trance"
Zolex,2014,Unknown
DJ Ghost ft. Mc Pyro,2014,Unknown
Goldfox,2014,"Electronic, Dance"
Partyraiser ft Mc Syco,2014,Unknown
Kutski,2014,Hardcore Techno
Wasted Penguinz (live),2014,Unknown
Wildstylez,2014,Hard Dance
Atmozfears (live),2014,Unknown
Psyko Punkz,2014,Hardcore Techno
Brennan Heart,2014,Hard Dance
Frontliner,2014,Hardcore Techno
Coone,2014,Hard Dance
Noisecontrollers,2014,Hardcore Techno
Zatox,2014,Hard Dance
Endymion b2b Frequencerz,2014,Unknown
Angerfist (live),2014,Unknown
Firebeatz,2014,Electro House
Mell Tierra,2014,Unknown
D-wayne,2014,Commercial Dance
DubVision,2014,"Electro House, Progressive House, Traditional House"
Will Sparks,2014,Commercial Dance
Sidney Samson,2014,Traditional House
Dannic,2014,Progressive House
Tommy Trash,2014,"Electro House, Progressive House"
Bingo Players,2014,Progressive House
Sander Van Doorn,2014,Trance
Sander Van Doorn b2b Yves V,2014,Unknown
M.I.K.E Push,2014,Unknown
Josh Lasden,2014,Unknown
John 00 Fleming,2014,Trance
Neelix,2014,Psychedelic Trance
Yahel,2014,Trance
Talamasca,2014,"Psychedelic Trance, Trance"
GMS,2014,"Chill Out, Trance"
Firaga,2014,Psytrance
Astrix,2014,Psychedelic Trance
Skazi,2014,Trance
Hardwell & Tiesto,2014,Unknown
Sunnery James & Ryan Marciano,2014,Electro House
Deorro,2014,Electro House
Dyro,2014,Progressive House
New World Punx,2014,Commercial Dance
Kaskade,2014,Progressive House
Afrojack,2014,"Electro House, Progressive House"
Netsky,2014,Drum & Bass
Alesso,2014,Progressive House
Hardwell,2014,"Electro House, Progressive House"
Tiesto,2014,"Commercial Dance, Big Room"
Marc Benjamin,2014,Unknown
D.O.D,2014,Electro House
Sandro Silva,2014,"Electro House, Progressive House"
DVBBS,2014,Commercial Dance
Yves V,2014,Progressive House
Laidback Luke,2014,Electro House
Nero,2014,Commercial Dance
"Superman, Spiderman & Batman",2014,Unknown
Knife Party,2014,"Dubstep, Electro House"
Pretty Lights,2014,"Electronica, Funk / R&B"
Goldie,2014,"Drum & Bass, Commercial Dance"
Phase,2014,Commercial Dance
Station Earth,2014,Unknown
M&T ft. Mc Mota & Mc Akespeare,2014,Unknown
Marvel,2014,Drum & Bass
New Deal,2014,Commercial Dance
Lenzman,2014,Commercial Dance
Ulterior Motive,2014,Commercial Dance
Dillinja,2014,Drum & Bass
Shy Fx ft. Stamina Mc,2014,Unknown
Special Guest: Sub Focus ft. ID,2014,Unknown
Spacid,2014,Unknown
Rebekah,2014,Techno
Jeff Mills,2014,"Traditional House, Techno"
Ben Klock,2014,Techno
Kr!z,2014,Unknown
Mark Broom,2014,Techno
Pfirter,2014,Unknown
Chris Liebing,2014,Techno
Blasterjaxx,2014,Commercial Dance
Greg Lamore vs Jay Lee Hudson ft. Coin,2014,Unknown
Commonphase,2014,Unknown
Thim,2014,House
Luca Barassi & Fré,2014,Unknown
Radio Ultra Modern - Saturday,2014,Unknown
Jochen Miller,2014,Trance
Marco V,2014,"Progressive House, Trance"
Sick Individuals,2014,Progressive House
Thomas Newson,2014,Commercial Dance
Audien,2014,"Progressive House, Trance"
Sied Van Riel,2014,Trance
Ferry Corsten,2014,Trance
Aly & Fila B2B John O'Callaghan,2014,Unknown
Flapjackers,2014,Unknown
The Martinez Brothers,2014,Tech House
Inland Knights,2014,Unknown
Hot Since 82,2014,Commercial Dance
DJ Sneak b2b Mark Farina,2014,Unknown
Derrick Carter,2014,Traditional House
Bella Sarris,2014,"Tech House, Deep House"
Marc Faenger,2014,Unknown
Joran Van Pol,2014,Unknown
Ida Engberg,2014,Techno
Paco Osuna,2014,"Tech House, Techno"
Basement Sounds,2014,Unknown
Gaiser,2014,Techno
Richie Hawtin,2014,"Tech House, Techno"
Jules X,2014,Unknown
Lucy Fox A Lot,2014,Unknown
Hush Hefner,2014,Unknown
FeestDJRuud,2014,"Dutch House, Moombahton"
Skyve,2014,"Techno, House"
The Whatevers,2014,Unknown
TLP,2014,Unknown
Laston & Geo,2014,Unknown
Survivor Tag Team,2014,Unknown
Hindu Radio DJ's,2014,Unknown
X-ian,2014,Unknown
Delafino vs Niels Feijen,2014,Unknown
Albert Neve,2014,Progressive House
Plastik Funk,2014,Electro House
Tom Leclercq,2014,Unknown
Stafford Brothers,2014,Traditional House
Jay Hardway,2014,Commercial Dance
HIIO,2014,Commercial Dance
Dave Lambert,2014,Traditional House
Mr Moustache vs Smith Davis,2014,Unknown
Point.Blank,2014,Unknown
The Offenders,2014,Unknown
Maceo Plex,2014,Tech House
NGA Sound,2014,Unknown
Nicon & Mc Swift,2014,Unknown
North Base,2014,Unknown
Murdock,2014,Drum & Bass
Nadus,2014,"Trap, Dubstep, Electro House, Big Room"
Emalkay,2014,Dubstep
Rusko,2014,Dubstep
Cosmic Gate,2014,"Progressive House, Trance"
Markus Schulz,2014,"Progressive House, Trance"
Makus Schulz B2B Cosmic Gate,2014,Unknown
Markus Schulz,2014,"Progressive House, Trance"
Paul Van Dyk,2014,Trance
Dave Till,2014,Unknown
Ibranovski,2014,"Electronica, Hip-Hop, Traditional House"
Tujamo,2014,Traditional House
Alvaro ft. MC KC Jones,2014,Unknown
Moguai,2014,"Electro House, Progressive House"
Ummet Ozcan,2014,Trance
Regi,2014,"Trance, Big Room House"
Fedde Le Grand,2014,Progressive House
Redfoo,2014,Electro House
Dimitri Vegas & Like Mike,2014,Electro House
Wolfpack,2014,"Commercial Dance, Electro House, Progressive House"
DIMMI,2014,Traditional House
After 12,2014,Unknown
Nico Pusch,2014,Unknown
Wankelmut,2014,"Electronica, Hip-Hop, Traditional House, Trap"
Klingande,2014,"Deep House, Tropical House"
Lexer,2014,"Commercial Dance, Electronica, Tech House"
Alle Farben,2014,"Tech House, Techno, Deep House"
Bakermat,2014,Deep House
Tube & Berger,2014,Tech House
AN21 & Max Vangeli,2014,Unknown
R3hab,2014,"Electro House, Progressive House"
Krewella,2014,Electro House
W&W,2014,Trance
Nicky Romero,2014,Progressive House
Steve Angello,2014,Progressive House
David Guetta,2014,Electro House
Steve Aoki,2014,"Electro House, Indie / Underground"
3 Are Legend,2014,"Commercial Dance, Electro House, Electronica, Hard Dance, Techno"
Pierre,2014,Traditional House
Heidi,2014,Traditional House
Octave One (Live),2014,Unknown
Marcel Fengler,2014,Techno
Green Velvet,2014,"Traditional House, Techno"
Vitalic (live),2014,Unknown
Paul Kalkbrenner (Live),2014,Unknown
Dave Clarke,2014,"Electro House, Techno"
Cleavage,2014,Unknown
Dr. Phunk,2014,Unknown
Akyra,2014,Hardcore
Massiv & The Rebel,2014,Unknown
Ruthless,2014,Hardcore Techno
Balistic,2014,Unknown
Darkraver,2014,"Electro House, Hard Dance"
Paul Elstak,2014,Hardcore Techno
Korsakoff,2014,"Hardcore Techno, Psychedelic Trance"
Mental Theo,2014,Unknown
Evil Activities,2014,Hardcore Techno
Bad Dancer,2014,Unknown
Junior,2014,Minimal
Sound Pellegrino Thermal Team,2014,Unknown
Boston Bun,2014,Unknown
Surfing Leons,2014,Unknown
Skream,2014,Commercial Dance
Busy P,2014,Indie / Underground
Erol Alkan,2014,"Electro House, Indie / Underground"
Kolombo,2014,Commercial Dance
The Magician,2014,Indie / Underground
Gols,2014,Unknown
The Jelly Bellies,2014,Unknown
Yannick Robyns,2014,Commercial Dance
Esther Duijn,2014,Commercial Dance
Giocatori,2014,Unknown
Tom Dazing,2014,Commercial Dance
Trixy,2014,"Hardstyle, Rawstyle, Electronic"
Redhead,2014,Unknown
Radio Ultra Modern - Sunday,2014,Unknown
Cosmo,2014,"Electro House, Trance"
Fred Nasen,2014,Unknown
The Mackenzie,2014,Unknown
Youri Parker,2014,Unknown
Marko de La Rocca,2014,Unknown
Quincy,2014,Unknown
Olivier Pieters,2014,Unknown
Jaydee,2014,"Progressive House, Tech House"
Carat Trax (live),2014,Unknown
Da Hool,2014,Unknown
Push (Live),2014,Unknown
Franky Jones,2014,"Techno, Acid"
Dimitri Vegas & Like Mike & Yves V,2014,Unknown
Tripleks,2014,Unknown
Const,2014,"Chiptune, Hardcore, Techno"
Dave Brody,2014,Unknown
Niobeat,2014,Unknown
Licious,2014,Traditional House
DJaxx & Neurotique,2014,Unknown
Goldfox,2014,"Electronic, Dance"
Svemirski,2014,Unknown
Mumbai Science,2014,Unknown
Raving George,2014,Unknown
Mystique & Neon,2014,Unknown
Nicolaz,2014,Unknown
Murdock,2014,Drum & Bass
Wolfpack,2014,"Commercial Dance, Electro House, Progressive House"
Two Times Four,2014,Unknown
Donnie Darko,2014,Unknown
Argy,2014,Techno
Dirtcaps,2014,"Drum & Bass, Hardcore Techno, Trap"
A*S*Y*S,2014,Commercial Dance
The Oddword,2014,Unknown
Geck-O,2014,Unknown
Mightyfools,2014,Commercial Dance
Alex Kidd,2014,Hard Dance
ACTI,2014,Rap
Audiofreq,2014,Hard Dance
FlatFish,2014,Unknown
Zoet & Hartelijk,2014,Unknown
Mark Jenkyns,2014,Unknown
wAFF,2014,Commercial Dance
Russ Yallop,2014,Techno
Richy Ahmed,2014,Tech House
Dixon,2014,Techno
Prinz,2014,Techno
Jamie Jones,2014,Tech House
Foxy Lady Ft Mc Elvee,2014,Unknown
Poldoore,2014,Unknown
Peregrine,2014,Unknown
Kong & Gratts,2014,Unknown
Bafana & Bromin,2014,Unknown
Raffa Ciello,2014,Unknown
Compuphonic,2014,Traditional House
Robin Schulz,2014,Commercial Dance
Borealis,2014,Unknown
Kill Frenzy,2014,Tech House
Solina,2014,Reggaeton
Barry Fore vs Frederick Stone,2014,Unknown
Ben Bastion,2014,Unknown
Jetlag,2014,Altrock
Alvar & Millas,2014,Unknown
Helena,2014,Traditional House
Bridges for Music pr. Lavish 189,2014,Unknown
Shaan,2014,Unknown
Bassjackers,2014,Electro House
Albin Myers,2014,"Electro House, Progressive House"
Michael Woods,2014,Progressive House
Stockholm Syndrome,2014,Unknown
Kiani & his Legion,2014,Unknown
Art Department,2014,Tech House
FCL ft. Lady Linn,2014,Unknown
Âme,2014,Minimal
Deetron,2014,Techno
George Fitzgerald,2014,"Commercial Dance, Synthpop"
Coone,2014,Hard Dance
Tony Junior,2014,Commercial Dance
Uberjak'd,2014,Commercial Dance
Keys N Krates,2014,"Electronica, Hip-Hop"
Joachim Garraud,2014,Electro House
Carnage,2014,"Dubstep, Hip-Hop, Trap"
Felix Cartal b2b Autoerotique,2014,Unknown
Steve Aoki,2014,"Electro House, Indie / Underground"
Benny Benassi,2014,Electro House
Borgore,2014,Dubstep
The Chainsmokers,2014,Commercial Dance
Dirtyphonics,2014,"Drum & Bass, Dubstep"
Yellow Claw,2014,"Electro House, Electronica, Hip-Hop, Traditional House, Trap"
Peter Luts,2014,Commercial Dance
Tom Leclercq,2014,Unknown
Savage Skulls,2014,Traditional House
Paper Diamond,2014,Unknown
Davoodi,2014,Unknown
Trippy Turtle,2014,"Club Music, Jersey Club, Hip-Hop"
The Partysquad,2014,Commercial Dance
KiNK,2014,Commercial Dance
Flosstradamus,2014,Electro House
Dillon Francis,2014,Electro House
DJ Snake,2014,"Electronica, Hard Dance, Trap"
Diplo,2014,"Electro House, Indie / Underground"
Mystique,2014,Hardstyle
Nexuz,2014,Unknown
Oliver Heldens,2014,"Electro House, Electronica, Techno"
2Empress,2014,Unknown
Kygo,2014,Commercial Dance
Franky Rizardo,2014,Commercial Dance
Amro,2014,Hip-Hop
The Flexican & MC Sef,2014,Unknown
Florian Picasso,2014,Electro House
Makasi,2014,House
The Opposites,2014,Unknown
MegaMen,2014,Unknown
DiMaro,2014,House
Neon,2014,Electronic
Eric Prydz,2014,Progressive House
Dannic,2014,Progressive House
NERVO,2014,"Electro House, Progressive House"
Diplo,2014,"Electro House, Indie / Underground"
Martin Garrix,2014,Electro House
Yves V,2014,Progressive House
Zeds Dead,2014,Dubstep
Armin Van Buuren,2014,Trance
Dimitri Vegas & Like Mike,2014,Electro House
Knife Party,2014,"Dubstep, Electro House"
Jon Rundell,2014,Techno
Just Be (Bushwacka!),2014,Unknown
Marco Bailey,2014,"Tech House, Techno"
Nicole Moudaber,2014,Tech House
Umek,2014,"Tech House, Techno"
Loco Dice,2014,"Tech House, Techno"
Adam Beyer,2014,Techno
Carl Cox,2014,"Tech House, Techno"
Max Graham vs Protoculture,2014,Unknown
Fred Baker,2014,"Techno, Trance"
MaRLo,2014,Trance
Menno De Jong,2014,Trance
Bryan Kearney,2014,Trance
Omnia,2014,"Progressive House, Trance"
Andrew Rayel,2014,Trance
Orjan Nilsen,2014,Commercial Dance
Paul Oakenfold,2014,Trance
Jorn Van Deynhoven,2014,Trance
Team 140,2014,Unknown
Sean Tyas,2014,Trance
Charlie Lownoise and Mental Theo,2014,Unknown
Avicii,2014,Unknown
DJ Jean ft. Mc Boogshe,2014,Unknown
AtmoZ SoundZ,2014,Unknown
Johan Gielen,2014,Trance
Rank 1,2014,Trance
Darude,2014,"Progressive House, Trance"
Ward vs Doridzie,2014,Unknown
Back In Time,2014,Unknown
Paul Elstak,2014,Hardcore Techno
DJ P Jay & DJ Vox-D & DJ Barto & DJ Luk,2014,Unknown
Double-U vs Skinnie,2014,Unknown
Jean de Gand,2014,Unknown
DJ P Jay & DJ Vox-D & DJ Barto & DJ Luk,2014,Unknown
Dimitri Wouters,2014,House
Deve & Matizz,2014,Unknown
Funk D,2014,"House, Techno"
DJ P Jay & DJ Vox-D & DJ Barto & DJ Luk,2014,Unknown
Radio Ultra Modern - Friday,2014,Unknown
Roma,2014,"Electronic, Dance"
A-Tom-x ft. Mike B,2014,Unknown
Audioboulevard,2014,Unknown
2Dirty,2014,Unknown
Funkerman,2014,Progressive House
Phill Da Cunha & Dave Lambert,2014,Unknown
Cemode & Seelen,2014,Electronic
Ward,2014,"Disco, Funk, House"
Mr Grammy & DJ Licious,2014,Unknown
DJ Philip & Joeri,2014,Unknown
Roger Sanchez,2014,Traditional House
Disco Dasco,2014,"Electronic, House"
The Creamminals,2014,Unknown
Sébastien Miotti & Ramioul,2014,Unknown
Nico Morano,2014,"House, Techno"
Eats Everything,2014,Traditional House
Pleasurekraft,2014,Tech House
don Santos,2014,Unknown
PAN-POT,2014,"Minimal, Techno"
Caspar & Don Cabron,2014,Unknown
Hernan Cattaneo,2014,"Progressive House, Tech House"
Whizz,2014,Unknown
Prinz,2014,Techno
Dorian Paic,2014,Unknown
Julien Bracht (live),2014,Unknown
Ilario Alicante,2014,"Tech House, Techno"
Visionquest,2014,Unknown
Ellen Allien,2014,Techno
Sven Väth,2014,Techno
Captain Flash,2014,Unknown
Mophito,2014,Unknown
Ojek,2014,Commercial Dance
Max Vangeli,2014,Progressive House
Goldfox,2014,"Electronic, Dance"
Gewelt,2014,Unknown
Oliver $,2014,Commercial Dance
Bontan,2014,Commercial Dance
Michael Midnight,2014,Unknown
Leesa,2014,Unknown
Dux & Mr. Dum,2014,Unknown
Presskit,2014,Unknown
Tom & Jame,2014,"Commercial Dance, Electronica, Traditional House"
Martin Volt & Quentin State,2014,Unknown
Kill The Buzz,2014,Commercial Dance
Julian Calor,2014,Unknown
Joey Dale,2014,"Electro House, Electronica, Progressive House"
Jacob Liedholm,2014,Unknown
Syn Cole,2014,Commercial Dance
Vato Gonzalez ft. Mc Tjen,2014,Unknown
Lucien Foort,2014,Progressive House
Bonzai All Stars,2014,"Techno, Trance"
Bountyhunter,2014,"Hardcore, Gabber, Electronic"
CP,2014,Rock
Nico Parisi,2014,Progressive House
Eric Powa B,2014,Unknown
Franky Kloeck,2014,"Techno, Hard Trance"
Phi Phi,2014,"Progressive House, Trance"
Beauhause,2014,Unknown
DJ Ghost ft. Mc Pyro,2014,Unknown
Zolex,2014,Unknown
Yves Deruyter,2014,Trance
M.I.K.E Push,2014,Unknown
Partyraiser ft Mc Syco,2014,Unknown
Kutski,2014,Hardcore Techno
Mark with a K,2014,Hard Dance
Wasted Penguinz (live),2014,Unknown
Wildstylez,2014,Hard Dance
Atmozfears (live),2014,Unknown
Psyko Punkz,2014,Hardcore Techno
Brennan Heart,2014,Hard Dance
Frontliner,2014,Hardcore Techno
Coone ft. Hard Driver,2014,Unknown
Noisecontrollers,2014,Hardcore Techno
Zatox,2014,Hard Dance
Endymion b2b Ran-D,2014,Unknown
Angerfist (live),2014,Unknown
MAKJ,2014,Electro House
Loopers,2014,Commercial Dance
Julian Jordan,2014,Electro House
Promise Land,2014,Commercial Dance
Firebeatz,2014,Electro House
Don Diablo,2014,Progressive House
Airwave,2014,"Progressive House, Psychedelic Trance"
Tommy Trash,2014,"Electro House, Progressive House"
Bingo Players,2014,Progressive House
Yves V,2014,Progressive House
Sander Van Doorn,2014,Trance
Jackie White vs Norion,2014,Unknown
GMS,2014,"Chill Out, Trance"
Yahel,2014,Trance
Vibe Tribe,2014,Psychedelic Trance
Talamasca,2014,"Psychedelic Trance, Trance"
Firaga vs Synsun,2014,Unknown
Bliss,2014,Techno
Skazi,2014,Trance
Hardwell & Tiesto,2014,Unknown
Sunnery James & Ryan Marciano,2014,Electro House
Carnage,2014,"Dubstep, Hip-Hop, Trap"
Chuckie,2014,Electro House
Above & Beyond,2014,Trance
Romeo Blanco,2014,Commercial Dance
Kaskade,2014,Progressive House
Netsky,2014,Drum & Bass
Alesso,2014,Progressive House
Hardwell,2014,"Electro House, Progressive House"
Tiesto,2014,"Commercial Dance, Big Room"
Revero,2014,Unknown
Dyro,2014,Progressive House
Sandro Silva,2014,"Electro House, Progressive House"
Blasterjaxx,2014,Commercial Dance
DVBBS,2014,Commercial Dance
Laidback Luke,2014,Electro House
Martin Solveig,2014,Electro House
"Superman, Spiderman & Batman",2014,Unknown
Nero,2014,Commercial Dance
Bassnectar,2014,"Breakbeats, Dubstep"
Goldie,2014,"Drum & Bass, Commercial Dance"
DConvict,2014,Unknown
Hypoxia,2014,Unknown
Tito & Echo Virus,2014,Unknown
Shy Fx ft. Stamina Mc,2014,Unknown
Jubei,2014,Drum & Bass
Cedex & Higher Underground ft. 3XB,2014,Unknown
One87 & Mc Mush,2014,Unknown
Ant TC1,2014,"Drum & Bass, Jungle"
Ed Rush B2B Optical,2014,Unknown
Special Guest: Sub Focus ft. ID,2014,Unknown
Spacid,2014,Unknown
Rebekah,2014,Techno
Chris Liebing,2014,Techno
James Ruskin,2014,Unknown
Slam,2014,"Tech House, Techno"
Tom Swoon,2014,Electro House
Ben Klock,2014,Techno
Jeff Mills,2014,"Traditional House, Techno"
Greg Lamore vs Jay Lee Hudson ft. Coin,2014,Unknown
Mathy,2014,Unknown
Luca Barassii & Seelen,2014,Unknown
Thim,2014,House
Greg Lamore vs Jay Lee Hudson ft. Coin,2014,Unknown
Freaquency,2014,Unknown
Many Moore,2014,House
Radio Ultra Modern - Saturday,2014,Unknown
Jochen Miller,2014,Trance
Marco V,2014,"Progressive House, Trance"
Adrian Lux,2014,"Techno, House"
Audien,2014,"Progressive House, Trance"
Jacob Van Hage,2014,"Traditional House, Trance"
Sied Van Riel,2014,Trance
Ferry Corsten,2014,Trance
Aly & Fila B2B John O'Callaghan,2014,Unknown
J.Fernandes,2014,Unknown
Dejan Milicevic,2014,Traditional House
Mark Reeve,2014,Techno
Huma Noyd (Live),2014,Unknown
Sam Paganini,2014,Techno
Gary Beck,2014,"Tech House, Techno"
Kr!z,2014,Unknown
Marco Remus,2014,Commercial Dance
Fatima Hajji,2014,Techno
Smos,2014,Band
Marco Faraone,2014,"Tech House, Techno"
Dimitri,2014,Commercial Dance
tINI,2014,Tech House
Better Lost than Stupid,2014,Tech House
Josh Wink,2014,"Tech House, Techno"
Maceo Plex,2014,Tech House
Lucy Fox A Lot,2014,Unknown
Soul Shakers,2014,"House, Disco"
FeestDJRuud,2014,"Dutch House, Moombahton"
The Whatevers,2014,Unknown
Davidov,2014,Unknown
Merdan Taplak,2014,Unknown
TLP,2014,Unknown
Murdock,2014,Drum & Bass
Ghent Bangers,2014,Unknown
Steve Montoya & Christian,2014,Unknown
DJ Junior,2014,Unknown
Mark Ursa,2014,Unknown
Mario Fischetti,2014,Unknown
Dave Lambert,2014,Traditional House
Henrik B,2014,Progressive House
Rush,2014,Minimal
Julia Carpenter,2014,Unknown
Glowinthedark,2014,Unknown
Nicolaz,2014,Unknown
Thumez,2014,Unknown
Primate,2014,Drum & Bass
ARtroniks,2014,Unknown
Allspark ft. Mc Nice,2014,Unknown
Subreachers,2014,Unknown
Icicle b2b Proxima,2014,Unknown
Distance,2014,Trance
Mala ft. Son of Selah,2014,Unknown
Emalkay,2014,Dubstep
Rusko,2014,Dubstep
Cosmic Gate,2014,"Progressive House, Trance"
Markus Schulz,2014,"Progressive House, Trance"
Makus Schulz B2B Cosmic Gate,2014,Unknown
Markus Schulz,2014,"Progressive House, Trance"
Paul Van Dyk,2014,Trance
Boostedkids,2014,Unknown
Dave Till,2014,Unknown
Ale Mora,2014,"Electro House, Progressive House"
Twoloud,2014,Commercial Dance
Bassjackers b2b Shermanology,2014,Unknown
Regi,2014,"Trance, Big Room House"
Daddy's Groove,2014,Traditional House
Martin Garrix,2014,Electro House
Redfoo,2014,Electro House
Dimitri Vegas & Like Mike,2014,Electro House
Wolfpack,2014,"Commercial Dance, Electro House, Progressive House"
Cleavage,2014,Unknown
DIMMI,2014,Traditional House
Klingande,2014,"Deep House, Tropical House"
Nico Pusch,2014,Unknown
Lexer,2014,"Commercial Dance, Electronica, Tech House"
Wankelmut,2014,"Electronica, Hip-Hop, Traditional House, Trap"
Alle Farben,2014,"Tech House, Techno, Deep House"
Bakermat,2014,Deep House
Tube & Berger,2014,Tech House
AN21 & Max Vangeli,2014,Unknown
R3hab,2014,"Electro House, Progressive House"
Krewella,2014,Electro House
W&W,2014,Trance
Nicky Romero,2014,Progressive House
Steve Angello,2014,Progressive House
David Guetta,2014,Electro House
Steve Aoki,2014,"Electro House, Indie / Underground"
3 Are Legend,2014,"Commercial Dance, Electro House, Electronica, Hard Dance, Techno"
Pierre,2014,Traditional House
Gregor Tresher,2014,Techno
Fedde Le Grand,2014,Progressive House
Octave One (Live),2014,Unknown
Green Velvet,2014,"Traditional House, Techno"
Vitalic (live),2014,Unknown
Paul Kalkbrenner (Live),2014,Unknown
Dave Clarke,2014,"Electro House, Techno"
Giocatori,2014,Unknown
Dr. Phunk,2014,Unknown
Akyra,2014,Hardcore
Massiv & The Rebel,2014,Unknown
Ruthless,2014,Hardcore Techno
Balistic,2014,Unknown
Darkraver,2014,"Electro House, Hard Dance"
Paul Elstak,2014,Hardcore Techno
Korsakoff,2014,"Hardcore Techno, Psychedelic Trance"
Mental Theo,2014,Unknown
Evil Activities,2014,Hardcore Techno
Bad Dancer,2014,Unknown
Junior,2014,Minimal
Sound Pellegrino Thermal Team,2014,Unknown
Boston Bun,2014,Unknown
Surfing Leons,2014,Unknown
Skream,2014,Commercial Dance
Busy P,2014,Indie / Underground
Erol Alkan,2014,"Electro House, Indie / Underground"
Seth Troxler,2014,"Tech House, Techno"
The Magician,2014,Indie / Underground
Gols,2014,Unknown
Yentl.,2014,Unknown
Philogresz,2014,Traditional House
Miss Sunshine,2014,Techno
Svemirski,2014,Unknown
Tom Dazing,2014,Commercial Dance
Trixy,2014,"Hardstyle, Rawstyle, Electronic"
Jeroen Search,2014,Unknown
Radio Ultra Modern - Sunday,2014,Unknown
Cosmo,2014,"Electro House, Trance"
Fred Nasen,2014,Unknown
The Mackenzie,2014,Unknown
Youri Parker,2014,Unknown
Marko de La Rocca,2014,Unknown
Quincy,2014,Unknown
Olivier Pieters,2014,Unknown
Jaydee,2014,"Progressive House, Tech House"
Carat Trax (live),2014,Unknown
Da Hool,2014,Unknown
Push (Live),2014,Unknown
Franky Jones,2014,"Techno, Acid"
Dimitri Vegas & Like Mike,2013,Electro House
Ricardo F,2013,Unknown
Lou Lou Players,2014,Unknown
MC Marxman,2013,Unknown
RooC Audio,2013,Unknown
Kids At The Turntable,2013,Unknown
Mylan,2013,Unknown
Niobeat,2013,Unknown
Jerry May,2013,Tech House
Neon,2013,Electronic
Mystique,2013,Hardstyle
Prinz,2013,Techno
Raving George,2013,Unknown
The Oddword,2013,Unknown
Murdock,2013,Drum & Bass
Sound of Stereo,2013,Unknown
Yves V,2013,Progressive House
Jon Rundell,2013,Techno
Uto Karem,2013,"Tech House, Techno"
Yousef,2013,Traditional House
John Digweed,2013,"Tech House, Techno"
Marco Bailey,2013,"Tech House, Techno"
Marco Carola,2013,Techno
Loco Dice,2013,"Tech House, Techno"
Carl Cox,2013,"Tech House, Techno"
Hermanez,2013,Tech House
Prinz,2013,Techno
Bawser,2013,Unknown
Russ Yallop,2013,Techno
Richy Ahmed,2013,Tech House
Craig Richards,2013,Techno
Infinity Ink,2013,Deep House
Art Department,2013,Tech House
Jamie Jones,2013,Tech House
Captain Flash,2013,Unknown
Lumberjack,2013,Electronica
Supreems,2013,Unknown
Cursed P,2013,Unknown
Faisal,2013,Unknown
Bakermat,2013,Deep House
Mike Mago,2013,Commercial Dance
KiNK,2013,Commercial Dance
Raoul Belmans,2013,Unknown
Goldfox,2013,"Electronic, Dance"
Viktor Bodrovski,2013,Unknown
Locked Groove,2013,"Techno, Traditional House"
Dixon,2013,Techno
FCL,2013,Commercial Dance
Levon Vincent,2013,Techno
Bicep,2013,Commercial Dance
Soul Clap,2013,Tech House
Todd Terje,2013,Electronica
wAFF,2013,Commercial Dance
Mystique,2013,Hardstyle
The Oddword,2013,Unknown
Makasi,2013,House
Bobby Burns b2b Leroy Styles,2013,Unknown
Bassjackers b2b Apster,2013,Unknown
Redfoo,2013,Electro House
R3hab,2013,"Electro House, Progressive House"
Afrojack,2013,"Electro House, Progressive House"
Shermanology,2013,Unknown
Sidney Samson,2013,Traditional House
Dimitri Vegas & Like Mike,2013,Electro House
NO_ID,2013,Unknown
Sunnery James & Ryan Marciano,2013,Electro House
Nervo,2013,"Electro House, Progressive House"
ARTY,2013,"Progressive House, Trance"
Otto Knows,2013,Traditional House
Fedde Le Grand,2013,Progressive House
Hardwell,2013,"Electro House, Progressive House"
Sebastian Ingrosso,2013,Progressive House
Tiesto,2013,"Commercial Dance, Big Room"
B - Front & Ran - D,2013,Unknown
Argy,2013,Techno
Davoodi & Bestien,2013,Unknown
Mark with a K,2013,Hard Dance
Quintino,2013,Electro House
Audiofreq,2013,Hard Dance
Omegatypez,2013,Unknown
Adrenalize,2013,Unknown
Frontliner,2013,Hardcore Techno
Psyko Punkz,2013,Hardcore Techno
Headhunterz,2013,Hard Dance
DJ P Jay & DJ Vox - D & DJ Barto & DJ Luk,2013,Unknown
Jean de Gand,2013,Unknown
DJ P Jay & DJ Vox - D & DJ Barto & DJ Luk,2013,Unknown
Dimitri Wouters,2013,House
Deve & Matizz,2013,Unknown
DJ P Jay & DJ Vox - D & DJ Barto & DJ Luk,2013,Unknown
Radio Ultra Modern - Friday,2013,Unknown
Bad Dancer,2013,Unknown
TAI,2013,Progressive House
Folie Douce,2013,Unknown
Army of The Universe,2013,Unknown
Dux & Mr. Dum,2013,Unknown
Dan Sena,2013,Unknown
Markus Schulz,2013,"Progressive House, Trance"
Jackie White vs Norion,2013,Unknown
Bawser,2013,Unknown
PeaceTreaty,2013,Unknown
Cream Dream,2013,Unknown
Outlander,2013,Hardcore Techno
HIIO,2013,Commercial Dance
Dzeko & Torres,2013,Progressive House
Jidax,2013,Unknown
goldFFinch,2013,Unknown
Neelix,2013,Psychedelic Trance
YAMO,2013,"Electronic, Experimental"
Point.Blank,2013,Unknown
South Central,2013,"Electro House, Electronica"
Deorro,2013,Electro House
Para One (live),2013,Unknown
Mark Ursa,2013,Unknown
John 00 Fleming,2013,Trance
Joachim Garraud,2013,Electro House
Mikkas,2013,Unknown
Feadz & Kito,2013,Unknown
Syndaesia,2013,Unknown
Carnage,2013,"Dubstep, Hip-Hop, Trap"
Bitkit,2013,Unknown
Burns,2013,Indie / Underground
Steve Aoki,2013,"Electro House, Indie / Underground"
Digitalism (DJ set),2013,Unknown
DJ BL3ND,2013,"Big Room House, Trap"
Bizzare Contact,2013,Psychedelic Trance
James Egbert,2013,"Electro House, Progressive House"
Botnek,2013,Techno
Jaguar Skills,2013,Hip-Hop
Sound of Stereo,2013,Unknown
Miss Kittin (live),2013,Unknown
Pascal Roth,2013,Unknown
Firaga vs Synsun,2013,Unknown
Felix Cartal,2013,"Electro House, Indie / Underground"
Double Pleasure,2013,House
Crookers,2013,Electro House
Alex Metric,2013,Indie / Underground
Autoerotique,2013,Electro House
Steve Montoya & Christian,2013,Unknown
Astrix,2013,Psychedelic Trance
Angger Dimas,2013,Electro House
Surfing Leons,2013,Unknown
Carnage,2013,"Dubstep, Hip-Hop, Trap"
Datsik,2013,Dubstep
Delafino,2013,House
Infected Mushroom,2013,"Psychedelic Trance, Trance"
Dirtyphonics DJ set,2013,Unknown
Koan Sound,2013,Dubstep
Benny Benassi,2013,Electro House
Moska,2013,Commercial Dance
La Fuente,2013,Commercial Dance
Sandro Silva,2013,"Electro House, Progressive House"
DJ Pierre,2013,House
Tommy Trash,2013,"Electro House, Progressive House"
Laidback Luke,2013,Electro House
Martin Solveig,2013,Electro House
"Superman, Ironman & Batman",2013,Unknown
Oliver Twizt,2013,Electro House
Patrick Schmidt,2013,Unknown
Smos,2013,Band
Massimo Girardi vs Joachim,2013,Unknown
Ricardo Villalobos,2013,"Minimal, Techno"
Joris Voorn,2013,"Tech House, Techno"
DJ W!LD,2013,"Deep House, Techno"
Julien Bracht (live),2013,Unknown
Sven Väth,2013,Techno
Bafana & Bromin,2013,Unknown
Moodprint,2013,Unknown
Solco,2013,Unknown
Tripleks,2013,Unknown
Mophito,2013,Unknown
Ed&Kim,2013,Unknown
Yellow Claw,2013,"Electro House, Electronica, Hip-Hop, Traditional House, Trap"
Murdock,2013,Drum & Bass
Soul Shakers,2013,"House, Disco"
Les Mecs,2013,Unknown
Commonphase,2013,Unknown
Sunnery James & Ryan Marciano,2013,Electro House
Franky Jones,2013,"Techno, Acid"
Frank De Wulf,2013,Unknown
Phi - Phi,2013,Unknown
Nico Parisi,2013,Progressive House
Ramirez (live),2013,Unknown
Ghost,2013,Rock
Franky Kloeck,2013,"Techno, Hard Trance"
Hardfloor (live),2013,Unknown
Yves De Ruyter,2013,Unknown
Push (live),2013,Unknown
Bonzai All Stars,2013,"Techno, Trance"
Nause,2013,"Electro House, Progressive House, Traditional House"
Jacob Van Hage vs Loopers,2013,Unknown
D - wayne,2013,Unknown
GTA,2013,Electro House
Michael Calfan,2013,Traditional House
Nicky Romero,2013,Progressive House
Pete Tong,2013,Traditional House
Felguk,2013,Electro House
Yves V,2013,Progressive House
Sultan & Ned Shepard,2013,Progressive House
AN21 & Max Vangeli,2013,Unknown
Eric Prydz,2013,Progressive House
Maxim Lany,2013,"House, Deep House"
Bountyhunter,2013,"Hardcore, Gabber, Electronic"
Thomas Gold,2013,Progressive House
Zedd,2013,Electro House
Sander Van Doorn,2013,Trance
Chuckie,2013,Electro House
Knife Party,2013,"Dubstep, Electro House"
Axwell,2013,Progressive House
Avicii,2013,Unknown
Armin Van Buuren,2013,Trance
Gunz for Hire,2013,Commercial Dance
Kutski,2013,Hardcore Techno
Da Tweekaz,2013,Hardcore Techno
Coone,2013,Hard Dance
Hard Driver,2013,Hard Dance
Code Black,2013,"Electronica, Hard Dance"
Toneshifterz,2013,Hard Dance
Outbreak,2013,Unknown
Brennan Heart,2013,Hard Dance
Atmozfears,2013,"Hardcore Techno, Techno, Traditional House, Trance"
Wildstylez,2013,Hard Dance
Zatox,2013,Hard Dance
Niels & Jelle,2013,Unknown
Thim,2013,House
Vinny Volanto,2013,Unknown
Luca Barassi,2013,Unknown
Audien,2013,"Progressive House, Trance"
Radio Ultra Modern - Saturday,2013,Unknown
Delta Heavy,2013,"Dubstep, Drum & Bass, Jungle, Drum Step"
dOP (live),2013,Unknown
Battery b2b Meddik & Toxidelic ft. Mc Mota,2013,Unknown
Bollen & Fichtner,2013,Unknown
Flapjackers,2013,Unknown
Shogun,2013,Trance
Reygel & Peri,2013,Unknown
Spacid,2013,Unknown
Dub - Timus Soundsystem,2013,Unknown
Cedex & Higher Underground,2013,Unknown
Guti (live),2013,Unknown
Cooper,2013,"Balearic, House"
Sied Van Riel,2013,Trance
Sven Van Hees,2013,"Chill Out, Traditional House"
Speedwagon & Stykz b2b Alert,2013,Unknown
Don Cabron,2013,Unknown
Joseph Capriati,2013,"Traditional House, Techno"
Foxy Lady & Mc Elvee,2013,Unknown
Mr Moustache vs Smith Davis,2013,Unknown
Solarstone,2013,"Electronica, Trance"
DJ Hype & MC Daddy Earl,2013,Unknown
Frederick Stone,2013,Unknown
Solomun,2013,Tech House
Seelen,2013,Electronic
Kr!z,2013,Unknown
W&W,2013,Trance
Fred V & Grafix,2013,Commercial Dance
Sem Thomasson,2013,Progressive House
Ben Sims,2013,Techno
tINI,2013,Tech House
Aly & Fila,2013,Trance
S.P.Y,2013,Commercial Dance
Dave Lambert,2013,Traditional House
Kerri chandler,2013,Traditional House
Tito & Echo Virus b2b James Marvel,2013,Unknown
Nene Dasile,2013,Unknown
Oscar Mulero,2013,Techno
don Santos,2013,Unknown
Cosmic Gate,2013,"Progressive House, Trance"
One87 & Hookerz ft. Mc Mush,2013,Unknown
Promise Land,2013,Commercial Dance
Derrick Carter vs Mark Farina vs Sneak,2013,Unknown
Technasia,2013,Commercial Dance
Satoshi Tomiie,2013,Tech House
John O'Callaghan,2013,Trance
Ulterior Motive,2013,Commercial Dance
Alvaro,2013,"Electronica, Progressive House"
Caspar,2013,Unknown
Riva Starr,2013,Tech House
Marko de La Rocca,2013,Unknown
Adam Beyer,2013,Techno
Ferry Corsten,2013,Trance
Brookes Brothers,2013,Drum & Bass
DJ Joeri,2013,Unknown
Masters At Work,2013,Unknown
Len Faki,2013,Techno
Orjan Nilsen,2013,Commercial Dance
Deg,2013,Rock
Heidi,2013,Traditional House
Ben Klock,2013,Techno
Green Velvet,2013,"Traditional House, Techno"
Jeff Mills,2013,"Traditional House, Techno"
Dave Clarke,2013,"Electro House, Techno"
Bartholomeo vs BP,2013,Unknown
NSOUND,2013,Traditional House
Hobo,2013,Commercial Dance
Matador (live),2013,Unknown
Maceo Plex,2013,Tech House
Paco Osuna,2013,"Tech House, Techno"
Gaiser (live),2013,Unknown
Richie Hawtin,2013,"Tech House, Techno"
Gentil & Nathan Fix,2013,Unknown
Lucy Fox A Lot,2013,Unknown
The Prototypes,2013,"Drum & Bass, Jungle"
The Whatevers,2013,Unknown
The Mixfitz,2013,Unknown
Michael Midnight,2013,Unknown
Russ Chimes,2013,Unknown
FS Green,2013,Unknown
TLP,2013,Unknown
Laston & Geo,2013,Unknown
Hindu Radio DJ's,2013,Unknown
Pheak,2013,Unknown
Alix Alvarez,2013,Traditional House
M A N I K (live),2013,Unknown
Zoet & Hartelijk,2013,Unknown
Tale of Us,2013,Tech House
Josh Wink b2b Davide Squillace,2013,Unknown
Marcel Dettmann,2013,Techno
Dave Till,2013,Unknown
Mastiksoul,2013,Traditional House
Glowinthedark,2013,Unknown
Gregori Klosman,2013,Unknown
Nari & Milani,2013,Electro House
Cazzette,2013,Electro House
Moguai,2013,"Electro House, Progressive House"
Kaskade,2013,Progressive House
Wolfpack,2013,"Commercial Dance, Electro House, Progressive House"
Davidov,2013,Unknown
Showtek,2013,Hardcore Techno
Chuckie,2013,Electro House
Dimitri Vegas & Like Mike,2013,Electro House
DJaxx & Neurotique,2013,Unknown
Deniz Koyu,2013,"Electro House, Progressive House"
Joachim Garraud,2013,Electro House
Porter Robinson,2013,Electro House
Yves V,2013,Progressive House
Alesso,2013,Progressive House
Steve Angello,2013,Progressive House
David Guetta vs Afrojack vs Nicky Romero,2013,Unknown
Steve Aoki,2013,"Electro House, Indie / Underground"
ACTI,2013,Rap
Luna,2013,"Synthpop, Trip Hop, Uk Garage"
Max Enforcer,2013,Hardcore Techno
Wasted Penguinz,2013,Hard Dance
Bass Modulators,2013,"Commercial Dance, Electronica"
The Prophet,2013,Hardcore Techno
Noisecontrollers,2013,Hardcore Techno
Alpha¬≤,2013,Unknown
Endymion vs Evil Activities,2013,Unknown
Antony Nardella,2013,Unknown
Umlaut,2013,Unknown
Tom Dazing,2013,Commercial Dance
Regi,2013,"Trance, Big Room House"
Mary Velo,2013,Techno
Miss Sunshine,2013,Techno
Psytox,2013,"Hardstyle, Rawstyle, Electronic"
Rebekah,2013,Techno
Radio Ultra Modern - Sunday,2013,Unknown
Audio Boulevard,2013,Unknown
J.Fernandes,2013,Unknown
Fred Nova,2013,Unknown
Adam De Great,2013,Unknown
DJ Ward,2013,Unknown
2Dirty,2013,Unknown
Electrified,2013,Unknown
Huma Noyd,2013,Unknown
Philip & Joeri,2013,Unknown
Fast Distance,2013,"Chill Out, Trance"
Undertone,2013,Unknown
No Artificial Colours,2013,Traditional House
Tom Leclercq & Dave Lambert,2013,Unknown
Bryan Kearney,2013,Trance
Subreachers,2013,Unknown
Dominico & Ralpheus,2013,Unknown
Rush,2013,Minimal
Mr Grammy & DJ Licious,2013,Unknown
Arctic Moon,2013,Trance
Esther Duijn,2013,Commercial Dance
Cor Fijneman,2013,Unknown
West Klintwood,2013,Unknown
Stereoclash,2013,Unknown
Indecent Noise,2013,Trance
NGA Sound,2013,Unknown
DaHool,2013,Unknown
Blasterz,2013,Unknown
Dannic,2013,Progressive House
Nicon,2013,Traditional House
Kai Tracid,2013,"Hard Dance, Trance"
Daddy's Groove,2013,Traditional House
Paul Van Dyk,2013,Trance
Dyro,2013,Progressive House
Icicle b2b J:Kenzo,2013,Unknown
Johan Gielen,2013,Trance
Nicolaz,2013,Unknown
Joey Beltram,2013,Techno
Phill Da Cunha & Alec,2013,Unknown
Allure,2013,Trance
Distance,2013,Trance
DJ Jean,2013,Unknown
Firebeatz,2013,Electro House
Tenishia,2013,"Progressive House, Trance"
Disco Dasco,2013,"Electronic, House"
AFTER 12,2013,Unknown
Charly Lownoise and Mental Theo,2013,Unknown
Morten Breum,2013,Traditional House
Mauro Picotto,2013,"Tech House, Techno"
Max Graham vs Protoculture,2013,Unknown
Roma,2013,"Electronic, Dance"
Dismantle,2013,Unknown
Julia Carpenter,2013,Unknown
DJ Ward,2013,Unknown
Andy Moor b2b Lange,2013,Unknown
Gregor Salto,2013,Electro House
Benga,2013,Dubstep
Miss DJax,2013,Commercial Dance
Marshal Masters,2013,Unknown
Dimitri Vegas & Like Mike vs Yves V,2012,Unknown
Electric Bastards,2012,Unknown
RooC Audio,2012,Unknown
Jerry May,2012,Tech House
Heet Van de Naald,2012,Unknown
DJaxx & Neurotique,2012,Unknown
Laston & Geo,2012,Unknown
Girafe Sauvage DJ: Redhead vs Tom Hades vs Sören Aalberg,2012,Unknown
The Oddword,2012,Unknown
Prinz,2012,Techno
Trash Radio,2012,Unknown
N - Type b2b Walsh,2013,Unknown
Phil Monday,2012,Unknown
Prinz,2012,Techno
Massimo Girardi,2012,Commercial Dance
Hermanez,2012,Tech House
Ultrasone,2012,Unknown
Maceo Plex,2012,Tech House
Guy Gerber,2012,"Tech House, Techno"
Joris Voorn,2012,"Tech House, Techno"
Jamie Jones,2012,Tech House
Jon Rundell,2012,Techno
Nicole Moudaber,2012,Tech House
Yousef,2012,Traditional House
John Digweed,2012,"Tech House, Techno"
Marco Carola,2012,Techno
Cristian Varela vs Marco Bailey,2012,Unknown
UMEK,2012,"Tech House, Techno"
Carl Cox,2012,"Tech House, Techno"
Dave Lambert,2012,Traditional House
Rebecca & Fiona,2012,Progressive House
Qulinez,2012,Unknown
Cazzette,2012,Electro House
Thomas Gold,2012,Progressive House
Alesso,2012,Progressive House
Fatboy Slim,2012,"Electronica, Traditional House"
Aeroplane,2012,Commercial Dance
Bloody Beetroots DJ set,2012,Unknown
Gave,2012,Rock
Dr. Phunk,2012,Unknown
Davoodi vs Bestien,2012,Unknown
Demoniak,2012,Unknown
DJ Ghost,2012,"Hard Trance, Techno"
The Pitcher,2012,Unknown
Mark with a K,2012,Hard Dance
Brennan Heart,2012,Hard Dance
Zany,2012,Hardcore Techno
The Prophet,2012,Hardcore Techno
"DJ P-Jay, DJ Vox-D, DJ Barto, DJ Luk",2012,Unknown
Jean de Gand,2012,Unknown
"DJ P-Jay, DJ Vox-D, DJ Barto, DJ Luk",2012,Unknown
Dimitri Wouters,2012,House
Deve & Matizz,2012,Unknown
"DJ P-Jay, DJ Vox-D, DJ Barto, DJ Luk",2012,Unknown
Zeds Dead,2012,Dubstep
Rave Our Souls,2012,Unknown
Eptic,2012,Dubstep
D.O.D.,2012,"Electro House, Dubstep"
Faisal,2012,Unknown
Synsun,2012,Trance
KooDoo vs La Maz,2012,Unknown
Avicii,2012,Unknown
Jidax,2012,Unknown
Tom Leclercq,2012,Unknown
Daily,2012,Unknown
"Red D feat. Lady Linn, Gustaph & Saxman",2012,Unknown
Dan Sena,2012,Unknown
DJ Rush (House Set),2012,Unknown
YAMO,2012,"Electronic, Experimental"
Nitrous Oxide,2012,Trance
Dizkodude,2012,Unknown
Albin Myers,2012,"Electro House, Progressive House"
South Central,2012,"Electro House, Electronica"
Tom de Neef,2012,Traditional House
J. Fernandes,2012,Unknown
Goldfox,2012,"Electronic, Dance"
Jonas Lion,2012,Unknown
Norion,2012,Unknown
PeaceTreaty,2012,Unknown
Boom Jinx,2012,"Progressive House, Trance"
Reygel & Peri,2012,Unknown
Licious,2012,Traditional House
Clockwork,2012,Traditional House
Locked Groove,2012,"Techno, Traditional House"
Dejan Milicevic,2012,Traditional House
NU (live),2012,Unknown
Radio Ultra Modern on Friday!,2012,Unknown
Mr. Grammy,2012,Unknown
Joachim Garraud presents Hillside West Invasion,2012,Unknown
San Soda (live),2012,Unknown
Mat Zo,2012,"Progressive House, Trance"
Sedat The Turkish Avenger,2012,Unknown
John 00 Fleming,2012,Trance
Dave Lambert,2012,Traditional House
The M Machine,2012,"Electro House, Progressive House, Indie Dance, Synthpop"
Jackmaster,2012,Commercial Dance
Steve Aoki,2012,"Electro House, Indie / Underground"
Deetron,2012,Techno
Rod Azlan,2012,Commercial Dance
Philip,2012,"Techno, Tech House, Deep House"
DJ Rush (Techno Set),2012,Unknown
Norin & rad,2012,Trance
Kastor & Dice ft MC Swift,2012,Unknown
pH20 vs Ben Bastion,2012,Unknown
Yahel,2012,Trance
Jake the Rapper,2012,Commercial Dance
Joeri,2012,Commercial Dance
Tom Trago,2012,Commercial Dance
Polina,2012,Commercial Dance
Angger Dimas,2012,Electro House
2Dirty,2012,Unknown
Goldorak & Solpher ft. Mc D.O.C.,2012,Unknown
Subscape,2012,Unknown
Super8 & Tab,2012,Trance
Talamasca,2012,"Psychedelic Trance, Trance"
Sem Thomasson,2012,Progressive House
TAI,2012,Progressive House
Moonlight Matters,2012,Unknown
Danny Faber vs Sese,2012,Unknown
Sound of Stereo,2012,Unknown
The Others,2012,Commercial Dance
Huma Noyd (live),2012,Unknown
StereoClash,2012,Unknown
Jaytech,2012,Progressive House
Âme (live),2012,Unknown
Firaga,2012,Psytrance
Mustard Pimp,2012,"Electro House, Indie / Underground"
Trolley Snatcha,2012,Unknown
Duke Dumont,2012,Electronica
DBN,2012,Traditional House
Marco Remus,2012,Commercial Dance
Phill da Cunha,2012,Unknown
Autoerotique,2012,Electro House
Solomun,2012,Tech House
Above & Beyond,2012,Trance
Caspa ft. MC Rod Azlan,2012,Unknown
Tama Sumo,2012,"Deep House, Techno"
Electric Universe,2012,Unknown
Roma,2012,"Electronic, Dance"
Ed & Kim,2012,Unknown
Felix Cartal,2012,"Electro House, Indie / Underground"
Hijak,2012,Commercial Dance
Fatima Hajji,2012,Techno
Martyn,2012,Commercial Dance
Dirty Doering,2012,Commercial Dance
Zedd,2012,Electro House
Gabriel & Dresden,2012,"Progressive House, Trance"
Skazi,2012,Trance
Disco Dasco,2012,"Electronic, House"
Joachim vs BP,2012,Unknown
Smos,2012,Band
Daniel Stefanik & Sascha Dive,2012,Unknown
Seth Troxler,2012,"Tech House, Techno"
André Galluzzi,2012,"Tech House, Techno"
Extrawelt,2012,Techno
Sven Väth,2012,Techno
Orla Feeney,2012,Trance
Kyau & Albert,2012,Trance
Ferry Corsten,2012,Trance
Porter Robinson,2012,Electro House
Marco V,2012,"Progressive House, Trance"
Piloka Krach (live),2012,Unknown
Aly & Fila,2012,Trance
Wolfpack,2012,"Commercial Dance, Electro House, Progressive House"
EC Twins,2012,"Big Room House, Progressive House"
NERVO,2012,"Electro House, Progressive House"
Hardwell,2012,"Electro House, Progressive House"
Chuckie,2012,Electro House
Martin Solveig,2012,Electro House
Dimitri Vegas & Like Mike,2012,Electro House
Skrillex,2012,Dubstep
Swedish House Mafia,2012,Progressive House
Korsakoff,2012,"Hardcore Techno, Psychedelic Trance"
Lee Mac,2012,Unknown
ACTI,2012,Rap
Code Black,2012,"Electronica, Hard Dance"
T'N'T aka Technoboy & Tuneboy,2012,Unknown
Noisecontrollers,2012,Hardcore Techno
Headhunterz,2012,Hard Dance
Zatox,2012,Hard Dance
Wildstylez,2012,Hard Dance
Ran-D,2012,Hardcore Techno
Woody Weekend,2012,Unknown
The Advent (live),2012,Unknown
The Oddword,2012,Unknown
La Fuente,2012,Commercial Dance
Paul Van Dyk,2012,Trance
Bonzai All Stars,2012,"Techno, Trance"
Luck-E,2012,Unknown
Cedex & Higher Underground,2012,Unknown
Le Cousin,2012,Unknown
Fred Nova,2012,Unknown
Oliver Twizt,2012,Electro House
Don Cabron,2012,Unknown
DJ Ward,2012,Unknown
Radio Ultra Modern on Saturday,2012,Unknown
Romeo Blanco,2012,Commercial Dance
Nicolaz,2012,Unknown
Speedwagon & Stykz,2012,Unknown
Title,2012,Unknown
Maestro Pablo,2012,Unknown
Spacid,2012,Unknown
Moonflower & Guy'Do,2012,Unknown
Mikael Weermets,2012,Progressive House
Hauk n Baum,2012,Unknown
Zedd,2012,Electro House
Athys & Duster,2012,Unknown
Mophito & Alectric,2012,Unknown
David August,2012,Tech House
Neon,2012,Electronic
Adrian Lux,2012,"Techno, House"
Friction ft. MC Linguistics,2012,Unknown
Wontime b2B D Convict,2012,Unknown
Swanky Tunes,2012,"Electro House, Progressive House"
Takt Tick,2012,Unknown
diMaro,2012,House
Cari Lekebusch,2012,Techno
Michael Calfan,2012,Traditional House
Up High,2012,Unknown
Caspar,2012,Unknown
Mister VI,2012,Unknown
Kraantje Pappie,2012,Commercial Dance
Etnik & Fuzz,2012,Unknown
Mark Ursa,2012,Unknown
The Flexican ft. Mc Sef,2012,Unknown
Jacob Van Hage,2012,"Traditional House, Trance"
Congorock,2012,Electro House
Boss Axis,2012,Commercial Dance
Terence Fixmer (live),2012,Unknown
Foxy Lady & MC Elvee,2012,Unknown
M.I.K.E.,2012,Trance
Syndaesia,2012,Unknown
Quintino,2012,Electro House
Felguk,2012,Electro House
don Santos,2012,Unknown
YAMO,2012,"Electronic, Experimental"
Niels Feijen,2012,Unknown
One87 & Hookerz ft. MC Mush,2012,Unknown
Laidback Luke,2012,Electro House
Ben Klock,2012,Techno
Sidney Samson,2012,Traditional House
YVES V,2012,Progressive House
Niels Van Gogh,2012,"Electro House, Progressive House"
Oliver Schories,2012,"Techno, Techno"
Inspector Dubplate,2012,Unknown
Alix Perez b2b Spectrasoul,2012,Unknown
DJ T,2012,House
Dave Lambert & Elektrokid,2012,Unknown
Makasi,2012,House
Bassjackers,2012,Electro House
Sunnery James & Ryan Marciano,2012,Electro House
Luke Slater presents Planetary Assault Systems (live),2012,Unknown
Blue Flame Partysquad,2012,Unknown
The Prototypes,2012,"Drum & Bass, Jungle"
Rodriguez Jr.,2012,"Tech House, Techno"
Yves De Ruyter,2012,Unknown
Dubba Jonny,2012,Unknown
TLP,2012,Unknown
Bingo Players,2012,Progressive House
Jeff Mills,2012,"Traditional House, Techno"
Icicle b2b Rockwell,2012,Unknown
Polina,2012,Commercial Dance
"Superman, Spiderman & Batman",2012,Unknown
Delafino,2012,House
Mystique,2012,Hardstyle
Dave Seaman,2012,"Progressive House, Trance"
Johan Gielen & Jan Vervloet,2012,Unknown
Chrispy,2012,Unknown
Vato Gonzalez ft. Mc Tjen,2012,Unknown
Pendulum (DJ set) ft MC Verse,2012,Unknown
Tristan Garner,2012,Progressive House
The Jelly Bellies,2012,Unknown
Kr!z,2012,Unknown
Rebel,2012,Rock
Sandro Silva,2012,"Electro House, Progressive House"
Goldie,2012,"Drum & Bass, Commercial Dance"
DJ Ward,2012,Unknown
Roksonix ft & Mc Skydro,2012,Unknown
Solee,2012,Minimal
Basto,2012,Progressive House
Deltano,2012,Commercial Dance
Tofke vs Ugur yurt,2012,Unknown
Patrick Schmidt,2012,Unknown
Bartholomeo,2012,Unknown
"Derrick Carter, DJ Sneak, Mark Farina",2012,Unknown
Shlomi Aber,2012,"Tech House, Techno"
Gregor Tresher,2012,Techno
Josh Wink,2012,"Tech House, Techno"
Pierre,2012,Traditional House
Joseph Capriati,2012,"Traditional House, Techno"
Derrick May,2012,Techno
Miss Kittin,2012,"Tech House, Techno"
Green Velvet,2012,"Traditional House, Techno"
Chris Liebing,2012,Techno
Dave Clarke,2012,"Electro House, Techno"
R3hab,2012,"Electro House, Progressive House"
AN21,2012,Progressive House
Nicky Romero,2012,Progressive House
Yves V,2012,Progressive House
Afrojack,2012,"Electro House, Progressive House"
David Guetta,2012,Electro House
Steve Aoki,2012,"Electro House, Indie / Underground"
Dr. Rude,2012,Commercial Dance
Sound Freakerz,2012,Unknown
Isaac,2012,"Hard Dance, Hardcore Techno"
Hard Driver,2012,Hard Dance
Da Tweekaz,2012,Hardcore Techno
D-Block & S-te-Fan,2012,"Hard Dance, Hardcore Techno"
Coone,2012,Hard Dance
Psyko Punkz,2012,Hardcore Techno
B-Front,2012,Hardcore Techno
Steve Bug,2012,"Tech House, Techno"
Niobeat,2012,Unknown
Deejames,2012,Unknown
Anoesjka,2012,Unknown
PsyTox & Kenny Raw,2012,Unknown
Cesare vs Disorder,2012,Commercial Dance
Jeroen Search,2012,Unknown
Rebekah,2012,Techno
Tom Dazing,2012,Commercial Dance
Mr Critical,2012,Unknown
E-Vi,2012,Unknown
Ego Troopers,2012,Unknown
Hector,2012,"Tech House, Techno"
X-ian,2012,Unknown
Curtis Zeki,2012,Unknown
Dave Lambert,2012,Traditional House
Radio Ultra Modern on Sunday,2012,Unknown
Gentil & Nathan Fix,2012,Unknown
Mitchell Niemeyer,2012,Unknown
Primate,2012,Drum & Bass
Dux & Mr. Dum,2012,Unknown
Kill Frenzy,2012,Tech House
Ben Nicky,2012,"Progressive House, Trance"
Hindu Radio DJ's,2012,Unknown
Mastiksoul,2012,Traditional House
Angerfist,2012,"Hardcore Techno, Psychedelic Trance"
tINI,2012,Tech House
Daniel Haaksman,2012,Commercial Dance
Matthias Meyer,2012,Minimal
Leon Bolier,2012,Trance
Nene Dasile,2012,Unknown
Surkin,2012,Traditional House
Barry Fore,2012,Commercial Dance
After 12 crew,2012,Unknown
Davidov,2012,Unknown
Gregori Klosman,2012,Unknown
Myon & Shane 54,2012,Trance
Artroniks,2012,Unknown
Les Mecs,2012,Unknown
Special Guest Star,2012,Unknown
Lexis & Christian,2012,Unknown
Cassius,2012,Indie / Underground
Pete Tong,2012,Traditional House
Riva Starr,2012,Tech House
Paco Osuna,2012,"Tech House, Techno"
Cue V vs Laurenzinho,2012,Unknown
Brownz b2b Requake ft. Mc Justizz,2012,Unknown
Gareth Emery,2012,Trance
The Mixfitz,2012,Unknown
GLOWINTHEDARK,2012,Unknown
The Offenders,2012,Unknown
Tritonal,2012,"Progressive House, Trance"
Merdan Taplak,2012,Unknown
Junior Grassi,2012,Unknown
Fake Blood,2012,"Electro House, Indie / Underground"
Tommy Trash,2012,"Electro House, Progressive House"
Laston & Geo,2012,Unknown
Apl.de.Ap DJ set (Black Eyed Peas),2012,Unknown
N-Type b2b Walsh,2012,Unknown
Kollektiv Turmstrasse,2012,Tech House
Dubfire,2012,Techno
SP:MC,2012,Commercial Dance
Sean Tyas,2012,Trance
Jesse Rose,2012,Electronica
DJ 4T4,2012,Unknown
Regi,2012,"Trance, Big Room House"
Plastician,2012,Dubstep
Surfing Leons ft. Miss Eaves,2012,Unknown
Sander Van Doorn,2012,Trance
Steve Montoya,2012,Unknown
W&W;,2012,Unknown
Cue V vs Laurenzinho,2012,Unknown
The Whatevers,2012,Unknown
Joachim Garraud ft. Chris Willis,2012,Unknown
MistaJam,2012,Unknown
NGA Sound,2012,Unknown
MC Crazy D,2012,Unknown
Andy Moor,2012,Trance
Eats Everything,2012,Traditional House
Riva Starr Bateria Fantastica ft Giom,2012,Unknown
Roger Sanchez,2012,Traditional House
Troubleman,2012,Unknown
Dismantle,2012,Unknown
Chuckie,2012,Electro House
Dominico vs. Ralpheus,2012,Unknown
Marcus Meinhardt,2012,Commercial Dance
John O'Callaghan vs Orjan Nilsen,2012,Unknown
Bad Dancer,2012,Unknown
Discobar Galaxie,2012,Unknown
Richie Hawtin,2012,"Tech House, Techno"
Mc Sgt Pokes,2012,Unknown
2000 and One b2b Madskillz,2012,Unknown
Hatcha,2012,Commercial Dance
Dirty South,2012,"Electro House, Progressive House"
Dimitri Vegas & Like Mike,2012,Electro House
AKS (Addicted Kru Sound),2012,Unknown
Tenishia,2012,"Progressive House, Trance"
Emalkay,2012,Dubstep
Joachim,2011,"Eperimental, Industrial, Synthpop, Ambient"
Patrick Schmidt,2011,Unknown
Loco Dice,2012,"Tech House, Techno"
Nic Fanciulli,2011,Tech House
Seth Troxler & Bill Patrick,2011,Unknown
Matthias Tanzmann,2011,Tech House
Steve Lawler,2011,"Tech House, Techno"
Jon Rundell,2011,Techno
Yousef,2011,Traditional House
Marco Bailey,2011,"Tech House, Techno"
Sébastien Léger,2011,Tech House
Green Velvet,2011,"Traditional House, Techno"
Adam Beyer,2011,Techno
Carl Cox,2011,"Tech House, Techno"
Alesso,2011,Progressive House
Arno Cost,2011,Progressive House
YVES V vs Digital LAB & Pedro Henriques,2011,Unknown
Kaskade,2011,Progressive House
Dirty South,2011,"Electro House, Progressive House"
Faithless Soundsystem,2011,Unknown
Swedish House Mafia,2011,Progressive House
Kasparov,2011,Commercial Dance
Jones & Sjoekoe,2011,Unknown
Mark with a K (live),2011,Unknown
Davoodi vs Bestien,2011,Unknown
DJ Ghost vs Gave,2011,Unknown
Teka B Live,2011,Unknown
Hermanez,2011,Tech House
Brennan Heart,2011,Hard Dance
Coone,2011,Hard Dance
Psyko Punkz,2011,Hardcore Techno
Luk vs P-Jay vs Vox-D,2011,Unknown
DJ Rebel,2011,Unknown
Dimitri Wouters,2011,House
DJ Rebel,2011,Unknown
Luk vs P-Jay vs Vox-D,2011,Unknown
Artwork & MC Rod Azlan,2011,Unknown
De Jeugd Van Tegenwoordig,2011,Unknown
Samsung Galaxy Island Friday,2011,Unknown
diMaro,2011,House
Fred Baker,2011,"Techno, Trance"
Jonas Lion,2011,Unknown
Maxim Lany,2011,"House, Deep House"
Sem Thomasson,2011,Progressive House
John 00 Flemming,2011,Unknown
X-ian,2011,Unknown
Radio Ultra Modern Friday,2011,Unknown
Moonflower,2011,Unknown
Rory James has won TranceAddict contest!,2011,Unknown
Baselab Sound,2011,Unknown
San Soda (live),2011,Unknown
Dehasse,2011,Unknown
Dr. Rude,2011,Commercial Dance
Orjan Nilsen,2011,Commercial Dance
Goldorak & Solpher,2011,Unknown
Norion,2011,Unknown
Fanny West,2011,Unknown
Kerri Chandler & Red D feat. Lady Linn,2011,Unknown
The Opposites,2011,Unknown
Arnej,2011,Trance
Piro,2011,Electro House
Stefan K & Tom Leclercq,2011,Unknown
Pole Folder,2011,"Electronica, Progressive House"
GMS,2011,"Chill Out, Trance"
TLP vs Mystique,2011,Unknown
Girl Unit,2011,"Garage, Juke, Techno, Bmore"
tyDi,2011,Trance
Don Diablo,2011,Progressive House
Nicolaz,2011,Unknown
Von D,2011,"Electro House, Progressive House"
Talamasca,2011,"Psychedelic Trance, Trance"
Anthony Pappa,2011,"Progressive House, Trance"
Sied Van Riel,2011,Trance
Tensnake (live),2011,Unknown
Sunnery James & Ryan Marciano,2011,Electro House
The Flexican ft. Mc Sef,2011,Unknown
Hijak vs Kastor & Dice,2011,Unknown
N8N Remixed,2011,Unknown
Motor City Drum Ensemble,2011,Commercial Dance
Firaga,2011,Psytrance
Kito,2011,Hard Dance
Discobar Galaxie,2011,Unknown
Satoshi Tomiie,2011,Tech House
Bingo Players,2011,Progressive House
The Others,2011,Commercial Dance
Henrik Schwarz (live),2011,Unknown
Ferry Corsten,2011,Trance
Astral Projection,2011,"Psychedelic Trance, Trance"
Neon,2011,Electronic
Cookie Monsta & Funtcase,2011,Unknown
Dave Seaman,2011,"Progressive House, Trance"
Fedde Le Grand,2011,Progressive House
Dixon vs Âme,2011,Unknown
The Oddword,2011,Unknown
Aly & Fila,2011,Trance
Astrix,2011,Psychedelic Trance
Tofke vs Ugur yurt,2011,Unknown
BP,2011,Rock
Massimo Girardi,2011,Commercial Dance
Chris Tietjen,2011,Unknown
Raresh,2011,Tech House
Guy Gerber,2011,"Tech House, Techno"
Simon Patterson,2011,"Psychedelic Trance, Trance"
DJ Ward,2011,Unknown
Marc Acardipane aka Marshall Masters Feat. The Ultimate MC,2011,Unknown
Jan Vervloet (Fiocco DJ),2011,Unknown
Virtual Zone,2011,Unknown
DJ Wout,2011,Unknown
DJ Ward,2011,Unknown
Ray & Anita,2011,Unknown
Bonzai All Stars,2011,"Techno, Trance"
Raving George,2011,Unknown
Mason,2011,"Hip-Hop, Trap, Future Bass"
Steve Aoki,2011,"Electro House, Indie / Underground"
Afrojack,2011,"Electro House, Progressive House"
Avicii,2011,Unknown
Martin Solveig,2011,Electro House
Dimitri Vegas & Like Mike,2011,Electro House
Tiesto,2011,"Commercial Dance, Big Room"
Nosferatu,2011,Hardcore Techno
Fausto,2011,Hard Dance
Dr. Phunk,2011,Unknown
Bioweapon,2011,Commercial Dance
Headhunterz,2011,Hard Dance
Fenix,2011,"Hip-Hop, Trance"
Noisecontrollers,2011,Hardcore Techno
Ran-D,2011,Hardcore Techno
Sven Väth,2011,Techno
B-Front,2011,Hardcore Techno
Don Cabron,2011,Unknown
Dimitri Andreas,2011,Unknown
Caspar,2011,Unknown
Stijn,2011,Unknown
don Santos,2011,Unknown
The Jelly Bellies,2011,Unknown
Marky,2011,Drum & Bass
AKS (Addicted Kru Sound),2011,Unknown
Samsung Galaxy Island Saturday,2011,Unknown
Bad Dancer,2011,Unknown
DJ Licious,2011,House
Phill & Steve,2011,Unknown
Radio Ultra Modern Saturday,2011,Unknown
Contraddict,2011,Unknown
Soulspinnas,2011,Unknown
Spacid,2011,Unknown
Panteros 666 & Myd (Club Cheval),2011,Unknown
DJ Geo,2011,Unknown
Atmospherix,2011,Unknown
Daniel Kandi,2011,Trance
2Dirty,2011,Unknown
Alert & Bonafide,2011,Unknown
Tom de Neef vs Sven Van Hees,2011,Unknown
Alpha 2 & E-Force,2011,Unknown
Marcel Dettmann & Marcel Fengler,2011,Unknown
Daniel Bovie & Roy Rox,2011,Traditional House
Logistics,2011,Drum & Bass
Cosmic Gate,2011,"Progressive House, Trance"
Marko,2011,Techno
Shovell (live on percussion),2011,Unknown
Vicelord,2011,Unknown
Ya'Mo,2011,Unknown
Bart B More,2011,Electro House
Speedy J,2011,Techno
Foxy Lady & MC Elvee,2011,Unknown
Super8 & Tab,2011,Trance
Stereo Clash,2011,Unknown
Sharam,2011,Tech House
Tito & Echo Virus vs MC Ebony,2011,Unknown
Copyright,2011,Traditional House
Style of eye,2011,Traditional House
Ben Sims & Friends (Frequency 7 with Surgeon & Killa Productions with Paul Mac),2011,Unknown
Sander Van Doorn,2011,Trance
Gregor Salto,2011,Electro House
One87 & Hookerz feat. MC Nice,2011,Unknown
Joachim Garraud,2011,Electro House
The Shapeshifters,2011,Unknown
Brodinski,2011,Electro House
Breakbot,2011,"Funk, Disco, House"
Jaytech,2011,Progressive House
Younes,2011,Unknown
Mousa,2011,Unknown
Nabil,2011,Unknown
DJ Die,2011,"Electronic, Dance"
Don Rimini,2011,Commercial Dance
Kr!z,2011,Unknown
Sandy Rivera,2011,Traditional House
Hardwell,2011,"Electro House, Progressive House"
Above & Beyond,2011,Trance
Roma,2011,"Electronic, Dance"
DJ Silver,2011,Unknown
Surfing Leons,2011,Unknown
Chris Liebing,2011,Techno
Netsky,2011,Drum & Bass
Chocolate Puma,2011,Traditional House
John Dahlback,2011,"Electro House, Progressive House"
Mat Zo,2011,"Progressive House, Trance"
Bartholomeo,2011,Unknown
Smos,2011,Band
M A N I K,2011,Unknown
Prinz,2011,Techno
Shlomi Aber,2011,"Tech House, Techno"
KiNK,2011,Commercial Dance
Dom & Roland vs Klute,2011,Unknown
Josh Wink,2011,"Tech House, Techno"
Dubfire,2011,Techno
Austin Leeds,2011,Progressive House
Ummet Ozcan,2011,Trance
Rank 1,2011,Trance
Giuseppe Ottaviani,2011,Trance
M.I.K.E.,2011,Trance
Gabriel & Dresden,2011,"Progressive House, Trance"
Markus Schulz,2011,"Progressive House, Trance"
Paul Van Dyk,2011,Trance
Nicolaz,2011,Unknown
Thomas Gold,2011,Progressive House
NERVO,2011,"Electro House, Progressive House"
Wolfgang Gartner,2011,Electro House
Laidback Luke,2011,Electro House
Chuckie,2011,Electro House
David Guetta,2011,Electro House
2 Many DJ's,2011,Unknown
Demoniak,2011,Unknown
Toneshifterz,2011,Hard Dance
Technoboy,2011,Hardcore Techno
Ambassador Inc.,2011,Unknown
Digital Punk,2011,Unknown
Luna,2011,"Synthpop, Trip Hop, Uk Garage"
Loco Dice,2011,"Tech House, Techno"
Zatox,2011,Hard Dance
Promo,2011,Trance
Kutski,2011,Hardcore Techno
Edward Molton,2011,Unknown
Evad,2011,Unknown
Jazzmin,2011,Unknown
Psytox,2011,"Hardstyle, Rawstyle, Electronic"
Tom Dazing & Gols,2011,Unknown
Steffi,2011,Commercial Dance
Tama Sumo,2011,"Deep House, Techno"
Pierre & Juannes,2011,Unknown
E.S.P.,2011,Unknown
Yves V,2011,Progressive House
Igor Vicente,2011,"House, Techno"
Philip,2011,"Techno, Tech House, Deep House"
Joeri,2011,Commercial Dance
Samsung Galaxy Island Sunday,2011,Unknown
Matthew Hoag vs Dejan Milcevic,2011,Unknown
Danny Corten,2011,Unknown
Jacob Van Hage,2011,"Traditional House, Trance"
Subreachers,2011,Unknown
Swanky Tunes,2011,"Electro House, Progressive House"
Radio Ultra Modern Sunday,2011,Unknown
Fabrizio Maurizi,2011,Commercial Dance
Wildstylez,2011,Hard Dance
Dave Lambert,2011,Traditional House
Gaetano Parisio,2011,Techno
Science,2011,Commercial Dance
Angger Dimas,2011,Electro House
Sound of Stereo,2011,Unknown
Iris Menza,2011,Unknown
Ambivalent,2011,"Minimal, Techno"
Norman Doray,2011,Progressive House
Alex Flatner,2011,"Electronica, Techno"
Cyrax & Numerus,2011,Unknown
TAI,2011,Progressive House
R3hab vs Quintino,2011,Unknown
Bunzer0,2011,Unknown
Mustard Pimp,2011,"Electro House, Indie / Underground"
Heartthrob (live),2011,Unknown
Barry Fore,2011,Commercial Dance
Audiofly,2011,"Tech House, Techno"
Du Art,2011,Unknown
Michael Woods,2011,Progressive House
Uffie,2011,Unknown
NGA (Allspark & Gaz feat. Mc Nice),2011,Unknown
Magda,2011,Minimal
MYBACK,2011,Unknown
Third Party,2011,Progressive House
Gtronic,2011,"Traditional House, Minimal"
Grimelock,2011,Unknown
Regi,2011,"Trance, Big Room House"
Riva Starr,2011,Tech House
Felix Cartal,2011,"Electro House, Indie / Underground"
DJ Rush,2011,Unknown
"Barem (live - After The Storm, Album Tour)",2011,Unknown
AN21 & Max Vangeli,2011,Unknown
Autoerotique,2011,Electro House
Kryptic Minds feat. SP:MC,2011,Unknown
Sidney Samson,2011,Traditional House
James Zabiela,2011,"Tech House, Techno"
Frank Kvitta,2011,Unknown
Marco Carola,2011,Techno
Dada Life,2011,"Electro House, Progressive House"
Groove Armada presents Red Light,2011,Unknown
M.A.N.D.Y,2011,"Techno, Techno"
N-Type,2011,Dubstep
David Tort,2011,Tech House
Steve Aoki vs Afrojack,2011,Unknown
Pet Trio: Pet Duo vs Miss DJax,2011,Unknown
Steve Angello,2011,Progressive House
Sasha,2011,"Tech House, Techno"
Richie Hawtin,2011,"Tech House, Techno"
Marco Remus,2011,Commercial Dance
Huma Noyd (live),2011,Unknown
Dimitri Vegas & Like Mike,2011,Electro House
Prinz,2010,Techno
Patrick Schmidt,2010,Unknown
Ricardo Villalobos,2010,"Minimal, Techno"
Cassy,2010,"Tech House, Techno"
Extrawelt (live),2010,Unknown
Karotte,2010,Tech House
Joris Voorn,2010,"Tech House, Techno"
The Oddword,2010,Unknown
Yves V,2010,Progressive House
Afrojack,2010,"Electro House, Progressive House"
Dennis Ferrer,2010,Traditional House
Dada Life,2010,"Electro House, Progressive House"
Swedish House Mafia,2010,Progressive House
Dimitri Vegas & Like Mike,2010,Electro House
Dirty South,2010,"Electro House, Progressive House"
The Playah,2010,Unknown
Dr Rude,2010,Unknown
Isaac,2010,"Hard Dance, Hardcore Techno"
The Pitcher,2010,Unknown
Wildstylez,2010,Hard Dance
D-Block & S-te-Fan,2010,"Hard Dance, Hardcore Techno"
Zatox,2010,Hard Dance
Coone,2010,Hard Dance
Pinch & Gemmy feat. MC Pokes,2011,Unknown
Paul Langley,2010,Unknown
The Prophet,2010,Hardcore Techno
Kr!z,2010,Unknown
John O'Callaghan,2010,Trance
Sandro Keejan,2010,Unknown
Ambivalent,2010,"Minimal, Techno"
Don Cabron,2010,Unknown
Stefan K & Senor Funk,2010,Unknown
Dice & Kastor,2010,Unknown
DonoVan,2010,Rock
Fred Nova,2010,Unknown
Z Nox,2010,Unknown
Danny C,2010,Trance
Spacid,2010,Unknown
DJ Ward,2010,Unknown
Vertesse,2010,Unknown
Sixty69Nine,2010,Unknown
Hobo (live),2010,Unknown
DJ Apsara,2010,Unknown
Speedwagon & Stykz,2010,Unknown
Dominico,2010,Tech House
Nicolas Clays,2010,Unknown
Lamont,2010,Commercial Dance
Phill & Steve,2010,Unknown
Deepack,2010,Hardcore Techno
The Nitwits,2010,Unknown
Len Faki,2010,Techno
Mr Cliff,2010,Unknown
The Tech-nicals,2010,Unknown
Barem,2010,"Minimal, Techno"
Davoodi,2010,Unknown
Daniel Bovie & Roy Rox,2010,Traditional House
2Dirty,2010,Unknown
First State,2010,"Progressive House, Trance"
Urban Forms feat. Mc Divine,2010,Unknown
Hyetal,2010,Unknown
Robert Hood,2010,Techno
Franky Kloeck,2010,"Techno, Hard Trance"
Don Camilo ft. Isaac Maine,2010,Unknown
Push,2010,"Trance, Progressive House"
Heartthrob (live),2010,Unknown
Airbase,2010,Trance
Foxy Lady & MC Elvee,2010,Unknown
Tofke,2010,Tech House
Caspar,2010,Unknown
Bingoplayers,2010,Unknown
Andy Moor,2010,Trance
Kasra & One87 feat. DMC,2010,Unknown
Carl Craig & Radio Slave,2010,Unknown
Three Drives,2010,Unknown
Niels Feijen,2010,Unknown
DJ Wout,2010,Unknown
Shortstuff,2010,Unknown
Magda,2010,Minimal
Mike S,2010,Industrial
Solarstone,2010,"Electronica, Trance"
Icicle,2010,Drum & Bass
Wally Lopez,2010,Traditional House
don Santos,2010,Unknown
Manu Kenton vs Max Walder,2010,Unknown
X-ian,2010,Unknown
Ben Klock & Marcel Dettmann,2010,Unknown
Delafino,2010,House
DJ Ward,2010,Unknown
Marc Houle,2010,"Minimal, Tech House"
W&W,2010,Trance
Wontime & MC Mush,2010,Unknown
Torsten Kanzler,2010,Techno
James Blake,2010,"Post-Dubstep, R&B, Soul, Eperimental"
Roma,2010,"Electronic, Dance"
Bart B More,2010,Electro House
Lange,2010,Trance
Murdock & Netsky feat. Quest One MC,2010,Unknown
Jeff Mills,2010,"Traditional House, Techno"
DJ Ghost,2010,"Hard Trance, Techno"
Stijn,2010,Unknown
Licious,2010,Traditional House
Marco Carola,2010,Techno
Zomby,2010,Commercial Dance
Leon Bolier,2010,Trance
Friction feat. MC ID,2010,Unknown
Derrick May,2010,Techno
Martin Solveig,2010,Electro House
Dave Lambert & Elektrokid,2010,Unknown
Scooter,2010,Techno
Activa,2010,"Chill Out, Trance"
Jon O'Bir,2010,Trance
Raoul,2010,Commercial Dance
KetaLoco All Stars,2010,Unknown
Roska,2010,Unknown
Richie Hawtin,2010,"Tech House, Techno"
Johan Gielen & Cor Fijneman back2back (Airscape),2010,Unknown
Tom de Neef,2010,Traditional House
Grooverider,2010,Drum & Bass
Ralpheus,2010,Unknown
Smos & Baby Bee,2010,Unknown
Hermanez,2010,Tech House
Bartholomeo,2010,Unknown
Steve Bug,2010,"Tech House, Techno"
Regi,2010,"Trance, Big Room House"
Loco Dice,2010,"Tech House, Techno"
Josh Wink,2010,"Tech House, Techno"
Ben Dover DJ's,2010,Unknown
Ida Engberg,2010,Techno
Hardwell,2010,"Electro House, Progressive House"
Sound of Stereo,2010,Unknown
Laidback Luke,2010,Electro House
John Dahlbäck,2010,"Electro House, Progressive House"
David Guetta,2010,Electro House
Chuckie,2010,Electro House
Fenix,2010,"Hip-Hop, Trance"
Ruthless,2010,Hardcore Techno
Brennan Heart,2010,Hard Dance
Davide Sonar,2010,"Hard Dance, Techno"
Pavo,2010,Trance
Psyko Punkz,2010,Hardcore Techno
Frontliner,2010,Hardcore Techno
Tuneboy,2010,Hardcore Techno
Zany & The Beholder,2010,Unknown
Luna & Crypsis,2010,Unknown
The Viper,2010,Band
MK,2010,Commercial Dance
Dejan Milcevic,2010,Unknown
Winner Beatport Contest,2010,Unknown
Sneak vs Derrick Carter,2010,Unknown
Alex M.O.R.P.H,2010,"Electro House, Trance"
Joeri,2010,Commercial Dance
Philip,2010,"Techno, Tech House, Deep House"
Edward Molton,2010,Unknown
Raph,2010,Rock
Shumi,2010,Unknown
Moonflower,2010,Unknown
Tom Leclercq & Barry Fore,2010,Unknown
Vibrasphere (live),2010,Unknown
Arnold Deejay,2010,Unknown
Marco Nastic,2010,Unknown
Sarah Main,2010,"Electronica, Traditional House"
Menno De Jong,2010,Trance
Surfing Leons,2010,Unknown
Tobias Thomas,2010,Unknown
Neon,2010,Electronic
RED D,2010,"Bass Music, Dubstep"
Guy'Do,2010,Unknown
Bold,2010,Commercial Dance
Albin Meyers & Jonas Sellberg,2010,Unknown
Dave Lambert,2010,Traditional House
16 bit lolitas,2010,Progressive House
Rank 1 (live),2010,Unknown
Jörg Burger,2010,Unknown
Tension,2010,Unknown
Boy 8 Bit,2010,Unknown
Dufrain,2010,Unknown
00.db,2010,Unknown
Ya'Mo,2010,Unknown
Gareth Emery,2010,Trance
Du Art,2010,Unknown
The Opposites,2010,Unknown
Kim Fai,2010,Traditional House
Robag Whrume,2010,Unknown
Sander Kleinenberg,2010,"Progressive House, Trance"
Joachim Garraud,2010,Electro House
Mowgli,2010,Techno
Norion,2010,Unknown
TLP,2010,Unknown
Gentil & Nathan Fix,2010,Unknown
Marcus Vector,2010,Unknown
Miss DJax,2010,Commercial Dance
Dominik Eulberg,2010,Electro House
Nick Warren,2010,"Progressive House, Tech House"
Arno Cost & Norman Doray,2010,Unknown
Paul Oakenfold,2010,Trance
Real El Canario,2010,Traditional House
Drop The Lime,2010,Electro House
Marco Remus,2010,Commercial Dance
diMaro,2010,House
Bitkit (live),2010,Unknown
Davidov,2010,Unknown
Psytox,2010,"Hardstyle, Rawstyle, Electronic"
Nicolaz,2010,Unknown
Superpitcher,2010,Techno
James Zabiela,2010,"Tech House, Techno"
Pet Duo,2010,"Hardcore Techno, Techno"
AN21,2010,Progressive House
Kissy Sell Out,2010,Electro House
Markus Schulz,2010,"Progressive House, Trance"
Tara McDonald,2010,Traditional House
DJ Fré vs Lanier,2010,Unknown
Roger Sanchez,2010,Traditional House
Firaga vs Synsun,2010,Unknown
DJ Rush,2010,Unknown
Reinhard Voigt,2010,Unknown
Sunnery James & Ryan Marciano,2010,Electro House
Hernan Cattaneo,2010,"Progressive House, Tech House"
Tom Dazing & Gols,2010,Unknown
TV Rock,2010,Electro House
Wolfgang Gartner,2010,Electro House
Armin Van Buuren,2010,Trance
N8N Remixed Presents Deejays R Rockstarz,2010,Unknown
Michael Mayer,2010,Techno
Mark Knight vs Dirty South,2010,Unknown
Axwell,2010,Progressive House
Sasha,2010,"Tech House, Techno"
Tom Hades & Soren Aalberg,2010,Unknown
Frank Kvitta,2010,Unknown
Dimitri Vegas & Like Mike,2010,Electro House
Skazi,2010,Trance
Don Diablo,2010,Progressive House
Discobar Galaxie,2010,Unknown
Gui Boratto,2010,"Tech House, Techno"
Martin Solveig,2009,Electro House
Felix da Housecat,2009,Traditional House
Laidback Luke,2009,Electro House
Yves V,2009,Progressive House
Les Petits Pilous,2009,Commercial Dance
Dada Life,2009,"Electro House, Progressive House"
Style of Eye,2009,Traditional House
Geht’s Noch,2009,Unknown
Kevin Saunderson,2009,"Tech House, Techno"
Derrick May,2009,Techno
Juan Atkins,2009,"Tech House, Techno"
Rolando,2009,Electro House
Stacey Pullen,2009,Techno
Kenny Larkin,2009,Techno
Aril Brikha,2009,"Minimal, Techno"
Les Mecs Eclectics,2010,"Electronic, Dance, House"
Spacid,2009,Unknown
Joris Voorn,2009,"Tech House, Techno"
Radio Slave,2009,"Tech House, Techno"
Pig & Dan,2009,Techno
Dominik Eulberg,2009,Electro House
Marc Romboy,2009,"Tech House, Techno"
Kiki,2009,"Tech House, Techno"
Prinz,2009,Techno
Patrick Schmidt,2009,Unknown
MC P-Pholl,2009,Unknown
Technoboy,2009,Hardcore Techno
Zany,2009,Hardcore Techno
Tatanka,2009,Rock
Evil Activities,2009,Hardcore Techno
Pavo,2009,Trance
Deepack,2009,Hardcore Techno
Brennan Heart,2009,Hard Dance
Frontliner,2009,Hardcore Techno
Scope DJ,2009,Hardcore Techno
Binum,2009,Unknown
Playboyz VS Ronald V,2009,Unknown
Chicago Zone,2009,Unknown
MC V,2009,MC
David Morales,2009,Traditional House
Kr!z,2009,Unknown
Simon Dunmore,2009,Unknown
Copyright,2009,Traditional House
Soul Migrantz,2009,Unknown
Yamo vs Red D Feat. Lady Linn,2009,Unknown
Merdan Taplak,2009,Unknown
Shovel live,2009,Unknown
DJ Sash!,2009,Unknown
SNAP!,2009,Unknown
Push,2009,"Trance, Progressive House"
Regi & Wout,2009,Unknown
Natural Born Deejays,2009,Unknown
Pat Krimson,2009,"Electronic, Dance"
DJ Ward,2009,Unknown
Goldie & SP:MC,2009,Unknown
D Bridge & SP:MC,2009,Unknown
One87 & DMC,2009,Unknown
Nymfo & DMC,2009,Unknown
Murdock,2009,Drum & Bass
Juice Blender,2009,Unknown
Tito & Echo Virus and MC,2009,Unknown
Ebony,2009,Unknown
Wontime,2009,Unknown
The Nitrous,2009,Unknown
Foxy Lady & MC Elvee,2009,Unknown
Junior Jack & Kid Crème,2009,Unknown
John 00 Flemming,2009,Unknown
Firaga,2009,Psytrance
Norion,2009,Unknown
Ephedrix,2009,Unknown
Loop generation,2009,Unknown
Chuckie,2009,Electro House
Daniel Bovie & Roy Rox,2009,Traditional House
Roog,2009,Traditional House
Sunnery James & Ryan Marciano,2009,Electro House
Afrojack,2009,"Electro House, Progressive House"
Ricky Rivaro,2009,Unknown
Shermanology,2009,Unknown
DJ Frederico,2009,Unknown
Roga vs Zawdi MC,2009,Unknown
Caspar,2009,Unknown
don Santos,2009,Unknown
Don Cabron,2009,Unknown
Stijn,2009,Unknown
El Livin,2009,Unknown
DJ Vertesse,2009,Unknown
Jon Rundell,2009,Techno
Sharam Jey,2009,"Dubstep, Indie / Underground"
The Subs,2009,Commercial Dance
Axwell,2009,Progressive House
Infected Mushroom,2009,"Psychedelic Trance, Trance"
John Dahlbäck,2009,"Electro House, Progressive House"
Moby,2009,Electronica
Paul Van Dyk,2009,Trance
Okinawa 69,2009,Unknown
Shimtshack,2009,Unknown
Senor Funk,2009,Unknown
Morse Inspectors,2009,Unknown
DJ Stephanie,2009,Unknown
Fred Nova,2009,Unknown
Mister JB,2009,Unknown
Roma,2009,"Electronic, Dance"
N8N,2009,Unknown
Nicolas Clays,2009,Unknown
Neon,2009,Electronic
Bartholomeo,2009,Unknown
Tom Leclercq & Barry Fore,2009,Unknown
E-Max,2009,Unknown
Jan Eric Kaiser,2009,Unknown
Leon Bolier & Sied Van Riel,2009,Unknown
Jan Van Biesen,2009,Unknown
Elektrokid,2009,Electro House
diMaro,2009,House
Mark with a K,2009,Hard Dance
Ruthless,2009,Hardcore Techno
Armand Van Helden,2009,Traditional House
Guy J,2009,"Tech House, Techno"
Smos & Baby Bee,2009,Unknown
DJ Fra,2009,"Deep House, Tech House"
Filo & Peri,2009,Unknown
Alpha²,2009,Unknown
Manu Kenton,2009,Unknown
Dave Lambert,2009,Traditional House
Mystique,2009,Hardstyle
Raoul,2009,Unknown
DJ Sake,2009,Hip-Hop
Sir-G,2009,Unknown
Maxime Dangles,2009,Techno
Hardstyle Masterz,2009,Unknown
Q-IC,2009,Unknown
Jon O'Bir,2009,Trance
Iris,2009,Indie
16 bit lolitas,2009,Progressive House
Silicone Soul,2009,"Traditional House, Techno"
Wally Lopez,2009,Traditional House
TLP vs Davidov,2009,Unknown
Jennifer Cardini,2009,Commercial Dance
Armani & Ghost,2009,Unknown
Noisecontrollers,2009,Hardcore Techno
Ed & Kim,2009,Unknown
Seppe,2009,Traditional House
Thrillseekers,2009,Trance
Max Walder,2009,Unknown
Dirty South,2009,"Electro House, Progressive House"
Nabil,2009,Unknown
The Beholder vs The Prophet,2009,Unknown
Hernan Cattaneo,2009,"Progressive House, Tech House"
Timo Maas,2009,"Tech House, Techno"
Nicolaz,2009,Unknown
DJ Koze,2009,"Techno, Deep House"
Giuseppe Ottaviani,2009,Trance
Dana,2009,Tech House
DJ Ghost,2009,"Hard Trance, Techno"
T99 aka Olivier Abbeloos,2009,Unknown
2 Dirty,2009,Unknown
Mark Knight,2009,Tech House
Coone,2009,Hard Dance
Above & Beyond,2009,Trance
Discobar Galaxie,2009,Unknown
Tom de Neef,2009,Traditional House
James Zabiela,2009,"Tech House, Techno"
DJ Rush,2009,Unknown
Josh Wink,2009,"Tech House, Techno"
Tomaz,2009,Unknown
David Guetta,2009,Electro House
Housetrap,2009,Unknown
Burger/Voigt,2009,Unknown
Joeri,2009,Commercial Dance
Dave Kane,2009,Unknown
Michael Mayer,2009,Techno
Marco Remus,2009,Commercial Dance
Sasha & John Digweed,2009,Unknown
D-Block & S-te-Fan,2009,"Hard Dance, Hardcore Techno"
Sound of Stereo,2009,Unknown
Donkey Rollers,2009,Hardcore Techno
Martin Solveig,2008,Electro House
John Dahlbäck,2008,"Electro House, Progressive House"
The Subs,2008,Commercial Dance
The Glimmers,2008,Electro House
Ida Engberg,2008,Techno
Monica Electronica,2008,Unknown
Winner DJ contest,2008,Unknown
DJ Rush,2008,Unknown
Marco Remus,2008,Commercial Dance
DJ Ghost,2008,"Hard Trance, Techno"
Manu Kenton,2008,Unknown
Q-IC,2008,Unknown
Max Walder,2008,Unknown
Ellen Allien,2008,Techno
Paul Kalkbrenner,2008,Techno
Neophyte,2009,Unknown
Sascha Funke,2008,Traditional House
Thomas Andersson,2008,Unknown
Thomas Muller,2008,Commercial Dance
Dave Ellesmere,2008,Unknown
Kenny Dope,2008,Traditional House
Very special guest,2008,Unknown
Simon Dunmore,2008,Unknown
Copyright,2008,Traditional House
Yamo,2008,"Electronic, Experimental"
Dave Lambert,2008,Traditional House
Andy Moor,2008,Trance
Gareth Emery,2008,Trance
Miikha Kuisma,2008,Unknown
Yves De Ruyter,2008,Unknown
Airwave,2008,"Progressive House, Psychedelic Trance"
Capetown,2008,Unknown
Fire,2008,Blues
DJ Elof,2008,Unknown
Yahel,2008,Trance
Astral Projection,2008,"Psychedelic Trance, Trance"
GMS,2008,"Chill Out, Trance"
Norion,2008,Unknown
Firaga,2008,Psytrance
Euphoria,2008,Unknown
Zander VT,2008,Unknown
Soundweapon aka Fresh & MC Ivory,2008,Unknown
Simon Bassline Smith & Youngman Mc,2008,Unknown
One87 & DMC,2008,Unknown
TLP,2008,Unknown
Nymfo,2008,Drum & Bass
Murdock,2008,Drum & Bass
D Convict,2008,Unknown
Armin Van Buuren,2008,Trance
David Guetta,2008,Electro House
Carl Cox,2008,"Tech House, Techno"
Dr. Lektroluv,2008,Unknown
Felix Da Housecat,2008,Traditional House
Yves-V,2008,Unknown
Brian-V,2008,Unknown
Winner DJ contest,2008,Unknown
Fausto,2008,Hard Dance
IVan Smagghe,2008,Electro House
Mason,2008,"Hip-Hop, Trap, Future Bass"
Para One,2008,Commercial Dance
Les Petits Pilous,2008,Commercial Dance
Teenage Bad Girl,2008,Commercial Dance
Housemeister,2008,Commercial Dance
Shadowdancer,2008,Unknown
Ramon Tapia aka El Carlitto,2008,Unknown
Brian G & MC Fearless,2008,Unknown
Markus Schulz,2008,"Progressive House, Trance"
PUSH,2008,"Trance, Progressive House"
Deadmau5,2008,"Electro House, Progressive House"
Menno De Jong,2008,Trance
Fred Baker,2008,"Techno, Trance"
Fred Nova,2008,Unknown
Chris Liebing,2008,Techno
British Murder Boys,2008,Unknown
Claude Young,2008,Commercial Dance
Steve Bug,2008,"Tech House, Techno"
DJ Pierre,2008,House
Spacid,2008,Unknown
Kr!z,2008,Unknown
Fedde Le Grand,2008,Progressive House
Joachim Gerraud,2008,Unknown
Funkerman,2008,Progressive House
Dave Lambert,2008,Traditional House
Tom leclerq,2008,Unknown
B,2008,Commercial Dance
Gui Borrato,2008,Unknown
Wighnomy Bros,2008,Unknown
Superpitcher,2008,Techno
Tobias thomas,2008,Unknown
Jennifer cardini,2008,Commercial Dance
Above & Beyond,2008,Trance
Geo,2008,"Synthpop, Trip Hop, Uk Garage"
Morse Inspectors,2008,Unknown
Discobar Galaxie,2008,Unknown
Mystique & Davidov,2008,Unknown
TiNo & Raoul,2008,Unknown
RedD,2008,Commercial Dance
Guy Ohm,2008,Unknown
Sasha,2008,"Tech House, Techno"
Dubfire,2008,Techno
Loco Dice,2008,"Tech House, Techno"
Dominik Eulberg,2008,Electro House
Smos & Baby Bee,2008,Unknown
Prinz,2008,Techno
Patrick Schmidt vs Bartholomeo,2008,Unknown
Zany,2008,Hardcore Techno
The Prophet,2008,Hardcore Techno
Showtek,2008,Hardcore Techno
Coone,2008,Hard Dance
Headhunterz & Wildstylez,2008,Unknown
The Viper,2008,Band
Deepack,2008,Hardcore Techno
Josh & Wesz,2008,Unknown
Max Enforcer & Balistic,2008,Unknown
Winner DJ Contest 'Chaos in Mind',2007,Unknown
Navid tahernia,2008,Unknown
Buscemi,2007,Unknown
Shameboy,2007,Unknown
Marco Bailey,2007,"Tech House, Techno"
Magnus,2007,Commercial Dance
Guiseppe Ottaviani (live),2007,Unknown
DJ Elof,2007,Unknown
Lethal MG,2007,Unknown
Murdock,2007,Drum & Bass
Norion,2007,Unknown
DJ Fire,2007,Electronic
Danny-C,2007,Unknown
Kairon,2007,Unknown
Airwave,2007,"Progressive House, Psychedelic Trance"
Q-IC,2007,Unknown
Simon Basline Smith & Youngman MC,2007,Unknown
Firaga,2007,Psytrance
Roger Orb,2007,Unknown
Eric Sneo,2007,Techno
John '00' Flemming,2007,Unknown
Fresh & Stamina MC,2007,Unknown
Armandi,2007,Unknown
DJ Ghost,2007,"Hard Trance, Techno"
Lani,2007,Unknown
Yves De Ruyter,2007,Unknown
Jan Van Biesen,2007,Unknown
Miss DJax,2007,Commercial Dance
Yahel,2007,Trance
Manuel Le Saux,2007,Trance
Marco Remus,2007,Commercial Dance
Millenium Kru & MC Dapper,2007,Unknown
Astrix,2007,Psychedelic Trance
Opening winner DJ Contest “Cool hand Luke”,2007,Unknown
Marko,2007,Techno
Mason,2007,"Hip-Hop, Trap, Future Bass"
Yves V,2007,Progressive House
Sander Kleinenberg,2007,"Progressive House, Trance"
David Guetta,2007,Electro House
Roger Sanchez,2007,Traditional House
Paul Van Dyk,2007,Trance
Fred Nova,2007,Unknown
Chicago Zone Vs. Lobotomy Inc,2007,Unknown
Kozz,2007,Unknown
Tweety,2007,Unknown
Baby Bang,2007,Unknown
Tom Leclerq & B,2007,Unknown
Perry O' Neill,2007,Unknown
TiNo,2007,Techno
Kr!z,2007,Unknown
Yoji Biomehanika,2007,Unknown
Ed Rush & MC Justyce,2007,Unknown
Bart:elomeo,2007,Unknown
Mr. Brown,2007,Unknown
B Rock,2007,Unknown
Red D vs Ya'Mo,2007,Unknown
Joris Voorn,2007,"Tech House, Techno"
Tom De Neef,2007,Traditional House
Rank 1,2007,Trance
Prinz,2007,Techno
Coone Vs Ruthless,2007,Unknown
Uneal,2007,Unknown
Davidov,2007,Unknown
Raoul,2007,Commercial Dance
Cosmic,2007,Disco
Zatox,2007,Hard Dance
Markus Schulz,2007,"Progressive House, Trance"
T-Quest,2007,Unknown
Carl Craig,2007,Techno
Steve Angello,2007,Progressive House
Joss,2007,Unknown
DJ 4T4,2007,Unknown
Headhunterz,2007,Hard Dance
Davidov vs Mystique,2007,Unknown
Sake,2007,Hip-Hop
Filliz,2007,Unknown
Blake Jarrell,2007,"Progressive House, Trance"
Technasia,2007,Commercial Dance
Armin Van Buuren,2007,Trance
Showtek,2007,Hardcore Techno
Discobar Galaxie,2007,Unknown
Cash Money,2007,Unknown
Smos & Baby B,2007,Unknown
Maxim Lany vs El Carlitto,2007,Unknown
Bob Sinclar,2007,Traditional House
Luna,2007,"Synthpop, Trip Hop, Uk Garage"
Jeff Mills,2007,"Traditional House, Techno"
Menno De Jong,2007,Trance
Luciano,2007,"Minimal, Techno"
Zany,2007,Hardcore Techno
Les Freres Deluxe,2007,Unknown
Crack T,2007,Unknown
DJ Rush,2007,Unknown
Guy Ohm feat. Funky Frenic,2007,Unknown
Promo Vs Lady Dana,2007,Unknown
Armin Van Buuren,2006,Trance
Ferry Corsten,2006,Trance
David Guetta,2006,Electro House
Filterheadz (live),2006,Unknown
Chris Liebing,2006,Techno
Marco Bailey,2006,"Tech House, Techno"
Dave Lambert,2007,Traditional House
T-Quest,2006,Unknown
Kozz,2006,Unknown
Kr!z,2006,Unknown
Bob Sinclar,2006,Traditional House
Axwell,2006,Progressive House
Dave Lambert,2006,Traditional House
Bart Maes,2006,Unknown
Tom Leclerq,2006,Unknown
Silicone Soul,2006,"Traditional House, Techno"
Raul,2006,Electro House
Smos & Baby B,2006,Unknown
Prinz,2006,Techno
Filliz,2006,Unknown
Bartholomeo,2006,Unknown
Balistic,2006,Unknown
Beholder,2006,Commercial Dance
Coone,2006,Hard Dance
Dana,2006,Tech House
Dark-E,2006,Unknown
Ghost,2006,Rock
Massiv,2006,Hardcore
Promo,2006,Trance
Ruthless,2006,Hardcore Techno
Scot Project,2006,"Hard Dance, Trance"
Oscar Mulero,2006,Techno
The Rebel,2006,Unknown
Zany,2006,Hardcore Techno
Paul Oakenfold,2006,Trance
Markus Schulz,2006,"Progressive House, Trance"
Mark Norman vs Cor Fijneman,2006,Unknown
Menno De Jong vs Estuera,2006,Unknown
Phynn vs Fred Baker,2006,Unknown
Emjay,2006,Unknown
Ronald Van Gelderen,2006,Unknown
Liam Shachar,2006,"Progressive House, Trance"
Starski & Tonic,2006,Unknown
Guy Ohm & Funky Frenic (Sax),2006,Unknown
Maxim Lany & El Carlito,2006,Unknown
Red D,2006,"Bass Music, Dubstep"
Mystique,2006,Hardstyle
Tino,2006,Techno
DJ Kool,2006,Unknown
TLP,2006,Unknown
Mad D & Vista,2006,Unknown
Chen,2006,Electro House
Serom,2006,Unknown
Luck E,2006,Unknown
Sense,2006,Rap
Neon,2006,Electronic
Tatanka,2006,Rock
Elof de Neve,2006,Unknown
Yves Deruyter,2006,Trance
Rush,2006,Minimal
Ben Sims,2006,Techno
Surgeon,2006,Unknown
M.I.K.E.,2005,Trance
Ronald Van Gelderen,2005,Unknown
Ferry Corsten,2005,Trance
Ghost,2005,Rock
M.I.K.E. live,2005,Unknown
Introducing DJ Sasha,2005,Unknown
Sasha,2005,"Tech House, Techno"
Advent Live,2005,Unknown
Felix Da Housecat,2005,Traditional House
Dimitri Andreas,2005,Unknown
Promo,2005,Trance
Gigantic Outdoor Fireworks,2005,Unknown
Estuara,2005,Unknown
Greg C,2005,Unknown
Cyrix,2005,Unknown
Maxim lany,2005,"House, Deep House"
Mystique,2005,Hardstyle
Tom Leclerq,2005,Unknown
Smos & Baby Bee,2005,Unknown
Filip Delie,2006,Unknown
Fred Baker,2005,"Techno, Trance"
Coone & Dark e,2005,Unknown
Ada,2005,"Techno, House"
Filliz,2005,Unknown
Eddie Halliwell,2005,"Progressive House, Trance"
Kozz,2005,Unknown
Fredo & Thang,2005,Unknown
Chuckie,2005,Electro House
B,2005,Commercial Dance
Yoji Biomehanika,2005,Unknown
Marco Bailey,2005,"Tech House, Techno"
Tweety,2005,Unknown
DJ Ton TB,2005,Unknown
André Galuzzi,2005,Unknown
Starski & Tonic,2005,Unknown
Jahzulluh & Davidov,2005,Unknown
Bart Maes,2005,Unknown
Yves De Ruyter,2005,Unknown
Bartholomeo,2005,Unknown
Toni Rios,2005,Electronica
Mojado (live),2005,Unknown
Pavo,2005,Trance
Sven Van Hees,2005,"Chill Out, Traditional House"
TLP aka Troubleman,2005,Unknown
Frank Lober,2005,Unknown
John O'Bir,2005,Unknown
Justice,2005,"Electro House, Indie / Underground"
Dr. Kucho,2005,Traditional House
Sven Väth,2005,Techno
The Prophet,2005,Hardcore Techno
T-Quest,2005,Unknown
Isabel,2005,Unknown
Cor Fijneman,2005,Unknown
DJ Luna,2005,Unknown
Erol Alkan,2005,"Electro House, Indie / Underground"
Dave Lambert,2005,Traditional House
Andy Caldwell,2005,Traditional House
Monika Kruse,2005,"Tech House, Techno"
Technoboy,2005,Hardcore Techno
Richard Bartz,2005,Unknown
DJ Montana,2005,Unknown
Darkraver,2005,"Electro House, Hard Dance"
Armin Van Buuren,2005,Trance
Pacal FEOS,2005,Unknown
Prinz,2005,Techno
