artist,agency
nicole moudaber,insomniac
walker and royce,insomniac
virtual riot,insomniac
benwal,insomniac
ignez,insomniac
adam sellouk,insomniac
rezident,insomniac
distant matter,insomniac
keeb,insomniac
dj diesel,insomniac
dj guestlist,insomniac
draxx,insomniac
wongraphy,insomniac
wiko,insomniac
roberto ruano,insomniac
raffy peyré,insomniac
no trial,insomniac
shoki287,insomniac
cltx,insomniac
emilija,insomniac
capoon,insomniac
murphy’s law,insomniac
pr.a.do,insomniac
clementaum,insomniac
omoloko,insomniac
idlibra,insomniac
cristobal pesce,insomniac
monolink,insomniac
zopelar,insomniac
badsista,insomniac
alírio,insomniac
conrad,insomniac
breez,insomniac
juji,insomniac
insane clown posse,insomniac
yanamaste,insomniac
ueberrest,insomniac
surf 2 glory,insomniac
ornella,insomniac
in verruf,insomniac
ruens,insomniac
shifty,insomniac
baugruppe90,insomniac
badger,insomniac
izzy vadim,insomniac
zack fox,insomniac
nikolina,insomniac
fantasm,insomniac
chris metcalfe,insomniac
mango and ginger,insomniac
proppa,insomniac
simas,insomniac
hank,insomniac
dj boring,insomniac
fundido,insomniac
fka twigs,insomniac
2d0gs,insomniac
lusid,insomniac
dimepiece,insomniac
junior grimez,insomniac
koji aiken,insomniac
xy,insomniac
jonnie b,insomniac
pvlmfck,insomniac
2high2fall,insomniac
y3llo,insomniac
notxerius,insomniac
sundaysundae,insomniac
smyliek,insomniac
aadja,insomniac
yaego,insomniac
verraco,insomniac
mystro,insomniac
wayve,insomniac
klo,insomniac
sequence six,insomniac
moon fazed,insomniac
hausman,insomniac
aldor,insomniac
the amplified pianist,insomniac
thomas kelly,insomniac
juan rios,insomniac
carson paskill,insomniac
somewhen,insomniac
quelza,insomniac
ryan elliott,insomniac
freddy k,insomniac
blawan,insomniac
marrøn,insomniac
vk,insomniac
loyalt,insomniac
jonny atom,insomniac
cancelthecouch,insomniac
barbosa,insomniac
bowers and bidwell,insomniac
huego,insomniac
vibrant illusion,insomniac
twopercent,insomniac
the masquerade,insomniac
star monster,insomniac
spoone,insomniac
phrva,insomniac
papajay,insomniac
kade findley,insomniac
hexxa,insomniac
gardella,insomniac
crumb pit,insomniac
costa,insomniac
yunit.,insomniac
bella renee,insomniac
demotapes,insomniac
sol ortega,insomniac
prada2000,insomniac
ragie ban,insomniac
pascal moscheni,insomniac
anastasia giovani,insomniac
ugo banchi,insomniac
pomboklap,insomniac
apache,insomniac
tony guerra,insomniac
aj christou,insomniac
capshun,insomniac
st. mary,insomniac
vltra,insomniac
r3wire,insomniac
j patron,insomniac
angel fernandez,insomniac
jesse james,insomniac
villaseñor,insomniac
kimonos,insomniac
butch,insomniac
fumi,insomniac
serafina,insomniac
fenrick,insomniac
peter blue,insomniac
mario santander,insomniac
lea alva,insomniac
emisopa,insomniac
dezko,insomniac
djibouti,insomniac
d’witches,insomniac
celice,insomniac
anyma,insomniac
kate gozz,insomniac
aaron sevilla,insomniac
8onthebeat,insomniac
manu magick,insomniac
djammin,insomniac
lindsey herbert,insomniac
locklead,insomniac
cole terrazas,insomniac
l.p. rhythm,insomniac
kate moon,insomniac
mark di meo,insomniac
grossomoddo,insomniac
slamm,insomniac
ammé,insomniac
maneki,insomniac
mita gami and meir briskman orchestra,insomniac
midroll,insomniac
mo money,insomniac
riddim nyc,insomniac
warlord,insomniac
gravagerz,insomniac
andme,insomniac
close friends only,insomniac
kuko,insomniac
trovarsi,insomniac
nikita green,insomniac
erika de casier,insomniac
villano antillano,insomniac
gram greene,insomniac
stoog3s,insomniac
sistek,insomniac
in parallel,insomniac
ana rova,insomniac
sim0ne,insomniac
vertile,insomniac
brunello,insomniac
bashkka,insomniac
lammer,insomniac
falko,insomniac
juos,insomniac
tomás station,insomniac
o.bee,insomniac
priku,insomniac
aline umber,insomniac
ageless,insomniac
dj irene,insomniac
kstko,insomniac
dani thorne,insomniac
tej,insomniac
idoru,insomniac
manta radio,insomniac
jeff sorkowitz,insomniac
buunshin,insomniac
theconnect,insomniac
ludz,insomniac
sofia kourtesis,insomniac
paramida,insomniac
falyn,insomniac
rafael,insomniac
nitefreak,insomniac
jazzy,insomniac
dj stingray 313,insomniac
chaos in the cbd,insomniac
the outlaw,insomniac
afriqua,insomniac
dj mandy,insomniac
ønyx,insomniac
salome,insomniac
katie rex,insomniac
dee diggs,insomniac
catladyhi,insomniac
"sincerely, manolo",insomniac
keenan mathias,insomniac
yeong,insomniac
zoey808,insomniac
joey g,insomniac
dj naté,insomniac
coldsweat,insomniac
chrysalis,insomniac
cquestt,insomniac
hannah monica,insomniac
stoneypie,insomniac
meezu,insomniac
shaking,insomniac
john liwag,insomniac
nebula,insomniac
hu dat,insomniac
shay elys,insomniac
sosh and mosh,insomniac
juaan,insomniac
madison park,insomniac
acemo,insomniac
bullet tooth,insomniac
dj swisha,insomniac
ollie lishman,insomniac
moblack,insomniac
nico de andrea,insomniac
marten lou,insomniac
liquid earth,insomniac
arapu,insomniac
foynez,insomniac
tripolism,insomniac
cristi cons,insomniac
mozey,insomniac
win win,insomniac
twin diplomacy,insomniac
mia maya,insomniac
lugh!,insomniac
david ardila,insomniac
bebi,insomniac
blurrd vzn,insomniac
wraz,insomniac
klinical,insomniac
primate,insomniac
captain bass,insomniac
circadian,insomniac
ac13,insomniac
seth david,insomniac
probcause,insomniac
otsukare,insomniac
a little sound,insomniac
subsonic,insomniac
hazard,insomniac
mystic methods,insomniac
jordnmoody,insomniac
thomas schumacher,insomniac
shingo nakamura,insomniac
rising dust,insomniac
realize,insomniac
ranji,insomniac
maximizer,insomniac
mad maxx,insomniac
hel:sløwed,insomniac
kaeno,insomniac
gvx,insomniac
gms,insomniac
faders,insomniac
bakari,insomniac
burn in noise,insomniac
blazy,insomniac
underworld,insomniac
max gardner,insomniac
roman messer,insomniac
superstrings,insomniac
olly james,insomniac
sonrizas,insomniac
owie,insomniac
gs5,insomniac
brosa,insomniac
mor•a•mor,insomniac
massano,insomniac
shir miya,insomniac
holy priest,insomniac
avi sic,insomniac
swimming paul,insomniac
future.666,insomniac
starjunk 95,insomniac
brainrack,insomniac
alezsandro,insomniac
ale acosta,insomniac
hazón,insomniac
winson,insomniac
ar/co,insomniac
ag,insomniac
bad girl bailey,insomniac
dr. greco,insomniac
hills,insomniac
ina nia,insomniac
loofy,insomniac
ely oaks,insomniac
morgan seatree,insomniac
jaden bojsen,insomniac
blxst,insomniac
victoria,insomniac
reznik,insomniac
novah,insomniac
spfdj,insomniac
kalte liebe,insomniac
odymel,insomniac
adrián mills,insomniac
vibrvnt,insomniac
chamoy baby,insomniac
george smeddles,insomniac
miller,insomniac
lina,insomniac
chica,insomniac
athena,insomniac
fenik,insomniac
eternal,insomniac
koister,insomniac
combine,insomniac
rara,insomniac
v1fro,insomniac
mr. bitch,insomniac
nicolas julian,insomniac
nghtcrwlr,insomniac
julie,insomniac
skanka,insomniac
mariano mateljan,insomniac
mene,insomniac
tea vuckovic,insomniac
tom bug,insomniac
elena mikac,insomniac
dejan milićević,insomniac
easterlin,insomniac
donzii,insomniac
ginchy,insomniac
avalan rokston,insomniac
j ribbon,insomniac
matty ralph,insomniac
ladies of leisure,insomniac
rimaye,insomniac
day/dem,insomniac
siegel,insomniac
oklou,insomniac
livwutang,insomniac
john glacier,insomniac
chuwi,insomniac
bambii,insomniac
axel boman,insomniac
amyl and the sniffers,insomniac
adamusic,insomniac
zarco,insomniac
luxi villar,insomniac
karretero,insomniac
anna tur,insomniac
afrosalto,insomniac
vanjee,insomniac
rhr,insomniac
marie davidson,insomniac
hissyfit,insomniac
znorthy,insomniac
joyce lim,insomniac
suri,insomniac
fish house funk,insomniac
jimi the kween,insomniac
sean morris,insomniac
jess king,insomniac
dj suspence,insomniac
dj honey,insomniac
michael navarro,insomniac
miscalculated,insomniac
dickerman,insomniac
pretty sweet,insomniac
glia,insomniac
trebletina,insomniac
edd,insomniac
dark heart,insomniac
disco dom,insomniac
izik,insomniac
don woezik,insomniac
miracles,insomniac
redliners,insomniac
veta vitali,insomniac
peace control,insomniac
discip,insomniac
facu baez,insomniac
ruze,insomniac
nate katz,insomniac
luke dean,insomniac
cade solito,insomniac
jack-lo,insomniac
lsdxoxo,insomniac
reznor,insomniac
boizy,insomniac
casska,insomniac
kidmaverick,insomniac
pizzi,insomniac
meedy,insomniac
gaia (co),insomniac
dh moon,insomniac
nico hartt,insomniac
zesti,insomniac
twenty six,insomniac
marianna hadad,insomniac
brody jenner,insomniac
alcala bros,insomniac
cato anaya,insomniac
inigma,insomniac
bryce alakai,insomniac
reece rosé,insomniac
ignacio,insomniac
wonkywilla,insomniac
skolah,insomniac
crusy,insomniac
corey biggs,insomniac
brdwy,insomniac
greg mike,insomniac
baron,insomniac
dee/ma,insomniac
afromantis collective,insomniac
da capo,insomniac
¥øu$uk€ ¥uk1mat$u,insomniac
hanz,insomniac
dena,insomniac
muzi,insomniac
aqutie,insomniac
kasango,insomniac
karaba,insomniac
dj slim mcgraw,insomniac
bo knows,insomniac
sarz,insomniac
dea magna,insomniac
human404,insomniac
drėėėmy,insomniac
stoley,insomniac
lizdek,insomniac
eli fola,insomniac
tim underscore,insomniac
loco and jam,insomniac
synnhaven,insomniac
backcourt,insomniac
willie pake,insomniac
trickstar,insomniac
sarah de warren,insomniac
odd language,insomniac
silcrow,insomniac
oddly godly,insomniac
kenzii scott,insomniac
sabrosura boyz,insomniac
mer bear,insomniac
kieran san jose,insomniac
stedicam,insomniac
kitty amor,insomniac
dj lag,insomniac
avi snow,insomniac
bauernfeind,insomniac
alves,insomniac
hotlap,insomniac
horichh,insomniac
cutdwn,insomniac
rollz royce,insomniac
10cust,insomniac
mgna crrrta,insomniac
nekter,insomniac
suvin,insomniac
fatrik,insomniac
uncle waffles,insomniac
genesi,insomniac
linney,insomniac
vandelux,insomniac
cesco,insomniac
mk.gee,insomniac
darkside,insomniac
l’impératrice,insomniac
ca7riel and paco amoroso,insomniac
2hollis,insomniac
paco amoroso,insomniac
ca7riel,insomniac
kuroneko,insomniac
babsy.,insomniac
ghostdragon,insomniac
joe arabica,insomniac
fiona kraft,insomniac
cloudy,insomniac
max best,insomniac
khadija,insomniac
enzo siragusa,insomniac
tijana t,insomniac
sweely,insomniac
julian wassermann,insomniac
elli acula,insomniac
andrea oliva,insomniac
spect,insomniac
miu,insomniac
neo,insomniac
5sta,insomniac
zerb,insomniac
yancha,insomniac
solkey,insomniac
scimmie,insomniac
nicolás rada,insomniac
martin bordacahar,insomniac
anna farfan,insomniac
alci,insomniac
voigtmann,insomniac
joyia,insomniac
olive f,insomniac
arielle free,insomniac
lousy lover,insomniac
saraga,insomniac
joezi,insomniac
maxi meraki,insomniac
rian wood,insomniac
johannes schuster,insomniac
tommy kimpton,insomniac
samson,insomniac
mëstiza,insomniac
samm,insomniac
antdot,insomniac
ankhoï,insomniac
hershe,insomniac
gladde paling,insomniac
natte visstick,insomniac
kaiyo,insomniac
avalon (kr),insomniac
mahmut orhan,insomniac
major league djz,insomniac
liam palmer,insomniac
dkt,insomniac
goldbrush,insomniac
johnny chay,insomniac
rhome,insomniac
tfti,insomniac
country night,insomniac
recess,insomniac
$ami g,insomniac
dj pinke,insomniac
b.,insomniac
void,insomniac
lara klart,insomniac
sol,insomniac
godtripper,insomniac
dj warning,insomniac
roxy ferrari,insomniac
the redhead cowgirl,insomniac
jazzy j,insomniac
jayv,insomniac
nadia,insomniac
handrry,insomniac
4d,insomniac
santa fe klan,insomniac
mai iachetti,insomniac
fletch,insomniac
liva k,insomniac
hntr,insomniac
invursion,insomniac
tinzo + jojo,insomniac
zach witness,insomniac
x_xtra,insomniac
house of j.a.n.e.,insomniac
flotussin,insomniac
script,insomniac
trace,insomniac
juvenile,insomniac
feid,insomniac
part time killer,insomniac
noise mafia,insomniac
ammara,insomniac
weska,insomniac
iznyrs,insomniac
elliot schooling,insomniac
manu gonzalez,insomniac
kellie allen,insomniac
dennis quin,insomniac
chesster,insomniac
supergloss,insomniac
deep dish,insomniac
gabrielle kwarteng,insomniac
ananda,insomniac
tessuto,insomniac
dioun,insomniac
pedro gariani,insomniac
paulete lindacelva,insomniac
nora,insomniac
millos kaiser,insomniac
etcetera,insomniac
azyr,insomniac
kilimanjaro,insomniac
brux,insomniac
cromby,insomniac
the blessed madonna,insomniac
dara genesis,insomniac
floating points,insomniac
viperactive,insomniac
sean paul,insomniac
southstar,insomniac
jade cicada,insomniac
baby savage,insomniac
zero,insomniac
swando,insomniac
vicious,insomniac
the resistance,insomniac
deadgirl,insomniac
maylay,insomniac
vicky b,insomniac
biianco,insomniac
shdw,insomniac
paulina ricci,insomniac
raziel vidal,insomniac
lans palm,insomniac
amenti,insomniac
bante,insomniac
facundo mohrr,insomniac
deer jade,insomniac
pablo fierro,insomniac
sommer ray,insomniac
outer child,insomniac
mariano monzón,insomniac
dawns,insomniac
meberly,insomniac
may-lynn,insomniac
anita guzmán,insomniac
carrie keller,insomniac
sicaria (mx),insomniac
kaylux,insomniac
jonter,insomniac
ty sunderland,insomniac
sagi kariv,insomniac
leland,insomniac
hayla,insomniac
crush club,insomniac
anne louise,insomniac
edrdo,insomniac
paris hilton,insomniac
essel,insomniac
daniel etienne,insomniac
sullen,insomniac
jergus,insomniac
hector couto,insomniac
jay de lys,insomniac
kasia,insomniac
nico falla,insomniac
minä,insomniac
erick ovalle,insomniac
armandd g,insomniac
karen campos,insomniac
pato shoucair,insomniac
sebastian vacoul,insomniac
roni martinez,insomniac
rscl,insomniac
mike posner,insomniac
hans glader,insomniac
mrd,insomniac
dylan brady,insomniac
mcr-t,insomniac
linska,insomniac
onlynumbers,insomniac
fcukers,insomniac
marco strous,insomniac
caravel,insomniac
marlon hoffstadt,insomniac
dj gigola,insomniac
dj fuckoff,insomniac
annicka,insomniac
6ejou,insomniac
m-high,insomniac
obskür,insomniac
narciss,insomniac
champion,insomniac
pablo bozzi,insomniac
villager,insomniac
dual damage,insomniac
arodes,insomniac
matt guy,insomniac
londen summers,insomniac
etapp kyle,insomniac
ward andrews,insomniac
"nikita, the wicked",insomniac
trussie,insomniac
james axon,insomniac
oj,insomniac
shane thomas,insomniac
pure 100%,insomniac
roha,insomniac
glory,insomniac
vandal rock,insomniac
apachi,insomniac
casepeat,insomniac
conan,insomniac
joody,insomniac
iön (kr),insomniac
rubato,insomniac
ganja,insomniac
pierre blanche,insomniac
jeonghyeon,insomniac
kataploks,insomniac
izreal,insomniac
bagagee viphex13,insomniac
closet yi,insomniac
howmini,insomniac
2spade,insomniac
mystrvs,insomniac
ander huang,insomniac
with løve,insomniac
sam binga,insomniac
me n ü,insomniac
estella boersma,insomniac
capochino,insomniac
lisitsyn,insomniac
mordan,insomniac
amily,insomniac
grozzman,insomniac
sunrise,insomniac
eli cicada,insomniac
amp killa,insomniac
milky,insomniac
k.d.b,insomniac
mr. sour,insomniac
loods,insomniac
bohra,insomniac
l33,insomniac
mia q,insomniac
ajohn,insomniac
lucaz,insomniac
fish56octagon,insomniac
mia moretti,insomniac
lessandro,insomniac
the brands,insomniac
low mileage,insomniac
themba,insomniac
dickens.alada,insomniac
paije,insomniac
dobadlyy,insomniac
shanti clasing,insomniac
flamingo en tutu,insomniac
sadgal,insomniac
michaelbm,insomniac
fort romeau,insomniac
dj bryan kingz,insomniac
milka,insomniac
gia fu,insomniac
karlo,insomniac
emjay,insomniac
d-sides,insomniac
seebase,insomniac
sedef adasï,insomniac
pegassi,insomniac
mischluft,insomniac
david löhlein,insomniac
quest,insomniac
chris willis,insomniac
dj nano,insomniac
bautista,insomniac
maz,insomniac
jev,insomniac
nejvex,insomniac
mha iri,insomniac
b-front,insomniac
phuture noize,insomniac
dj fucci,insomniac
darkho,insomniac
jack virgil,insomniac
djs pareja,insomniac
briela veneno,insomniac
b jones,insomniac
nonameleft,insomniac
nikademis,insomniac
copycatt,insomniac
mike martel,insomniac
røz,insomniac
secret echoes,insomniac
sunzz,insomniac
valou,insomniac
yamagucci,insomniac
yourboyfriend,insomniac
ann garcía,insomniac
mölly,insomniac
darren tate,insomniac
pryda,insomniac
usaybflow,insomniac
noetika,insomniac
okayjake,insomniac
illoh,insomniac
sota,insomniac
motifv,insomniac
shimza,insomniac
ricardo villalobos,insomniac
ogazón,insomniac
lovefoxy,insomniac
ki/ki,insomniac
anetha,insomniac
parity,insomniac
vndetta,insomniac
syreeta,insomniac
lowkeydinthehouse,insomniac
materia blu,insomniac
dan miles,insomniac
ava alika,insomniac
authenticity,insomniac
josh taylor,insomniac
4yû,insomniac
andromedik,insomniac
ember,insomniac
kevin cornine,insomniac
zachary,insomniac
alex wann,insomniac
daria kolosova,insomniac
kinahau,insomniac
sadboisdub,insomniac
max dean,insomniac
bad boombox,insomniac
traumer,insomniac
josh baker,insomniac
zoe gitter,insomniac
desa deca,insomniac
nuans,insomniac
the shapeshifters,insomniac
gracie fox,insomniac
jaogaz,insomniac
xean,insomniac
defx,insomniac
sean swan,insomniac
portal prophet,insomniac
dj donuts,insomniac
trip.c,insomniac
alyssa jolee,insomniac
julya karma,insomniac
murdoch,insomniac
yellowtael,insomniac
jaenga,insomniac
wasiu,insomniac
vladimir cauchemar,insomniac
francisco allendes,insomniac
bastian bux,insomniac
soulwax,insomniac
rob garza (thievery corporation),insomniac
brutalismus 3000,insomniac
golfos,insomniac
young marco,insomniac
joanna kuchta,insomniac
gbenga,insomniac
fka.m4a,insomniac
dana montana,insomniac
alex chapman,insomniac
junior,insomniac
smile,insomniac
aly$hia,insomniac
indo warehouse,insomniac
dj 8asara,insomniac
ayrton l,insomniac
pixzy,insomniac
shawty p,insomniac
yukio,insomniac
lynne,insomniac
wukong,insomniac
jai jetpack,insomniac
iltik,insomniac
youna,insomniac
yaat,insomniac
kay,insomniac
leafe,insomniac
angus,insomniac
max,insomniac
mode,insomniac
botcash,insomniac
kaaze,insomniac
slayyyter,insomniac
sidequest,insomniac
lau.ra,insomniac
silvie loto,insomniac
sparrow and barbossa,insomniac
pola and bryson,insomniac
electric kif,insomniac
bodine,insomniac
the floridians,insomniac
oscar osorio,insomniac
malugi,insomniac
girl math,insomniac
dennett,insomniac
carv,insomniac
basswell,insomniac
rainedrop,insomniac
fenky,insomniac
parra and hara,insomniac
atura,insomniac
almistic,insomniac
hua,insomniac
dj fredy fresco,insomniac
cristina lazic,insomniac
kana hishiya,insomniac
kitsuni,insomniac
mena¢e,insomniac
badvoid,insomniac
gunpoint,insomniac
rosh,insomniac
honey gee,insomniac
tom william,insomniac
khazed,insomniac
kikie,insomniac
it me,insomniac
kid calvin,insomniac
amp,insomniac
arkade,insomniac
fovos,insomniac
wodd,insomniac
cyril,insomniac
joshua de la cruz,insomniac
rebekah,insomniac
angel cannon,insomniac
dj zo,insomniac
daizy (kr),insomniac
oguz,insomniac
jacknife,insomniac
clara cuvé,insomniac
chippy nonstop,insomniac
kiah g,insomniac
cerulean,insomniac
chromebodies,insomniac
baby.com,insomniac
noir jbw,insomniac
sisters of sound (maddy maia b2b tottie),insomniac
dina,insomniac
cherry lee,insomniac
trax unit,insomniac
capes,insomniac
swim,insomniac
jenna shaw,insomniac
øtta,insomniac
t78,insomniac
vegas,insomniac
silver panda,insomniac
laura van dam,insomniac
graviity,insomniac
mapamota,insomniac
mph,insomniac
bae bae,insomniac
bianca maieli,insomniac
joaqu.n,insomniac
lechuga,insomniac
giselle peppers,insomniac
mesmé,insomniac
voisan,insomniac
alone together,insomniac
pasquale’s playlist,insomniac
funk tribu,insomniac
fernanda pistelli,insomniac
leena punks,insomniac
mattilo,insomniac
coolhandluke,insomniac
moonlght,insomniac
vodenik,insomniac
blk.,insomniac
daniel pinho,insomniac
harshil kamdar,insomniac
kimmic,insomniac
victor ruiz,insomniac
skyler,insomniac
oviload,insomniac
cardio,insomniac
dimitri vegas,insomniac
align,insomniac
kate w. bush,insomniac
hyo,insomniac
rude flamingo,insomniac
fashen,insomniac
taylah elaine,insomniac
wakyin,insomniac
zorza,insomniac
tdj,insomniac
patrick mason,insomniac
hypaton,insomniac
amal nemer,insomniac
alex kennon,insomniac
milo ziro,insomniac
joey parada,insomniac
sebastian sol,insomniac
not not,insomniac
serum,insomniac
woof logik,insomniac
shadow cliq,insomniac
nifty nubez,insomniac
softt,insomniac
priori,insomniac
pretty girl,insomniac
kenya grace,insomniac
gio elia,insomniac
dj koze,insomniac
idriss d,insomniac
chloé robinson,insomniac
asaf samuel,insomniac
simula,insomniac
kursa,insomniac
kurei,insomniac
eater,insomniac
don jamal,insomniac
chassi,insomniac
barclay crenshaw,insomniac
mc phantom,insomniac
hexx,insomniac
joe kay,insomniac
dj shadow,insomniac
akini jing,insomniac
glass beams,insomniac
sega bodega,insomniac
skee mask,insomniac
izzi,insomniac
slaughter house,insomniac
dj sally,insomniac
lucas and steve,insomniac
steve rocks,insomniac
snow strippers,insomniac
lavern,insomniac
nar,insomniac
eejay,insomniac
jonah vii,insomniac
houseroll,insomniac
johnjosé,insomniac
kittamami,insomniac
seek-one,insomniac
savagehands,insomniac
rob moskavi,insomniac
leisan,insomniac
aaron hiro,insomniac
montique,insomniac
sam blacky,insomniac
mark lewis,insomniac
juany bravo,insomniac
slyckz,insomniac
mongrel,insomniac
galena crew,insomniac
staring contest,insomniac
lost like us,insomniac
daniel allan,insomniac
slander presents before dawn,insomniac
harristone,insomniac
prv. d,insomniac
aaron k,insomniac
tha funk junkie,insomniac
matt denuzzo,insomniac
eddy m,insomniac
okayval,insomniac
mr tout le monde,insomniac
doses,insomniac
dj hazel,insomniac
lala,insomniac
staysick,insomniac
ky william,insomniac
the living proof,insomniac
monika santucci,insomniac
everen maxwell,insomniac
adam pearce,insomniac
wes pierce,insomniac
manics,insomniac
champ fresnel,insomniac
jackie hollander,insomniac
akaio,insomniac
malcolm zeller,insomniac
xenaa,insomniac
dj 30rack,insomniac
blake.,insomniac
kassel,insomniac
myles o’neal,insomniac
møndellø,insomniac
bryan matthew,insomniac
quality g,insomniac
tailspin,insomniac
who’s john,insomniac
noyznthehood,insomniac
disko cowboy,insomniac
brandi cyrus,insomniac
party dads,insomniac
lucky lou,insomniac
dee jay silver,insomniac
lavish life,insomniac
zevy,insomniac
mesa and boss,insomniac
roadhouse,insomniac
k.gianni,insomniac
bowie jane,insomniac
toro y moi,insomniac
massive attack,insomniac
lumi,insomniac
sammy virji,insomniac
jengi,insomniac
arca,insomniac
diyanna monet,insomniac
chloe cherry,insomniac
$j,insomniac
dazzle$,insomniac
annika wolfe,insomniac
perc,insomniac
vieze asbak,insomniac
lauren valentine,insomniac
jayr,insomniac
anoluxx,insomniac
æon:mode,insomniac
sportmode,insomniac
exodus era,insomniac
jem.g,insomniac
bolo,insomniac
nimino,insomniac
zuezeu,insomniac
zen freeman,insomniac
riordan,insomniac
x-coast,insomniac
skin on skin,insomniac
adam x,insomniac
ahadadream,insomniac
classmatic,insomniac
teko,insomniac
nelly furtado,insomniac
beme,insomniac
33 below,insomniac
skepta,insomniac
deucez,insomniac
blackchild,insomniac
melanie ribbe,insomniac
pocket,insomniac
[ivy],insomniac
matisa,insomniac
sally c,insomniac
panteros666,insomniac
marlie,insomniac
joluca,insomniac
hannah laing,insomniac
grigoré,insomniac
helen ka,insomniac
brina knauss,insomniac
airwolf paradise,insomniac
argy,insomniac
ramstronger,insomniac
guada mariani,insomniac
darko,insomniac
who is thessa,insomniac
paula martín,insomniac
antaares,insomniac
kobe mane,insomniac
allan nunez,insomniac
sweet crimes,insomniac
missound,insomniac
dayana avila,insomniac
another mexican dude,insomniac
andy woldman,insomniac
violet dny,insomniac
sant jord,insomniac
misha revera,insomniac
mavros,insomniac
dangr,insomniac
cuga,insomniac
chela rivas,insomniac
the shipping dpartment,insomniac
the kings,insomniac
sundoll,insomniac
nvrt,insomniac
nat salazar,insomniac
lunna di lattice,insomniac
jawar,insomniac
alure,insomniac
lili villa,insomniac
botelo,insomniac
kate,insomniac
sergeiv,insomniac
norimune,insomniac
manu estrella,insomniac
frieder and jakob,insomniac
esther anaya,insomniac
olse,insomniac
vešča,insomniac
allan piziano,insomniac
xandra,insomniac
sarahi boriu,insomniac
nat cantú,insomniac
mikita,insomniac
pawar,insomniac
mynity,insomniac
jyn y yan,insomniac
anti,insomniac
colossio,insomniac
rigopolar,insomniac
salero balas,insomniac
silvera,insomniac
soul of hex,insomniac
bazztoon,insomniac
dj livia,insomniac
dj wzrd,insomniac
leonce,insomniac
imogen,insomniac
ghengar,insomniac
jordy medina,insomniac
tatiana serur,insomniac
arvizu,insomniac
willer khale,insomniac
daxl,insomniac
gorka,insomniac
unstable,insomniac
tibi dabo,insomniac
oriana carrieri,insomniac
the funk district,insomniac
albert neve,insomniac
abel ramos,insomniac
ashibah,insomniac
anna amato,insomniac
sunday scaries,insomniac
mc4d,insomniac
marie nyx,insomniac
etari,insomniac
laalls,insomniac
mad gavs,insomniac
connor mikami,insomniac
interplanetary criminal,insomniac
rebel scum,insomniac
spass,insomniac
7l,insomniac
nrve,insomniac
mob,insomniac
sassy,insomniac
pyke,insomniac
vktm,insomniac
nimda,insomniac
jmsclvn,insomniac
mile32,insomniac
hostage situation,insomniac
tazu,insomniac
cool customer,insomniac
detox unit,insomniac
able grey,insomniac
lisa pizza,insomniac
jake shore,insomniac
phox,insomniac
ian snow,insomniac
angrybaby,insomniac
cloudnone,insomniac
hyperfunk,insomniac
poni,insomniac
cherry tooth,insomniac
basstripper,insomniac
dj habibeats,insomniac
vanfleet,insomniac
mad dubz,insomniac
yvm3,insomniac
kneptunes,insomniac
thablackgod,insomniac
strikestone!,insomniac
rayyan,insomniac
mazlow,insomniac
joann fabrixx,insomniac
franxx,insomniac
dvonne,insomniac
dj sedrick,insomniac
baronhawk poitier,insomniac
the illustrious blacks,insomniac
palma,insomniac
adiel,insomniac
life on planets,insomniac
cinthie,insomniac
ootoro,insomniac
laolu,insomniac
afinity,insomniac
techno tupac,insomniac
kyruh,insomniac
alignment,insomniac
ion (us),insomniac
spartaque,insomniac
dzma,insomniac
andrew lux,insomniac
oddkidout,insomniac
malixe,insomniac
alienpark,insomniac
rafatel,insomniac
durango 95,insomniac
sandro malandro,insomniac
dj pope,insomniac
restricted,insomniac
bodysync,insomniac
starfari,insomniac
otherwish,insomniac
avoure,insomniac
dj heartstring,insomniac
dj guapis,insomniac
aaaa,insomniac
lex,insomniac
les castizos,insomniac
manush-k,insomniac
mar-t,insomniac
whigfield,insomniac
rixxia,insomniac
eliangel,insomniac
dj mämi,insomniac
roderic,insomniac
hernan cayetano,insomniac
oliver koletzki,insomniac
creeds,insomniac
calussa,insomniac
bunt.,insomniac
bora uzer,insomniac
mawbb,insomniac
sickmode,insomniac
blanca ross,insomniac
big metra,insomniac
deceiver,insomniac
mish,insomniac
aurora halal,insomniac
súbelo neo,insomniac
juliëx,insomniac
anita b queen,insomniac
ve/ra,insomniac
alex sensation,insomniac
sihk,insomniac
ahmed spins,insomniac
iglesias,insomniac
marco lys,insomniac
logic1000,insomniac
horsegiirl,insomniac
yaeji,insomniac
phocust,insomniac
hayes bradley,insomniac
otr,insomniac
manda moor,insomniac
hypernaut,insomniac
prophecy,insomniac
matrix,insomniac
x and ivy,insomniac
parker page,insomniac
micro,insomniac
stereotype,insomniac
sst,insomniac
odi,insomniac
knoxz,insomniac
mc freak,insomniac
kadilak,insomniac
electron-c,insomniac
dave owen,insomniac
mc collaborator,insomniac
circle k,insomniac
dave zilla,insomniac
prunk,insomniac
luuk van dijk,insomniac
coeo,insomniac
kaspikc,insomniac
bec,insomniac
cuco,insomniac
ryan thomas,insomniac
jinn sound,insomniac
gon3r,insomniac
asáu,insomniac
parker mills,insomniac
johnny monsoon,insomniac
shay de castro,insomniac
disfreq,insomniac
despacio,insomniac
ximena,insomniac
tiberius,insomniac
terras,insomniac
telluxe,insomniac
rollin royce,insomniac
roll-e,insomniac
rafael paula,insomniac
nezerat,insomniac
mystix,insomniac
miles amillion,insomniac
lengua,insomniac
legrandvoyage,insomniac
justice a. gonzalez,insomniac
guacho,insomniac
girlcop,insomniac
galactic effect,insomniac
dj tamsom,insomniac
diego melgar,insomniac
db cooper,insomniac
bryan andrew medina,insomniac
74.97,insomniac
levity,insomniac
blurr,insomniac
mandy,insomniac
scnd crcl,insomniac
pxseidon,insomniac
purity filter,insomniac
muzana,insomniac
hixxy,insomniac
clawz,insomniac
dømina,insomniac
dj flapjack,insomniac
devin wild,insomniac
99jakes,insomniac
dj reza,insomniac
marte,insomniac
cera khin,insomniac
charlie sparks,insomniac
shapeshftr,insomniac
pickuplines,insomniac
cab,insomniac
james kennedy,insomniac
obando,insomniac
rommii,insomniac
mashbit,insomniac
nto,insomniac
maddy o’neal,insomniac
allan gallego,insomniac
kevin de vries,insomniac
airrica,insomniac
demi riquísimo,insomniac
viva vidal,insomniac
nicole gallamini,insomniac
tiffy vera,insomniac
robyn sin love,insomniac
ostara,insomniac
nadhi,insomniac
jovigibs,insomniac
miguelle and tons,insomniac
alejo,insomniac
distinct motive,insomniac
layla noir,insomniac
gingersnap,insomniac
kvn,insomniac
kylexi,insomniac
rewilder,insomniac
wknd baes,insomniac
bad proxy,insomniac
dochat,insomniac
dopastat,insomniac
mayko,insomniac
vibe link,insomniac
sweet charlie,insomniac
dmoney,insomniac
dave london,insomniac
factore,insomniac
gram,insomniac
dora ma,insomniac
partyray,insomniac
tiffany,insomniac
7 grams,insomniac
lona,insomniac
eddy,insomniac
felipe zona,insomniac
txxj,insomniac
barry,insomniac
desiree,insomniac
jetpvck,insomniac
papermache,insomniac
pradaa,insomniac
riviere,insomniac
joy lila,insomniac
hors3,insomniac
st3v3,insomniac
kas:st,insomniac
calyx,insomniac
musubi,insomniac
buns,insomniac
redline,insomniac
yulia niko,insomniac
tainy,insomniac
ayybo,insomniac
christoph,insomniac
sicaria,insomniac
öwnboss,insomniac
marie vaunt,insomniac
ivory,insomniac
tiya,insomniac
yamatomaya,insomniac
whybeatz,insomniac
it’s murph,insomniac
gishin,insomniac
evin king,insomniac
corsak,insomniac
beatreker,insomniac
attack,insomniac
aryue,insomniac
marvinz1r,insomniac
22bullets,insomniac
baaric,insomniac
alltalk,insomniac
kloud forest,insomniac
rolando,insomniac
natasha diggs,insomniac
evelyn “champagne” king,insomniac
palms trax,insomniac
lynzz,insomniac
lee coombs,insomniac
merlyn,insomniac
ekb*,insomniac
stylus,insomniac
supagroover,insomniac
sporty-o,insomniac
mizzo,insomniac
brant wolff,insomniac
jay crusoe,insomniac
mike thomas,insomniac
alan shi,insomniac
seeing double,insomniac
j.v.o,insomniac
matt sassari,insomniac
pettra,insomniac
c-systems,insomniac
miyuki,insomniac
nilsix,insomniac
daxson,insomniac
sad mc’s,insomniac
omri.,insomniac
shyda,insomniac
frny,insomniac
joy orbison,insomniac
stephan jolk,insomniac
sleepy c,insomniac
duun,insomniac
lagrimas de oro,insomniac
krishna villar,insomniac
alkmst,insomniac
sagittarius aquarius,insomniac
carozilla,insomniac
phiphi,insomniac
"mauricio, the invisible",insomniac
marie qrie,insomniac
dj fitness,insomniac
illangelo,insomniac
rony seikaly,insomniac
jyoty,insomniac
hudson mohawke,insomniac
cole knight,insomniac
fame sounds,insomniac
sleepsleep,insomniac
novacane,insomniac
naar,insomniac
orly17,insomniac
reza,insomniac
alex elena,insomniac
haavi,insomniac
daroh,insomniac
lee mvtthews,insomniac
joanna magik,insomniac
blklbl,insomniac
phibes,insomniac
visages,insomniac
gorillat,insomniac
ruvlo,insomniac
wes mills,insomniac
sajche,insomniac
dylan and harry (party favor and baauer),insomniac
kordhell,insomniac
3cho,insomniac
presence,insomniac
two shell,insomniac
eliza rose,insomniac
black loops,insomniac
daphni,insomniac
spektre,insomniac
luna michelle,insomniac
the botanist,insomniac
brvkechck,insomniac
bonker,insomniac
valak,insomniac
kroniik,insomniac
sylla,insomniac
dejavu,insomniac
share,insomniac
krokadile,insomniac
selekta,insomniac
adam ten,insomniac
alice glass,insomniac
lake hills,insomniac
roza terenzi,insomniac
d. tiffany,insomniac
jockstrap,insomniac
the dare,insomniac
odk,insomniac
7ony,insomniac
fieldz,insomniac
donflock,insomniac
devowr.,insomniac
swampz,insomniac
spellthief,insomniac
lazyflex,insomniac
mntra,insomniac
xaebor,insomniac
chango,insomniac
sanzu,insomniac
inaktiv,insomniac
shacked,insomniac
elevate two,insomniac
mfinity,insomniac
intermach,insomniac
nobodies king,insomniac
karsten sollors,insomniac
trst.,insomniac
tim clark,insomniac
honey,insomniac
arman.,insomniac
tones,insomniac
discrete,insomniac
dj topgun,insomniac
glittrcat,insomniac
connor q,insomniac
alleycvt,insomniac
simply jeff,insomniac
ghost in real life,insomniac
miko,insomniac
system kids,insomniac
jason blakemore,insomniac
alec monopoly,insomniac
hawd hitta,insomniac
no etiquette,insomniac
kj sawka,insomniac
sean lafayette,insomniac
isaac civil,insomniac
falone,insomniac
cinema kid,insomniac
dzr,insomniac
bryan softwell,insomniac
clark key,insomniac
the duchess,insomniac
saturnsarii,insomniac
x club.,insomniac
piero pirupa,insomniac
chan,insomniac
matt faulk,insomniac
burd,insomniac
isi audi,insomniac
mita gami,insomniac
jan blomqvist,insomniac
n808,insomniac
yo yolie,insomniac
aaron hibell,insomniac
braxton,insomniac
prosecute,insomniac
mikayli,insomniac
nxsty,insomniac
xotix,insomniac
perry wayne,insomniac
soltan,insomniac
hadez,insomniac
jaysyx,insomniac
mcid,insomniac
notd,insomniac
cat and maomi,insomniac
ctrl-q,insomniac
jade,insomniac
the blaze,insomniac
sbtrkt,insomniac
vtss,insomniac
fred again..,insomniac
we rose,insomniac
ron carroll,insomniac
felmax,insomniac
atnarko,insomniac
mr. v,insomniac
jaden thompson,insomniac
beltran,insomniac
jask,insomniac
oden and fatzo,insomniac
tita lau,insomniac
fadead,insomniac
evan riley,insomniac
raychill,insomniac
güd vibez,insomniac
saudev,insomniac
be ezy,insomniac
fátima,insomniac
yvng yang,insomniac
agustina azul,insomniac
david morales,insomniac
sam wolfe,insomniac
space 92,insomniac
tobehonest,insomniac
lovefingers,insomniac
carola,insomniac
fred everything,insomniac
decoder,insomniac
ak sports,insomniac
salute,insomniac
jamesjamesjames,insomniac
kettama,insomniac
camden cox,insomniac
chaney,insomniac
fallon,insomniac
triode,insomniac
modapit,insomniac
korolova,insomniac
mike dunn,insomniac
maarten de jong,insomniac
boslyk,insomniac
innellea,insomniac
twin,insomniac
tommy c,insomniac
jacq jill,insomniac
jj202,insomniac
lemz,insomniac
pwrpuff,insomniac
ks,insomniac
wess,insomniac
keenan orr,insomniac
ed bailey,insomniac
the carry nation,insomniac
kevin aviance,insomniac
mronevibe,insomniac
vulllgur,insomniac
dr. ushūu,insomniac
chibs,insomniac
hamro,insomniac
subfiltronik,insomniac
cyclops,insomniac
sonorous,insomniac
airglo,insomniac
beastboi.,insomniac
dirtysnatcha,insomniac
wyllo,insomniac
skeler,insomniac
barnacle boi,insomniac
28mm,insomniac
marieme,insomniac
chris giuliano,insomniac
maddix,insomniac
achilles,insomniac
nelle,insomniac
kepik,insomniac
veggi,insomniac
the midnight,insomniac
tove lo,insomniac
ellie goulding,insomniac
ludacris,insomniac
kitty ca$h,insomniac
fun2bjane,insomniac
club tularosa,insomniac
laxcity,insomniac
hamdi,insomniac
fleur shore,insomniac
toman,insomniac
ninajirachi,insomniac
rochelle jordan,insomniac
luude,insomniac
chuwe,insomniac
fat joe,insomniac
m3ngo,insomniac
pura scout,insomniac
lo stine,insomniac
p.o.s,insomniac
nicky elisabeth,insomniac
anamē,insomniac
omas,insomniac
oblvyn,insomniac
afterthought,insomniac
matt bukovski,insomniac
bb lux,insomniac
justus bennetts,insomniac
rzrkt,insomniac
goodboys,insomniac
will sass,insomniac
9b49,insomniac
sergio dimoff,insomniac
lorenzo slider,insomniac
miss javi,insomniac
henry pope,insomniac
phunk bias,insomniac
sacred cream,insomniac
gordo,insomniac
littlefoot,insomniac
sog,insomniac
agudelo888,insomniac
leo reyes,insomniac
fher vizzuett,insomniac
vico volkova,insomniac
gio silva,insomniac
eva blunt,insomniac
nanoo,insomniac
jeex,insomniac
sndwave,insomniac
jtorres,insomniac
gabybau,insomniac
sound driver,insomniac
albert gonzález,insomniac
aiokai,insomniac
avadox,insomniac
labibe,insomniac
nagib,insomniac
efren valdivia,insomniac
mila,insomniac
cachorra,insomniac
yissel de anda,insomniac
franz colmer,insomniac
master basterds,insomniac
house music bro,insomniac
max headroom,insomniac
daamitch,insomniac
mayan souls,insomniac
murum,insomniac
deafny,insomniac
postcard,insomniac
marco nobel,insomniac
bzars,insomniac
carlo cobos,insomniac
hazardoze,insomniac
aradia,insomniac
ugly lungs,insomniac
saiperkz,insomniac
soulsis,insomniac
diana estrada,insomniac
saza fischer,insomniac
leska,insomniac
anna forest,insomniac
moisees,insomniac
dogma,insomniac
ricardo montana,insomniac
videocentro,insomniac
dj felli fel,insomniac
dj sourmilk,insomniac
dem2,insomniac
digital bath,insomniac
perenne,insomniac
forester,insomniac
pau bujaidar,insomniac
yami caneda,insomniac
mariana soto,insomniac
maze more,insomniac
sueno,insomniac
biagi,insomniac
blu,insomniac
tsketch,insomniac
tadig,insomniac
b-hunder,insomniac
fakers,insomniac
el fresh,insomniac
electro sisters,insomniac
kenntokki,insomniac
gonzo,insomniac
s.i.d,insomniac
asian steve,insomniac
frankie nanna,insomniac
bastiansé,insomniac
montycler,insomniac
meduso,insomniac
raaket,insomniac
ana morss,insomniac
la catalina,insomniac
millzthatkillz,insomniac
topher the alien,insomniac
ambr,insomniac
alpha transmission,insomniac
stvsh,insomniac
mind splitter,insomniac
mangusto,insomniac
mauricio zendejas,insomniac
tone troy,insomniac
shek,insomniac
charles wiley,insomniac
selective response,insomniac
lee ann roberts,insomniac
plano,insomniac
manguito dj,insomniac
ambroz,insomniac
alexandthere,insomniac
barovier,insomniac
andruss,insomniac
slang dogs,insomniac
bok nero,insomniac
robyn balliet,insomniac
manlo,insomniac
hotmood,insomniac
monsieur van pratt,insomniac
theus mago,insomniac
ian asher,insomniac
barry can’t swim,insomniac
kobosil,insomniac
raven,insomniac
alex bosi,insomniac
ove,insomniac
glty,insomniac
shlømo,insomniac
nico moreno,insomniac
dyen,insomniac
diøn,insomniac
christopher coe,insomniac
swarm,insomniac
levenkhan,insomniac
dionysus,insomniac
death code,insomniac
bel air witch,insomniac
cassia,insomniac
bridget,insomniac
cashcult,insomniac
hypedelic,insomniac
elezd,insomniac
blxk mntn,insomniac
armentani brothers,insomniac
space motion,insomniac
twonski,insomniac
rebelion,insomniac
kasto,insomniac
yosuf,insomniac
dead x,insomniac
monk,insomniac
baby anne,insomniac
sony jacob,insomniac
masha mar,insomniac
ben hemsley,insomniac
sara landry,insomniac
rayburger,insomniac
fredy lane,insomniac
deerock,insomniac
autokorekt,insomniac
advm bomb,insomniac
stella bossi,insomniac
lilly palmer,insomniac
whom?,insomniac
louiejayxx,insomniac
vastive,insomniac
faraón love shady,insomniac
bhaskar,insomniac
aluna,insomniac
samanta duque,insomniac
ms. nina,insomniac
maría nocheydía,insomniac
lit killah,insomniac
lirico en la casa,insomniac
raffa fl,insomniac
juan cuba,insomniac
ocula,insomniac
gonçalo,insomniac
jool,insomniac
flaca,insomniac
bakr,insomniac
nils hoffmann,insomniac
dt.bilardo,insomniac
perreo millennial,insomniac
dj sueño dream lion,insomniac
jayrick,insomniac
héctor oaks,insomniac
nora van elken,insomniac
san pacho,insomniac
sean doron,insomniac
sussie 4,insomniac
concret,insomniac
tini gessler,insomniac
victoria engel,insomniac
brian cross,insomniac
block and crown,insomniac
alu mix,insomniac
adalamoon,insomniac
tong,insomniac
leyl master black,insomniac
fll snd,insomniac
corey divine,insomniac
party shirt,insomniac
rak,insomniac
mikey barreneche,insomniac
hai-life,insomniac
merakii,insomniac
rankz,insomniac
chyl,insomniac
chasewest,insomniac
nuu$hi,insomniac
octane,insomniac
komuz,insomniac
jedwill,insomniac
green matter,insomniac
grapemilk,insomniac
automhate,insomniac
manolo arango,insomniac
never dull,insomniac
jaded,insomniac
mau p,insomniac
emma,insomniac
lenny foret,insomniac
vide,insomniac
triple xl,insomniac
pirate stereo,insomniac
romulo del castillo,insomniac
specs,insomniac
near dark,insomniac
max stern,insomniac
pazmal,insomniac
mr. tron,insomniac
eli carter,insomniac
shinobi,insomniac
ehallz,insomniac
buzz junior,insomniac
daniel curpen,insomniac
hollows,insomniac
raecola,insomniac
adapter,insomniac
chromonicci,insomniac
chico rose,insomniac
heyz,insomniac
break science,insomniac
mass prod,insomniac
wolfram,insomniac
salomé le chat,insomniac
kahn,insomniac
deka,insomniac
rinas,insomniac
mink,insomniac
volunt barbati,insomniac
varya karpova,insomniac
trym,insomniac
jan vercauteren,insomniac
airod,insomniac
suat,insomniac
princess nokia,insomniac
soukii,insomniac
curra,insomniac
"earth, wind and fire",insomniac
turnstile,insomniac
dauwd,insomniac
rafeeki,insomniac
anna morgan,insomniac
oakk,insomniac
episcool,insomniac
lyny,insomniac
yunè pinku,insomniac
night tales,insomniac
baby keem,insomniac
françois x,insomniac
zen selekta,insomniac
pushloop,insomniac
big boi,insomniac
davy wreck,insomniac
the josh craig,insomniac
nu genea,insomniac
bad tuner,insomniac
cakes da killa,insomniac
mild minds,insomniac
gilligan moss,insomniac
sunsquabi,insomniac
daily bread,insomniac
dana dee,insomniac
dj kj,insomniac
dj flashdrive,insomniac
letha blake,insomniac
alliesun,insomniac
mark v,insomniac
ak renny,insomniac
haylee wood,insomniac
swingers,insomniac
bella,insomniac
thys,insomniac
snts,insomniac
sherelle,insomniac
olympe,insomniac
nala brown,insomniac
moktar,insomniac
marcel fengler,insomniac
lf system,insomniac
kode9,insomniac
klangkuenstler,insomniac
fatima yamaha,insomniac
ewan mcvicar,insomniac
dutchafro,insomniac
emurse,insomniac
knives,insomniac
kendro,insomniac
kiddpatek,insomniac
glaas,insomniac
ju1ced,insomniac
azzecca,insomniac
angelos,insomniac
local singles,insomniac
teklow,insomniac
foolie,insomniac
nautik,insomniac
tate sedar,insomniac
dj aza,insomniac
dj cobra,insomniac
chusi,insomniac
rsun,insomniac
sunryse,insomniac
naz,insomniac
skellytn,insomniac
drakk,insomniac
blvnkspvce,insomniac
krucial,insomniac
villa,insomniac
goj!ra,insomniac
westley,insomniac
aleko,insomniac
lyon 808,insomniac
diana montoya,insomniac
buitano,insomniac
wolfstax,insomniac
moobek,insomniac
it hz,insomniac
dj kutt,insomniac
sloane motion,insomniac
accia,insomniac
endr,insomniac
gudfella,insomniac
truncate,insomniac
zoobstool,insomniac
freaky,insomniac
doozie,insomniac
ōsé,insomniac
neuroziz,insomniac
g$montana,insomniac
sara benyo,insomniac
rune noire,insomniac
machaki,insomniac
dj losman,insomniac
leondis,insomniac
henry d,insomniac
dj 30a,insomniac
emorfik,insomniac
eyezic,insomniac
chris craze,insomniac
dj mondo,insomniac
tiddy,insomniac
butler,insomniac
bobby buzz,insomniac
999999999,insomniac
shanghai doom,insomniac
obli,insomniac
cosmo’s midnight,insomniac
subwreck,insomniac
luxxury,insomniac
kraak and smaak,insomniac
stan kolev,insomniac
miss monique,insomniac
massane,insomniac
8kays,insomniac
avira,insomniac
omiki,insomniac
ghost rider,insomniac
ella gotman,insomniac
yoshi and razner,insomniac
metta and glyde,insomniac
farius,insomniac
21 savage,insomniac
lupe fuentes,insomniac
ricardo torres,insomniac
joelatthedisco,insomniac
freaky deaky,insomniac
embrz,insomniac
kliptic,insomniac
arylia,insomniac
austeria,insomniac
alwz snny,insomniac
busta rhymes,insomniac
feph,insomniac
elias garcia,insomniac
winter wrong,insomniac
angelfire,insomniac
tama gucci,insomniac
mochakk,insomniac
mystic bill,insomniac
nii tei,insomniac
maher daniel,insomniac
optimo,insomniac
mutant pete,insomniac
eric duncan,insomniac
sydfalls,insomniac
berrakka,insomniac
miluhska,insomniac
roujeee tunes,insomniac
eveava,insomniac
rich medina,insomniac
julio victoria,insomniac
mj nebreda,insomniac
shygirl,insomniac
pink siifu,insomniac
la goony chonga,insomniac
jimi jules,insomniac
a. g. cook,insomniac
rosalía,insomniac
andy stott,insomniac
the hacker,insomniac
pawsa,insomniac
overmono,insomniac
freddie gibbs,insomniac
uncle luke,insomniac
trina,insomniac
trick daddy,insomniac
fly,insomniac
temudo,insomniac
vil,insomniac
jesterr,insomniac
salbany,insomniac
maria callapez,insomniac
lewis fautzi,insomniac
brusca,insomniac
amulador,insomniac
photonz,insomniac
violet,insomniac
switchdance,insomniac
rui vargas,insomniac
ethan koop,insomniac
peix,insomniac
gusta-vo,insomniac
bleid,insomniac
serginho,insomniac
nox,insomniac
magupi,insomniac
frank maurel,insomniac
chus,insomniac
biia,insomniac
zack gray,insomniac
smle,insomniac
juuku,insomniac
awakend,insomniac
mxm,insomniac
samwise,insomniac
skye,insomniac
keekz,insomniac
luckyroll,insomniac
mystery jack,insomniac
layd,insomniac
korsky,insomniac
dr. defiant,insomniac
stanley kubrix,insomniac
spency be,insomniac
knowmans,insomniac
tony h,insomniac
d!ced,insomniac
glass petals,insomniac
return of the jaded,insomniac
dj susan,insomniac
solh,insomniac
disco lines,insomniac
3ballmty,insomniac
5godz,insomniac
€uro tra$h,insomniac
pickle,insomniac
purple,insomniac
derrick carter,insomniac
maanic,insomniac
blake webber,insomniac
trevor wallace,insomniac
lupa,insomniac
abana,insomniac
slippy,insomniac
matt steffanina,insomniac
on deck,insomniac
lāsh,insomniac
piques,insomniac
kaleena zanders,insomniac
anderson m,insomniac
one true god,insomniac
gibson parker,insomniac
max low,insomniac
kwon,insomniac
deyo,insomniac
kallaghan,insomniac
lady sinclair,insomniac
nick garcia,insomniac
rachep,insomniac
burko,insomniac
the archer,insomniac
anatta,insomniac
zack martino,insomniac
sqishi,insomniac
shane codd,insomniac
callen,insomniac
senza,insomniac
codeko,insomniac
juliet mendoza,insomniac
wave point,insomniac
kryptogram,insomniac
eden prince,insomniac
giolì and assia,insomniac
megan thee stallion,insomniac
redrum,insomniac
pangea sound,insomniac
ericdoa,insomniac
bladee,insomniac
glaive,insomniac
miane,insomniac
rohaan,insomniac
remk,insomniac
venga,insomniac
cc love,insomniac
dreya v,insomniac
bktherula,insomniac
nia archives,insomniac
doechii,insomniac
pam sessions,insomniac
lucille croft,insomniac
saucy santana,insomniac
tom the mail man,insomniac
masego,insomniac
koffee,insomniac
joji,insomniac
u.u,insomniac
motives,insomniac
worakls,insomniac
neil nines,insomniac
scotty boy,insomniac
tris tiffany,insomniac
scooter and lavelle,insomniac
g-eazy,insomniac
bad beat,insomniac
eric d-lux,insomniac
murda beatz,insomniac
justin credible,insomniac
deux twins,insomniac
steve walker,insomniac
christopher james,insomniac
riley bee,insomniac
nick warren,insomniac
aerial grey,insomniac
vibe chemistry,insomniac
tiger stripes,insomniac
u-srd,insomniac
noah b,insomniac
tripp st.,insomniac
vaxle,insomniac
vainz,insomniac
utilize,insomniac
terminal velocity,insomniac
nick steffen,insomniac
deathnote,insomniac
morse x code,insomniac
corrvpt criminal,insomniac
beejuice,insomniac
avello,insomniac
alessa,insomniac
2pull,insomniac
aelius,insomniac
wilco,insomniac
daunid,insomniac
fontan,insomniac
envy,insomniac
dug,insomniac
dark cities,insomniac
sakai,insomniac
carnivore,insomniac
chimera,insomniac
bloodcrest,insomniac
adam stark,insomniac
wraith,insomniac
kreation,insomniac
grafix,insomniac
bensley,insomniac
aimmia,insomniac
kx5,insomniac
sohmi,insomniac
leotrix,insomniac
amémé,insomniac
nitrous oxide,insomniac
gvn,insomniac
rossi.,insomniac
east end dubs,insomniac
frank nitty,insomniac
chuck gunn,insomniac
minimal violence,insomniac
dayko,insomniac
henry brooks,insomniac
not the father,insomniac
jokr,insomniac
wade,insomniac
imanbek,insomniac
francis mercier,insomniac
duck sauce,insomniac
très mortimer,insomniac
diamond pistols,insomniac
nikki nair,insomniac
protaxia,insomniac
vlcn,insomniac
alex kayes,insomniac
chloshow,insomniac
mez,insomniac
ocata,insomniac
latane,insomniac
window kid,insomniac
mc ad,insomniac
lazcru,insomniac
darkzy,insomniac
dj rush,insomniac
tsha,insomniac
schala,insomniac
omar santana,insomniac
majestic,insomniac
lucky rabbit,insomniac
llllnnnn,insomniac
joshwa,insomniac
indira paganotto,insomniac
imanu,insomniac
i hate models,insomniac
coco and breezy,insomniac
chapter and verse,insomniac
air2earth,insomniac
nick elliott,insomniac
makz,insomniac
riza,insomniac
fortune favor,insomniac
the banditz,insomniac
mina (dc),insomniac
aidan,insomniac
dj ri5e,insomniac
epx,insomniac
slip,insomniac
abco,insomniac
rhyatt,insomniac
racecarbed,insomniac
xiver,insomniac
gianni,insomniac
evan wilder,insomniac
chova,insomniac
roberto gonzalez,insomniac
ricky s,insomniac
tonaltheory,insomniac
george tsakiris,insomniac
oddson,insomniac
durfy,insomniac
aytonh,insomniac
twinsick,insomniac
jenessa acosta,insomniac
usb gad,insomniac
yiss and dala,insomniac
blind lies,insomniac
midnight hive,insomniac
dustin husain,insomniac
anané,insomniac
daiikon,insomniac
integrate,insomniac
synergy,insomniac
kieren taylor,insomniac
ivan daza,insomniac
reinx aventura,insomniac
lisa frank,insomniac
kenny jones,insomniac
ivarr,insomniac
jesse leer,insomniac
grayson rose,insomniac
roy21,insomniac
empo sinfónico,insomniac
diamond dallas tex,insomniac
hugel,insomniac
american dance ghosts,insomniac
icekream,insomniac
olivver the kid,insomniac
jay maverik,insomniac
chavo perro,insomniac
chami,insomniac
rula glam,insomniac
oscar sc,insomniac
loreto ko,insomniac
la matta,insomniac
gvajardo,insomniac
dj morphius,insomniac
deiv alien,insomniac
baby fat,insomniac
alexis adame,insomniac
s!n,insomniac
mao skaay,insomniac
las prez,insomniac
kid gus,insomniac
estefanía jimarez,insomniac
dj gerardo calles,insomniac
dj foxy,insomniac
denso,insomniac
dazeblack,insomniac
cynhagui,insomniac
tatiana dj,insomniac
mini bear,insomniac
sommer,insomniac
miranda santizo,insomniac
g.o.k.b,insomniac
fer almeida,insomniac
fendy cisneros,insomniac
enith,insomniac
crystal meza,insomniac
bruna roll,insomniac
brolorizo,insomniac
shanti,insomniac
ms. racoon,insomniac
mauricio hernández,insomniac
keel,insomniac
jr moon,insomniac
exodia collado,insomniac
dj straw,insomniac
blank,insomniac
alro,insomniac
ácido pantera,insomniac
zelta,insomniac
sooscaveman,insomniac
kassie,insomniac
badmoiselle,insomniac
aaron suiss,insomniac
mr. pájaro,insomniac
kross,insomniac
kery,insomniac
israel torres,insomniac
divisium,insomniac
bass 2 headz,insomniac
kilamanzego,insomniac
dennis cruz,insomniac
omahi,insomniac
k.i.d,insomniac
luch,insomniac
bklava,insomniac
moovy,insomniac
sabai,insomniac
hoang,insomniac
patrice bäumel,insomniac
k1,insomniac
no thanks,insomniac
mythm,insomniac
watch the ride,insomniac
sama,insomniac
kaz,insomniac
hedex,insomniac
inja,insomniac
tempza,insomniac
natty lou,insomniac
mark xtc,insomniac
mollie collins,insomniac
raxon,insomniac
disrupta,insomniac
particle,insomniac
halogenix,insomniac
chris stussy,insomniac
bru-c,insomniac
hush forte,insomniac
mia gladstone,insomniac
dandy jack,insomniac
yu su,insomniac
gee dee,insomniac
superave.,insomniac
jon casey,insomniac
roroll,insomniac
simon doty,insomniac
david hohme,insomniac
izadi,insomniac
jmoss,insomniac
moritz hofbauer,insomniac
trance wax,insomniac
bexxie,insomniac
amy wiles,insomniac
ucros,insomniac
hartshorn,insomniac
oza,insomniac
jiqui,insomniac
muerte,insomniac
stoned level,insomniac
cyber g,insomniac
point.blank,insomniac
baby weight,insomniac
tollefson,insomniac
sean majors,insomniac
pandamonium,insomniac
downlo,insomniac
smith.,insomniac
jandi,insomniac
bainbridge,insomniac
akvma,insomniac
hol!,insomniac
deathpact,insomniac
kanine,insomniac
castor and pollux,insomniac
luis torres,insomniac
lost desert,insomniac
awp,insomniac
nix,insomniac
blklght,insomniac
jonah,insomniac
andretta,insomniac
spclk,insomniac
misha,insomniac
late london,insomniac
charly jordan,insomniac
tyro,insomniac
notixx,insomniac
adsr,insomniac
uknew,insomniac
fixion,insomniac
pretty pink,insomniac
taylor torrence,insomniac
roger sanchez,insomniac
atdusk,insomniac
todd terry,insomniac
sacred snow,insomniac
stacey pullen,insomniac
evan giia,insomniac
internationaljoe,insomniac
crtfd,insomniac
elledance,insomniac
allen wish,insomniac
the bordas brothers,insomniac
sickick,insomniac
so tuff so cute,insomniac
trantic,insomniac
łaszewo,insomniac
dark chanell,insomniac
sharlitz web,insomniac
whzly,insomniac
kromi,insomniac
coka cobra,insomniac
giorgia angiuli,insomniac
housewife,insomniac
the sponges,insomniac
ahee,insomniac
zingara,insomniac
chocolate sushi,insomniac
smoakland,insomniac
maga,insomniac
ludo lacoste,insomniac
longstoryshort,insomniac
galo,insomniac
yung gravy,insomniac
andrsn,insomniac
swavé,insomniac
hitta,insomniac
munz,insomniac
zaramay,insomniac
trino,insomniac
silverio,insomniac
robiin,insomniac
pahua,insomniac
rayben,insomniac
peter invasion,insomniac
panthera krause,insomniac
rvmdon,insomniac
vasto,insomniac
youth in circles,insomniac
yosoymatt,insomniac
netto león,insomniac
natsumi,insomniac
maxx gallo,insomniac
mad fuentes,insomniac
lucia haze,insomniac
lorely mur,insomniac
leimantour,insomniac
kidd keo,insomniac
kalexis,insomniac
javi reina,insomniac
jamis,insomniac
bored lord,insomniac
colored craig,insomniac
eris drew,insomniac
fabian mazur,insomniac
memba,insomniac
theydream,insomniac
deniz bul,insomniac
dot,insomniac
mednas,insomniac
tsu nami,insomniac
ivan mateluna,insomniac
groove amigos,insomniac
grimes,insomniac
gabrielle ag,insomniac
dmitri saidi,insomniac
dj cornetto,insomniac
dj chrysler,insomniac
del horno,insomniac
decibela,insomniac
cango,insomniac
cachirula,insomniac
berdubeats,insomniac
bemac,insomniac
bag raiders,insomniac
artix!,insomniac
alejandro franco,insomniac
alejandra ayerbe,insomniac
mvse,insomniac
tanner wilfong,insomniac
panté,insomniac
surf mesa,insomniac
friendly fire,insomniac
zof,insomniac
robert hood,insomniac
josh smiles,insomniac
richy rozay,insomniac
shelco garcia,insomniac
perel,insomniac
alexandar smash,insomniac
dj arcade,insomniac
kapuchon,insomniac
marc v,insomniac
nes,insomniac
carlo key,insomniac
vari,insomniac
synjin,insomniac
dvrko,insomniac
dj nasa,insomniac
if found,insomniac
helloworld,insomniac
dj exile,insomniac
el monk,insomniac
dj ar,insomniac
soul purpose,insomniac
dj ocho,insomniac
cyboy,insomniac
cloverdale,insomniac
taylor jaymin,insomniac
segan,insomniac
bombays,insomniac
novacancy,insomniac
formvla,insomniac
n3wport,insomniac
kraysh,insomniac
barilan,insomniac
high zombie,insomniac
amidy,insomniac
skybreak,insomniac
2dy4,insomniac
skonka,insomniac
murci,insomniac
frosttop,insomniac
nytrix,insomniac
piilot,insomniac
ksofresko,insomniac
karty,insomniac
julienne by,insomniac
kozmoz,insomniac
neon deluz,insomniac
class-a deviants,insomniac
handsome hands,insomniac
synymata,insomniac
torren foot,insomniac
rhiannon roze,insomniac
diskull,insomniac
damon sharpe,insomniac
rewrote,insomniac
pressure point,insomniac
otto von schirach,insomniac
michelle leshem,insomniac
jan anthony,insomniac
house of pris,insomniac
dj ray,insomniac
deroboter,insomniac
december beaches,insomniac
bunni,insomniac
monterrey,insomniac
m.o.n.r.o.e.,insomniac
pablo arrangoiz,insomniac
differ,insomniac
adam at the door,insomniac
natalia roth,insomniac
basti,insomniac
yung algebra,insomniac
daizy (us),insomniac
daisy cutter,insomniac
chaos!,insomniac
bear,insomniac
andres line,insomniac
acemoma,insomniac
waves,insomniac
ivvy,insomniac
william basinski,insomniac
camea,insomniac
flozone,insomniac
will buck,insomniac
vegyn,insomniac
ultrathem,insomniac
sel.6,insomniac
seeyousoon,insomniac
romy,insomniac
roiju,insomniac
radar,insomniac
phoenecia,insomniac
objekt,insomniac
nicholas g. padilla,insomniac
zenker brothers,insomniac
mount kimbie,insomniac
dza,insomniac
brother dan,insomniac
virgo,insomniac
taimur,insomniac
diego andrés,insomniac
tidur,insomniac
souls departed,insomniac
true vine,insomniac
twyn,insomniac
three 6 mafia,insomniac
special request,insomniac
thundercat,insomniac
tierap,insomniac
rose ringed,insomniac
olivier weiter,insomniac
milion,insomniac
dennes deen,insomniac
collé,insomniac
manfredas,insomniac
laura (of miami),insomniac
corrupt (uk),insomniac
kelly lee owens,insomniac
john tejada,insomniac
jason rault,insomniac
jamie xx,insomniac
link,insomniac
subchvrge,insomniac
topic,insomniac
minør,insomniac
caleb dent,insomniac
frida k,insomniac
notlö,insomniac
noodles,insomniac
drama,insomniac
two feet,insomniac
sam gellaitry,insomniac
myd,insomniac
lab group,insomniac
lysn.,insomniac
caribou,insomniac
nik p,insomniac
parrotice,insomniac
the librarian,insomniac
ford.,insomniac
romare,insomniac
manic focus,insomniac
player dave,insomniac
khiva,insomniac
india jordan,insomniac
hiroko yamamura,insomniac
goth babe,insomniac
elephant heart,insomniac
dj harvey,insomniac
denzel curry,insomniac
crazy p soundsystem,insomniac
monty luke,insomniac
chloé caillet,insomniac
cannons,insomniac
black carl!,insomniac
rome in silver,insomniac
flying lotus,insomniac
ross from friends,insomniac
volvox,insomniac
technobi,insomniac
leaving laurel,insomniac
cri,insomniac
warung,insomniac
nox vahn,insomniac
marsh,insomniac
kasablanca,insomniac
get face,insomniac
george clanton,insomniac
gattüso,insomniac
felipe gordon,insomniac
heirz,insomniac
things you say,insomniac
ela minus,insomniac
eartheater,insomniac
discosexo,insomniac
byrdipop,insomniac
buscabulla,insomniac
boy harsher,insomniac
bort,insomniac
bakke,insomniac
weird waifu,insomniac
alfonso tan,insomniac
whitesquare,insomniac
red axes,insomniac
moscoman,insomniac
fatima hajji,insomniac
elderbrook,insomniac
karneeg jabourian,insomniac
laughtrax,insomniac
petey martin,insomniac
jaakob,insomniac
modern machines,insomniac
lauren mia,insomniac
woo york,insomniac
illusionize,insomniac
matthias tanzmann,insomniac
a hundred drums,insomniac
saka,insomniac
surround,insomniac
stacy christine,insomniac
krystal klear,insomniac
floorplan,insomniac
fjaak,insomniac
ash lauryn,insomniac
dj sneak,insomniac
redtape,insomniac
justin hawkes,insomniac
chef boyarbeatz,insomniac
xeno,insomniac
folamour,insomniac
sub teal,insomniac
jtj,insomniac
tau0n,insomniac
morgin madison,insomniac
grabbitz,insomniac
david penn,insomniac
ferreck dawn,insomniac
qrtr,insomniac
manti,insomniac
guz,insomniac
james hype,insomniac
crissy criss,insomniac
sky sky,insomniac
rayray,insomniac
deeper purpose,insomniac
jerro,insomniac
inzo,insomniac
oddprophet,insomniac
guy mantzur,insomniac
guy j,insomniac
sodium,insomniac
dos lonely boys,insomniac
sisto,insomniac
gardenstate,insomniac
tomas heredia,insomniac
moodymann,insomniac
leorachi,insomniac
ill.gates,insomniac
spotemgottem,insomniac
king combs,insomniac
charles d,insomniac
arnold and lane,insomniac
joel corry,insomniac
bandēs,insomniac
verse.,insomniac
ghost lotus,insomniac
matthias,insomniac
antonella zambrano,insomniac
dj security,insomniac
brothers of funk,insomniac
deoca,insomniac
tape b,insomniac
dj magic mike,insomniac
deejay shaolin,insomniac
golden child,insomniac
tony shades,insomniac
sosmoov,insomniac
cut and sew,insomniac
supernaut,insomniac
doc roc,insomniac
earry hall,insomniac
layz,insomniac
elias r,insomniac
celo,insomniac
pacho berrocal,insomniac
evalution,insomniac
skylar williams,insomniac
bernzikial,insomniac
danny time,insomniac
dre mendez,insomniac
lord rash,insomniac
phoenix jagger,insomniac
birmingham drive,insomniac
kyle kinch,insomniac
dubdogz,insomniac
evan gamble lewis,insomniac
plsma,insomniac
bae-toven,insomniac
audiotrap,insomniac
elevven,insomniac
sigala,insomniac
regard,insomniac
space wizard,insomniac
tensteps,insomniac
darude,insomniac
whiteno1se,insomniac
coexist,insomniac
xijaro and pitch,insomniac
renegade system,insomniac
dezza,insomniac
nicholson,insomniac
out of orbit,insomniac
eitan reiter,insomniac
alchimyst,insomniac
partywithray,insomniac
house divided,insomniac
xavi,insomniac
reaper,insomniac
jeanie,insomniac
hernan cattaneo,insomniac
alvyn,insomniac
ravenscoon,insomniac
kamino,insomniac
ver:west,insomniac
chomppa,insomniac
kumarion,insomniac
kari duran,insomniac
mary droppinz,insomniac
jackson englund,insomniac
sama’ abdulhadi,insomniac
hammer (mx),insomniac
lieke trienekens,insomniac
vntm,insomniac
mees salomé,insomniac
jeff mills,insomniac
kiko franco,insomniac
nøll,insomniac
deeparture,insomniac
illuminize,insomniac
tony romera,insomniac
kill script,insomniac
bleu clair,insomniac
star seed,insomniac
shallou,insomniac
rival,insomniac
yula,insomniac
friendzone,insomniac
david clutch,insomniac
pauline herr,insomniac
two lanes,insomniac
mindchatter,insomniac
danny olson,insomniac
mat.joe,insomniac
honeyluv,insomniac
louie vega,insomniac
nala,insomniac
marshall jefferson,insomniac
rebūke,insomniac
nightfunk,insomniac
machinedrum,insomniac
ben klock,insomniac
versa,insomniac
spvd,insomniac
hairitage,insomniac
guppi,insomniac
goon,insomniac
bonkers,insomniac
dream takers,insomniac
crimes!,insomniac
audigy,insomniac
2ar,insomniac
inbal,insomniac
slugg,insomniac
meen,insomniac
just haylee,insomniac
lamorn,insomniac
syence,insomniac
sir kutz,insomniac
highlnd,insomniac
swayló,insomniac
avision,insomniac
anfisa letyago,insomniac
oppidan,insomniac
siren,insomniac
duke and jones,insomniac
mathame,insomniac
marc rebillet,insomniac
sita abellán,insomniac
jorza,insomniac
black v neck,insomniac
water spirit,insomniac
veil,insomniac
tvboo,insomniac
steller,insomniac
sully,insomniac
mother lotus,insomniac
sfam,insomniac
codd dubz,insomniac
canabliss,insomniac
pierce,insomniac
jawns,insomniac
dj scheme,insomniac
2 chainz,insomniac
jean dawson,insomniac
mario judah,insomniac
ranger trucco,insomniac
godlands,insomniac
nitepunk,insomniac
$not,insomniac
iann dior,insomniac
biicla,insomniac
austin millz,insomniac
partiboi69,insomniac
lil durk,insomniac
don toliver,insomniac
sippy,insomniac
serge devant,insomniac
layla benitez,insomniac
eli escobar,insomniac
dj minx,insomniac
dazy,insomniac
hellbound!,insomniac
breikthru,insomniac
covex,insomniac
nurko,insomniac
last heroes,insomniac
pixelsaur,insomniac
gvme boys,insomniac
kaiser-t,insomniac
kultivate,insomniac
shizz lo,insomniac
lizzy jane,insomniac
shdws,insomniac
ace aura,insomniac
tiedye,insomniac
rossy,insomniac
echod,insomniac
phonon,insomniac
syzy,insomniac
computa,insomniac
mr. bill,insomniac
stratus,insomniac
maxinne,insomniac
kc lights,insomniac
gld,insomniac
bingewatch,insomniac
crucast,insomniac
goddard.,insomniac
limited,insomniac
keinemusik,insomniac
in-rush,insomniac
t>i,insomniac
scooter,insomniac
ben sterling,insomniac
alisha,insomniac
pirate copy,insomniac
sasasas,insomniac
kings of the rollers,insomniac
joey daniel,insomniac
bou,insomniac
sam divine,insomniac
chelina manuhutu,insomniac
yen sung,insomniac
fetish,insomniac
capozzi,insomniac
diana oliveira,insomniac
archie hamilton,insomniac
conducta,insomniac
odium,insomniac
k motionz,insomniac
north base,insomniac
kenny ken,insomniac
harriet jaxxon,insomniac
macky gee,insomniac
keltek,insomniac
alcemist,insomniac
paul kalkbrenner,insomniac
hybrid minds,insomniac
sephyx,insomniac
michael bibi,insomniac
nicky blackmarket,insomniac
svnf8,insomniac
body ocean,insomniac
noises,insomniac
casmalia,insomniac
bentley dean,insomniac
away,insomniac
thomas nan,insomniac
pyrodox,insomniac
tv noise,insomniac
gregor salto,insomniac
hukae,insomniac
papa khan,insomniac
john summit,insomniac
sawlead,insomniac
samra,insomniac
gpf (greazy puzzy fuckerz),insomniac
rooler,insomniac
crystal skies,insomniac
trivecta,insomniac
alex mills,insomniac
gw harrison,insomniac
biscits,insomniac
cloonee,insomniac
gem and tauri,insomniac
1080p,insomniac
moore kismet,insomniac
kloud,insomniac
el licenciado,insomniac
a tribe called red,insomniac
amandititita,insomniac
knock2,insomniac
control freak,insomniac
pax,insomniac
prospa,insomniac
dj holographic,insomniac
channel tres,insomniac
adana twins,insomniac
vavo,insomniac
odd mob,insomniac
blvk jvck,insomniac
luci,insomniac
tempo giusto,insomniac
ackdaddy,insomniac
patrick walsh,insomniac
demigod,insomniac
santiago caballero,insomniac
jbz,insomniac
coffintexts,insomniac
jonny from space,insomniac
lazaro casanova,insomniac
ennio skoto,insomniac
danyelino,insomniac
sohn jamal,insomniac
dude skywalker,insomniac
kike roldan,insomniac
bitter babe,insomniac
will renuart,insomniac
invt,insomniac
yves tumor,insomniac
nick león,insomniac
enamour,insomniac
levitate,insomniac
vanz,insomniac
rohry,insomniac
mortals,insomniac
hherb,insomniac
darrius,insomniac
quackson,insomniac
project paradis,insomniac
norm talley,insomniac
sodown,insomniac
juelz,insomniac
nostalgix,insomniac
cheyenne giles,insomniac
sugar glider,insomniac
black a.m.,insomniac
isaac ferry,insomniac
amon tobin,insomniac
erol alkan,insomniac
park hye jin,insomniac
mnnr,insomniac
sg lewis,insomniac
haai,insomniac
jacques greene,insomniac
100 gecs,insomniac
elysian,insomniac
sid wilson,insomniac
dillinja,insomniac
kemal,insomniac
sidepiece,insomniac
maduk,insomniac
ahmed romel,insomniac
ann clue,insomniac
billy gillies,insomniac
frq ncy,insomniac
perto,insomniac
pierre pienaar,insomniac
sofi tukker,insomniac
dj seinfeld,insomniac
sister system,insomniac
nicola cruz,insomniac
kerala dust,insomniac
ashley venom,insomniac
terence tabeau,insomniac
thunderpony,insomniac
maribou state,insomniac
bedouin,insomniac
memphis may fire,insomniac
i see stars,insomniac
coast club,insomniac
shyboi,insomniac
avalon emerson,insomniac
mzrin,insomniac
grimix,insomniac
vongold,insomniac
dj nelson,insomniac
polybiu$,insomniac
enya botello,insomniac
regina puma,insomniac
fideles,insomniac
township rebellion,insomniac
candl,insomniac
kris berle,insomniac
esamipau,insomniac
truself,insomniac
olazaran,insomniac
erick t,insomniac
berelau,insomniac
rocio pergon,insomniac
abraham ramirez,insomniac
remille,insomniac
dunnowho,insomniac
derlow,insomniac
nora bautista,insomniac
oskier,insomniac
sintonika,insomniac
dayanna ro,insomniac
alfred beck,insomniac
belmar,insomniac
sheco,insomniac
underbite,insomniac
megalight,insomniac
dam dam,insomniac
mirá mirá,insomniac
hajj,insomniac
feii vega,insomniac
macarena,insomniac
niña,insomniac
kevin brand,insomniac
dayvi,insomniac
alexnoize,insomniac
dylan matthew,insomniac
bawldy,insomniac
visual.9,insomniac
wreckno,insomniac
super future,insomniac
vctre,insomniac
rest in pierce,insomniac
overjoy,insomniac
tiedye ky,insomniac
aplsoz,insomniac
"quickly, quickly",insomniac
jinx,insomniac
goopsteppa,insomniac
two tails,insomniac
hunter reid,insomniac
richie hell,insomniac
kll smth,insomniac
mad pritch,insomniac
jkriv,insomniac
dicky trisco,insomniac
blvckjesus,insomniac
daniel weil,insomniac
matt fax,insomniac
corrupt,insomniac
bellecour,insomniac
vangar,insomniac
marten hørger,insomniac
masteria,insomniac
gerard not oscar gerard,insomniac
isoxo,insomniac
mason collective,insomniac
ace aguilar,insomniac
pennywild,insomniac
nina las vegas,insomniac
foxen,insomniac
sarisuk,insomniac
no pants party,insomniac
nastia,insomniac
vampa,insomniac
wehbba,insomniac
joyhauser,insomniac
dj soda,insomniac
ilario alicante,insomniac
tyeguys,insomniac
cat dealers,insomniac
dougal,insomniac
krav3,insomniac
pixel terror,insomniac
farrago,insomniac
milo spykers,insomniac
atroxx,insomniac
l.u.x,insomniac
kream,insomniac
nazaar,insomniac
jesus davila,insomniac
sosa,insomniac
kryoman,insomniac
deadly guns,insomniac
franky wah,insomniac
akeos,insomniac
ahz,insomniac
neonix,insomniac
onhell,insomniac
niza,insomniac
fabio,insomniac
tk vicious,insomniac
5 godz,insomniac
melomatic,insomniac
effin,insomniac
ship wrek,insomniac
shndō,insomniac
dexum,insomniac
adina butar,insomniac
army of skanks,insomniac
tansen,insomniac
tblmkr,insomniac
fango,insomniac
too heavy crew,insomniac
los padres,insomniac
drinkurwater,insomniac
gianni blu,insomniac
jenouise,insomniac
chanty otm,insomniac
natalia,insomniac
justine,insomniac
carlita,insomniac
europa (jax jones and martin solveig),insomniac
muzik junkies,insomniac
mental,insomniac
ma-less,insomniac
maahez,insomniac
bizarrap,insomniac
rocco desentis,insomniac
barbie chola,insomniac
iñigo vontier,insomniac
qrion,insomniac
mr. pauer,insomniac
mi$$il,insomniac
jenia tarsol,insomniac
shubostar,insomniac
francis davila,insomniac
lokier,insomniac
lumber jack,insomniac
vicrey,insomniac
pako rodriguez,insomniac
luciana,insomniac
amg,insomniac
aranxa,insomniac
mykka,insomniac
save the rabbits,insomniac
sven väth,insomniac
andrea acosta,insomniac
universe controller,insomniac
stylo,insomniac
raymix,insomniac
lizz,insomniac
flak,insomniac
mariana revilla,insomniac
mystery affair,insomniac
süss,insomniac
urbøi,insomniac
whomadewho,insomniac
matias aguayo,insomniac
prankstisci,insomniac
tooltime,insomniac
si-dog,insomniac
enrique negron,insomniac
matt enos,insomniac
edison cole,insomniac
masf,insomniac
tango,insomniac
judas,insomniac
jason brown,insomniac
jdub,insomniac
heather collins,insomniac
dj stylus,insomniac
dave gluskin,insomniac
angela villin,insomniac
nvikto,insomniac
tsunami,insomniac
huda hudia,insomniac
yokai,insomniac
vrg,insomniac
rated r,insomniac
malóne,insomniac
renato s,insomniac
perfetto,insomniac
dendro,insomniac
whales,insomniac
og nixin,insomniac
wires,insomniac
kaysin,insomniac
game and watch,insomniac
teig,insomniac
anden,insomniac
janny,insomniac
advanced,insomniac
miso,insomniac
jason blade,insomniac
loaa,insomniac
glenmorgan,insomniac
raiden,insomniac
colorful language,insomniac
simone gatto,insomniac
behrouz,insomniac
boogie t.rio,insomniac
clarian,insomniac
kimyon,insomniac
gouranga,insomniac
hallucinate,insomniac
supertask,insomniac
taylor shockley,insomniac
y2k,insomniac
g-space,insomniac
atomyard,insomniac
mersiv,insomniac
verzache,insomniac
lil louis,insomniac
crooked colours,insomniac
mathew jonson,insomniac
tipper,insomniac
levitation jones,insomniac
bas ibellini,insomniac
shaun reeves,insomniac
mary yuzovskaya,insomniac
marco cetos,insomniac
level up,insomniac
aaryon,insomniac
wheats,insomniac
leftwing : kody,insomniac
tonn piper,insomniac
goosebumps,insomniac
kusic,insomniac
rafa,insomniac
kim bo yeon,insomniac
davide squillace,insomniac
kaligem,insomniac
nasser baker,insomniac
rameses b,insomniac
koven,insomniac
bossfight,insomniac
notion,insomniac
saint punk,insomniac
jantsen,insomniac
john monkman,insomniac
s-doobie,insomniac
hosh,insomniac
the funk hunters,insomniac
drifter5,insomniac
suyano,insomniac
tim thal,insomniac
dirty class,insomniac
tluxx,insomniac
option4,insomniac
onyvaa,insomniac
crsbrkrs,insomniac
sam lamar,insomniac
matt suave,insomniac
evraftr,insomniac
robin season,insomniac
rad cat,insomniac
ryden,insomniac
aidan sokol,insomniac
triggabyte,insomniac
tryb,insomniac
avao,insomniac
kiddkitt,insomniac
naations,insomniac
virus syndicate,insomniac
oliverse,insomniac
d-sturb,insomniac
jun young,insomniac
donny carr,insomniac
mystic grizzly,insomniac
floret loret,insomniac
fiin,insomniac
c.h.a.y.,insomniac
sysdemes,insomniac
atlast,insomniac
brondo,insomniac
ricky retro,insomniac
artur,insomniac
yair,insomniac
suahn,insomniac
dj luian,insomniac
dj sheby,insomniac
sky rompiendo,insomniac
cero39,insomniac
f4st,insomniac
fronter,insomniac
black mambo,insomniac
sunministers,insomniac
jose m and tacoman,insomniac
papá kumbé,insomniac
ovy on the drums,insomniac
goat the funky,insomniac
plan8,insomniac
meduza,insomniac
sound rush,insomniac
john bryars,insomniac
softest hard,insomniac
ohgeesy,insomniac
la leakers,insomniac
eric ballew,insomniac
drumdrop,insomniac
ffan,insomniac
cream,insomniac
roots,insomniac
meep,insomniac
ascii mode,insomniac
heidi lawden,insomniac
amok,insomniac
bears in space,insomniac
goddollars,insomniac
sesco,insomniac
guti,insomniac
throwdown,insomniac
mike servito,insomniac
alrt,insomniac
shadient,insomniac
dax j,insomniac
reinier zonneveld,insomniac
bianca oblivion,insomniac
com3t,insomniac
eddie,insomniac
lights,insomniac
tiffany tyson,insomniac
dr. apollo,insomniac
ben and fil,insomniac
kittrix,insomniac
yeonjun,insomniac
unjin,insomniac
mom n dad,insomniac
tom morello,insomniac
dam-funk,insomniac
tomas marc,insomniac
ugly duck,insomniac
doberman,insomniac
modeselektor,insomniac
cooper saver,insomniac
leon vynehall,insomniac
helena hauff,insomniac
5nail,insomniac
glow,insomniac
dream hackers,insomniac
primit,insomniac
comarobot,insomniac
edgar sound,insomniac
basskrap,insomniac
cchekoz,insomniac
motoko,insomniac
shank aaron,insomniac
jayda g,insomniac
l-like,insomniac
daisy,insomniac
ben ufo,insomniac
luke andy,insomniac
talon,insomniac
ray kash,insomniac
richter,insomniac
abdallah seoud,insomniac
daniel avery,insomniac
denis sulta,insomniac
peach,insomniac
pat lok,insomniac
honey dijon,insomniac
gerd janson,insomniac
mall grab,insomniac
arcada,insomniac
william djoko,insomniac
phers,insomniac
noir d costas,insomniac
wurmhole,insomniac
fish scale,insomniac
qlank,insomniac
matalo,insomniac
rejack,insomniac
jkyl and hyde,insomniac
slooze,insomniac
willaris. k,insomniac
abraxis,insomniac
boris brejcha,insomniac
skypatrol,insomniac
david forbes,insomniac
maria healy,insomniac
ashley smith,insomniac
activa,insomniac
sidekicks,insomniac
shpongle,insomniac
electric universe,insomniac
gaudium,insomniac
egorythmia,insomniac
reality test,insomniac
the space brothers,insomniac
kai tracid,insomniac
alessandra roncone,insomniac
johan gielen,insomniac
dj bowlcut,insomniac
valo,insomniac
shanell,insomniac
giiana,insomniac
deepshower,insomniac
yamada,insomniac
minimonster,insomniac
joon kwak,insomniac
jenny fts,insomniac
brllnt,insomniac
apro,insomniac
eskuche,insomniac
dajae,insomniac
gray area,insomniac
ltj bukem,insomniac
dreamers delight,insomniac
evol intent,insomniac
secret recipe,insomniac
hakeem,insomniac
deborah de luca,insomniac
wokezan,insomniac
len faki,insomniac
steve darko,insomniac
golden features,insomniac
frnd,insomniac
sundial,insomniac
feld-scarr,insomniac
gene farris,insomniac
bubu,insomniac
jadip,insomniac
erivera reyes,insomniac
pass the 40,insomniac
hex cougar,insomniac
space corps,insomniac
manolo,insomniac
olan,insomniac
paolo,insomniac
after school special,insomniac
mosf3t,insomniac
freak on,insomniac
beat kitty,insomniac
ez almighty,insomniac
clatorie,insomniac
torie,insomniac
jessica,insomniac
rechulski,insomniac
noam,insomniac
julian gray,insomniac
osyris,insomniac
samplifire,insomniac
greco,insomniac
darmon,insomniac
avin,insomniac
white owl,insomniac
gandaia,insomniac
groovyroom,insomniac
julps,insomniac
anton tumas,insomniac
acidtwiins,insomniac
ocean roulette,insomniac
eran hersh,insomniac
montell2099,insomniac
d8 me,insomniac
harmson,insomniac
hot fuzz,insomniac
daniel bailey,insomniac
masters at work,insomniac
trveso,insomniac
ella,insomniac
venessamichaels,insomniac
t.i.,insomniac
lazy boys,insomniac
mat jr.,insomniac
lisachris,insomniac
vick okada,insomniac
the antoinettes,insomniac
okamotoreiji,insomniac
little dead girl,insomniac
dosing,insomniac
disk nagataki,insomniac
brain zapp,insomniac
aaron cappy,insomniac
jaykayel,insomniac
y0ungbl00d,insomniac
skemaddox,insomniac
herbalistek,insomniac
nofone,insomniac
cabrillo,insomniac
niles shepard,insomniac
xonic,insomniac
holder,insomniac
ali khalili,insomniac
papa lu,insomniac
marauda,insomniac
club indigo,insomniac
toastea,insomniac
omar xv,insomniac
cl!ff,insomniac
toney handsome,insomniac
bubblewrappe,insomniac
nvrleft,insomniac
purowuan,insomniac
kenny oliver,insomniac
frostbyte,insomniac
shlohmo,insomniac
blesst,insomniac
cam girl,insomniac
zía,insomniac
lil tjay,insomniac
diesel,insomniac
gunna,insomniac
jessie reyez,insomniac
the candy rain,insomniac
soulja boy,insomniac
lil mosey,insomniac
monki,insomniac
dreamdoll,insomniac
g herbo,insomniac
jpegmafia,insomniac
young franco,insomniac
kasbo,insomniac
armani white,insomniac
andre power,insomniac
madeintyo,insomniac
juice wrld,insomniac
sosupersam,insomniac
kyle watson,insomniac
tommy genesis,insomniac
lp giobbi,insomniac
kid cudi,insomniac
ms. mada,insomniac
g-rex,insomniac
hytyd,insomniac
replicant,insomniac
rodg,insomniac
martin roth,insomniac
ring,insomniac
faahsai,insomniac
junkilla,insomniac
aster,insomniac
little fritter,insomniac
stefan seay,insomniac
michael fam,insomniac
semi,insomniac
the hotel lobby,insomniac
bvss botz,insomniac
executioner,insomniac
digitist,insomniac
mir omar,insomniac
the lost boys,insomniac
trekkie trax,insomniac
blacklizt,insomniac
a$ap rocky,insomniac
n.o.s.,insomniac
mars89,insomniac
kekke,insomniac
juniorchef,insomniac
ak-69,insomniac
sakuma,insomniac
taar,insomniac
yosa,insomniac
yukibeb,insomniac
masayoshi iimori,insomniac
kzm,insomniac
awich,insomniac
coki,insomniac
frank walker,insomniac
rinzen,insomniac
rhyno,insomniac
callie reiff,insomniac
rhett,insomniac
yako,insomniac
jase thirlwall,insomniac
a.m.c,insomniac
turno,insomniac
goldroom,insomniac
testpilot,insomniac
stephanie loayza,insomniac
krelisa,insomniac
hydrah,insomniac
dj low,insomniac
chime,insomniac
jvna,insomniac
magda halina,insomniac
kun,insomniac
4 strings,insomniac
sludge,insomniac
jay park,insomniac
future,insomniac
artbat,insomniac
telykast,insomniac
eazybaked,insomniac
ternion sound,insomniac
mark the beast,insomniac
deecee,insomniac
yang,insomniac
susana,insomniac
somna,insomniac
shy brothers,insomniac
sheridan grout,insomniac
memory loss,insomniac
marq,insomniac
jimmy chou,insomniac
jagger page,insomniac
tbx,insomniac
boston bun,insomniac
warden,insomniac
kimiaz,insomniac
black caviar,insomniac
gerard groove,insomniac
gawp,insomniac
offaiah,insomniac
goshfather,insomniac
wet hand dan,insomniac
diego zeen,insomniac
submersive,insomniac
jenny anaya,insomniac
tails,insomniac
murdock,insomniac
amelie lens,insomniac
enrico sangiuliano,insomniac
mihalis safras,insomniac
paul denton,insomniac
yolanda be cool,insomniac
darkma11er,insomniac
daniel minaya,insomniac
david harness,insomniac
martin ikin,insomniac
dmvu,insomniac
ekonovah,insomniac
gvrl,insomniac
kiddy smile,insomniac
potions,insomniac
diablo,insomniac
bvss tactic,insomniac
dj blown,insomniac
nght si,insomniac
symbolico,insomniac
desert dwellers,insomniac
pez,insomniac
wshngtn,insomniac
honü,insomniac
dustycloud,insomniac
solar,insomniac
xandg,insomniac
dj snoopadelic,insomniac
cim,insomniac
not.uniq,insomniac
luis ortega,insomniac
miguel alanis,insomniac
aviux,insomniac
armi diamonds,insomniac
disautonomia,insomniac
apek,insomniac
dj tetris,insomniac
obie fernandez,insomniac
lightform,insomniac
santo bass,insomniac
bombocat,insomniac
bagha,insomniac
killv,insomniac
chilly mox,insomniac
desna,insomniac
a-zar,insomniac
ivy.kst!,insomniac
svbvg,insomniac
leon leiden,insomniac
isaac maya,insomniac
karina rosee,insomniac
luz sanchez,insomniac
charlie atom,insomniac
charlotte fehler,insomniac
argüello,insomniac
valentina moretti,insomniac
miguel rechy,insomniac
ramiro rubio,insomniac
birdee,insomniac
cromatik,insomniac
jungle,insomniac
mèlay,insomniac
thriftworks,insomniac
of the trees,insomniac
abelation,insomniac
calcium,insomniac
raiser,insomniac
randy seidman,insomniac
hint of lavender,insomniac
marques wyatt,insomniac
miguel migs,insomniac
noizu,insomniac
eyes everywhere,insomniac
codes,insomniac
vnssa,insomniac
blossom,insomniac
kaivon,insomniac
anotr,insomniac
djds,insomniac
blanke,insomniac
mario fitoria,insomniac
mr. fitz,insomniac
booms y claps,insomniac
guztavo mx,insomniac
dj pelos,insomniac
jerry davila,insomniac
gian varela,insomniac
mc zaac,insomniac
kawas,insomniac
spydat.e.k,insomniac
marvin and guy,insomniac
mandrake,insomniac
dramian,insomniac
barnt,insomniac
prospector,insomniac
efx,insomniac
jasonlo,insomniac
sweater beats,insomniac
ao,insomniac
soren,insomniac
eric senn,insomniac
nortec collective,insomniac
vertigo,insomniac
lum1na,insomniac
color,insomniac
sebastian paul,insomniac
jojo maronttinni,insomniac
dj marlboro,insomniac
tomasa del real,insomniac
rex the dog,insomniac
pablito mix,insomniac
uzielito mix,insomniac
jeffrey sutorius,insomniac
sotomayor,insomniac
trooko,insomniac
omar varela,insomniac
young drums,insomniac
the golden boy,insomniac
juan por dios,insomniac
salón acapulco,insomniac
pauza,insomniac
neo human,insomniac
le twins,insomniac
jetlag,insomniac
d3v,insomniac
mannymak,insomniac
phino,insomniac
nxwyxrk,insomniac
westend,insomniac
too kind,insomniac
tegi,insomniac
fight clvb,insomniac
brain hunters,insomniac
monsieur frazier,insomniac
andres castillo,insomniac
mason maynard,insomniac
b.traits,insomniac
angemi,insomniac
nurrydog,insomniac
morvn,insomniac
robots don’t have sisters,insomniac
polo and pan,insomniac
gualtiero,insomniac
flor capistran,insomniac
washed out,insomniac
tweekacore,insomniac
terry zhong,insomniac
jin djs,insomniac
olwik,insomniac
tenishia,insomniac
gboyswag,insomniac
emil chang,insomniac
copan kasten,insomniac
playero,insomniac
lit lords,insomniac
gommi,insomniac
elekt,insomniac
lizzy wang,insomniac
acraze,insomniac
gaaudi,insomniac
polar bears,insomniac
david bullock,insomniac
kami,insomniac
tim shopp,insomniac
ducka shan,insomniac
hvdes,insomniac
thelem,insomniac
dalek one,insomniac
matty g,insomniac
warez,insomniac
shlump,insomniac
bruno furlan,insomniac
lisbona sisters,insomniac
woolymammoth,insomniac
captain cuts,insomniac
yasmin,insomniac
madgrrl,insomniac
steady rock,insomniac
phlegmatic dogs,insomniac
anti up,insomniac
noise dimentionz,insomniac
haaradak,insomniac
shei,insomniac
alby loud,insomniac
smokepurpp,insomniac
the him,insomniac
midnight kids,insomniac
gucci mane,insomniac
sueldo,insomniac
peekaboo,insomniac
trolley snatcha,insomniac
jaron,insomniac
dnmo,insomniac
franklyn watts,insomniac
fuego,insomniac
lubelski,insomniac
rodriguez jr.,insomniac
justice,insomniac
die antwoord,insomniac
huxley anne,insomniac
lick,insomniac
1788-l,insomniac
pony,insomniac
the fitness,insomniac
jaxx da fishworks,insomniac
trademark,insomniac
danny quest,insomniac
declan james,insomniac
darcie dolce,insomniac
chaboi,insomniac
akira akira,insomniac
paul devro,insomniac
panda eyes,insomniac
hatcha,insomniac
oscar gerard,insomniac
danny l harle,insomniac
raito,insomniac
purple disco machine,insomniac
tuff ghost,insomniac
benzi,insomniac
primoz,insomniac
kid kobra,insomniac
rathero,insomniac
muzz,insomniac
roman flügel,insomniac
trikk,insomniac
marcel dettmann,insomniac
goddollars and paradise,insomniac
jeniluv,insomniac
sonns,insomniac
octo octa,insomniac
bicep,insomniac
randy vission,insomniac
spyk3,insomniac
phenatiks,insomniac
kendoll,insomniac
jay robinson,insomniac
anakim,insomniac
kloudmen,insomniac
rozco,insomniac
mogli,insomniac
tristan,insomniac
dickster,insomniac
secret cinema,insomniac
super flu,insomniac
nwyr,insomniac
sebastian ghouls,insomniac
mont blvck,insomniac
alex madden,insomniac
pachanga boys,insomniac
motor city drum ensemble,insomniac
daemia,insomniac
alex brutus,insomniac
scooby,insomniac
stephan bodzin,insomniac
peggy gou,insomniac
first state,insomniac
david rust,insomniac
orla feeney,insomniac
lostly,insomniac
driftmoon,insomniac
j3yk,insomniac
brandon scott,insomniac
skylex,insomniac
ltn,insomniac
day.din,insomniac
craig connelly,insomniac
sentinel 7,insomniac
will rees,insomniac
ciaran mcauley,insomniac
subc0der,insomniac
crs?,insomniac
apx1,insomniac
lsdream,insomniac
mark lizaola,insomniac
dante levo,insomniac
meirlin,insomniac
audiophonic,insomniac
satori,insomniac
intelligence,insomniac
attik,insomniac
jon bovi,insomniac
sheck wes,insomniac
comethazine,insomniac
cease fire,insomniac
beauz,insomniac
shiverz,insomniac
digital ethos,insomniac
mc xyz,insomniac
duskus,insomniac
taska black,insomniac
slow magic,insomniac
kenny beats,insomniac
irfane,insomniac
tim baresko,insomniac
danny byrd,insomniac
matphilly,insomniac
the juan maclean,insomniac
dj pimp,insomniac
clams casino,insomniac
kevin knapp,insomniac
070 shake,insomniac
damon steele,insomniac
a boy and a girl,insomniac
vanic,insomniac
tinlicker,insomniac
rick trainor,insomniac
franky rizardo,insomniac
sinopoli,insomniac
myrne,insomniac
subdocta,insomniac
jupe,insomniac
suzy solar,insomniac
sloth,insomniac
ben böhmer,insomniac
bloodtone,insomniac
brownies and lemonade all-stars,insomniac
grube and hovsepian,insomniac
denzo,insomniac
au5,insomniac
skepsis,insomniac
holy goof,insomniac
zimbu,insomniac
hrzsogood,insomniac
grlskout,insomniac
iris,insomniac
andy p,insomniac
kito,insomniac
oona dahl,insomniac
tess vockler,insomniac
win and woo,insomniac
eli and fur,insomniac
zero delay,insomniac
he$h,insomniac
badklaat,insomniac
uffie,insomniac
terrible johnny,insomniac
jaden smith,insomniac
birthdayy partyy,insomniac
r3ll,insomniac
yetep,insomniac
whereisalex,insomniac
king kavalier,insomniac
far out,insomniac
fairlane,insomniac
william black,insomniac
one more time,insomniac
oliver tree,insomniac
johnny doe,insomniac
lukas rieger,insomniac
530,insomniac
sean lamb,insomniac
simfonik,insomniac
leon lour,insomniac
lil hank,insomniac
nouveaubeats,insomniac
post malone,insomniac
olymp.us,insomniac
rich the kid,insomniac
xtroben,insomniac
hami,insomniac
geo,insomniac
subshockers,insomniac
ldru,insomniac
yahtzel,insomniac
primal luxe,insomniac
famous dex,insomniac
lil wayne,insomniac
kölsch,insomniac
double dare,insomniac
tchilt,insomniac
sammy legs,insomniac
eric mark,insomniac
eli brown,insomniac
sang froyd,insomniac
fantom freq,insomniac
roswell,insomniac
speaker honey,insomniac
victor arellano,insomniac
phill rollins,insomniac
rize,insomniac
recoder,insomniac
michael phase,insomniac
maxxus,insomniac
bvrnout,insomniac
curbi,insomniac
charlie,insomniac
kandy,insomniac
gladez,insomniac
don criminals,insomniac
cult classique,insomniac
una + matcha,insomniac
maria fujioka,insomniac
amiaya,insomniac
chimy,insomniac
allen mock,insomniac
nakkid,insomniac
dj fumine,insomniac
rinaly,insomniac
asteroid (uk),insomniac
ronaissance,insomniac
taylor kade,insomniac
tristan wells,insomniac
drexler,insomniac
subrhythmic,insomniac
dj lezlee,insomniac
rico nasty,insomniac
bejo,insomniac
2¢,insomniac
mø,insomniac
rick ross,insomniac
$uicideboy$,insomniac
bighead,insomniac
lil skies,insomniac
king henry,insomniac
estiva,insomniac
wifisfuneral,insomniac
davey asprey,insomniac
allen watts,insomniac
alix perez,insomniac
alexander popov,insomniac
13,insomniac
mvrda,insomniac
charlesthefirst,insomniac
bukez finezt,insomniac
clozee,insomniac
trippie redd,insomniac
travis scott,insomniac
omnom,insomniac
virgil abloh,insomniac
felix da housecat,insomniac
blackbear,insomniac
petit biscuit,insomniac
bontan,insomniac
illyus and barrientos,insomniac
shaun cruda,insomniac
lil xan,insomniac
cupcakke,insomniac
ybn nahmir,insomniac
hippie sabotage,insomniac
jack harlow,insomniac
saweetie,insomniac
madam x,insomniac
kolombo,insomniac
smth,insomniac
anmuring,insomniac
rootkit,insomniac
nonsens,insomniac
bawsfyte,insomniac
the binches,insomniac
brian matrix,insomniac
lil dicky,insomniac
a-da,insomniac
stan,insomniac
giftback,insomniac
naoki serizawa,insomniac
dske,insomniac
jommy,insomniac
dj daruma,insomniac
keisuke matsuoka,insomniac
elli arakawa,insomniac
pkcz®,insomniac
dj junior,insomniac
dj wellman,insomniac
warz,insomniac
luminn,insomniac
tronic crew,insomniac
darø,insomniac
kaku,insomniac
goldfish and blink,insomniac
crystal q,insomniac
rave republic,insomniac
yann cavaille,insomniac
james earl,insomniac
duckwrth,insomniac
carta,insomniac
animal,insomniac
decimate,insomniac
tokez,insomniac
the widdler,insomniac
psymbionic,insomniac
dubspeeka,insomniac
alyx ander,insomniac
benzmixer,insomniac
kozik,insomniac
sweettooth,insomniac
akronym,insomniac
the black madonna,insomniac
black coffee,insomniac
volt,insomniac
odea,insomniac
schade,insomniac
morelia,insomniac
zusammen,insomniac
lucati,insomniac
type3,insomniac
sebastian knight,insomniac
mvrvels,insomniac
lev3l,insomniac
algo,insomniac
i_o,insomniac
mark starr,insomniac
tony quattro,insomniac
wenzday,insomniac
stetix,insomniac
sophie francis,insomniac
télépopmusik,insomniac
nickthereal,insomniac
dang3r,insomniac
tube and berger,insomniac
carlos arteaga,insomniac
hpnotic,insomniac
dances with white girls,insomniac
zaxx,insomniac
benda,insomniac
somnium sound,insomniac
lika morgan,insomniac
sons of maria,insomniac
øostil,insomniac
agents of time,insomniac
bommer,insomniac
blunts and blondes,insomniac
stylust beats,insomniac
losh,insomniac
roy claveran,insomniac
dj nax,insomniac
yuuki yoshiyama,insomniac
ganesh,insomniac
griffin stoller,insomniac
xie,insomniac
svdden death,insomniac
suae,insomniac
strange club,insomniac
benny l,insomniac
omair,insomniac
khalid,insomniac
subset,insomniac
keiji,insomniac
com truise,insomniac
hekler,insomniac
carmada,insomniac
break,insomniac
bloodthinnerz,insomniac
dave neven,insomniac
matt medved,insomniac
honey soundsystem,insomniac
charlotte de witte,insomniac
revel,insomniac
downlowd,insomniac
mcd,insomniac
onward,insomniac
lucho,insomniac
sag,insomniac
naidenoff,insomniac
yung bae,insomniac
oliver nelson,insomniac
nav,insomniac
lil yachty,insomniac
london on da track,insomniac
slatin,insomniac
shimon,insomniac
spaceprodigi,insomniac
warface,insomniac
arkham knights,insomniac
sub zero project,insomniac
virtual self,insomniac
whethan,insomniac
prxzm,insomniac
someones daughter,insomniac
party pupils,insomniac
lil pump,insomniac
breakbot,insomniac
kuuro,insomniac
blakks,insomniac
jinco,insomniac
fig,insomniac
cabizbajo,insomniac
ivan dola,insomniac
los dutis,insomniac
burak yeter,insomniac
bright lights,insomniac
dr phunk,insomniac
andy martin,insomniac
kydus,insomniac
morten granau,insomniac
interactive noise,insomniac
crismajor,insomniac
ofenbach,insomniac
lindstrøm,insomniac
anoraak,insomniac
slimez,insomniac
cazztek,insomniac
zds,insomniac
yakz,insomniac
rambo,insomniac
klaxx,insomniac
isenberg,insomniac
space laces,insomniac
subtronics,insomniac
luzcid,insomniac
yehme2,insomniac
bonhaus,insomniac
robert firth,insomniac
nopality,insomniac
nemesiz,insomniac
marco carpentieri,insomniac
iker azcué,insomniac
rosa pistola,insomniac
bby jss,insomniac
dateless,insomniac
carbin,insomniac
dmx,insomniac
swedish egil,insomniac
ubur,insomniac
dirt monkey,insomniac
al ross,insomniac
holy ghost!,insomniac
hammer,insomniac
hot shakes,insomniac
el día,insomniac
sinego,insomniac
dj baby miri,insomniac
fito silva,insomniac
sammy and lesen,insomniac
cesar mannix,insomniac
maw bb,insomniac
el cartel,insomniac
alan rosales,insomniac
dark eyes,insomniac
nitro fun,insomniac
noxxville,insomniac
victor porfidio,insomniac
d-john,insomniac
kill the clowns,insomniac
ray rhodes,insomniac
fortu and mendoza,insomniac
criminal sounds,insomniac
gaminow,insomniac
mely cantu,insomniac
ale q,insomniac
alan salomon,insomniac
gerry gonza,insomniac
volac,insomniac
adgel,insomniac
freebot,insomniac
fancy folks,insomniac
sbm,insomniac
dj otto,insomniac
mark cast,insomniac
balcazar,insomniac
evound,insomniac
noizilla,insomniac
innobass,insomniac
mejia,insomniac
gravedgr,insomniac
wiz khalifa,insomniac
jvmpkicks,insomniac
whipped cream,insomniac
jubilee,insomniac
promnite,insomniac
sharps,insomniac
flamingosis,insomniac
dizzo,insomniac
bad name roy,insomniac
fisher,insomniac
the midnight perverts,insomniac
dj who?,insomniac
dave nada,insomniac
dj blass,insomniac
zyrus 7,insomniac
static movement,insomniac
rubinskee,insomniac
paulor,insomniac
milomilo,insomniac
melé,insomniac
mandragora,insomniac
sevenn,insomniac
ricardo reyna,insomniac
ski mask the slump god,insomniac
chain reaction,insomniac
durtysoxxx,insomniac
zimmer,insomniac
the knocks,insomniac
minesweepa,insomniac
bailo,insomniac
colour vision,insomniac
classixx,insomniac
alexander lewis,insomniac
croatia squad,insomniac
lil texas,insomniac
eliminate,insomniac
infekt,insomniac
marcel woods,insomniac
lil peep,insomniac
tynan,insomniac
emperor,insomniac
fluencee,insomniac
egzod,insomniac
skinny kidz,insomniac
dj xta-c,insomniac
coed,insomniac
melvv,insomniac
john christian,insomniac
melrose castillo,insomniac
crystalize,insomniac
kerri chandler,insomniac
joseph ashworth,insomniac
dj pauly d,insomniac
esseks,insomniac
chee,insomniac
nastynasty,insomniac
meek mill,insomniac
noer the boy,insomniac
yheti,insomniac
spence,insomniac
going quantum,insomniac
feint,insomniac
crux,insomniac
parker,insomniac
crypsis,insomniac
e-force,insomniac
hayden james,insomniac
jake weber,insomniac
dos mafia,insomniac
monoky,insomniac
fasko,insomniac
starx,insomniac
abs3nt,insomniac
shaded,insomniac
squnto,insomniac
boogie t,insomniac
crankdat,insomniac
kadett,insomniac
geoffrey fox,insomniac
chris kaizenn,insomniac
slumberjack,insomniac
max chapman,insomniac
ashe,insomniac
louis futon,insomniac
robotaki,insomniac
manila killa,insomniac
gg magree,insomniac
blu j,insomniac
monxx,insomniac
cosma,insomniac
hugeative,insomniac
bandlez,insomniac
hi i’m ghost,insomniac
kompany,insomniac
wooli,insomniac
ayokay,insomniac
myro,insomniac
mr. skeleton,insomniac
mad zach,insomniac
maxo,insomniac
julian anthony,insomniac
fenix fury,insomniac
d. zeledon,insomniac
myon,insomniac
luccio,insomniac
purge,insomniac
hot chip,insomniac
comrad,insomniac
dj dials,insomniac
taxman,insomniac
original sin,insomniac
jvst say yes,insomniac
gdat,insomniac
deekline,insomniac
mike will made-it,insomniac
judge,insomniac
detlef,insomniac
yookie,insomniac
lektrique,insomniac
sullivan king,insomniac
stabby,insomniac
dr. ozi,insomniac
toadface,insomniac
havok roth,insomniac
carabetta and doons,insomniac
babz,insomniac
space race,insomniac
scrvp,insomniac
plsandty,insomniac
real trance family,insomniac
mauro picotto,insomniac
sander kleinenberg,insomniac
ramzoid,insomniac
key4050,insomniac
symbolic,insomniac
sam jones,insomniac
roger shah,insomniac
khromata,insomniac
greg downey,insomniac
fady and mina,insomniac
factor b,insomniac
daniel skyver,insomniac
cold blue,insomniac
blastoyz,insomniac
alpha 9,insomniac
sonic species,insomniac
robert nickson,insomniac
manuel le saux,insomniac
future frequency,insomniac
dolf,insomniac
spock,insomniac
two owls,insomniac
pluko,insomniac
dr. rude,insomniac
just a gent,insomniac
josh butler,insomniac
haywyre,insomniac
golf clap,insomniac
four color zack,insomniac
daktyl,insomniac
champagne drip,insomniac
noise frenzy,insomniac
adin,insomniac
master of the people,insomniac
plvydvte,insomniac
teemid,insomniac
rupp,insomniac
buku,insomniac
moody good,insomniac
holly,insomniac
ganja white night,insomniac
conrank,insomniac
bodo,insomniac
nitti,insomniac
bkaye,insomniac
josh pan,insomniac
justin caruso,insomniac
xan griffin,insomniac
madds,insomniac
don parmesan,insomniac
semlr,insomniac
dack janiels,insomniac
rawtek,insomniac
sychosis,insomniac
tokyo machine,insomniac
conro,insomniac
grant,insomniac
orri,insomniac
kromagon,insomniac
emok,insomniac
spyros,insomniac
brian sentient,insomniac
samtabul,insomniac
swell,insomniac
smoke sign,insomniac
celestial,insomniac
flashgang,insomniac
thomas garcia,insomniac
afrodisiac,insomniac
taryn manning,insomniac
protoculture,insomniac
kiraz,insomniac
pilot,insomniac
dj franzen,insomniac
nick melons,insomniac
d33j,insomniac
florian picasso,insomniac
sub6,insomniac
pixel,insomniac
eyal yankovich,insomniac
justin mylo,insomniac
afk,insomniac
young nudy,insomniac
playboi carti,insomniac
lil uzi vert,insomniac
luca lush,insomniac
fatum,insomniac
steve powers,insomniac
senojnayr,insomniac
fortune,insomniac
great dane,insomniac
ryan forever,insomniac
cade,insomniac
mattn,insomniac
purple haze,insomniac
luis vargas,insomniac
dj khaled,insomniac
marbs,insomniac
alien mock,insomniac
dj fumi,insomniac
dj shota,insomniac
braize,insomniac
dj busta-row,insomniac
alamaki,insomniac
tyga,insomniac
dj bobby,insomniac
dj sone,insomniac
baby-t,insomniac
dj yaksa,insomniac
nebbra,insomniac
noir,insomniac
delaney jane,insomniac
kid nappa,insomniac
paz,insomniac
rockwell,insomniac
reid speed,insomniac
dj mad dog,insomniac
kai wachi,insomniac
rüfüs du sol,insomniac
metro boomin,insomniac
born dirty,insomniac
atica,insomniac
happi,insomniac
blazer,insomniac
anime,insomniac
solardo,insomniac
marco faraone,insomniac
kungs,insomniac
dena amy,insomniac
chet porter,insomniac
bix king,insomniac
zander (prime),insomniac
brohug,insomniac
young bombs,insomniac
chris bushnell,insomniac
valentine,insomniac
sumthin sumthin,insomniac
blvk sheep,insomniac
tascione,insomniac
atliens,insomniac
wolfe,insomniac
michl,insomniac
eden,insomniac
miike snow,insomniac
the nicholas,insomniac
devoted,insomniac
bliss,insomniac
outsiders,insomniac
that’s nice,insomniac
price and takis,insomniac
gil montiel,insomniac
bruno martini,insomniac
ak,insomniac
dj ruppy,insomniac
mansun,insomniac
tresvibes soundsystem,insomniac
moe,insomniac
shintaro,insomniac
dj l,insomniac
yamato,insomniac
tjo,insomniac
daiki,insomniac
wataru,insomniac
yasutaka nakata,insomniac
taku-hero,insomniac
sekitova,insomniac
midori aoyama,insomniac
licaxxx,insomniac
chace,insomniac
banvox,insomniac
a.mochi,insomniac
layton giordani,insomniac
nosaj thing,insomniac
hito,insomniac
freestylers,insomniac
krafty kuts,insomniac
jarin love,insomniac
dzeko,insomniac
michael sparks,insomniac
skellism,insomniac
irie,insomniac
maximus c,insomniac
hush,insomniac
wizard,insomniac
ray volpe,insomniac
dillon nathaniel,insomniac
dj e5quire,insomniac
mhuz,insomniac
oolacile,insomniac
ponicz,insomniac
krimer,insomniac
jonathan mendelsohn,insomniac
proko,insomniac
oski,insomniac
bajofuego,insomniac
bentz,insomniac
truth x lies,insomniac
sam feldt,insomniac
curt reynolds,insomniac
sj,insomniac
benson,insomniac
tisoki,insomniac
no requests,insomniac
zonderling,insomniac
lo’99,insomniac
wasted fates,insomniac
niiko x swae,insomniac
notaker,insomniac
weiss,insomniac
matthew anthony,insomniac
k?d,insomniac
latmun,insomniac
spencer brown,insomniac
droeloe,insomniac
ricky remedy,insomniac
space cat,insomniac
vertical mode,insomniac
max neyra,insomniac
lujavo,insomniac
kepler,insomniac
ang,insomniac
rommel,insomniac
freyre crisanto,insomniac
mr. pig,insomniac
ntcrckrs,insomniac
gmaxx,insomniac
josefono l telefono,insomniac
chris avantgarde,insomniac
toneshifterz,insomniac
noa,insomniac
mrotek,insomniac
miss k8,insomniac
markove,insomniac
jay cosmic,insomniac
imperium,insomniac
crime family,insomniac
bakermat,insomniac
liquid ace,insomniac
shades,insomniac
claptone,insomniac
afsheen,insomniac
soothslayer,insomniac
phiso,insomniac
aweminus,insomniac
dc breaks,insomniac
chris schweizer,insomniac
drumsound and bassline smith,insomniac
tantrum desire,insomniac
ruben de ronde,insomniac
jax jones,insomniac
waio,insomniac
wongo,insomniac
mike skinner,insomniac
bishu,insomniac
hana,insomniac
hundred waters,insomniac
ravitez,insomniac
freefall,insomniac
fat tony,insomniac
dj mel,insomniac
viciouz viv,insomniac
pham,insomniac
madhatter,insomniac
jurassic 5,insomniac
gamma,insomniac
falcons,insomniac
daniel allen,insomniac
left/right,insomniac
jvck savage,insomniac
trips ahoy,insomniac
morpei,insomniac
hunter vaughan,insomniac
hicks with sticks,insomniac
deuce parks,insomniac
closed caption,insomniac
cloudchord,insomniac
cache money,insomniac
buala,insomniac
akreacha,insomniac
bad royale,insomniac
steve james,insomniac
mahalo,insomniac
jace mek,insomniac
rich brian,insomniac
bijou,insomniac
michael christmas,insomniac
slushii,insomniac
graves,insomniac
carlyle,insomniac
wintertime,insomniac
pusher,insomniac
kristian nairn,insomniac
danny brown,insomniac
eddie bitar,insomniac
crywolf,insomniac
tim gunter,insomniac
flatbush zombies,insomniac
jerry folk,insomniac
sage armstrong,insomniac
pouya,insomniac
quix,insomniac
medasin,insomniac
paperwater,insomniac
kaiydo,insomniac
sikdope,insomniac
elohim,insomniac
justice skolnik,insomniac
phantogram,insomniac
louis the child,insomniac
bonobo,insomniac
big wild,insomniac
ekali,insomniac
andrew luce,insomniac
spencer hardwick,insomniac
rae sremmurd,insomniac
thomas datt,insomniac
alpha portal,insomniac
two friends,insomniac
calixto,insomniac
jay silva,insomniac
geru,insomniac
nsm psm,insomniac
disto,insomniac
mijo,insomniac
adriana lucia,insomniac
teruel,insomniac
pinto,insomniac
tini tun,insomniac
sakro,insomniac
sak noel,insomniac
royal highness,insomniac
niño árbol,insomniac
machino,insomniac
loojan,insomniac
ghetto kids,insomniac
el freaky,insomniac
dj raff,insomniac
bufi,insomniac
ali stone,insomniac
purity ring,insomniac
fausto bahia,insomniac
imaabs,insomniac
lao,insomniac
lechuga zafiro,insomniac
oly,insomniac
paul marmota,insomniac
tayhana,insomniac
uniiqu3,insomniac
zutzut,insomniac
billion dollars,insomniac
bacondo,insomniac
alex midi,insomniac
damian uzabiaga,insomniac
shugz,insomniac
two wayz,insomniac
betoko,insomniac
alan walker,insomniac
erick rincon,insomniac
paul woolford,insomniac
omaar,insomniac
mexican jihad,insomniac
mock the zuma,insomniac
g-buck,insomniac
phantoms,insomniac
dombresky,insomniac
shane 54,insomniac
dj hanzel,insomniac
matt ossentjuk,insomniac
maikol,insomniac
svgmaze,insomniac
blankface,insomniac
saint wknd,insomniac
1991,insomniac
snavs,insomniac
electric mantis,insomniac
hydraulix,insomniac
dion timmer,insomniac
bondax,insomniac
michael bricker,insomniac
fan fiction,insomniac
cry baby,insomniac
tygapaw,insomniac
j. worra,insomniac
dj flawless,insomniac
dj infinite,insomniac
dj simon,insomniac
dj ressie cups,insomniac
shawn wasabi,insomniac
aminé,insomniac
lestat,insomniac
ilovemakonnen,insomniac
miami horror,insomniac
rac,insomniac
theo kottis,insomniac
luttrell,insomniac
niko the kid,insomniac
shft,insomniac
sequ3l,insomniac
qwiver,insomniac
praveen achary,insomniac
oozeundat,insomniac
kohra,insomniac
hamza,insomniac
audio units,insomniac
klatch,insomniac
diskord,insomniac
magdalena,insomniac
karmon,insomniac
stimming,insomniac
kollektiv turmstrasse,insomniac
dj funk,insomniac
bob sinclar,insomniac
david manceor,insomniac
ducky,insomniac
madsonik,insomniac
t-pain,insomniac
jillionaire,insomniac
sharam,insomniac
minus militia,insomniac
jonas blue,insomniac
yultron,insomniac
zookëper,insomniac
ydg,insomniac
funkin matt,insomniac
au/d10/gramme,insomniac
starlab,insomniac
spinal fusion,insomniac
shake ‘n bass,insomniac
alex and sierra,insomniac
gavrielle,insomniac
haliene,insomniac
max graham,insomniac
zaeden,insomniac
sound avtar,insomniac
sickflip,insomniac
shaan,insomniac
sartek,insomniac
sandunes,insomniac
pearl,insomniac
nucleya,insomniac
lost stories,insomniac
dualist inquiry,insomniac
blot!,insomniac
b.r.e.e.d,insomniac
arjun vagale,insomniac
anish sood,insomniac
riton,insomniac
zhu,insomniac
snakehips,insomniac
kaytranada,insomniac
said the sky,insomniac
sam f,insomniac
alunageorge,insomniac
aazar,insomniac
christina leorosa,insomniac
dxxxy,insomniac
swage,insomniac
liquid fish,insomniac
j. splat,insomniac
mr. bubble,insomniac
jesse brooks,insomniac
vlind,insomniac
cesar lugo,insomniac
assembly,insomniac
zack hill,insomniac
ivy lab,insomniac
dead space,insomniac
dense and pika,insomniac
sayer,insomniac
eastghost,insomniac
paint,insomniac
nathan barato,insomniac
the drifter,insomniac
blackgummy,insomniac
riot,insomniac
nukid,insomniac
nvoy,insomniac
trampa,insomniac
disciples,insomniac
rødhåd,insomniac
four tet,insomniac
eagles and butterflies,insomniac
rochelle,insomniac
lil debbie,insomniac
san holo,insomniac
rabbit in the moon,insomniac
edgar v,insomniac
camelphat,insomniac
big makk,insomniac
tony junior,insomniac
porky,insomniac
odesza,insomniac
taurus scott,insomniac
cvnt5,insomniac
tough love,insomniac
meaux green,insomniac
wingtip,insomniac
starro,insomniac
hype turner,insomniac
clips x ahoy,insomniac
bonnie x clyde,insomniac
oscar l,insomniac
ramiro lopez,insomniac
adam scott,insomniac
m.i.k.e. push,insomniac
howmanyollies,insomniac
barakuda,insomniac
binary finary,insomniac
richard durand,insomniac
talla 2xlc,insomniac
the thrillseekers,insomniac
triceradrops,insomniac
saint,insomniac
berg,insomniac
magnus,insomniac
major7,insomniac
perfect stranger,insomniac
animato,insomniac
ritmo,insomniac
captain hook,insomniac
ucast,insomniac
stadium4,insomniac
liquid soul,insomniac
avalon,insomniac
arthur galestian,insomniac
cray,insomniac
phaseone,insomniac
jaykode,insomniac
2shy,insomniac
sheni doko,insomniac
mike cervello,insomniac
cesqeaux,insomniac
astronaut,insomniac
barely alive,insomniac
eric sharp,insomniac
clean bandit,insomniac
um..,insomniac
gai barone,insomniac
bjorn akesson,insomniac
wavedash,insomniac
prismo,insomniac
gent and jawns,insomniac
nifra,insomniac
bump djs,insomniac
foor,insomniac
baynk,insomniac
steve void,insomniac
cheat codes,insomniac
rnsom,insomniac
stranger,insomniac
spor,insomniac
humans,insomniac
gentlemens club,insomniac
cln,insomniac
atmozfears,insomniac
the noisy freaks,insomniac
illenium,insomniac
henrik schwarz,insomniac
gab rhome,insomniac
dimond saints,insomniac
cristoph,insomniac
dabin,insomniac
simian mobile disco,insomniac
attlas,insomniac
apashe,insomniac
angelz,insomniac
paul thomas,insomniac
1080p1,insomniac
point point,insomniac
dj s.k.t,insomniac
cocodisco,insomniac
audion,insomniac
johnny jams,insomniac
the m machine,insomniac
alex ayers,insomniac
fritz carlton,insomniac
boots n pants,insomniac
red shadow,insomniac
sbcr,insomniac
nick sember,insomniac
cazes,insomniac
mscls,insomniac
missy b,insomniac
arod,insomniac
hotfire,insomniac
ghostea,insomniac
chris jay,insomniac
la patilla,insomniac
blacklab,insomniac
kyle walker,insomniac
christofi,insomniac
riot ten,insomniac
drone,insomniac
scooba,insomniac
alex di stefano,insomniac
ntxc,insomniac
zeke beats,insomniac
ruthless,insomniac
midnight tyrannosaurus,insomniac
chadwick,insomniac
suspect 44,insomniac
machete,insomniac
londonbridge,insomniac
joyryde,insomniac
filthy gorgeous,insomniac
etnik,insomniac
reorder,insomniac
darren porter,insomniac
dan stone,insomniac
half empty,insomniac
juyen sebulba,insomniac
smksgnls,insomniac
tsuruda,insomniac
eprom,insomniac
joker,insomniac
transcendent,insomniac
template,insomniac
thee-o,insomniac
steve loria,insomniac
ron d core,insomniac
robin s,insomniac
rob gee,insomniac
lenny dee,insomniac
juan atkins,insomniac
john kelley,insomniac
frankie bones,insomniac
des mcmahon,insomniac
derrick may,insomniac
dela moontribe,insomniac
brian seed,insomniac
brad moontribe,insomniac
soloman,insomniac
coffi,insomniac
50 carrot,insomniac
dj eztioko,insomniac
romas,insomniac
mile gomez,insomniac
kristen morales,insomniac
miss jennifer,insomniac
grvddi,insomniac
jaks,insomniac
shneur and teo,insomniac
dj judaa,insomniac
nick rouner,insomniac
inverness,insomniac
heavy mellow,insomniac
kids want techno,insomniac
airwav,insomniac
beshken,insomniac
white cliffs,insomniac
sober rob,insomniac
geotheory,insomniac
stélouse,insomniac
fairchild,insomniac
nina kraviz,insomniac
frankie shakes,insomniac
cut snake,insomniac
patrick m,insomniac
stööki sound,insomniac
sacha robotti,insomniac
rell the soundbender,insomniac
kdrew,insomniac
jstjr,insomniac
mind vortex,insomniac
frankee,insomniac
bot,insomniac
tigerlily,insomniac
elephante,insomniac
kevin anderson,insomniac
rybo,insomniac
lee reynolds,insomniac
taiki nulight,insomniac
pilo,insomniac
mike williams,insomniac
maximono,insomniac
lione,insomniac
julia govor,insomniac
hermitude,insomniac
gunz for hire,insomniac
dimension,insomniac
danny howard,insomniac
bad company uk,insomniac
anevo,insomniac
adaro,insomniac
rezz,insomniac
salvatore ganacci,insomniac
nick ledesma,insomniac
sidney charles,insomniac
gitchii,insomniac
reid stefan,insomniac
max styler,insomniac
david gravell,insomniac
coming soon!!!,insomniac
jerome isma-ae,insomniac
teddy killerz,insomniac
pantyraid,insomniac
thomas jack,insomniac
matroda,insomniac
devault,insomniac
unlike pluto,insomniac
jack eye jones,insomniac
zander,insomniac
cammakid,insomniac
dj coolwhip,insomniac
shagge,insomniac
pw jones,insomniac
real deal montiel,insomniac
neon black,insomniac
johnny darko,insomniac
moni,insomniac
roy wilkins,insomniac
vincent,insomniac
james dymond,insomniac
bleep bloop,insomniac
mightyfools,insomniac
jphelpz,insomniac
p0gman,insomniac
biggs,insomniac
rico and miella,insomniac
solid stone,insomniac
hoodboi,insomniac
santé,insomniac
malaa,insomniac
coyote kisses,insomniac
kevin saunderson,insomniac
future feelings,insomniac
fleurs du mal,insomniac
juan soto,insomniac
niko zografos,insomniac
tripps,insomniac
natural flow,insomniac
nsdo,insomniac
heyder,insomniac
morten,insomniac
technasia,insomniac
mind against,insomniac
mike saint-jules,insomniac
galatzia and geru,insomniac
miss mara,insomniac
pato watson,insomniac
momis alanis,insomniac
mariana bo,insomniac
jessica audiffred,insomniac
dinocore,insomniac
bash and zander,insomniac
artelax,insomniac
krust,insomniac
generik,insomniac
julian jeweil,insomniac
throttle,insomniac
liquid todd,insomniac
hannah wants,insomniac
glow team,insomniac
matoma,insomniac
andy moor,insomniac
99 souls,insomniac
cirez d,insomniac
roni size,insomniac
bobby nourmand,insomniac
the aston shuffle,insomniac
sébastien léger,insomniac
dubvision,insomniac
breaux,insomniac
young thug,insomniac
mike attack,insomniac
lisa pittman,insomniac
paul ahi,insomniac
armand van helden,insomniac
patrick topping,insomniac
notorious two,insomniac
digital punk,insomniac
code black,insomniac
bioweapon,insomniac
jorn van deynhoven,insomniac
spag heddy,insomniac
kink,insomniac
jackmaster,insomniac
oneman,insomniac
waze and odyssey,insomniac
sonny fodera,insomniac
gryffin,insomniac
troyboi,insomniac
marshmello,insomniac
lumberjvck,insomniac
mefjus,insomniac
bee’s knees,insomniac
adriatique,insomniac
jack novak,insomniac
khomha,insomniac
divine minds in time,insomniac
redlight,insomniac
el dusty,insomniac
kayoh,insomniac
fransis derelle,insomniac
matt dimona,insomniac
ravell,insomniac
cassian,insomniac
arius,insomniac
nitemoves,insomniac
autograf,insomniac
tycho,insomniac
mark sherry,insomniac
yall,insomniac
moksi,insomniac
louie fresco,insomniac
miguel puente,insomniac
harvey mckay,insomniac
vvolves,insomniac
zombies in miami,insomniac
toy selectah,insomniac
the wookies,insomniac
seconds,insomniac
noizekid,insomniac
risky business,insomniac
muan,insomniac
metrika,insomniac
mau moctezuma,insomniac
hector,insomniac
happy colors,insomniac
broz rdz,insomniac
andre vii,insomniac
fbrz,insomniac
coyu,insomniac
krane,insomniac
ahmed,insomniac
lost frequencies,insomniac
kikeone,insomniac
john askew,insomniac
fono,insomniac
bear grillz,insomniac
loczi,insomniac
jon charnis,insomniac
yotto,insomniac
will clarke,insomniac
sheen boogie,insomniac
panic city,insomniac
baby eazy-e,insomniac
kurupt,insomniac
clyde p,insomniac
sirus hood,insomniac
hi-lo,insomniac
rustie,insomniac
mob tactics,insomniac
megalodon,insomniac
insideinfo,insomniac
cyantific,insomniac
ghstcmplx,insomniac
jay lumen,insomniac
luigi madonna,insomniac
jose estrada,insomniac
wldct,insomniac
heat maxwell,insomniac
supreme,insomniac
juicy m,insomniac
hunter siegel,insomniac
astley,insomniac
vini vici,insomniac
antonio giacca,insomniac
duvoh,insomniac
rickyxsan,insomniac
neptune project,insomniac
john 00 fleming,insomniac
christopher lawrence,insomniac
calinovas,insomniac
kittens,insomniac
zombie killaz,insomniac
gabriel habit,insomniac
ie-z,insomniac
zoofunktion,insomniac
cid,insomniac
rain man,insomniac
mekanikal,insomniac
radical redemption,insomniac
wolfie,insomniac
boombox cartel,insomniac
ronski speed,insomniac
dirtcaps,insomniac
ryan lofty,insomniac
eddie portillo,insomniac
adriano pagani,insomniac
trappa,insomniac
stanton warriors,insomniac
lindsay rose,insomniac
atellagali,insomniac
mustard,insomniac
rotty,insomniac
david solano,insomniac
eric j.,insomniac
marc houle,insomniac
kshmr,insomniac
felguk,insomniac
alok,insomniac
kap slap,insomniac
team ezy,insomniac
brennen grey,insomniac
alx,insomniac
carlos mendoza,insomniac
victor ruiz av any mello,insomniac
dj king,insomniac
ban schiavon,insomniac
nonfiction,insomniac
josh billings,insomniac
l.o.o.p,insomniac
heiken,insomniac
goldfish,insomniac
dj cinara,insomniac
bernardo ziembik,insomniac
ricardo lin,insomniac
repow,insomniac
vintage culture,insomniac
sugar crush,insomniac
pistlro,insomniac
omulu,insomniac
nedu lopes,insomniac
groove delight,insomniac
mats,insomniac
marginal men,insomniac
marcelo cic,insomniac
jam thieves,insomniac
renato ratier,insomniac
dirty noise,insomniac
chemical surf,insomniac
btk,insomniac
anna,insomniac
alex justino,insomniac
klingande,insomniac
giraffage,insomniac
felix jaehn,insomniac
cashmere cat,insomniac
octave one,insomniac
black tiger sex machine,insomniac
aryay,insomniac
victor niglio,insomniac
danni r,insomniac
anmlstyle,insomniac
loud luxury,insomniac
zav,insomniac
veniice,insomniac
no mana,insomniac
damaged goods,insomniac
cocodrills,insomniac
awt,insomniac
sevryn,insomniac
jacklndn,insomniac
chicane,insomniac
judge jules,insomniac
the partysquad,insomniac
dave seaman,insomniac
matthew koma,insomniac
rhettmatic,insomniac
melo-d,insomniac
d-styles,insomniac
babu,insomniac
landis lapace,insomniac
christian ten,insomniac
go freek,insomniac
shaun frank,insomniac
willy joy,insomniac
shiba san,insomniac
far east movement,insomniac
alastor,insomniac
solstis,insomniac
geovybe,insomniac
moon frog,insomniac
night movers,insomniac
super youandme,insomniac
sunny lax,insomniac
simon o’shine,insomniac
allen and envy,insomniac
adam ellis,insomniac
ace ventura,insomniac
shelco garcia and teenwolf,insomniac
human resources,insomniac
kayliox,insomniac
billon,insomniac
satin jackets,insomniac
ferry tayle,insomniac
ruby rose,insomniac
genix,insomniac
christian smith,insomniac
delora,insomniac
miss kittin,insomniac
my nu leng,insomniac
noize suppressor,insomniac
compact 33,insomniac
b-sides,insomniac
armnhmr,insomniac
madeaux,insomniac
yogi,insomniac
thieves,insomniac
deafmind,insomniac
consouls,insomniac
choppa dunks,insomniac
div/ide,insomniac
agent orange,insomniac
arterial,insomniac
oscar da grouch,insomniac
mojo,insomniac
kenny glasgow,insomniac
thee mike b,insomniac
michael calfan,insomniac
ghastly,insomniac
deep jesus,insomniac
mikey lion,insomniac
sasha carassi,insomniac
super square,insomniac
ftampa,insomniac
slumdogg trillionaire,insomniac
cstnza,insomniac
kill the buzz,insomniac
human life,insomniac
out of hand,insomniac
light year,insomniac
jessie andrews,insomniac
nora en pure,insomniac
nom de strip,insomniac
kryder,insomniac
prok and fitch,insomniac
juliet fox,insomniac
harry romero,insomniac
graff,insomniac
barrels,insomniac
eelke kleijn,insomniac
dosem,insomniac
miss nine,insomniac
turner and heit,insomniac
mr. brown,insomniac
miics,insomniac
kraftwerk,insomniac
flava d,insomniac
twonk team,insomniac
fester,insomniac
dj trance,insomniac
dj stephanie,insomniac
tâches,insomniac
reset robot,insomniac
r.a.w.,insomniac
gammer,insomniac
bart skils,insomniac
nightstalker,insomniac
toltec,insomniac
torro torro,insomniac
love and logic,insomniac
kimkat,insomniac
shahar,insomniac
paul raffaele,insomniac
bosco and brando,insomniac
gazzo,insomniac
kiss the sky,insomniac
monoverse,insomniac
ciszak,insomniac
matt altman,insomniac
royl,insomniac
vicetone,insomniac
french montana,insomniac
ardalan,insomniac
gramatik,insomniac
javi row,insomniac
speaker of the house,insomniac
popeska,insomniac
nghtmre,insomniac
dimitri from paris,insomniac
breathe carolina,insomniac
darius,insomniac
blaise james,insomniac
jordan corey,insomniac
jackal,insomniac
aaron jackson,insomniac
prince fox,insomniac
them jeans,insomniac
crnkn,insomniac
snbrn,insomniac
chris lorenzo,insomniac
shift k3y,insomniac
daft punk,insomniac
dj ez,insomniac
mitis,insomniac
black sun empire,insomniac
pulsatorz,insomniac
kry wolf,insomniac
enei,insomniac
foreign concept,insomniac
low steppa,insomniac
gaia (nl),insomniac
dom dolla,insomniac
wave racer,insomniac
petey clicks,insomniac
neelix,insomniac
monika kruse,insomniac
kasra,insomniac
hotel garuda,insomniac
freedom fighters,insomniac
flume,insomniac
habstrakt,insomniac
disclosure,insomniac
gerard not gerald,insomniac
awe,insomniac
pan-pot,insomniac
deadmau5,insomniac
ellen allien,insomniac
cubicolor,insomniac
sylence,insomniac
psyko punkz,insomniac
wasted penguinz,insomniac
joey badass,insomniac
big sean,insomniac
vanilla ace,insomniac
sharam jey,insomniac
tnt,insomniac
4b,insomniac
paul ritch,insomniac
joel mull,insomniac
sam paganini,insomniac
alan fitzpatrick,insomniac
ida engberg,insomniac
riggi and piros,insomniac
jai wolf,insomniac
alison wonderland,insomniac
lido,insomniac
griz,insomniac
dj marky,insomniac
g jones,insomniac
phace,insomniac
hucci,insomniac
kiesza,insomniac
kronology,insomniac
olivier giacomotto,insomniac
yvonne black,insomniac
galantis,insomniac
andres fresko,insomniac
yg,insomniac
sneijder,insomniac
orkidea,insomniac
louisahhh,insomniac
goldlink,insomniac
dip vertigo,insomniac
joris voorn,insomniac
jauz,insomniac
alex arnout,insomniac
uz,insomniac
lee k,insomniac
brisco,insomniac
ricoshëi,insomniac
leiel,insomniac
dj construct,insomniac
sebjak,insomniac
stwo,insomniac
lunice,insomniac
sleepy tom,insomniac
wiwek,insomniac
brazzabelle,insomniac
get real,insomniac
ten walls,insomniac
nicolas matar,insomniac
leikeli47,insomniac
dirty audio,insomniac
catz ‘n dogz,insomniac
standerwick,insomniac
giuseppe ottaviani,insomniac
marc crenshaw,insomniac
âme,insomniac
dixon,insomniac
audiotricz,insomniac
kim ann foxman,insomniac
gryn,insomniac
grensta,insomniac
kleinfinger,insomniac
rebolledo,insomniac
jonas rathsman,insomniac
thee cool cats,insomniac
george acosta,insomniac
riva starr,insomniac
sgt slick,insomniac
richard vission,insomniac
nathan scott,insomniac
ace,insomniac
ruckus,insomniac
the string cheese incident,insomniac
dubloadz,insomniac
ron reeser,insomniac
zaa,insomniac
peking duk,insomniac
verse,insomniac
will atkinson,insomniac
philip george,insomniac
linguistics,insomniac
ilan bluestone,insomniac
mc wrec,insomniac
harmonik elektronik (hkek),insomniac
negro salcedo,insomniac
wallace and frank,insomniac
nu:tone,insomniac
beckwith,insomniac
lancelot,insomniac
james grant,insomniac
dotcom,insomniac
mde,insomniac
z-trip,insomniac
poolside,insomniac
orchard lounge,insomniac
dj jazzy jeff,insomniac
graham funke,insomniac
beat junkies,insomniac
steven wright,insomniac
waff,insomniac
visionquest,insomniac
richy ahmed,insomniac
pure nrg,insomniac
miguel campbell,insomniac
kevin wild,insomniac
oliver dollar,insomniac
nic fanciulli,insomniac
motez,insomniac
jay hardway,insomniac
vinai,insomniac
wuki,insomniac
k-oba,insomniac
dj paul kom,insomniac
truth,insomniac
fox stevenson,insomniac
jonnie king,insomniac
chillin killin,insomniac
yon teejda,insomniac
lvst,insomniac
loriana,insomniac
lohi stereo,insomniac
havok,insomniac
emiliano martini,insomniac
custom soldierz,insomniac
matthew dear,insomniac
anabel englund,insomniac
laxx,insomniac
lookas,insomniac
getter,insomniac
tyler rouse,insomniac
alex alecio,insomniac
wearetreo,insomniac
paris blohm,insomniac
ben nicky,insomniac
mark sixma,insomniac
intraphonic,insomniac
lassi,insomniac
casey rasch,insomniac
jason ross,insomniac
jody wisternoff,insomniac
lane 8,insomniac
lost kings,insomniac
lange,insomniac
omnia,insomniac
anthony attalla,insomniac
slaptop,insomniac
charity strike,insomniac
vindata,insomniac
matt egbert,insomniac
tc,insomniac
snails,insomniac
solomun,insomniac
herobust,insomniac
rico rox,insomniac
rickber serrano,insomniac
mcd and castaneda,insomniac
mastachi,insomniac
joe parra,insomniac
gio rugerio,insomniac
frank huber,insomniac
fede mina,insomniac
diego samar,insomniac
carlos belatti,insomniac
secondcity,insomniac
new world sound,insomniac
junkie kid,insomniac
jayceeoh,insomniac
jack ü,insomniac
friend within,insomniac
climbers,insomniac
balcazar and sordo,insomniac
annie mac,insomniac
solar cage,insomniac
nava and bo,insomniac
lemarroy,insomniac
cesar carrillo,insomniac
bsno,insomniac
minnesota,insomniac
kane michael,insomniac
trollphace,insomniac
eptic,insomniac
messinian,insomniac
carlo lio,insomniac
johnny rayburn,insomniac
caliparis,insomniac
da tweekaz,insomniac
chevy chase,insomniac
goshfather and jinco,insomniac
luke bond,insomniac
roxanne emery,insomniac
bo bruce,insomniac
britton,insomniac
jia,insomniac
robin schulz,insomniac
lenno,insomniac
matisse and sadko,insomniac
freddy be,insomniac
definitive,insomniac
heatbeat,insomniac
corey sizemore,insomniac
neoteric,insomniac
wood holly,insomniac
noface,insomniac
sinden,insomniac
kc jones,insomniac
whyel,insomniac
feenixpawl,insomniac
kill paris,insomniac
jimmy stuart,insomniac
louis vivet,insomniac
ysais,insomniac
219 boys,insomniac
kaizen,insomniac
2tonedisco,insomniac
icona pop,insomniac
chus and ceballos,insomniac
jenaux,insomniac
justin james,insomniac
mija,insomniac
totally enormous extinct dinosaurs,insomniac
brady spear,insomniac
brandon elliot,insomniac
varun,insomniac
patrik khach,insomniac
marcus schossow,insomniac
steve lawler,insomniac
grandtheft,insomniac
seth krafft,insomniac
wonsik,insomniac
kotch,insomniac
john beaver,insomniac
ram,insomniac
hunter/game,insomniac
alesia,insomniac
nadia ali,insomniac
oliver smith,insomniac
maor levi,insomniac
dean mason,insomniac
caked up,insomniac
stoneface and terminal,insomniac
spl,insomniac
andr3x,insomniac
friction,insomniac
richy,insomniac
glitch matrix,insomniac
johnny yono,insomniac
eva shaw,insomniac
tujamo,insomniac
tropkillaz,insomniac
the magician,insomniac
the chainsmokers,insomniac
the bloody beetroots,insomniac
schoolboy q,insomniac
brklyn,insomniac
recondite,insomniac
matador,insomniac
keys n krates,insomniac
cassio,insomniac
route 94,insomniac
must die!,insomniac
saad ayub,insomniac
james zabiela,insomniac
hot since 82,insomniac
gaiser,insomniac
duke dumont,insomniac
bob moses,insomniac
apollonia,insomniac
amine edge and dance,insomniac
nocturne,insomniac
breakcliche,insomniac
dallas mafia,insomniac
herbology,insomniac
illustrated,insomniac
tensnake,insomniac
arnej,insomniac
perseus,insomniac
henry krinkle,insomniac
makj,insomniac
collin mcloughlin,insomniac
d.o.d,insomniac
spartapalooza,insomniac
doc martin,insomniac
tristan d,insomniac
dzeko and torres,insomniac
andhim,insomniac
fawks,insomniac
chrome sparks,insomniac
gigamesh,insomniac
hazen,insomniac
mayhem,insomniac
pendulum,insomniac
twrk,insomniac
brenmar,insomniac
late night alumni,insomniac
rebourne,insomniac
daun giventi,insomniac
foreverkid,insomniac
kong speaks,insomniac
bynon,insomniac
dj tennis,insomniac
acid pauli,insomniac
breach,insomniac
kidnap,insomniac
twoloud,insomniac
dj sliink,insomniac
lenny v,insomniac
high contrast,insomniac
mark farina,insomniac
donald glaude,insomniac
dj heather,insomniac
charles feelgood,insomniac
timmy trumpet,insomniac
joel fletcher,insomniac
shmitty,insomniac
moon boots,insomniac
maxim,insomniac
green lantern,insomniac
fred v and grafix,insomniac
etherwood,insomniac
bare,insomniac
zya,insomniac
kristina antuna,insomniac
eric lumiere,insomniac
alex m.o.r.p.h.,insomniac
slander,insomniac
arctic moon,insomniac
jes,insomniac
kicks n licks,insomniac
marlo,insomniac
photographer,insomniac
sound remedy,insomniac
sick individuals,insomniac
cole plante,insomniac
henrix,insomniac
antiserum,insomniac
overwerk,insomniac
solarstone,insomniac
lil jon,insomniac
andybody,insomniac
la riots,insomniac
grum,insomniac
project 46,insomniac
dknow (mc dino),insomniac
arno cost,insomniac
vice versa,insomniac
phuse,insomniac
planet rock,insomniac
crespo,insomniac
landis,insomniac
dimibo,insomniac
el and funk,insomniac
zima,insomniac
convex,insomniac
vena cava,insomniac
wolfsnarling,insomniac
flightrisk,insomniac
evil twin,insomniac
ari kyle,insomniac
andré saint-albin,insomniac
modus,insomniac
ave and efx,insomniac
kactuz,insomniac
amtrac,insomniac
the interns,insomniac
disco fries,insomniac
saeed younan,insomniac
christina novelli,insomniac
erik hagleton,insomniac
chris garcia,insomniac
helena legend,insomniac
the crystal method,insomniac
borgeous,insomniac
lee wells,insomniac
botnek,insomniac
darrigo,insomniac
jordan v,insomniac
la’reda,insomniac
mister blaqk,insomniac
david delano,insomniac
j.phlip,insomniac
yordan and dead space,insomniac
oof,insomniac
drums on acid,insomniac
chaser,insomniac
blaus,insomniac
vice,insomniac
ashley wallbridge,insomniac
big gigantic,insomniac
kygo,insomniac
don diablo,insomniac
steve castro,insomniac
ec twins,insomniac
lema,insomniac
skrillex,insomniac
milo and otis,insomniac
durante,insomniac
ape drums,insomniac
baumer,insomniac
axwell λ ingrosso,insomniac
erizo,insomniac
mystical influence,insomniac
sniper,insomniac
fury,insomniac
dblcrssd,insomniac
mr. carmack,insomniac
destroid,insomniac
benny benassi,insomniac
sluggers,insomniac
pegboard nerds,insomniac
angerfist,insomniac
astral projection,insomniac
astrix,insomniac
audio,insomniac
audiofreq,insomniac
becky hill,insomniac
chocolate puma,insomniac
chromeo,insomniac
deorro,insomniac
diplo,insomniac
dj dan,insomniac
djemba djemba,insomniac
ed rush,insomniac
eric volta,insomniac
fehrplay,insomniac
george fitzgerald,insomniac
hardwell,insomniac
henrik b,insomniac
henry fong,insomniac
i am legion,insomniac
jeremy olander,insomniac
jimmy edgar,insomniac
jordan suckley,insomniac
julio bashmore,insomniac
kennedy jones,insomniac
kove,insomniac
le youth,insomniac
lny tnz,insomniac
loudpvck,insomniac
luciano,insomniac
moti,insomniac
mr. oizo,insomniac
oliver heldens,insomniac
ookay,insomniac
optical,insomniac
party favor,insomniac
paul oakenfold,insomniac
paul van dyk,insomniac
plastic plates,insomniac
protohype,insomniac
syn cole,insomniac
tatanka,insomniac
tchami,insomniac
the glitch mob,insomniac
trippy turtle,insomniac
two fresh,insomniac
adrenalize,insomniac
dj spider,insomniac
orjan nilsen,insomniac
cash cash,insomniac
yellow claw,insomniac
ummet ozcan,insomniac
mk,insomniac
dj eddie alvarez,insomniac
andrew rayel,insomniac
mercer,insomniac
just be (bushwacka!),insomniac
blasterjaxx,insomniac
alvaro,insomniac
dani shuk,insomniac
jcl,insomniac
tuffkds!,insomniac
skream,insomniac
rudimental,insomniac
martin garrix,insomniac
mano le tough,insomniac
kastle,insomniac
good times ahead,insomniac
gesaffelstein,insomniac
dusky,insomniac
danny daze,insomniac
brodinski,insomniac
breeazy,insomniac
will sparks,insomniac
what so not,insomniac
tjr,insomniac
sian,insomniac
pig and dan,insomniac
michael brun,insomniac
joseph capriati,insomniac
gorgon city,insomniac
dj snake,insomniac
cory enemy,insomniac
branchez,insomniac
sam koen,insomniac
moose and bear,insomniac
dj gooz,insomniac
jorge nava,insomniac
marco almanza,insomniac
tom and collins,insomniac
rossell,insomniac
corporate slackrs,insomniac
fishfood,insomniac
sugarbeats,insomniac
emmy j,insomniac
subconxious,insomniac
sean drake,insomniac
candyland,insomniac
valentino khan,insomniac
3lau,insomniac
moska,insomniac
salva,insomniac
new world punx,insomniac
emma hewitt,insomniac
prolix,insomniac
eats everything,insomniac
baggi,insomniac
high frequencies,insomniac
snr,insomniac
fista cuffs,insomniac
t-mass,insomniac
twofold,insomniac
m.a.d.e. and basscase,insomniac
dr. fresch,insomniac
lauro martins,insomniac
firebeatz,insomniac
the martinez brothers,insomniac
maztek,insomniac
hxv,insomniac
gosteffects,insomniac
dvbbs,insomniac
cajmere,insomniac
jon delgado,insomniac
caleb calloway,insomniac
xtasys,insomniac
gulembo,insomniac
gera miranda,insomniac
digital lab,insomniac
congorock,insomniac
stu-con,insomniac
vincent rayne,insomniac
toer,insomniac
sirensceol,insomniac
saymyname,insomniac
rhythmics,insomniac
next order,insomniac
mako,insomniac
krzysztof chochlow,insomniac
funk effect,insomniac
free drinkz,insomniac
dj denise,insomniac
city 17,insomniac
castor troy,insomniac
cappa regime,insomniac
anddrop!,insomniac
bunny,insomniac
jason bentley,insomniac
sweet and low,insomniac
january black,insomniac
nick g,insomniac
orville kline,insomniac
brett rubin,insomniac
wax motif,insomniac
craig williams,insomniac
idris elba,insomniac
ck,insomniac
pasquale rotella,insomniac
inphinity,insomniac
charles meyer,insomniac
ommi,insomniac
emerge,insomniac
animale,insomniac
lyonhart,insomniac
just blaze,insomniac
yoji biomehanika,insomniac
tuneboy,insomniac
darren styles,insomniac
crisis era,insomniac
alex kidd,insomniac
a-lusion,insomniac
dyro,insomniac
araabmuzik,insomniac
yousef,insomniac
sasha,insomniac
claude vonstroke,insomniac
boys noize,insomniac
dog blood,insomniac
pete tong,insomniac
indecent noise,insomniac
bryan kearney,insomniac
booka shade,insomniac
oliver,insomniac
flosstradamus,insomniac
dillon francis,insomniac
a-trak,insomniac
baauer,insomniac
alvin risk,insomniac
alex metric,insomniac
vecs,insomniac
monkey freakz,insomniac
static and bass,insomniac
festiva,insomniac
cy kosis,insomniac
the robot dentist,insomniac
chomstars,insomniac
femmebot,insomniac
mark keyo,insomniac
magnosis,insomniac
voodoo tribe,insomniac
odmark,insomniac
wolfgang gartner,insomniac
etc!etc!,insomniac
carnage,insomniac
seven lions,insomniac
tony arzadon,insomniac
freddy todd,insomniac
armanni reign,insomniac
davi,insomniac
tom staar,insomniac
ben gold,insomniac
stamina mc,insomniac
caspa,insomniac
crookers,insomniac
keith mackenzie,insomniac
fallen,insomniac
soul clap,insomniac
destructo,insomniac
swanky tunes,insomniac
audien,insomniac
dani deahl,insomniac
tiga,insomniac
anna lunoe,insomniac
scot project,insomniac
kutski,insomniac
eric prydz,insomniac
libk,insomniac
khemehk,insomniac
gutter brothers,insomniac
deformaty,insomniac
skism,insomniac
alex young,insomniac
metrik,insomniac
mz worthy,insomniac
wolf + lamb,insomniac
tittsworth,insomniac
thugfucker,insomniac
dj three,insomniac
the upbeats,insomniac
terravita,insomniac
tale of us,insomniac
rene lavice,insomniac
popof,insomniac
nick monaco,insomniac
nadastrom,insomniac
michael mayer,insomniac
luminox,insomniac
l-vis 1990,insomniac
kill frenzy,insomniac
huxley,insomniac
dj fresh,insomniac
christian martin,insomniac
bro safari,insomniac
brillz,insomniac
blond:ish,insomniac
bad boy bill,insomniac
blake jarrell,insomniac
dynamite mc,insomniac
julian jordan,insomniac
subb-an,insomniac
state of mind,insomniac
maya jane coles,insomniac
matrix and futurebound,insomniac
maceo plex,insomniac
doc brown,insomniac
rob n,insomniac
francesca lombardo,insomniac
psognar,insomniac
the esseph,insomniac
fiasko daniels,insomniac
milian,insomniac
paris burns,insomniac
shapes of light,insomniac
drezo,insomniac
falcon,insomniac
m35,insomniac
tommie sunshine,insomniac
adam share,insomniac
blur the technicolor,insomniac
kayzo,insomniac
gydyr,insomniac
cook,insomniac
t-wrecks,insomniac
alex sibley,insomniac
felicity,insomniac
carl craig,insomniac
ak1200,insomniac
nerd rage,insomniac
pierce fulton,insomniac
noel sanger,insomniac
hook n sling,insomniac
dj icey,insomniac
infected mushroom,insomniac
audrey napoleon,insomniac
rebecca and fiona,insomniac
liquid stranger,insomniac
hobo,insomniac
fake blood,insomniac
doorly,insomniac
burns,insomniac
yobill,insomniac
vibeshock,insomniac
the beat kidz,insomniac
steve prior,insomniac
slogun and ioh,insomniac
donnie brooks,insomniac
rykr,insomniac
novaspace,insomniac
mstrex,insomniac
mr. brooks,insomniac
monstergetdown,insomniac
kundo,insomniac
indo,insomniac
tory tee,insomniac
clinton vansciver,insomniac
alpine,insomniac
k theory,insomniac
dyloot,insomniac
justin martin,insomniac
tokimonsta,insomniac
rl grime,insomniac
clockwork,insomniac
wolves can riot,insomniac
propane,insomniac
lauren lane,insomniac
king arthur,insomniac
dano,insomniac
dallask,insomniac
bare noize,insomniac
justin jay,insomniac
astronomar,insomniac
danny avila,insomniac
16bl,insomniac
tydi,insomniac
the prototypes,insomniac
planet of the drums,insomniac
orbital,insomniac
neon indian,insomniac
myon and shane 54,insomniac
john dahlbäck,insomniac
jamie jones,insomniac
gui boratto,insomniac
flinch,insomniac
ko:yu,insomniac
darin epsilon,insomniac
damian lazarus,insomniac
culture shock,insomniac
cosmic gate,insomniac
boom jinx,insomniac
axwell,insomniac
andy c,insomniac
brainchild,insomniac
tatiana,insomniac
arboles pintados,insomniac
no body,insomniac
von don,insomniac
david hiller,insomniac
singularity,insomniac
josh evans,insomniac
the pitcher,insomniac
mitchell claxton,insomniac
gladiator,insomniac
paris and simo,insomniac
joman,insomniac
rj van xetten,insomniac
fabian campos,insomniac
posso,insomniac
james egbert,insomniac
virtu,insomniac
dskotek,insomniac
shae b,insomniac
prince club,insomniac
matt black,insomniac
bones,insomniac
bixel boys,insomniac
super8 and tab,insomniac
sandro silva,insomniac
rusko,insomniac
major lazer,insomniac
cookie monsta,insomniac
bingo players,insomniac
andrew bayer,insomniac
zatox,insomniac
wildstylez,insomniac
dj the prophet,insomniac
ran-d,insomniac
noisecontrollers,insomniac
max enforcer,insomniac
frontliner,insomniac
evil activities,insomniac
caffeine,insomniac
dannic,insomniac
guy gerber,insomniac
gina turner,insomniac
cazzette,insomniac
madeon,insomniac
sied van riel,insomniac
shy fx,insomniac
shermanology,insomniac
seth troxler,insomniac
robbie rivera,insomniac
oscar g,insomniac
lee foss,insomniac
krewella,insomniac
goldie,insomniac
fatboy slim,insomniac
dieselboy,insomniac
craze,insomniac
chriss vargas,insomniac
cassy,insomniac
art department,insomniac
ac slater,insomniac
tommy trash,insomniac
feed me,insomniac
norin and rad,insomniac
sander van doorn,insomniac
richie hawtin,insomniac
rank 1,insomniac
pretty lights,insomniac
porter robinson,insomniac
noisia,insomniac
nero,insomniac
mstrkrft,insomniac
modestep,insomniac
moby,insomniac
matt lange,insomniac
mat zo,insomniac
martin solveig,insomniac
loco dice,insomniac
laidback luke,insomniac
lady faith,insomniac
kristina sky,insomniac
knife party,insomniac
kill the noise,insomniac
josh wink,insomniac
joachim garraud,insomniac
jaytech,insomniac
jack beats,insomniac
adrian lux,insomniac
dj isaac,insomniac
dj hype,insomniac
funkagenda,insomniac
flux pavilion,insomniac
figure,insomniac
ferry corsten,insomniac
excision,insomniac
ed rush and optical,insomniac
downlink,insomniac
dennis ferrer,insomniac
delta heavy,insomniac
david guetta,insomniac
darksiderz,insomniac
danny tenaglia,insomniac
dada life,insomniac
coone,insomniac
chuckie,insomniac
chris lake,insomniac
chase and status,insomniac
carl cox,insomniac
audio rock,insomniac
troy kurtz,insomniac
richie panic,insomniac
matrixxman,insomniac
adam auburn,insomniac
calvin harris,insomniac
bt,insomniac
brennan heart,insomniac
alesso,insomniac
camo and krooked,insomniac
afrojack,insomniac
adventure club,insomniac
above and beyond,insomniac
ruff hauser,insomniac
oscure,insomniac
david steven,insomniac
harvard bass,insomniac
john o’callaghan,insomniac
mistajam,insomniac
bit funk,insomniac
jon rundell,insomniac
john digweed,insomniac
max vangeli,insomniac
netsky,insomniac
norman doray,insomniac
raíz,insomniac
shogun,insomniac
sidney samson,insomniac
steve aoki,insomniac
treasure fingers,insomniac
zedd,insomniac
felix cartal,insomniac
edx,insomniac
endymion,insomniac
dubfire,insomniac
chris liebing,insomniac
autoerotique,insomniac
adam beyer,insomniac
armin van buuren,insomniac
sub focus,insomniac
nervo,insomniac
dash berlin,insomniac
zeds dead,insomniac
zany,insomniac
wilkinson,insomniac
umek,insomniac
zomboy,insomniac
tritonal,insomniac
tiësto,insomniac
third party,insomniac
sultan + shepard,insomniac
steve angello,insomniac
r3hab,insomniac
moguai,insomniac
paco osuna,insomniac
markus schulz,insomniac
marco carola,insomniac
jochen miller,insomniac
funtcase,insomniac
dimitri vegas and like mike,insomniac
dodge and fuski,insomniac
doctor p,insomniac
crizzly,insomniac
cedric gervais,insomniac
brookes brothers,insomniac
borgore,insomniac
quintino,insomniac
an21,insomniac
atb,insomniac
paper diamond,insomniac
clutch,insomniac
headhunterz,insomniac
green velvet,insomniac
trouble,insomniac
matt deco,insomniac
aly and fila,insomniac
marco v,insomniac
pleasurekraft,insomniac
victor calderone,insomniac
mark knight,insomniac
droog,insomniac
bassjackers,insomniac
sigma,insomniac
loadstar,insomniac
dirtyphonics,insomniac
joaquin bamaca,insomniac
kyau and albert,insomniac
sean tyas,insomniac
simon patterson,insomniac
d-block and s-te-fan,insomniac
showtek,insomniac
michael woods,insomniac
gabriel and dresden,insomniac
sebastian ingrosso,insomniac
morgan page,insomniac
kaskade,insomniac
wandw,insomniac
trent cantrelle,insomniac
technoboy,insomniac
sunnery james and ryan marciano,insomniac
s.p.y,insomniac
nicky romero,insomniac
manufactured superstars,insomniac
gareth emery,insomniac
fedde le grand,insomniac
dirty south,insomniac
calyx and teebee,insomniac
avicii,insomniac
arty,insomniac
12th planet,insomniac
thomas gold,insomniac
stafford brothers,insomniac
((( o ))),wasserman
andfriends,wasserman
100 gecs,wasserman
1991,wasserman
the 2 bears,wasserman
2wobunnies,wasserman
33 below,wasserman
3lijah,wasserman
4b,wasserman
6arelyhuman,wasserman
a. g. cook,wasserman
a hundred drums,wasserman
a little sound,wasserman
a-trak,wasserman
a. deeplove,wasserman
abbie mccarthy,wasserman
above and beyond,wasserman
ac slater,wasserman
adam rom,wasserman
adrian sherwood,wasserman
afrojack,wasserman
ahadadream,wasserman
air2earth,wasserman
airwolf paradise,wasserman
aldn,wasserman
alewya,wasserman
alex wann,wasserman
alison wonderland,wasserman
alissic,wasserman
alleycvt,wasserman
alok,wasserman
amon tobin,wasserman
amtrac,wasserman
anastazja,wasserman
andrew bayer,wasserman
andrew luce,wasserman
andromedik,wasserman
animal collective,wasserman
anish kumar,wasserman
anna lunoe,wasserman
annicka,wasserman
annie mac,wasserman
anotr,wasserman
anthony naples,wasserman
anti up,wasserman
ape drums,wasserman
apparat,wasserman
aqutie,wasserman
atb,wasserman
atlas sound,wasserman
atrip,wasserman
audiobooks,wasserman
avalon emerson,wasserman
avalon emerson and the charm,wasserman
avey tare,wasserman
axwell,wasserman
ayybo,wasserman
azzecca,wasserman
baalti,wasserman
baauer,wasserman
baio,wasserman
bakermat,wasserman
barclay crenshaw,wasserman
barry can't swim,wasserman
basslayerz,wasserman
basstripper,wasserman
becky and the birds,wasserman
ben ufo,wasserman
benga,wasserman
benny benassi,wasserman
betty who,wasserman
big freedia,wasserman
big wild,wasserman
biscits,wasserman
bl3ss,wasserman
blaap (of the trees),wasserman
black fondu,wasserman
blackpink,wasserman
blakey,wasserman
blawan,wasserman
the blaze,wasserman
bless you,wasserman
the blessed madonna,wasserman
blond:ish,wasserman
blossom,wasserman
bob moses,wasserman
bob moses (club set),wasserman
bolden.,wasserman
bonobo,wasserman
boogie t,wasserman
boogie t.rio,wasserman
borgore,wasserman
born on road,wasserman
boys noize,wasserman
brklyn,wasserman
bronson,wasserman
the brothers macklovitch,wasserman
brunello,wasserman
bruno major,wasserman
brutalismus 3000,wasserman
bullet tooth,wasserman
bunt.,wasserman
cajmere,wasserman
caleb calloway,wasserman
cameo blush,wasserman
canabliss,wasserman
carnage,wasserman
caroline polachek,wasserman
cashmere cat,wasserman
cassian,wasserman
catching flies,wasserman
cedric gervais,wasserman
chalk,wasserman
champion,wasserman
channel tres,wasserman
chaos in the cbd,wasserman
charlie jeer,wasserman
charlotte cardin,wasserman
charlotte de witte,wasserman
chase and status,wasserman
chelsea cutler,wasserman
cherub,wasserman
chloé caillet,wasserman
chris lake,wasserman
chromeo,wasserman
the cinematic orchestra,wasserman
clams casino,wasserman
clara cuvé,wasserman
classixx,wasserman
claude vonstroke,wasserman
clean bandit,wasserman
clipz,wasserman
club cheval,wasserman
cold court,wasserman
coldcut,wasserman
com truise,wasserman
confidence man,wasserman
cooly g,wasserman
cosmic gate,wasserman
cosmo's midnight,wasserman
crybaby,wasserman
crystallmess,wasserman
culture shock,wasserman
dada life,wasserman
daily bread,wasserman
dan deacon,wasserman
daniel avery,wasserman
danilo plessow / mcde,wasserman
danny howard,wasserman
the dare,wasserman
darkside,wasserman
dave 1,wasserman
david guetta,wasserman
deakin,wasserman
deathpact,wasserman
dennett,wasserman
destructo,wasserman
detox unit,wasserman
devault,wasserman
diesel / shaquille o'neal,wasserman
dillon francis,wasserman
diplo,wasserman
disclosure,wasserman
the disco biscuits,wasserman
disco lines,wasserman
disrupta,wasserman
dj boring,wasserman
dj ez,wasserman
dj gigola,wasserman
dj gummy bear,wasserman
dj habibeats,wasserman
dj heartstring,wasserman
dj koze,wasserman
dj python,wasserman
dj seinfeld,wasserman
dj shadow,wasserman
dj snake,wasserman
dj susan,wasserman
dj tiiiiiiiiiip,wasserman
dog blood,wasserman
dom dolla,wasserman
dombresky,wasserman
dot major,wasserman
dr dubplate / ec2a,wasserman
dr. fresch,wasserman
drama,wasserman
dublon,wasserman
duck sauce,wasserman
duke dumont,wasserman
durante,wasserman
dylan brady,wasserman
eera,wasserman
effy,wasserman
el londo,wasserman
elderbrook,wasserman
elekfantz,wasserman
eliminate,wasserman
eliza rose,wasserman
emancipator,wasserman
enfant sauvage,wasserman
enrico sangiuliano,wasserman
enzo siragusa,wasserman
eric prydz,wasserman
erlend øye and la comitiva,wasserman
ethan holt,wasserman
ethan p. flynn,wasserman
everything everything,wasserman
evilgiane,wasserman
ewan mcvicar,wasserman
example,wasserman
faithless,wasserman
faithless dj set,wasserman
fallon,wasserman
farr,wasserman
fatima yamaha,wasserman
fcukers,wasserman
felo le tee,wasserman
fever ray,wasserman
fideles,wasserman
fisher,wasserman
fkj (french kiwi juice),wasserman
floating points,wasserman
flock of dimes,wasserman
flosstradamus,wasserman
flowdan,wasserman
flozone,wasserman
flume,wasserman
flying lotus,wasserman
folamour,wasserman
four tet,wasserman
franc moody,wasserman
fred again..,wasserman
friction,wasserman
friendly fires,wasserman
frost children,wasserman
fs green,wasserman
gabzy,wasserman
gareth emery,wasserman
gary numan,wasserman
garza,wasserman
gayngs,wasserman
gelli haha,wasserman
george fitzgerald,wasserman
gesaffelstein,wasserman
get real: green velvet and claude vonstroke,wasserman
ghosted,wasserman
ghostland observatory,wasserman
girl math,wasserman
girl talk,wasserman
girls don't sync,wasserman
glass beams,wasserman
goddard.,wasserman
golden features,wasserman
gordo,wasserman
gorgon city,wasserman
grace jones,wasserman
grandson,wasserman
green velvet,wasserman
grrl x made of oak,wasserman
gui boratto,wasserman
gwenno,wasserman
haai,wasserman
hælos,wasserman
hagop tchaparian,wasserman
hamdi,wasserman
hannah diamond,wasserman
hannibal buress,wasserman
hatsune miku,wasserman
hayden james,wasserman
helado negro,wasserman
herbie hancock,wasserman
heyz,wasserman
hi-lo,wasserman
high contrast,wasserman
hippie sabotage,wasserman
hmltd,wasserman
holly herndon,wasserman
holly walker,wasserman
honey dijon,wasserman
hot chip dj set,wasserman
i am roze,wasserman
i. jordan,wasserman
infinity machine,wasserman
inji,wasserman
interplanetary criminal,wasserman
inzo,wasserman
isoxo,wasserman
it's a 2000's party,wasserman
it's murph,wasserman
jack ü,wasserman
jade cicada,wasserman
jai paul,wasserman
jai wolf,wasserman
jain,wasserman
jamie xx,wasserman
jammer,wasserman
jason ross,wasserman
jena malone,wasserman
jess glynne,wasserman
jess iszatt,wasserman
jessica winter,wasserman
jigitz,wasserman
jim-e stack,wasserman
joe goddard,wasserman
joe kay,wasserman
joel corry,wasserman
john digweed,wasserman
john summit,wasserman
joji,wasserman
jojo lorenzo,wasserman
jon hopkins,wasserman
josh baker,wasserman
joss dean,wasserman
joy (anonymous),wasserman
joy orbison,wasserman
the juan maclean,wasserman
julian fijma,wasserman
just blaze,wasserman
jyoty,wasserman
kal banx,wasserman
kaleena zanders,wasserman
karenn,wasserman
káryyn,wasserman
kaytranada,wasserman
kelly lee owens,wasserman
kenny beats,wasserman
kerala dust,wasserman
kettama,wasserman
ki/ki,wasserman
killen.,wasserman
kitty ca$h,wasserman
klangkuenstler,wasserman
the knife,wasserman
knife party,wasserman
knock2,wasserman
know good,wasserman
koreless,wasserman
kruder and dorfmeister,wasserman
kshmr,wasserman
la roux,wasserman
lab group,wasserman
ladytron,wasserman
lane 8,wasserman
laurent garnier,wasserman
layton giordani,wasserman
lemon jelly,wasserman
leon vynehall,wasserman
level up,wasserman
levity,wasserman
lf system,wasserman
lindstrøm,wasserman
linska,wasserman
liquid stranger,wasserman
the living tombstone,wasserman
loco dice,wasserman
loud luxury,wasserman
louis the child,wasserman
loukeman,wasserman
"love,shaun",wasserman
lsd,wasserman
lsdxoxo,wasserman
lucinda chua,wasserman
lucy bedroque,wasserman
luke alessi,wasserman
lumasi,wasserman
lynks,wasserman
machine girl,wasserman
maddie ashman,wasserman
madeon,wasserman
madlib,wasserman
magdalena bay,wasserman
major lazer,wasserman
malaa,wasserman
malix,wasserman
mall grab,wasserman
malugi,wasserman
marian hill,wasserman
maribou state,wasserman
marlon hoffstadt,wasserman
marshmello,wasserman
massano,wasserman
mathame,wasserman
matthew dear,wasserman
maz,wasserman
mcr-t,wasserman
mercer,wasserman
mersiv,wasserman
mgmt dj,wasserman
midnight generation,wasserman
mild minds,wasserman
milky chance,wasserman
mind against,wasserman
mindchatter,wasserman
miss bashful,wasserman
mk (marc kinchen),wasserman
mndsgn,wasserman
mnek,wasserman
mochakk,wasserman
mont rouge,wasserman
moon boots,wasserman
moonlght,wasserman
mount kimbie,wasserman
mr. scruff,wasserman
mura masa,wasserman
mustard,wasserman
muzz,wasserman
myd,wasserman
myles o'neal,wasserman
mylo,wasserman
naisha,wasserman
nala,wasserman
nancy whang,wasserman
nao,wasserman
nasthug,wasserman
nation of language,wasserman
neil frances,wasserman
neoni,wasserman
netsky,wasserman
nia archives,wasserman
nicky summers,wasserman
nightmares on wax,wasserman
nimino,wasserman
nitti,wasserman
nitzer ebb,wasserman
noodles,wasserman
nooriyah,wasserman
nosaj thing,wasserman
not dvr,wasserman
notion,wasserman
notre dame,wasserman
o'flynn,wasserman
oden and fatzo,wasserman
odesza,wasserman
odymel,wasserman
of the trees,wasserman
ofenbach,wasserman
okayjake,wasserman
oklou,wasserman
oliver heldens,wasserman
oliver sim,wasserman
omnom,wasserman
oneohtrix point never,wasserman
ophelia records,wasserman
opiuo,wasserman
oscar and the wolf,wasserman
oscar farrell,wasserman
oscar mbo,wasserman
overmono,wasserman
ovy on the drums,wasserman
p.o.s,wasserman
paige tomlinson,wasserman
panda bear,wasserman
panjabi hit squad,wasserman
parisi,wasserman
partiboi69,wasserman
party favor,wasserman
patrick topping,wasserman
paula tape,wasserman
pc music,wasserman
peaches,wasserman
pendulum (dj),wasserman
pendulum (live),wasserman
pinkpantheress,wasserman
plaid,wasserman
planningtorock,wasserman
pomo,wasserman
poolside dj set,wasserman
porter robinson,wasserman
the postal service,wasserman
potions.,wasserman
pretty girl,wasserman
the prodigy,wasserman
prospa,wasserman
quadeca,wasserman
quinn xcii,wasserman
raecola,wasserman
raf-saperra,wasserman
raiden,wasserman
ralphie choo,wasserman
ranger trucco,wasserman
ratatat,wasserman
ray laurél,wasserman
redlight,wasserman
rezz,wasserman
rian brazil,wasserman
riovaz,wasserman
river tiber,wasserman
rjd2,wasserman
rl grime,wasserman
roddy lima,wasserman
roger eno,wasserman
roman flügel,wasserman
romare,wasserman
romy,wasserman
ross from friends,wasserman
roya,wasserman
röyksopp,wasserman
røz,wasserman
rudimental,wasserman
rüfüs du sol,wasserman
rusko,wasserman
rusowsky,wasserman
saam sultan,wasserman
sabai,wasserman
saka,wasserman
salute,wasserman
salvatore ganacci,wasserman
sam gellaitry,wasserman
san holo,wasserman
sango,wasserman
sarz,wasserman
sebastian ingrosso,wasserman
seven lions,wasserman
sg lewis,wasserman
shady nasty,wasserman
shaed,wasserman
shallou,wasserman
shee,wasserman
sherelle,wasserman
ship wrek,wasserman
shlohmo,wasserman
shobaleader one,wasserman
show me the body,wasserman
shy fx,wasserman
sidepiece,wasserman
silk city,wasserman
silva bumpa,wasserman
silverwingkiller,wasserman
simian mobile disco,wasserman
sippy,wasserman
ski aggu,wasserman
skillibeng,wasserman
skin on skin,wasserman
skinny pelembe,wasserman
skream,wasserman
skrillex,wasserman
slacker media group,wasserman
slander,wasserman
smoakland,wasserman
snakehips,wasserman
snow strippers,wasserman
sofi tukker,wasserman
solarce brothers,wasserman
songer,wasserman
sonny fodera,wasserman
sophia stel,wasserman
sota,wasserman
soulection,wasserman
sparks,wasserman
sparrow and barbossa,wasserman
spinall,wasserman
sploinky rave,wasserman
squarepusher,wasserman
starjunk 95,wasserman
steve angello,wasserman
still woozy,wasserman
stvsh,wasserman
stwo,wasserman
sub focus,wasserman
sub urban,wasserman
subtronics,wasserman
sudan archives,wasserman
sultan + shepard,wasserman
supertask,wasserman
swedish house mafia,wasserman
swim,wasserman
switch,wasserman
sydney minsky sargeant,wasserman
sylvan esso,wasserman
syreeta,wasserman
ta-ku,wasserman
table,wasserman
taiki nulight,wasserman
tape b,wasserman
tchami,wasserman
teed,wasserman
thievery corporation,wasserman
thought process,wasserman
thundercat,wasserman
tiga,wasserman
timbaland,wasserman
tinlicker,wasserman
tinzo,wasserman
tinzo + jojo,wasserman
tirzah,wasserman
tobiahs,wasserman
tom misch,wasserman
tommy cash,wasserman
toro y moi,wasserman
torren foot,wasserman
touch sensitive,wasserman
tourist,wasserman
trace,wasserman
trackstar the dj,wasserman
trees speak,wasserman
troyboi,wasserman
truth,wasserman
tsha,wasserman
tuxedo,wasserman
twin diplomacy,wasserman
two another,wasserman
ugo banchi,wasserman
uncle waffles,wasserman
valentino khan,wasserman
vansire,wasserman
venbee,wasserman
virtual riot,wasserman
virtual self,wasserman
vnssa,wasserman
walker and royce,wasserman
walshy fire,wasserman
washed out,wasserman
wavedash,wasserman
westend,wasserman
weval,wasserman
what so not,wasserman
white panda,wasserman
whyte fang,wasserman
wilkinson,wasserman
will clarke,wasserman
wink,wasserman
without,wasserman
wondagurl,wasserman
working men's club,wasserman
worldpeace dmt,wasserman
wreckno,wasserman
wuki,wasserman
x club.,wasserman
the xx,wasserman
yaang,wasserman
yehme2,wasserman
yetep,wasserman
young marco,wasserman
youngr,wasserman
yousuke yukimatsu (¥øu$uk€ ¥uk1mat$u),wasserman
yu su,wasserman
yukimi,wasserman
yung singh,wasserman
zedd,wasserman
zeds dead,wasserman
zeemuffin,wasserman
zen selekta,wasserman
zero,wasserman
zimmer90,wasserman
zulan,wasserman
zusha,wasserman
2ar,corson
3 blokes,corson
7l,corson
a.m.c,corson
aalioura,corson
ac13,corson
adaro,corson
adrenalize,corson
airglo,corson
akeos,corson
akirah,corson
alwz snny,corson
andromedik,corson
anime,corson
anoluxx,corson
arius,corson
armanni reign,corson
atmozfears,corson
atyya,corson
audiofreq,corson
audioscribe,corson
aych,corson
bandlez,corson
barnacle boi,corson
bensley,corson
bioweapon,corson
black carl!,corson
blaqout,corson
boxplot,corson
brainrack,corson
buunshin,corson
calyx,corson
captain bass,corson
casmalia,corson
casska,corson
chan,corson
chango,corson
chris metcalfe,corson
clawz,corson
code black,corson
coka cobra,corson
criioz,corson
cyboy,corson
darksiderz,corson
da tweekaz,corson
daxta mc,corson
dea magna,corson
death code,corson
delta heavy,corson
deucez,corson
devin wild,corson
dianthe,corson
dieselboy,corson
dillinja,corson
dj marky,corson
dj phantasy,corson
dj qbert,corson
donald glaude,corson
don jamal,corson
downlink,corson
dr. greco,corson
dr. phunk,corson
drakk,corson
dramos,corson
dual damage,corson
dumdum,corson
eatbrain label tour,corson
el dusty,corson
ella,corson
enei,corson
etherwood,corson
felmax,corson
fernanda martins,corson
finnuh,corson
focuss,corson
freaky,corson
fred v,corson
frontliner,corson
fury,corson
generation chaos,corson
geo,corson
georgie riot,corson
gioh cecato,corson
golf clap,corson
grafix,corson
gunz for hire,corson
harriet jaxxon,corson
haylee wood,corson
hellbound!,corson
hexx,corson
hi i'm ghost,corson
hpnotic,corson
ion,corson
iseeu,corson
izzy vadim,corson
jade,corson
jay toledo,corson
jenna shaw,corson
junkie kid,corson
justin hawkes,corson
kaeno,corson
kasra,corson
keltek,corson
killmatter,corson
kings of the rollers,corson
kj sawka,corson
kreation,corson
lara klart,corson
laxx,corson
link,corson
maahez,corson
mad dog,corson
mandy,corson
maria healy,corson
mc dino,corson
mc phantom,corson
mefjus,corson
megalodon,corson
michael sparks,corson
mikayli,corson
minijoy,corson
mob tactics,corson
modestep,corson
morelia,corson
mother lotus,corson
muerte,corson
mushroom cloud,corson
neonix,corson
noize suppressor,corson
nxsty,corson
ocho,corson
ophion,corson
pixie dust,corson
pretty sweet,corson
primate,corson
proxxxy,corson
ran-d,corson
rene lavice,corson
reysha rami,corson
rob gee,corson
roman messer,corson
rzrkt,corson
sara benyo,corson
scnd crcl,corson
serum,corson
shosh,corson
sigma,corson
sihk,corson
sisto,corson
snails,corson
society,corson
sora,corson
sound rush,corson
sqishi,corson
stayns,corson
stoned level,corson
stvg,corson
submersive,corson
subshift,corson
subsonic,corson
sub zero project,corson
sweettooth,corson
synymata,corson
sythyst,corson
syzy,corson
t 'n' t,corson
tantrum desire,corson
taylor torrence,corson
technoboy,corson
teddy killerz,corson
the purge,corson
the upbeats,corson
thomas garcia,corson
tokyo machine,corson
toneshifterz,corson
triptykh,corson
trollphace,corson
tuneboy,corson
tweekacore,corson
underbelly,corson
vaski,corson
vegas,corson
versa,corson
vlcn,corson
vrg,corson
warlord,corson
wasted penguinz,corson
water spirit,corson
whoisee,corson
wolfy lights,corson
zero,corson
zevy,corson
adam beyer,wme
adam beyer and cirez d,wme
adam ten,wme
ahmed spins,wme
air,wme
alex frankel,wme
alexis taylor,wme
aloe blacc,wme
alok,wme
amelie lens,wme
ameme,wme
anfisa letyago,wme
argy,wme
artbat,wme
the avalanches,wme
baby j,wme
baynk,wme
bedouin,wme
bizarrap,wme
bjork,wme
blaqk audio,wme
boris brejcha,wme
bronson,wme
camelphat,wme
carlita,wme
charlotte adigery and bolis pupul,wme
chase and status,wme
chet faker,wme
cid,wme
cirez d,wme
clams casino,wme
claptone,wme
cobrah,wme
coco and breezy,wme
cole knight,wme
cool customer,wme
cornetto,wme
dam funk,wme
damian lazarus,wme
danny l harle,wme
diøn,wme
dj cassidy,wme
django django,wme
don diablo,wme
don woezik,wme
drinkurwater,wme
ellen allien,wme
empire of the sun,wme
esta,wme
ewan mcvicar,wme
fatboy slim,wme
fjaak,wme
forester,wme
frank walker,wme
future utopia,wme
galantis,wme
george riley,wme
golden features,wme
groove armada,wme
gryffin,wme
hank korsan,wme
the hellp,wme
holy ghost!,wme
honeyluv,wme
hot chip,wme
hot since 82,wme
icykof,wme
innellea,wme
jacques greene,wme
jacques lu cont,wme
jagwar ma,wme
james blake,wme
james murphy,wme
jamie jones,wme
jessica audiffred,wme
jockstrap,wme
joe goddard,wme
johannes brecht,wme
john glacier,wme
jonas blue,wme
joris voorn,wme
joyhauser,wme
julian jordan,wme
justice,wme
kaivon,wme
kaz james,wme
kygo,wme
laszewo,wme
layla benitez,wme
lcd soundsystem,wme
leftfield,wme
lenny pearce,wme
leon vynehall,wme
les rythmes digitales,wme
lindsey stirling,wme
logic1000,wme
lost frequencies,wme
lost souls of saturn,wme
lp giobbi,wme
lucas and steve,wme
luch,wme
luci,wme
maddy o'neal,wme
madeon,wme
mako,wme
martin garrix,wme
the martinez brothers,wme
mary droppinz,wme
massano,wme
matoma,wme
may,wme
maya jane coles,wme
me n u,wme
mia kirkland,wme
michael bibi,wme
mike.,wme
milo spykers,wme
mina galan,wme
mind against,wme
miss monique,wme
mk,wme
mochakk,wme
monochrome,wme
mount kimbie,wme
mph,wme
must die!,wme
the naked and famous,wme
nick murphy,wme
nikola melnikov,wme
novah,wme
oguz,wme
party shirt,wme
patrick mason,wme
peace control,wme
pedro sampaio,wme
peggy gou,wme
pet shop boys,wme
pete tong,wme
pete tong ibiza classics,wme
plastikman,wme
polo and pan,wme
porter robinson,wme
remk,wme
reyna tropical,wme
richie hawtin,wme
rivo,wme
rochelle jordan,wme
rudimental,wme
sad night dynamite,wme
sam feldt,wme
santigold,wme
sara landry,wme
sassy 009,wme
sault,wme
seth troxler,wme
shlømo,wme
shygirl,wme
sita abellan,wme
solomun,wme
st. lucia,wme
steve aoki,wme
stryv,wme
syreeta,wme
tainy,wme
telykast,wme
thomas jack,wme
tokimonsta,wme
tom saint,wme
tourist,wme
tycho,wme
vesperteen,wme
vintage culture,wme
virtual self,wme
washed out,wme
watch the duck,wme
xandra,wme
yamagucci,wme
yotto,wme
zhu,wme
chris stussy,caa
chromatics,caa
chromeo,caa
claxy,caa
cloonee,caa
club heart broken,caa
clüb de combat,caa
collect 200,caa
colyn,caa
cristoph,caa
crystal fighters,caa
culture club,caa
daft punk,caa
dakota,caa
dana vicci,caa
darci,caa
datsko,caa
dave bayley,caa
david guetta,caa
deadmau5,caa
deep dish,caa
deer jade,caa
delilah,caa
dennis cruz,caa
dennis ferrer,caa
discip,caa
dj windows 2000,caa
dubfire,caa
eartheater,caa
eelke kleijn,caa
elephant heart,caa
eli brown,caa
elkan,caa
ellie goulding,caa
ezra collective,caa
farrago,caa
feathered sun,caa
fiji blue,caa
fleur shore,caa
flight facilities,caa
fly,caa
flying mojito bros,caa
francis and the lights,caa
franzizca,caa
funk tribu,caa
g jones,caa
galimatias,caa
gavin turek,caa
glass animals,caa
gok wan,caa
goldroom,caa
gramatik,caa
greg 99,caa
griz,caa
grossomoddo,caa
grouplove,caa
hana,caa
hannah bronfman,caa
hannah laing,caa
hernan cattaneo,caa
herobust,caa
hntr,caa
horsegiirl,caa
hugel,caa
hume collective,caa
hypaton,caa
icona pop,caa
ilario alicante,caa
ioanna gika,caa
jack garratt,caa
jammer,caa
jan blomqvist,caa
jasper tygner,caa
jax jones,caa
jean-michel jarre,caa
jellybean benitez,caa
jersey,caa
jessica winter,caa
joba,caa
jodie harsh,caa
jonas blue,caa
jonny greenwood,caa
joshwa,caa
justin blau,caa
kanii,caa
kasbo,caa
kele okereke,caa
kerri chandler,caa
kevin de vries,caa
kiinjo,caa
kolter,caa
kraftwerk,caa
kryptogram,caa
kungs,caa
kylie minogue,caa
kölsch,caa
lana del rey,caa
lanna,caa
lastlings,caa
layla benitez,caa
lee burridge,caa
little dragon,caa
liva k,caa
lo down loretta brown,caa
locklead,caa
luch,caa
lusid,caa
lykke li,caa
maceo plex,caa
magdalena bay,caa
mahmut orhan,caa
majestic,caa
malugi,caa
mark ronson,caa
marlon hoffstadt,caa
marsh,caa
marten lou,caa
martin ikin,caa
mason collective,caa
matoma,caa
matroda,caa
matt sassari,caa
mau p,caa
mau5trap,caa
maxi meraki,caa
meduza,caa
megra,caa
mei river,caa
metro boomin,caa
mistajam,caa
monolink,caa
moses boyd,caa
mxgpu,caa
nala sinephro,caa
naughty boy,caa
new order,caa
nic vansteenberghe,caa
nico moreno,caa
oberhofer,caa
obskür,caa
okgiorgio,caa
omar+,caa
one dark night,caa
osunlade,caa
owl city,caa
parallelle,caa
paul kalkbrenner,caa
pegassi,caa
petey martin,caa
phantogram,caa
piv,caa
politik,caa
powers pleasant,caa
pretty lights,caa
priku,caa
princess goes,caa
probcause,caa
prunk,caa
purple disco machine,caa
q-tip,caa
r3hab,caa
rac,caa
radiohead,caa
rahim redcar,caa
rebūke,caa
ricky reed,caa
riordan,caa
robert delong,caa
robin schulz,caa
roosevelt,caa
rosey gold,caa
rossi.,caa
rüfüs du sol,caa
róisín murphy,caa
sama,caa
san pacho,caa
sara landry,caa
sarcastic sounds,caa
satori,caa
sean jacobs,caa
seramic,caa
shakes and les,caa
shermanology,caa
silk city,caa
silva bumpa,caa
six sex,caa
skream,caa
snbrn,caa
southstar,caa
speakers corners quartet,caa
sts9,caa
tale of us,caa
tate mcrae,caa
tears for fears,caa
the beta band,caa
the chainsmokers,caa
the cure,caa
the rapture,caa
the righteous young,caa
the smile,caa
the stickmen project,caa
thom yorke,caa
tinlicker,caa
tipper,caa
tjr,caa
tommy holohan,caa
topic,caa
travis barker,caa
trevor daniel,caa
turbo,caa
twenty one pilots,caa
two door cinema club,caa
two friends,caa
two lanes,caa
two shell,caa
uncle waffles,caa
vegyn,caa
vicetone,caa
von boch,caa
wakyin,caa
whipped cream,caa
whomadewho,caa
will sass,caa
winona oak,caa
winston surfshirt,caa
zak abel,caa
øtta,caa
††† (crosses),caa
[ivy],uta
1010benja,uta
15  15,uta
2byg,uta
2manydjs,uta
3 doors down,uta
33  below,uta
347aidan,uta
49th  and main,uta
802,uta
a  day to remember,uta
a.n.i.,uta
aaron  page,uta
aaron  hibell,uta
acraze,uta
action  bronson,uta
adam  sellouk,uta
adam  deitch quartet,uta
adam  ant,uta
adam deitch,uta
adanna  duru,uta
adekunle  gold,uta
adventure club,uta
aesop rock,uta
agnez mo,uta
aiyana-lee,uta
aj  tracey,uta
aj  mclean,uta
akia,uta
akon,uta
alana springsteen,uta
alec monopoly,uta
alex  vaughn,uta
alex  mills,uta
alex porat,uta
alexa,uta
alexandar  smash,uta
alexisonfire,uta
alfie boe,uta
alice russell,uta
alice cooper,uta
alina  pash,uta
alisa  xayalith,uta
alison  moyet,uta
all  them witches,uta
allan  rayman,uta
allen  stone,uta
ally  salort,uta
ally brooke,uta
almost  monday,uta
altégo,uta
alter bridge,uta
aly  and aj,uta
alyssa  jolee,uta
ama,uta
amanda shires,uta
amaria,uta
amber  iman,uta
american  nightmare,uta
american idol live,uta
amerie,uta
amie  blu,uta
åmrtüm,uta
anabel englund,uta
anahit vardanyan,uta
anderson  .paak,uta
anderson  east,uta
andra  day,uta
andre  power,uta
andrew  rannells,uta
andrew  cushin,uta
andy c,uta
anees,uta
anella,uta
anetha,uta
angela  aguilar,uta
angele,uta
angerfist,uta
angrybaby,uta
anita  baker,uta
anitta,uta
ankhoï,uta
ann  clue,uta
anna  shoemaker,uta
anna of the north,uta
annie  tracy,uta
annie-dog,uta
anohni,uta
anomalie,uta
antony szmierek,uta
apache,uta
apashe,uta
arca,uta
arch  enemy,uta
arielle  free,uta
arka,uta
arkells,uta
arlo,uta
arlo  parks,uta
armnhmr,uta
aron  piper,uta
arrows  in action,uta
art  garfunkel,uta
art school girlfriend,uta
arthi,uta
artwork,uta
asal,uta
ascendant vierge,uta
ash,uta
ash olsen,uta
asher angel,uta
ashley  walters,uta
asiris,uta
at the gates,uta
atheart,uta
atliens,uta
atrip,uta
audien,uta
auds.,uta
aurora,uta
austin  brown,uta
austin  millz,uta
avello,uta
avery  wilson,uta
aya  nakamura,uta
ayra  starr,uta
ayybo,uta
az  chike,uta
aziya,uta
b.o.b,uta
b*witched,uta
baby  osama,uta
baby  rose,uta
babyface  ray,uta
babymorocco,uta
bad  bunny,uta
bad  gyal,uta
bad boy chiller crew,uta
badbadnotgood,uta
badger,uta
bailey bryan,uta
baird,uta
balthvs,uta
balu  brigada,uta
bambara,uta
bambii,uta
band-maid,uta
banks,uta
banners,uta
baobei,uta
barely  alive,uta
bart  skils,uta
bas,uta
basement jaxx,uta
bassjackers,uta
bassvictim,uta
bawo,uta
bck,uta
bear  grillz,uta
bear's  den,uta
beauty  school dropout,uta
bebe rexha,uta
bec  lauder and the noise,uta
bella  poarch,uta
bellah mae,uta
ben  hemsley,uta
ben nicky,uta
ben chapman,uta
ben kessler,uta
benches,uta
benda,uta
benedict  cork,uta
benjamin  booker,uta
benjamin clementine,uta
benji.,uta
benny  g,uta
benny sings,uta
beoga,uta
beth  mccarthy,uta
between friends,uta
big  florida,uta
big  wreck,uta
big  gigantic,uta
big  sean,uta
big  freedia,uta
big  hit,uta
bikini trill,uta
bird  and byron,uta
bird on the wire: the songs of leonard cohen,uta
birksie,uta
bitty  mclean,uta
björk,uta
black  tiger sex machine,uta
black  pistol fire,uta
blackbear,uta
blackhawk,uta
blanco  white,uta
blanco  brown,uta
blanke,uta
blastoyz,uta
blaxian,uta
bleep  bloop,uta
bleu clair,uta
blk.,uta
blossoms,uta
blue,uta
blue hawaii,uta
blues  traveler,uta
blusher,uta
blxst,uta
bob  the drag queen,uta
bodie,uta
bolo  the dj,uta
bombaymami,uta
bon  entendeur,uta
bone  thugs-n-harmony,uta
bonobo,uta
boombox cartel,uta
borgeous,uta
boris  brejcha,uta
borne,uta
bou,uta
boy  throb,uta
boy  soda,uta
boy  and bear,uta
boys  like girls,uta
boywithuke,uta
bradeazy,uta
bradley  simpson,uta
brandon  lake,uta
brandon  wisham,uta
break science,uta
breakbot,uta
breakk.away,uta
breathe  carolina,uta
brenn!,uta
bresh,uta
bret  mckenzie,uta
bret michaels,uta
brian  wilson (estate),uta
bricknasty,uta
bridgit  mendler,uta
bring  me the horizon,uta
brittney spencer,uta
brix  smith,uta
bro safari,uta
brody  grant,uta
brody  jenner,uta
broken  hill,uta
brondo,uta
brooke  shields,uta
bru-c,uta
bruise  control,uta
budjerah,uta
buffalo  traffic jam,uta
bunt.,uta
burna  boy,uta
bush,uta
busta  rhymes,uta
busted,uta
busty  and the bass,uta
butthole  surfers,uta
by  storm,uta
c.  tangana,uta
cabaret  voltaire,uta
calcium,uta
cam,uta
camo and krooked,uta
camoufly,uta
cancer  bats,uta
candi  staton,uta
candlebox,uta
capital  cities,uta
capochino,uta
caravan palace,uta
cardi  b,uta
carla  morrison,uta
carla bruni,uta
carmen deleon,uta
carpenter  brut,uta
carter  vail,uta
casey barnes,uta
cash  and skye,uta
cash cash,uta
cashmere  cat,uta
caspa,uta
cassandra  coleman,uta
cassia,uta
cassyette,uta
cat  matthews,uta
"cat  empire, the",uta
chaka  khan,uta
champion,uta
chance  the rapper,uta
chancey  williams,uta
chandler  leighton,uta
chanel  loren,uta
channing  wilson,uta
charli  d'amelio,uta
charlie  puth,uta
charlie  worsham,uta
charlotte  day wilson,uta
charlotte  sands,uta
charlotte  haining,uta
charlotte cardin,uta
charly  bliss,uta
chase  shakur,uta
chase  matthew,uta
chayce  beckham,uta
cheddar gorgeous,uta
chelsea  jordan,uta
cher  lloyd,uta
cherry  tooth,uta
chet  faker,uta
chevy  metal,uta
chezile,uta
choir!  choir! choir!,uta
choker,uta
chow  lee,uta
chris  lanzon,uta
chris  avantgarde,uta
chris  brown,uta
chris  james,uta
chris difford,uta
christeene,uta
christina  aguilera,uta
christine  and the queens,uta
"christone  ""kingfish"" ingram",uta
chyl,uta
cieratherapper,uta
cimafunk,uta
ckay,uta
cktrl,uta
cl,uta
claire richards,uta
clara  la san,uta
classmatic,uta
clay  walker,uta
cleopatrick,uta
clint  black,uta
close  friends only,uta
clozee,uta
club  angel,uta
clutch,uta
cobrah,uta
coin,uta
cold cave,uta
colin stough,uta
colt  graves,uta
colt  ford,uta
common  people,uta
conducta,uta
congress  the band,uta
contact  sports,uta
continental gt,uta
control  freak,uta
corbin,uta
cordelia,uta
cory  henry,uta
cozz,uta
craig  armstrong,uta
craig  david presents ts5,uta
craig  david,uta
crazy cousinz,uta
creed,uta
cristale,uta
cristin milioti,uta
crown lands,uta
crucast,uta
crush,uta
crystal  murray,uta
cult  of venus,uta
culture  shock,uta
cure  for paranoia,uta
curly j,uta
cyclops,uta
cyndi  lauper,uta
cynthia erivo,uta
cyril,uta
d  double e,uta
d-a-d,uta
dabeull,uta
dabin,uta
dada  jones,uta
daði  freyr,uta
daisy  world,uta
daisy the great,uta
dalton dover,uta
damian  lewis,uta
dan  whitlam,uta
dana and alden,uta
daniel  allan,uta
daniel  lismore,uta
daniel seavey,uta
daniel rossen,uta
daniel johnston estate,uta
daniela lalita,uta
danileigh,uta
daniyel,uta
danko jones,uta
danna,uta
danny  avila,uta
dashboard  confessional,uta
daughtry,uta
dave  barnes,uta
dave  summer,uta
dave mason,uta
david  hasselhoff,uta
david  keenan,uta
david  byrne,uta
david  frank,uta
david sylvian,uta
david  gilmour,uta
dax,uta
dayglow,uta
dc  the don,uta
ddg,uta
de'wayne,uta
dead  x,uta
deed0t,uta
deep  purple,uta
defects,uta
delta  goodrem,uta
demae,uta
denise  julia,uta
denise chaila,uta
dennis quaid,uta
denzel  curry,uta
deorro,uta
derek hough,uta
desire,uta
despacio,uta
destiny rogers,uta
devour  the day,uta
diamante,uta
die  antwoord,uta
diffrent,uta
diggy  graves,uta
dillon  james,uta
dillon  francis,uta
dimension,uta
dinah jane,uta
dion  timmer,uta
diplo,uta
dirty  honey,uta
dirty heads,uta
disciples,uta
disfreq,uta
disney  princess the concert,uta
distant  matter,uta
distinct motive,uta
ditz,uta
dizzee  rascal,uta
dj  pee .wee,uta
dj  tennis,uta
dj  starrza,uta
dj  maphorisa,uta
dj  mandy,uta
dj  jazzy jeff,uta
dj  shadow,uta
dj khaled,uta
dj zinc,uta
dj q,uta
dj_dave,uta
djammin,uta
dma's,uta
dnce,uta
doctor  p,uta
dolly  parton,uta
dom  kennedy,uta
dombrance,uta
domi and jd beck,uta
dømina,uta
don  toliver,uta
don felder,uta
donny  osmond,uta
donovan woods,uta
dorian  electra,uta
douvelle19,uta
dpr  cream,uta
dpr  artic,uta
dpr  ian,uta
drake  mccain,uta
drake white,uta
dre skull,uta
dreamer isioma,uta
dreamfone,uta
drew  baldridge,uta
drew holcomb,uta
droeloe,uta
duckwrth,uta
durand jones,uta
duskus,uta
dwight  yoakam,uta
dylan  ali,uta
dylan  gossett,uta
dylan sinclair,uta
dynamicduo,uta
dystinct,uta
eaj,uta
earl  sweatshirt,uta
earthgang,uta
east  end dubs,uta
eazybaked,uta
ebony  riley,uta
eddie zuko,uta
eddie benjamin,uta
eden,uta
edgar  winter,uta
edwin mccain,uta
eee  gee,uta
effin,uta
el malilla,uta
eladio carrion,uta
elby  faser,uta
elder  island,uta
elephante,uta
elevation  rhythm,uta
elevation worship,uta
elhae,uta
eli brown,uta
eli young band,uta
elias  hix,uta
elijah  woods,uta
elijah and skilliam,uta
elke,uta
ella  hunt,uta
ella  mai,uta
elles  bailey,uta
elley duhé,uta
ellrod,uta
elohim,uta
ely  oaks,uta
elysia  biro,uta
embrace,uta
emei,uta
emily  ann roberts,uta
emily  nash,uta
emma-jean  thackray,uta
emmit  fenn,uta
emmy  russell,uta
emorfik,uta
emory,uta
emotional oranges,uta
empirical,uta
emyrson  flora,uta
ena  mori,uta
"english  beat, the",uta
english  teacher,uta
eptic,uta
eric burdon and the animals,uta
erika de casier,uta
erin lecount,uta
erol  alkan,uta
ethan  bortnick,uta
ethanuno,uta
ethel,uta
europe,uta
eve,uta
excision,uta
eynka,uta
fairlane,uta
fally  ipupa,uta
fancy  hagood,uta
far caspian,uta
fields  of the nephilim,uta
fig,uta
fightmaster,uta
fil  eisler,uta
finbar  furey,uta
fine,uta
finn  foxell,uta
finn askew,uta
"fixx,  the",uta
fka  twigs,uta
flava d,uta
flawed  mangoes,uta
flo  rida,uta
florence  sinclair,uta
florence  + the machine,uta
florrie,uta
flosstradamus,uta
flux pavilion,uta
fly  by midnight,uta
foals,uta
footsie,uta
fordo,uta
forrest  frank,uta
fortunate youth,uta
fousheé,uta
fovos,uta
foxing,uta
frankie  stew and harvey gunn,uta
frankie ballard,uta
franklin  jonas,uta
franky  wah,uta
freaks  and geeks,uta
free  nationals,uta
french  braids,uta
french  the kid,uta
friction,uta
from  ashes to new,uta
frozemode,uta
fuel,uta
funtcase,uta
g  herbo,uta
gabby's  dollhouse live!,uta
gabito  ballesteros,uta
gabzy,uta
gad  elmaleh,uta
gaia,uta
galdive,uta
games we play,uta
ganja white night,uta
gardella,uta
gareth,uta
gary  barlow,uta
gaskin,uta
gata,uta
gavin  rossdale,uta
gavin turek,uta
gayle,uta
geddy  lee,uta
gee  lee,uta
gelli  haha,uta
george  pippen,uta
george benson,uta
gerry  cinnamon,uta
getter,uta
ghastly,uta
ghengar,uta
ghoulish,uta
gina  jeanz,uta
gio.,uta
girl  ultra,uta
girlfriends,uta
giveon,uta
gkat,uta
gladde  paling,uta
glenn  tilbrook,uta
glokk40spaz,uta
gloria gaynor,uta
goapele,uta
gogo  penguin,uta
gogol bordello,uta
good  health good wealth,uta
goodboys,uta
goosey,uta
gorillat,uta
gottmik,uta
grace  gardner,uta
grace  vanderwaal,uta
grafix,uta
graham  barham,uta
grand funk railroad,uta
gravedgr,uta
graveyard,uta
grayscale,uta
great  grandpa,uta
greek,uta
grey zeigler,uta
grimes,uta
grizzly  bear,uta
grove,uta
gunna,uta
guns n' roses,uta
habstrakt,uta
haffway,uta
haim,uta
hak  baker,uta
halfnoise,uta
halsey,uta
hamish  hawk,uta
hana  eid,uta
hank  azaria and the ez street band – a springsteen celebration,uta
hans  glader,uta
hans  williams,uta
harper  finn,uta
harriet  jaxxon,uta
haste  the day,uta
hatebreed,uta
haven  madison,uta
hayd,uta
hayden  blount,uta
hayden  coffman,uta
hayla,uta
hayley  williams,uta
haywyre,uta
hazel  english,uta
headwreck,uta
heartworms,uta
hedex,uta
heléna  star,uta
hello  yello,uta
hellogoodbye,uta
henry moodie,uta
henry jamison,uta
hi-lo,uta
hiatus  kaiyote,uta
highly  suspect,uta
hillari,uta
hills,uta
hilltop hoods,uta
hirie,uta
hiroko  yamamura,uta
hirsch,uta
hit-boy,uta
hitty,uta
hohnen  ford,uta
hol!,uta
hollow  pact,uta
holly  macve,uta
hollywood  vampires,uta
holy  priest,uta
holywatr,uta
home  free,uta
hope tala,uta
horsegiirl,uta
house  of pharaohs,uta
house  of protection,uta
howard  donald,uta
hudson  mohawke,uta
hugo  chegwin,uta
human  movement,uta
humble  the great,uta
hunter flynn,uta
hurtbox,uta
hvdes,uta
hwasa,uta
hybrid minds,uta
iam tongi,uta
ichiko  aoba,uta
ida  mae,uta
idlewild,uta
iggy  azalea,uta
igwe  aka,uta
ikky,uta
illenium,uta
ilsey,uta
imanu,uta
indo warehouse,uta
indy,uta
infected mushroom,uta
infekt,uta
iniko,uta
ink,uta
iris,uta
isabella  lovestory,uta
isabella  rossellini,uta
issey  cross,uta
ivri,uta
iyla,uta
j.  worra,uta
j. cole,uta
j.i  the prince of n.y,uta
j.i.d,uta
jack  saunders,uta
jack  ü,uta
jack kane,uta
jackie  hollander,uta
jacob  jeffries,uta
jacob  collier,uta
jacquees,uta
jade bird,uta
jade novah,uta
jaden  bojsen,uta
jae  stephens,uta
jaguar,uta
jake  wesley rogers,uta
jake  miller,uta
jake  shore,uta
jamal  roberts,uta
james  hype,uta
james  blake,uta
james righton,uta
james murphy,uta
james vickery,uta
jamey johnson,uta
jamie  macdonald,uta
jamie  duggan,uta
jamiroquai,uta
jane  handcock,uta
jane  penny,uta
jane  krawkowski,uta
jasiel  nuñez,uta
jason  bonham's led zeppelin evening,uta
jason  schmidt,uta
jason  derulo,uta
jason  alexander,uta
jasta,uta
jawnino,uta
jax,uta
jay  buchanan,uta
jayler,uta
jaz  karis,uta
jazzy,uta
jeezy,uta
jeff  goldblum and the mildred snitzer orchestra,uta
jeff  bernat,uta
jefferson starship,uta
jenna  davis,uta
jeremiah  asiamah,uta
jeremih,uta
jeremy enigk,uta
jerub,uta
jeshi,uta
jessi,uta
jessica  baio,uta
jessie  reyez,uta
jessie  j,uta
jessie  murph,uta
jessy lanza,uta
jet  trouble,uta
jet,uta
jewel,uta
jharrel  jerome,uta
jhené  aiko,uta
jianbo,uta
jill  scott,uta
jim  legxacy,uta
jim  james,uta
jimbo  the drag clown,uta
jimmy  eat world,uta
jj  lin,uta
jkyl  and hyde,uta
jmsn,uta
jo  from school,uta
joa,uta
joalin,uta
joe  armon-jones,uta
joe  jonas,uta
joey  valence and brae,uta
joey dosik,uta
john  legend,uta
john  eddie,uta
john  foster,uta
john  grant,uta
john waters,uta
john  carpenter,uta
john popper,uta
john harvie,uta
john,uta
johnny  huynh,uta
johnny  jewel,uta
johnny  stimson,uta
joker,uta
jon  batiste,uta
jon  bellion,uta
jon  casey,uta
jon foreman,uta
jonah  yano,uta
jonah  marais,uta
jonas  brothers,uta
jools  holland,uta
joost  klein,uta
jordan ward,uta
jordin sparks,uta
jorge  drexler,uta
jorjiana,uta
josef  lamercier,uta
josh  levi,uta
josh  weathers,uta
josh  ramsay,uta
joshua  henry,uta
joshua bassett,uta
joss  stone,uta
joyryde,uta
jp saxe,uta
jstjr,uta
judy  collins,uta
juelz,uta
juhn,uta
julianne  hough,uta
juliette  lewis,uta
junior  andre,uta
juos,uta
justin  jay,uta
justine  skye,uta
jutes,uta
jvke,uta
jvna,uta
jxdn,uta
k  motionz,uta
k+lab,uta
kabza  de small,uta
kahani,uta
kai wachi,uta
kal  banx,uta
kamaiyah,uta
kamasi washington,uta
kamillion,uta
kanine,uta
kard,uta
karen  dio,uta
karol  g,uta
kas:st,uta
kasablanca,uta
kasia,uta
kaskade,uta
kat  luna,uta
kat  von d,uta
kat  graham,uta
katatonia,uta
kate  nash,uta
katie  melua,uta
katie  lynne sharbaugh,uta
katy  b,uta
kavinsky,uta
kayzo,uta
keke  palmer,uta
kelela,uta
keli  holiday,uta
kelis,uta
kelly rowland,uta
kelsey lu,uta
kembe  x,uta
kennedy  ryon,uta
kennyhoopla,uta
kenya  grace,uta
kevin  woo,uta
kevin  gates,uta
kevin jonas,uta
khushi,uta
kid  sistr,uta
kidd  g,uta
kids  that fly,uta
kiefer  sutherland,uta
kiefer,uta
kilimanjaro,uta
kill  the noise,uta
killing  joke,uta
killowen,uta
killsing,uta
killswitch  engage,uta
king crimson,uta
kings of the rollers,uta
kiran  + nivi,uta
klangphonics,uta
klo,uta
knxwledge,uta
kompany,uta
korolova,uta
kotiēr,uta
koven,uta
kream,uta
kristin chenoweth,uta
kruder  and dorfmeister,uta
kruelty,uta
krystal  keith,uta
kula  shaker,uta
kumo  99,uta
kunal merchant,uta
kurupt fm,uta
kwengface,uta
kwes  e,uta
kyle  daniel,uta
kyle  watson,uta
kyle  dion,uta
kylie  minogue,uta
kyndal  inskeep,uta
l'impératrice,uta
l7,uta
ladies of leisure,uta
lady  shaka,uta
laima,uta
lakeview,uta
lanco,uta
lany,uta
laredo,uta
last  dinosaurs,uta
last  hounds,uta
last  heroes,uta
latto,uta
laura  karpman,uta
lauren  duffus,uta
lawrence,uta
lay  bankz,uta
layz,uta
lazer  dim 700,uta
lcd  soundsystem,uta
le boom,uta
lecrae,uta
lee  brady,uta
leif  vollebekk,uta
leigh-anne,uta
leisure,uta
lelo,uta
lemar,uta
leningrad,uta
lens,uta
leo  waters,uta
leon iii,uta
léon,uta
leona  lewis,uta
let's eat grandma,uta
lethal  bizzle,uta
letoya  luckett,uta
level 42,uta
leven  kali,uta
levi,uta
lewis ofman,uta
lex amor,uta
lexa  gates,uta
lg  malique,uta
liam  cormier,uta
libianca,uta
light  the torch,uta
lihtz,uta
liily,uta
lil  man j,uta
lil  wayne,uta
lil dicky,uta
lil  texas,uta
lil nas x,uta
lilly  palmer,uta
lily  meola,uta
lisa  scott lee,uta
lisa stansfield,uta
lit,uta
little  dume,uta
lizzo,uta
lny  tnz,uta
local  natives,uta
loe  shimmy,uta
logan  michael,uta
logan,uta
lord  apex,uta
loren  kramar,uta
loren  allred,uta
løren,uta
louie thesinger,uta
louis  bekk,uta
lous and the yakuza,uta
love  remain,uta
loveleo,uta
low  island,uta
lowlives,uta
lsdream,uta
lszee,uta
lu.re,uta
lucifena,uta
lucki,uta
lucky  love,uta
lucy  guo,uta
lucy  mcwilliams,uta
ludacris,uta
luke  alexander,uta
luke  dean,uta
lunice,uta
lupe fiasco,uta
lusu,uta
lute,uta
luude,uta
lynda  dawn,uta
lyny,uta
lynyrd skynyrd,uta
lyvia,uta
lyzza,uta
m huncho,uta
m.i.a.,uta
mac  mcanally,uta
macky  gee,uta
macy  gray,uta
mad tsai,uta
madden  metcalf,uta
maddix,uta
madelline,uta
magnolia park,uta
magnus  ferrell,uta
maiya  blaney,uta
maiya  the don,uta
major  lazer,uta
maleigh  zan,uta
malice  k,uta
mammoth,uta
mansionz,uta
marc  almond,uta
marc  scibilia,uta
marc  rebillet,uta
marcel  dettmann,uta
marcin,uta
marco  strous,uta
marianas  trench,uta
marie  vaunt,uta
marie  davidson,uta
maris,uta
mark  morton,uta
mark  owen,uta
marqus clae,uta
marshall  gilmour webbs,uta
martelo,uta
marti  pellow,uta
marty stuart,uta
maryjo,uta
masego,uta
masicka,uta
masked  republic,uta
mason  ramsey,uta
massive  attack,uta
matt  maltese,uta
matt  hansen,uta
mattie  pruitt,uta
mattilo,uta
max  dean,uta
max raabe and palast orchester,uta
max styler,uta
maxo,uta
maya  delilah,uta
mechatok,uta
meet  me @ the altar,uta
meg and dia,uta
megadeth,uta
megan  moroney,uta
megra,uta
melt,uta
memba,uta
memphis  may fire,uta
menudo,uta
messie,uta
mesto,uta
metronomy,uta
meute,uta
mf doom,uta
mgna  crrrta,uta
mhd,uta
mia  koden,uta
mia gladstone,uta
michael  feinstein,uta
michael  franti and spearhead,uta
michael  franti trio,uta
michael aldag,uta
michael brun,uta
michaela  jaé,uta
michelle  williams,uta
michigan  rattlers,uta
mickman,uta
middle distance,uta
midland,uta
midnight  generation,uta
midnight  tyrannosaurus,uta
midnight kids,uta
miike  snow,uta
mike  will made-it,uta
mike  posner,uta
mike  d,uta
mike eli,uta
mild orange,uta
mildlife,uta
miles  minnick,uta
miles  mosley,uta
miley  serious,uta
milion,uta
milky chance,uta
millencolin,uta
mills,uta
mind  enterprises,uta
miso  extra,uta
mitis,uta
mnelia,uta
moby  (dj set)x,uta
modera,uta
moderat,uta
modeselektor,uta
modestep,uta
mojave  grey,uta
moksi,uta
molchat  doma,uta
molly  grace,uta
mon  laferte,uta
monaleo,uta
mondo  cozmo,uta
monét  x change,uta
moody  good,uta
moody joody,uta
moonchild,uta
mora prokaza,uta
morad,uta
morgan  seatree,uta
moritz hofbauer,uta
morten,uta
mosaic  msc,uta
moses  sumney,uta
moses  yoofee trio,uta
mothica,uta
mozey,uta
mr  eazi,uta
mr.  fantasy,uta
ms  dynamite,uta
ms banks,uta
muerte,uta
museum of love,uta
mwanje,uta
mya,uta
myles  frost,uta
myles kennedy,uta
mystic  marley,uta
n-dubz,uta
nai  palm,uta
naïka,uta
name that tune – live!,uta
nami,uta
nancy and beth,uta
nanna,uta
nardo  wick,uta
natalia  lafourcade,uta
nathan  dawe,uta
nav,uta
ned  ledoux,uta
nell mescal,uta
neon  indian,uta
nero,uta
netsky,uta
nevaeh jolie,uta
never dull,uta
nevertel,uta
nghtmre,uta
nia  archives,uta
nia  sultana,uta
nick  folwarczny,uta
nick  jonas,uta
nicki  minaj,uta
nicky romero,uta
nico  de andrea,uta
nicolas  julian,uta
nicole  atkins,uta
nicôle lecky,uta
night  tapes,uta
night tales,uta
nightly,uta
nightmares on wax,uta
niiko x swae,uta
"nikita,  the wicked",uta
nimda,uta
nimino,uta
nina  cobham,uta
nine  vicious,uta
niontay,uta
nissi,uta
noa  kirel,uta
noah  levine,uta
noah  guy,uta
noga  erez,uta
noizu,uta
noname,uta
not  for radio,uta
not  enough space,uta
notion,uta
nouvelle vague,uta
nova  twins,uta
november  ultra,uta
"now,  now",uta
nto,uta
nu  genea,uta
nurko,uta
nxworries,uta
obed  padilla,uta
obituary,uta
ocean  alley,uta
ocean wisdom,uta
oden  and fatzo,uta
odetari,uta
odie,uta
of  monsters and men,uta
of  mice and men,uta
ogi,uta
oh  he dead,uta
ohthatsmizz,uta
oliver  francis,uta
oliver heldens,uta
olympe,uta
omar  courtz,uta
omen,uta
ootoro,uta
opeth,uta
oppidan,uta
orbit  culture,uta
oreglo,uta
orlando,uta
osamason,uta
oscar jerome,uta
ot7  quanny,uta
otha,uta
otherwish,uta
our  lady peace,uta
overtonight,uta
ovrkast.,uta
oxlade,uta
ozomatli,uta
p  montana,uta
p-rallel,uta
p1harmony,uta
pa  salieu,uta
pacifica,uta
palace,uta
panteros666,uta
paper skies,uta
paperwater,uta
parachute,uta
paramore,uta
parcels,uta
paris hilton,uta
parov  stelar,uta
partynextdoor,uta
pat  barrett,uta
patrick martin,uta
paul van dyk,uta
paula  abdul,uta
pauline  herr,uta
payton  sullivan,uta
peach  tree rascals,uta
peaches,uta
peekaboo,uta
people museum,uta
perceval,uta
perel,uta
pest  control,uta
peter  murphy,uta
peter frampton,uta
peter manos,uta
phantom  planet,uta
phil  wickham,uta
phillip phillips,uta
phillipa  soo,uta
phonon,uta
phrva,uta
pink floyd,uta
pissed  jeans,uta
pixie  lott,uta
plaqueboymax,uta
plastique tiara,uta
polo  and pan,uta
pom  pom squad,uta
pomme,uta
pool  kids,uta
poolside,uta
pop evil,uta
popof,uta
porcupine tree,uta
porij,uta
poté,uta
prada2000,uta
presley  jean cross,uta
pretty  girl,uta
prima  queen,uta
princess  nokia,uta
prosecute,uta
psy,uta
psychedelic porn crumpets,uta
public  enemy,uta
pug  johnson,uta
punchbag,uta
pussy  riot,uta
qing madi,uta
quavo,uta
queen latifah,uta
quiet  light,uta
quinnie,uta
quintino,uta
qwer,uta
ra  ra riot,uta
rachel  platten,uta
rae  sremmurd,uta
rae  khalil,uta
rafael,uta
raffaella,uta
rauw  alejandro,uta
ray  volpe,uta
reaper,uta
rebecca  black,uta
redveil,uta
reel  big fish,uta
rei ami,uta
relient  k,uta
remedy  club,uta
remember  monday,uta
renée  elise goldsberry,uta
reo speedwagon,uta
restricted,uta
rexx life raj,uta
ricky  manning,uta
rimon,uta
rinzen,uta
riopy,uta
riot  ten,uta
rip  magic,uta
rita  ora,uta
ritchie,uta
rival  sons,uta
rj  pasin,uta
robert fripp,uta
robert glasper,uta
robyn,uta
rocco,uta
rodrigo y gabriela,uta
romance  planet,uta
rome  and duddy,uta
rome,uta
romeo  santos,uta
rommii,uta
rooney,uta
rosalía,uta
rose  betts,uta
rosie,uta
ross  quinn,uta
ross copperman,uta
rova,uta
roy  woods,uta
royal  and the serpent,uta
royale  lynn,uta
rubii,uta
rufus  wainwright,uta
rush,uta
russ,uta
ruston  kelly,uta
ruze,uta
ryan charles,uta
ryan trey,uta
ryan  destiny,uta
sabrina  sterling,uta
sabrina  claudio,uta
sace6,uta
said the sky,uta
sainté,uta
salem  ilese,uta
sam  alfred,uta
sam  rivera,uta
sam  wise,uta
sam  nelson harris,uta
sam tompkins,uta
sam divine,uta
sam macpherson,uta
samantha  smith,uta
sammy  virji,uta
sammy hagar and the circle,uta
sampa  the great,uta
sampha,uta
samplifire,uta
sandhouse,uta
santigold,uta
sasha  velour,uta
savage  master,uta
saweetie,uta
scary  pockets,uta
schrotthagen,uta
scorpion  kings,uta
scott bradlee's postmodern jukebox,uta
scotty  emerick,uta
script,uta
sebastian  yatra,uta
sebastien  tellier,uta
seether,uta
selfish  sons,uta
serum,uta
set mo,uta
seth  david,uta
seu  jorge,uta
sevdaliza,uta
sg  lewis,uta
shaun  ross,uta
shaun  cassidy,uta
shenseea,uta
sherie,uta
shima,uta
shiverz,uta
shlohmo,uta
showtek,uta
shura,uta
shygirl,uta
sicaria,uta
sidequest,uta
sidewalks  and skeletons,uta
sigma,uta
sigrid,uta
silk  city,uta
silk,uta
silly goose,uta
silvana  estrada,uta
sim,uta
simon  mcbride,uta
simon  and garfunkel,uta
simula,uta
sir spyro,uta
six60,uta
skaar,uta
skaiwater,uta
skellytn,uta
skepsis,uta
skid row,uta
skilah,uta
skrapz,uta
skullcrusher,uta
skyla  tylaa,uta
slamm,uta
slater  nalley,uta
slay,uta
sleep  theory,uta
slew,uta
slim  jxmmi,uta
slvl,uta
smallpools,uta
smino,uta
smokey  bubblin' b,uta
snarky puppy,uta
snoh  aalegra,uta
snuggle,uta
so you think you can dance,uta
soap,uta
social  house,uta
sodown,uta
sofaygo,uta
sofia  kourtesis,uta
sofia  wylie,uta
sofiya  nzau,uta
soft  play,uta
soft cell,uta
sol  chyld,uta
solange,uta
solardo,uta
solon  holt,uta
sombr,uta
sons of legion,uta
sons of the east,uta
sophie  cates,uta
sophie  castillo,uta
sorcha  richardson,uta
sosa,uta
sosocamo,uta
soulwax,uta
southern  avenue,uta
southstar,uta
space  92,uta
space laces,uta
spencer sutherland,uta
spin  doctors,uta
spoon,uta
squeeze,uta
srsq,uta
st. pedro,uta
st.  vincent,uta
stacey ryan,uta
stafford brothers,uta
stalking gia,uta
starcrawler,uta
starset,uta
status quo,uta
steel  beans,uta
steel panther,uta
steinza,uta
steller,uta
stephen  wilson jr.,uta
steps,uta
sterling  elza,uta
steve  lacy,uta
steve  stamp,uta
steve  earle,uta
steven  wilson,uta
steven  pasquale,uta
stoned level,uta
stromaé,uta
stüm,uta
sturdyyoungin,uta
sub focus,uta
sublime with rome,uta
sullivan  king,uta
sultan + shepard,uta
summer  school tour,uta
summer  walker,uta
sunday  scaries,uta
sunn  o))),uta
sunnery  james and ryan marciano,uta
sunny  day real estate,uta
surfaces,uta
susanne sundfør,uta
svdden  death,uta
swae  lee,uta
swavay,uta
swimming paul,uta
switch  disco,uta
switchfoot,uta
syd,uta
sydnie  christmas,uta
sylosis,uta
symba,uta
szn4,uta
t  e s t p r e s s,uta
t.i.,uta
t78,uta
taahliah,uta
taela,uta
take  that,uta
tanerélle,uta
tank,uta
tash  lc,uta
taska  black,uta
taylor  dayne,uta
taylor bennett,uta
taylor  acorn,uta
teeks,uta
teen  jesus and the jean teasers,uta
teenage  dads,uta
teezo  touchdown,uta
tender,uta
terrace  martin,uta
terrian,uta
tessa  violet,uta
that  hallmark movie: the musical,uta
the  avener,uta
the woods,uta
the  human league,uta
the  internet,uta
the  resistance,uta
the  george michael singers,uta
the  billy joel legacy,uta
the  all-american rejects,uta
the  go-go's,uta
the  mowgli's,uta
the  amazons,uta
the  dandy warhols,uta
the  kid laroi,uta
the  dip,uta
"the  army, the navy",uta
the  backfires,uta
the  two lips,uta
the  jack wharff band,uta
the  baboon show,uta
the  underachievers,uta
the  marshall tucker band,uta
the  fray,uta
the  thing,uta
the  sword,uta
the  502s,uta
the  retrograde,uta
the  skints,uta
the  philharmonik,uta
the  jungle giants,uta
the  blood brothers,uta
the  glorious sons,uta
the  damned,uta
the  band feel,uta
the  dare,uta
the  dirty nil,uta
the  marías,uta
the outlaws,uta
the  chemical brothers,uta
the  oh hellos,uta
the  funk hunters,uta
the  jordan,uta
the  headlines,uta
the  cavemen.,uta
the  whitest boy alive,uta
the lacs,uta
the  jaded hearts club,uta
the sounds,uta
the drums,uta
the  dark,uta
the  driver era,uta
the australian pink floyd show,uta
the bacon brothers,uta
the brook and the bluff,uta
the clairvoyants,uta
the ghost inside,uta
the kount,uta
the lathums,uta
the luka state,uta
the pretty reckless,uta
thebandfriday,uta
theboyshadow,uta
theo  katzman,uta
thomas  edwards,uta
thomas  day,uta
those  damn crows,uta
thunder jackson,uta
thxsomch,uta
thys,uta
tierra whack,uta
tiffany day,uta
tim  montana,uta
tim  foust,uta
timecop1983,uta
times  of grace,uta
timmy trumpet,uta
tinariwen,uta
tinashe,uta
tink,uta
tita  lau,uta
tiwa savage,uta
tlc,uta
tobehonest,uta
tohji,uta
tokischa,uta
tokyo machine,uta
tom  did it,uta
tommy  phillips,uta
tommy  wá,uta
tones  and i,uta
toni  braxton,uta
tops,uta
tori  kelly,uta
tough  cookie,uta
travie  mccoy,uta
treanne,uta
tremonti,uta
trevor  spitta,uta
trey  makai,uta
tripolism,uta
trippie  redd,uta
trivecta,uta
trixie  mattel,uta
trout,uta
tsu nami,uta
tunde  adebimpe,uta
turbowolf,uta
turbulences,uta
turno,uta
tv  on the radio,uta
two shell,uta
tyler hubbard,uta
tyler cole,uta
ub40,uta
underside,uta
underworld,uta
unflirt,uta
unknown  t,uta
unpeople,uta
untitled  (halo),uta
unto  others,uta
urika's  bedroom,uta
usaybflow,uta
usted  señalemelo,uta
valley  flower,uta
van  damn,uta
vandelux,uta
vanessa  williams,uta
vanessa paradis,uta
vavo,uta
veil  of maya,uta
venbee,uta
vendredi  sur mer,uta
vibe  chemistry,uta
victor  lou,uta
victoria justice,uta
video nasties,uta
vieze  asbak,uta
vini  vici,uta
vio-lence,uta
violet chachki,uta
viperactive,uta
virg,uta
vita,uta
void  of vision,uta
voltage,uta
vtss,uta
wade  macneil,uta
wage  war,uta
wajatta,uta
warface,uta
warmduscher,uta
warren  g,uta
watsky,uta
wax  motif,uta
wells  ferrari,uta
wes  nelson,uta
wes  mills,uta
wesley joseph,uta
weston  loney,uta
whatmore,uta
wheel of fortune live!,uta
wheeler walker jr.,uta
while  she sleeps,uta
wilkinson,uta
will  dempsey,uta
will  swinton,uta
will  moseley,uta
will  sparks,uta
will anderson,uta
will linley,uta
will.i.am,uta
william black,uta
william prince,uta
willow,uta
willow  avalon,uta
willow  kayne,uta
wilt,uta
wizkid,uta
wizthemc,uta
woodkid,uta
wooli,uta
wuki,uta
x  ambassadors,uta
x,uta
xdinary  heroes,uta
yaego,uta
yaeji,uta
yaelokre,uta
yakiyn,uta
yamê,uta
yann tiersen,uta
yasi,uta
yasmin  williams,uta
yaz,uta
yehme2,uta
yelawolf,uta
yelle,uta
yellow claw,uta
yendry,uta
yeule,uta
yg,uta
yosuf,uta
you  me at six,uta
young  the giant,uta
young thug,uta
youngr,uta
your  old droog,uta
yseult,uta
yulia  niko,uta
yuna,uta
yunè pinku,uta
yves  tumor,uta
yvm3,uta
zac  farro,uta
zaho  de sagazan,uta
zandi  holup,uta
zayn,uta
zaz,uta
zebrahead,uta
zelooperz,uta
zerb,uta
zhu,uta
zimmer90,uta
zingara,uta
zlata,uta
zoey808,uta
zolita,uta
zomboy,uta
zzz.,uta
