artist,followers,streams,playlists,playlist reach,charts,shazams,videos,views,dj supports,total_appearances,years_played,agency
1080p,6,5986,1,641,0,17,45,9800,0,1,2024,insomniac
a shade of black,0,15100,0,11000,7,0,0,0,0,1,2024,
aaron k,1,2163,0,0,1,4,2,0,0,2,"2024, 2025",insomniac
abana,7710,468000,175,4220000,60,15300,110,1890000,93,3,"2022, 2023, 2024",insomniac
d. zeledon,5776,69600,25,218000,18,764,31,9672,58,1,2024,insomniac
acraze,828000,1630000000,23700,604000000,2744,12600000,2890000,22200000000,7698,3,"2022, 2023, 2024",insomniac
acraze,828000,1630000000,23700,604000000,2744,12600000,2890000,22200000000,7698,3,"2022, 2023, 2024",uta
kream,1490000,1530000000,17600,315000000,887,3570000,335000,475000000,9987,3,"2022, 2023, 2024",insomniac
kream,1490000,1530000000,17600,315000000,887,3570000,335000,475000000,9987,3,"2022, 2023, 2024",uta
adam beyer,3780000,254000000,8314,123000000,822,2000000,24700,166000000,14600,2,"2022, 2024",insomniac
adam beyer,3780000,254000000,8314,123000000,822,2000000,24700,166000000,14600,2,"2022, 2024",wme
adam pearce,25500,19800000,810,21900000,157,14100,1632,2440000,59,1,2024,insomniac
adam x,36300,569000,90,453000,96,5981,36,9173,54,1,2024,insomniac
adrenalize,318000,134000000,2708,15400000,157,174000,2018,9820000,2887,4,"2022, 2023, 2024, 2025",insomniac
adrenalize,318000,134000000,2708,15400000,157,174000,2018,9820000,2887,4,"2022, 2023, 2024, 2025",corson
wasted penguinz,697000,214000000,2623,18600000,173,343000,3498,15600000,2704,1,2024,insomniac
wasted penguinz,697000,214000000,2623,18600000,173,343000,3498,15600000,2704,1,2024,corson
adventure club,4040000,1260000000,8099,98300000,517,4400000,48600,74200000,1599,1,2024,insomniac
adventure club,4040000,1260000000,8099,98300000,517,4400000,48600,74200000,1599,1,2024,uta
afrodisiac,4515,1620000,90,576000,1,2405,123,49900,0,1,2024,insomniac
airglo,31700,6690000,641,5910000,172,34600,787,2080000,356,2,"2023, 2024",insomniac
airglo,31700,6690000,641,5910000,172,34600,787,2080000,356,2,"2023, 2024",corson
airwolf paradise,79200,40400000,2569,42900000,347,435000,3346,25800000,2357,1,2024,insomniac
airwolf paradise,79200,40400000,2569,42900000,347,435000,3346,25800000,2357,1,2024,wasserman
akaio,30,10700,1,689,0,4,1,163,0,1,2024,insomniac
alchimyst,121000,15700000,836,17700000,235,101000,43400,85800000,525,1,2024,insomniac
alesso,22400000,11700000000,60400,901000000,3321,67900000,627000,1940000000,35200,3,"2022, 2024, 2025",insomniac
algo,72400,7800000,420,15000000,33,11100,221,520000,378,1,2024,insomniac
alison wonderland,4179999,901000000,10200,188000000,706,3240000,50100,163000000,5183,3,"2023, 2024, 2025",insomniac
alison wonderland,4179999,901000000,10200,188000000,706,3240000,50100,163000000,5183,3,"2023, 2024, 2025",wasserman
aly & fila,3110000,300000000,3285,35800000,991,3190000,21500,33400000,18400,1,,
andrew bayer,536000,162000000,3702,56100000,784,1970000,33400,258000000,10300,1,2024,insomniac
andrew bayer,536000,162000000,3702,56100000,784,1970000,33400,258000000,10300,1,2024,wasserman
andrew rayel,2060000,469000000,6704,115000000,763,2760000,53200,103000000,14800,2,"2022, 2024",insomniac
andruss,145000,124000000,4762,81700000,742,1570000,31700,129000000,5255,1,2024,insomniac
angerfist,4740000,955000000,4856,23500000,532,1410000,78300,204000000,7874,1,2024,insomniac
angerfist,4740000,955000000,4856,23500000,532,1410000,78300,204000000,7874,1,2024,uta
argy,1720000,686000000,9390,151000000,1436,9370000,487000,1200000000,11000,2,"2024, 2025",insomniac
argy,1720000,686000000,9390,151000000,1436,9370000,487000,1200000000,11000,2,"2024, 2025",wme
armin van buuren,35200000,14400000000,57000,656000000,3203,80900000,2490000,6.99N,79400,4,"2022, 2023, 2024, 2025",insomniac
armnhmr,553000,220000000,3127,56000000,388,276000,8682,40500000,1309,4,"2022, 2023, 2024, 2025",insomniac
armnhmr,553000,220000000,3127,56000000,388,276000,8682,40500000,1309,4,"2022, 2023, 2024, 2025",uta
assembly,676,15600,0,0,2,54,1,1938,0,4,"2022, 2023, 2024, 2025",insomniac
atliens,1030000,192000000,2815,20600000,311,412000,22300,110000000,2140,3,"2022, 2024, 2025",insomniac
atliens,1030000,192000000,2815,20600000,311,412000,22300,110000000,2140,3,"2022, 2024, 2025",uta
atmozfears,765000,363000000,5110,46600000,341,677000,4473,13600000,7478,1,2024,insomniac
atmozfears,765000,363000000,5110,46600000,341,677000,4473,13600000,7478,1,2024,corson
audiofreq,298000,58000000,2105,13400000,206,161000,3049,2360000,4040,3,"2022, 2023, 2024",insomniac
audiofreq,298000,58000000,2105,13400000,206,161000,3049,2360000,4040,3,"2022, 2023, 2024",corson
azzecca,106000,37000000,2681,62000000,298,421000,5790,21300000,1516,2,"2023, 2024",insomniac
azzecca,106000,37000000,2681,62000000,298,421000,5790,21300000,1516,2,"2023, 2024",wasserman
baggi,155000,104000000,1467,13100000,137,1290000,60600,42400000,1593,4,"2022, 2023, 2024, 2025",insomniac
bec,154000,9250000,852,15300000,222,48600,647,16200000,1091,1,2024,insomniac
ben hemsley,411000,146000000,3665,59100000,790,801000,19900,80000000,2833,2,"2024, 2025",insomniac
ben sterling,231000,17100000,2037,20600000,314,209000,1061,6430000,2572,2,"2024, 2025",insomniac
benny benassi,5710000,6320000000,46700,537000000,2659,41900000,1860000,10400000000,17200,1,2024,insomniac
benny benassi,5710000,6320000000,46700,537000000,2659,41900000,1860000,10400000000,17200,1,2024,wasserman
bianca oblivion,44600,3800000,724,15900000,180,68600,958,4179999,332,1,2024,insomniac
blake webber,1680000,2470000,206,9430000,17,6377,898,10400000,48,3,"2022, 2023, 2024",insomniac
blake.,1116,139000,29,363000,0,258,19,6086,0,1,2024,insomniac
blastoyz,2100000,290000000,3606,31000000,542,1070000,39800,80100000,2363,3,"2022, 2023, 2024",insomniac
blastoyz,2100000,290000000,3606,31000000,542,1070000,39800,80100000,2363,3,"2022, 2023, 2024",uta
blklght,30800,7560000,313,5890000,30,35800,664,22800000,61,2,"2024, 2025",insomniac
bones,3560000,5200000000,13300,76400000,883,11500000,1260000,4610000000,7,4,"2022, 2023, 2024, 2025",insomniac
boogie t,752000,177000000,1957,16700000,202,231000,17900,16399999,1009,3,"2022, 2023, 2024",insomniac
boogie t,752000,177000000,1957,16700000,202,231000,17900,16399999,1009,3,"2022, 2023, 2024",wasserman
bou,965000,865000000,7131,122000000,1079,3170000,101000,469000000,5070,1,2024,insomniac
bou,965000,865000000,7131,122000000,1079,3170000,101000,469000000,5070,1,2024,uta
bowie jane,94800,746000,43,364000,12,43100,87,181000,5,1,2024,insomniac
brandi cyrus,1270000,2170000,107,1970000,49,1140,402,951000,0,1,2024,insomniac
brina knauss,315000,4690000,664,10100000,128,35200,499,7300000,293,1,2024,insomniac
bryan kearney,672000,137000000,3248,20700000,596,964000,22600,33299999,12700,1,2024,insomniac
bryan matthew,404000,53,60700,0,1,0,1,388000,0,1,2024,insomniac
bunny,12900,15100000,253,12100000,28,7527,455,5680000,52,4,"2022, 2023, 2024, 2025",insomniac
calussa,66900,58400000,3822,62400000,344,620000,11600,42600000,2300,2,"2024, 2025",insomniac
camden cox,88300,278000000,0,196000000,968,2080000,30700,227000000,3700,2,"2023, 2024",insomniac
carl cox,8780000,339000000,10100,130000000,1117,2350000,32000,92500000,8394,1,2024,insomniac
nicole moudaber,1910000,78900000,4467,69200000,715,1010000,10400,29600000,9946,1,2024,insomniac
caspa,798000,108000000,1449,12500000,216,699000,6711,124000000,1247,2,"2024, 2025",insomniac
caspa,798000,108000000,1449,12500000,216,699000,6711,124000000,1247,2,"2024, 2025",uta
cassian,700000,292000000,8860,148000000,872,2630000,65600,214000000,8376,1,2024,insomniac
cassian,700000,292000000,8860,148000000,872,2630000,65600,214000000,8376,1,2024,wasserman
castor & pollux,62200,9980000,1166,31900000,61,35800,664,2049999,863,1,,
cat & maomi,0,13600,0,191000,3,0,0,37500,3,1,,
celo,13400,2360000,252,1930000,42,5282,368,684000,351,2,"2024, 2025",insomniac
chef boyarbeatz,69300,4390000,431,3690000,49,12200,641,1090000,209,1,2024,insomniac
chelina manuhutu,517000,4410000,683,9540000,119,43700,858,2940000,536,1,2024,insomniac
chibs,153000,32900000,852,2970000,117,34000,2015,17400000,586,1,2024,insomniac
clawz,21100,426000,67,974000,5,955,41,240000,3,2,"2024, 2025",insomniac
clawz,21100,426000,67,974000,5,955,41,240000,3,2,"2024, 2025",corson
dømina,212000,3200000,170,4770000,31,15500,1502,4560000,31,1,2024,insomniac
dømina,212000,3200000,170,4770000,31,15500,1502,4560000,31,1,2024,uta
codeko,161000,187000000,0,90600000,433,318000,15200,22700000,1132,1,2024,insomniac
crankdat,2870000,499000000,5609,108000000,592,934000,37800,234000000,8934,2,"2024, 2025",insomniac
creeds,457000,819000000,9919,214000000,1639,5230000,1170000,3630000000,1863,1,2024,insomniac
helen ka,7848,20800000,388,1280000,28,50100,780,1190000,33,1,2024,insomniac
cristoph,340000,417000000,10200,165000000,1153,3680000,24100,53400000,12800,1,2024,insomniac
cristoph,340000,417000000,10200,165000000,1153,3680000,24100,53400000,12800,1,2024,caa
crystal skies,173000,142000000,2870,35300000,428,252000,9382,16600000,817,2,"2022, 2024",insomniac
culture shock,493000,294000000,4348,49200000,755,1230000,13500,29600000,5474,1,2024,insomniac
culture shock,493000,294000000,4348,49200000,755,1230000,13500,29600000,5474,1,2024,wasserman
d!ced,1914,9896,8,150000,0,9,1,0,0,2,"2022, 2024",insomniac
d-sturb,494000,407000000,4478,33900000,390,518000,6959,33800000,7258,4,"2022, 2023, 2024, 2025",insomniac
da tweekaz,1890000,1450000000,10400,71000000,932,2730000,322000,932000000,11800,4,"2022, 2023, 2024, 2025",insomniac
da tweekaz,1890000,1450000000,10400,71000000,932,2730000,322000,932000000,11800,4,"2022, 2023, 2024, 2025",corson
dabin,883000,775000000,7395,104000000,927,1220000,45600,140000000,2508,1,2024,insomniac
dabin,883000,775000000,7395,104000000,927,1220000,45600,140000000,2508,1,2024,uta
damon sharpe,303000,148000000,4870,151000000,378,277000,5480,105000000,1173,3,"2022, 2024, 2025",insomniac
david guetta,176000000,73600000,169000,1770000000,6579,362000000,17100000,49200000000,76000,2,"2023, 2024",insomniac
david guetta,176000000,73600000,169000,1770000000,6579,362000000,17100000,49200000000,76000,2,"2023, 2024",wasserman
david guetta,176000000,73600000,169000,1770000000,6579,362000000,17100000,49200000000,76000,2,"2023, 2024",caa
daxson,358000,44900000,975,8790000,388,239000,36300,48700000,5357,1,2024,insomniac
dead x,24300,9820000,519,3370000,64,8610,377,1060000,24,2,"2024, 2025",insomniac
levenkhan,41500,34700000,1133,7640000,162,71000,4588,17600000,195,3,"2023, 2024, 2025",insomniac
deadly guns,499000,299000000,2909,16300000,288,404000,7017,34800000,3194,3,"2022, 2023, 2024",insomniac
deadmau5,23500000,4340000000,28500,360000000,2108,21000000,332000,1070000000,24300,1,2024,insomniac
deadmau5,23500000,4340000000,28500,360000000,2108,21000000,332000,1070000000,24300,1,2024,caa
death code,3145,4000000,380,1860000,55,5551,179,502000,187,2,"2024, 2025",insomniac
death code,3145,4000000,380,1860000,55,5551,179,502000,187,2,"2024, 2025",corson
deborah de luca,6210000,352000000,5023,72500000,1005,2170000,159000,185000000,2286,2,"2022, 2024",insomniac
dee jay silver,341000,34000000,388,2830000,13,105000,22000,93600000,0,1,2024,insomniac
deeper purpose,189000,75800000,4689,41600000,521,720000,5381,46200000,4245,3,"2022, 2023, 2024",insomniac
denis sulta,471000,52600000,2284,28500000,321,325000,1026,4380000,709,1,2024,insomniac
deorro,7270000,4230000000,36400,436000000,2059,62000000,1260000,4040000000,14800,4,"2022, 2023, 2024, 2025",insomniac
deorro,7270000,4230000000,36400,436000000,2059,62000000,1260000,4040000000,14800,4,"2022, 2023, 2024, 2025",uta
devault,279000,722000000,11300,255000000,1012,2130000,11300,112000000,967,1,2024,insomniac
devault,279000,722000000,11300,255000000,1012,2130000,11300,112000000,967,1,2024,wasserman
devin wild,302000,126000000,2665,31400000,357,198000,2131,11200000,3853,2,"2024, 2025",insomniac
devin wild,302000,126000000,2665,31400000,357,198000,2131,11200000,3853,2,"2024, 2025",corson
keltek,341000,177000000,2772,14600000,223,261000,4504,13000000,2448,1,2024,insomniac
keltek,341000,177000000,2772,14600000,223,261000,4504,13000000,2448,1,2024,corson
dillon francis,20600000,4440000000,35300,536000000,1863,27600000,2560000,10800000000,19900,2,"2022, 2024",insomniac
dillon francis,20600000,4440000000,35300,536000000,1863,27600000,2560000,10800000000,19900,2,"2022, 2024",wasserman
dimension,887000,832000000,7787,127000000,928,3430000,77200,336000000,7762,3,"2023, 2024, 2025",insomniac
dimension,887000,832000000,7787,127000000,928,3430000,77200,336000000,7762,3,"2023, 2024, 2025",uta
diplo,33000000,30300000000,134000,1670000000,5743,143000000,7380000,16300000000,36300,1,2024,insomniac
diplo,33000000,30300000000,134000,1670000000,5743,143000000,7380000,16300000000,36300,1,2024,wasserman
diplo,33000000,30300000000,134000,1670000000,5743,143000000,7380000,16300000000,36300,1,2024,uta
disco fries,165000,213000000,7399,163000000,530,1210000,31400,164000000,3247,1,2024,insomniac
discrete,16100,357000,63,89700,35,12700,89,3045,47,3,"2023, 2024, 2025",insomniac
dj hazel,4161,1470000,5,4107,3,6031,143,714000,0,1,2024,insomniac
dj heartstring,384000,170000000,3112,57400000,594,409000,13500,116000000,629,1,2024,insomniac
dj heartstring,384000,170000000,3112,57400000,594,409000,13500,116000000,629,1,2024,wasserman
dj minx,78200,6810000,1328,26500000,333,70100,539,1620000,1284,2,"2023, 2024",insomniac
dj snake,75700000,35100000000,106000,1370000000,4715,206000000,57500000,29500000000,29600,3,"2022, 2024, 2025",insomniac
dj snake,75700000,35100000000,106000,1370000000,4715,206000000,57500000,29500000000,29600,3,"2022, 2024, 2025",wasserman
dom dolla,4210000,2029999999,24100,375000000,1715,11000000,290000,1600000000,13800,4,"2022, 2023, 2024, 2025",insomniac
dom dolla,4210000,2029999999,24100,375000000,1715,11000000,290000,1600000000,13800,4,"2022, 2023, 2024, 2025",wasserman
doses,3343,34100,4,67400,0,22,7,3547,0,1,2024,insomniac
dreya v,40700,7550000,1260,41500000,190,59000,526,1650000,1030,2,"2023, 2024",insomniac
east end dubs,501000,35900000,1547,15200000,241,203000,1264,5100000,1674,1,2024,insomniac
egzod,677000,1740000000,7181,84400000,1299,8480000,2290000,14500000000,285,1,2024,insomniac
eli brown,750000,581000000,14000,231000000,1277,3640000,35100,212000000,14600,3,"2023, 2024, 2025",insomniac
eli brown,750000,581000000,14000,231000000,1277,3640000,35100,212000000,14600,3,"2023, 2024, 2025",caa
eli brown,750000,581000000,14000,231000000,1277,3640000,35100,212000000,14600,3,"2023, 2024, 2025",uta
hi-lo,731000,394000000,8828,134000000,740,2350000,43100,204000000,11900,1,2024,insomniac
hi-lo,731000,394000000,8828,134000000,740,2350000,43100,204000000,11900,1,2024,wasserman
hi-lo,731000,394000000,8828,134000000,740,2350000,43100,204000000,11900,1,2024,uta
emorfik,262000,12700000,483,5860000,59,11400,1688,5060000,193,1,2024,insomniac
emorfik,262000,12700000,483,5860000,59,11400,1688,5060000,193,1,2024,uta
eric prydz,3140000,3010000000,26400,246000000,1870,27700000,163000,938000000,17500,3,"2022, 2024, 2025",insomniac
eric prydz,3140000,3010000000,26400,246000000,1870,27700000,163000,938000000,17500,3,"2022, 2024, 2025",wasserman
everen maxwell,24400,48200000,578,10100000,240,72900,4431,24900000,189,1,2024,insomniac
excision,6300000,1450000000,8727,89900000,1170,3370000,106000,495000000,14500,4,"2022, 2023, 2024, 2025",insomniac
excision,6300000,1450000000,8727,89900000,1170,3370000,106000,495000000,14500,4,"2022, 2023, 2024, 2025",uta
fallen,2303,21700000,599,18800000,42,26400,1240,8029999,23,3,"2022, 2023, 2024",insomniac
fury,62900,3920000,89,251000,14,17000,458,543000,1,3,"2022, 2023, 2024",insomniac
fury,62900,3920000,89,251000,14,17000,458,543000,1,3,"2022, 2023, 2024",corson
nightstalker,163000,8590000,136,742000,28,53600,215,253000,0,3,"2022, 2023, 2024",insomniac
dknow (mc dino),996000,27400000,0,4000000,149,161000,0,874000,79,3,"2022, 2023, 2024",insomniac
fallen,0,94700,0,258000,3,0,0,0,22,3,"2022, 2023, 2024",insomniac
fallon,46000,57200000,2824,69000000,414,493000,10600,199000000,1272,1,2024,insomniac
fallon,46000,57200000,2824,69000000,414,493000,10600,199000000,1272,1,2024,wasserman
ferry corsten,2570000,729000000,10300,104000000,1310,6110000,52300,145000000,28700,3,"2022, 2023, 2024",insomniac
fester,2600,18300,26,375000,3,124,19,5177,7,3,"2022, 2023, 2024",insomniac
fireworks,160000,11200000,180,1070000,12,8563,106,40600,0,4,"2022, 2023, 2024, 2025",
fisher,20100,693000000,11700,230000000,1120,3970000,108000,312000000,6037,4,"2022, 2023, 2024, 2025",insomniac
fisher,20100,693000000,11700,230000000,1120,3970000,108000,312000000,6037,4,"2022, 2023, 2024, 2025",wasserman
fleur shore,405000,3930000,796,19800000,111,38200,868,12500000,957,1,2024,insomniac
fleur shore,405000,3930000,796,19800000,111,38200,868,12500000,957,1,2024,caa
four tet,4230000,2850000000,35300,424000000,2033,22400000,143000,829000000,6577,1,2024,insomniac
four tet,4230000,2850000000,35300,424000000,2033,22400000,143000,829000000,6577,1,2024,wasserman
fredy lane,14300,1220000,314,11100000,15,1895,610,7940000,80,2,"2023, 2024",insomniac
friendly fire,2611,1930000,218,2850000,16,3755,74,117000,193,1,2024,insomniac
frosttop,45500,17900000,955,16800000,169,27400,781,4630000,951,3,"2022, 2023, 2024",insomniac
remk,62700,13100000,696,19800000,135,24000,878,7690000,817,2,"2022, 2024",insomniac
remk,62700,13100000,696,19800000,135,24000,878,7690000,817,2,"2022, 2024",wme
geo,12700,5160000,180,1030000,36,19400,2932,2920000,45,2,"2022, 2024",insomniac
geo,12700,5160000,180,1030000,36,19400,2932,2920000,45,2,"2022, 2024",corson
ghastly,1130000,264000000,4365,85400000,386,399000,8011,22800000,2660,1,2024,insomniac
ghastly,1130000,264000000,4365,85400000,386,399000,8011,22800000,2660,1,2024,uta
ghost in real life,32400,3900000,419,8480000,14,6428,223,506000,140,1,2024,insomniac
giuseppe ottaviani,1450000,1130000000,0,66300000,764,2290000,55500,0,24500,3,"2022, 2023, 2024",insomniac
gravedgr,289000,158000000,3816,58100000,433,402000,1860000,2020000000,1400,1,2024,insomniac
gravedgr,289000,158000000,3816,58100000,433,402000,1860000,2020000000,1400,1,2024,uta
gryffin,3050000,5200000000,32800,623000000,1861,13200000,1110000,2250000000,4593,1,2024,insomniac
gryffin,3050000,5200000000,32800,623000000,1861,13200000,1110000,2250000000,4593,1,2024,wme
haai,324000,83400000,3956,78800000,475,355000,167000,112000000,601,1,2024,insomniac
haai,324000,83400000,3956,78800000,475,355000,167000,112000000,601,1,2024,wasserman
haliene,715000,483000000,8726,114000000,1008,1480000,23300,51600000,7505,1,2024,insomniac
hamdi,482000,117000000,3664,74900000,762,702000,28500,175000000,3383,2,"2023, 2024",insomniac
hamdi,482000,117000000,3664,74900000,762,702000,28500,175000000,3383,2,"2023, 2024",wasserman
hannah laing,1020000,429000000,6121,194000000,677,1320000,66000,318000000,2913,2,"2024, 2025",insomniac
hannah laing,1020000,429000000,6121,194000000,677,1320000,66000,318000000,2913,2,"2024, 2025",caa
hedex,1020000,330000000,4173,73300000,580,995000,53700,291000000,1999,2,"2024, 2025",insomniac
hedex,1020000,330000000,4173,73300000,580,995000,53700,291000000,1999,2,"2024, 2025",uta
heidi lawden,0,140000,0,44600,20,0,0,0,0,3,"2022, 2023, 2024",insomniac
highlnd,15000,33299999,1070,26400000,98,45900,2298,7070000,88,3,"2022, 2023, 2024",insomniac
hixxy,197000,67500000,1443,9220000,196,112000,19500,78300000,774,1,2024,insomniac
hol!,344000,81700000,1182,19300000,209,213000,13100,62100000,2613,2,"2023, 2024",insomniac
hol!,344000,81700000,1182,19300000,209,213000,13100,62100000,2613,2,"2023, 2024",uta
honeyluv,167000,72300000,3498,77700000,478,1000000,269000,61400000,2666,2,"2022, 2024",insomniac
honeyluv,167000,72300000,3498,77700000,478,1000000,269000,61400000,2666,2,"2022, 2024",wme
hugel,8199999,4340000000,41600,654000000,2832,44800000,4360000,23000000000,18400,4,"2022, 2023, 2024, 2025",insomniac
hugel,8199999,4340000000,41600,654000000,2832,44800000,4360000,23000000000,18400,4,"2022, 2023, 2024, 2025",caa
illenium,7290000,8900000000,36700,652000000,2531,16300000,889000,2009999999,11700,3,"2022, 2024, 2025",insomniac
illenium,7290000,8900000000,36700,652000000,2531,16300000,889000,2009999999,11700,3,"2022, 2024, 2025",uta
indira paganotto,2270000,66599999,1823,43600000,503,262000,9393,56400000,903,2,"2022, 2024",insomniac
infected mushroom,3970000,1090000000,5621,34900000,694,2580000,51100,148000000,1901,2,"2023, 2024",insomniac
infected mushroom,3970000,1090000000,5621,34900000,694,2580000,51100,148000000,1901,2,"2023, 2024",uta
interplanetary criminal,497000,644000000,12800,386000000,2318,4740000,1160000,7870000000,3374,2,"2024, 2025",insomniac
interplanetary criminal,497000,644000000,12800,386000000,2318,4740000,1160000,7870000000,3374,2,"2024, 2025",wasserman
j. worra,268000,242000000,6568,137000000,521,519000,6679,38800000,2868,2,"2023, 2024",insomniac
jackie hollander,70500,12800000,1497,56000000,96,44600,973,5540000,520,2,"2024, 2025",insomniac
james kennedy,1580000,9910000,461,10800000,44,19500,939,15300000,57,1,2024,insomniac
jamie jones,3430000,475000000,14100,169000000,1044,4170000,89000,319000000,14700,1,2024,insomniac
jamie jones,3430000,475000000,14100,169000000,1044,4170000,89000,319000000,14700,1,2024,wme
jeanie,109000,11100000,856,12100000,77,24200,698,15000000,278,1,2024,insomniac
jerome isma-ae,296000,675000000,4874,41700000,831,2280000,21400,66800000,12800,2,"2023, 2024",insomniac
jessica audiffred,734000,58700000,1611,24700000,203,90200,19700,59600000,1000,4,"2022, 2023, 2024, 2025",insomniac
jessica audiffred,734000,58700000,1611,24700000,203,90200,19700,59600000,1000,4,"2022, 2023, 2024, 2025",wme
john 00 fleming,946000,9970000,558,3540000,301,191000,1027,7910000,1710,1,2024,insomniac
john summit,4810000,2250000000,27800,415000000,1515,11500000,407000,1810000000,24900,2,"2022, 2024",insomniac
john summit,4810000,2250000000,27800,415000000,1515,11500000,407000,1810000000,24900,2,"2022, 2024",wasserman
green velvet,1900000,518000000,15000,160000000,1062,5820000,42200,329000000,27000,1,2024,insomniac
green velvet,1900000,518000000,15000,160000000,1062,5820000,42200,329000000,27000,1,2024,wasserman
joluca,9980,2680000,671,13300000,69,15400,373,2610000,307,1,2024,insomniac
jon casey,113000,29700000,1434,35200000,276,60700,1451,9600000,1101,2,"2024, 2025",insomniac
joseph capriati,2470000,57000000,2304,22700000,558,344000,5737,21200000,3322,2,"2022, 2024",insomniac
joyryde,1060000,377000000,5355,92800000,491,1220000,10600,59700000,6503,1,2024,insomniac
joyryde,1060000,377000000,5355,92800000,491,1220000,10600,59700000,6503,1,2024,uta
habstrakt,883000,366000000,8190,125000000,720,1310000,20500,134000000,10600,3,"2022, 2023, 2024",insomniac
habstrakt,883000,366000000,8190,125000000,720,1310000,20500,134000000,10600,3,"2022, 2023, 2024",uta
justin jay,419000,123000000,4598,65099999,734,1050000,99800,129000000,2631,1,2024,insomniac
jyoty,872,481000,31,25900,0,2,54500,1820000,0,1,2024,insomniac
jyoty,872,481000,31,25900,0,2,54500,1820000,0,1,2024,wasserman
k.gianni,319000,24400,7,53000,2,528,4,0,11,2,"2024, 2025",insomniac
kai wachi,1020000,385000000,3794,34400000,384,445000,20100,100000000,3104,3,"2022, 2023, 2024",insomniac
kai wachi,1020000,385000000,3794,34400000,384,445000,20100,100000000,3104,3,"2022, 2023, 2024",uta
kallaghan,18600,2640000,682,23700000,43,4120,772,19600000,5,2,"2022, 2024",insomniac
kasablanca,452000,424000000,4597,94200000,724,768000,102000,109000000,3799,2,"2022, 2024",insomniac
kasablanca,452000,424000000,4597,94200000,724,768000,102000,109000000,3799,2,"2022, 2024",uta
kaskade,8720000000,3870000000,33500,481000000,2149,21100000,728000,1450000000,18500,4,"2022, 2023, 2024, 2025",insomniac
kaskade,8720000000,3870000000,33500,481000000,2149,21100000,728000,1450000000,18500,4,"2022, 2023, 2024, 2025",uta
kassel,154,20400,15,29300,1,162,37,23000,1,1,2024,insomniac
kaysin,20000,4670000,1187,19800000,87,32600,367,8279999,852,3,"2023, 2024, 2025",insomniac
kayzo,1710000,567000000,6964,95600000,600,771000,24500,75000000,6158,2,"2022, 2024",insomniac
kayzo,1710000,567000000,6964,95600000,600,771000,24500,75000000,6158,2,"2022, 2024",uta
kepik,46700,19900000,725,22200000,255,26800,813,1030000,401,1,2024,insomniac
kevin de vries,753000,226000000,6569,87500000,1080,2680000,61900,147000000,6430,1,2024,insomniac
kevin de vries,753000,226000000,6569,87500000,1080,2680000,61900,147000000,6430,1,2024,caa
kevin saunderson,568000,622000000,11300,111000000,1179,24300000,11200,23900000,6461,1,2024,insomniac
khiva,89100,5210000,345,2060000,44,29000,3091,4730000,78,1,2024,insomniac
khomha,349000,97200000,2154,24300000,457,510000,4534,13500000,5921,1,2024,insomniac
kian,110000,144000000,1785,56500000,269,809000,5076,18800000,6,2,"2024, 2025",
kittrix,17300,855000,333,3150000,10,620,84,296000,12,2,"2022, 2024",insomniac
kendoll,72300,3000000,408,5210000,143,7932,657,2330000,239,2,"2022, 2024",insomniac
klangkuenstler,695000,168000000,4497,35900000,598,1030000,8108,32100000,3241,1,2024,insomniac
klangkuenstler,695000,168000000,4497,35900000,598,1030000,8108,32100000,3241,1,2024,wasserman
koven,549000,530000000,6982,76000000,1031,1810000,36500,121000000,2783,2,"2022, 2024",insomniac
koven,549000,530000000,6982,76000000,1031,1810000,36500,121000000,2783,2,"2022, 2024",uta
kozmoz,62200,20400000,624,8050000,85,15700,549,1220000,345,1,2024,insomniac
kreation,6399,5690000,342,1960000,77,5028,214,4570000,21,1,2024,insomniac
kreation,6399,5690000,342,1960000,77,5028,214,4570000,21,1,2024,corson
darksiderz,183000,3460000,406,5320000,51,4151,178,913000,90,2,"2022, 2024",insomniac
darksiderz,183000,3460000,406,5320000,51,4151,178,913000,90,2,"2022, 2024",corson
ky william,35400,6950000,1177,18800000,162,54700,1024,4150000,1201,2,"2024, 2025",insomniac
kyle walker,126000,31300000,0,58800000,436,412000,343000,1980000000,2239,1,2024,insomniac
lady faith,445000,11300000,623,5770000,76,24100,864,31500000,466,4,"2022, 2023, 2024, 2025",insomniac
lala,7833,474000,53,607000,6,2465,704,3820000,0,1,2024,insomniac
lavish life,115000,43700000,465,10900000,69,27000,6838,41700000,37,1,2024,insomniac
layz,294000,24500000,674,12900000,66,24700,1617,6940000,599,2,"2024, 2025",insomniac
layz,294000,24500000,674,12900000,66,24700,1617,6940000,599,2,"2024, 2025",uta
lf system,350000,762000000,12500,289000000,1310,4730000,240000,4680000000,3426,2,"2024, 2025",insomniac
lf system,350000,762000000,12500,289000000,1310,4730000,240000,4680000000,3426,2,"2024, 2025",wasserman
lil texas,458000,265000000,3374,26700000,482,479000,62300,398000000,1096,4,"2022, 2023, 2024, 2025",insomniac
lilly palmer,3910000,168000000,4021,68500000,512,479000,30600,184000000,3486,1,2024,insomniac
lisbona sisters,18700,497000,175,2620000,33,6163,161,343000,112,1,2024,insomniac
the living proof,18100,10200000,354,4810000,28,4624,297,110000,133,1,2024,insomniac
lizzy jane,61200,3640000,359,5170000,24,2568,306,442000,97,1,2024,insomniac
loco dice,2630000,58800000,3336,59500000,681,736000,4985,17500000,3994,3,"2023, 2024, 2025",insomniac
loco dice,2630000,58800000,3336,59500000,681,736000,4985,17500000,3994,3,"2023, 2024, 2025",wasserman
lost frequencies,11000000,19500000000,52500,875000000,3192,97500000,2580000,4560000000,12100,1,2024,insomniac
lost frequencies,11000000,19500000000,52500,875000000,3192,97500000,2580000,4560000000,12100,1,2024,wme
lost like us,2081,474000,61,1480000,0,772,39,19000,1,1,2024,insomniac
louiejayxx,64500,14400000,680,8170000,138,30800,755,8430000,1035,1,2024,insomniac
lsdream,703000,194000000,2463,25500000,255,341000,52600,95800000,1507,1,2024,insomniac
lsdream,703000,194000000,2463,25500000,255,341000,52600,95800000,1507,1,2024,uta
lucky lou,3404,4230000,322,5040000,177,11600,392,679000,87,2,"2024, 2025",insomniac
luttrell,311000,128000000,2887,48200000,733,642000,7265,26200000,2659,2,"2022, 2024",insomniac
maddix,1840000,1060000000,13800,200000000,1014,4680000,411000,2190000000,13900,2,"2024, 2025",insomniac
maddix,1840000,1060000000,13800,200000000,1014,4680000,411000,2190000000,13900,2,"2024, 2025",uta
majestic,408000,1500000000,20300,539000000,1938,6430000,509000,2500000000,4421,2,"2022, 2024",insomniac
majestic,408000,1500000000,20300,539000000,1938,6430000,509000,2500000000,4421,2,"2022, 2024",caa
malcolm zeller,15400,10500000,967,32200000,93,28000,40900,125000000,277,2,"2024, 2025",insomniac
malóne,94000,106000000,4558,77200000,411,485000,3821,20300000,2369,1,2024,insomniac
mandy,416000,82300000,2101,22000000,133,143000,5897,17600000,898,1,2024,insomniac
mandy,416000,82300000,2101,22000000,133,143000,5897,17600000,898,1,2024,corson
manics,30000,5810000,939,12500000,68,97900,1538,1640000,124,1,2024,insomniac
marauda,537000,112000000,1723,14000000,258,139000,5521,32000000,5609,2,"2022, 2024",insomniac
marc v,9993,626000,16,142000,0,189,128,14400,0,4,"2022, 2023, 2024, 2025",insomniac
marcel dettmann,813000,34000000,2197,19200000,589,534000,3879,9860000,2166,1,2024,insomniac
mark lizaola,3938,13100,13,322000,1,32,4,93,1,2,"2022, 2024",insomniac
markus schulz,5,39300,0,0,3,764,2,1359,0,1,2024,insomniac
marlie,879,411000,28,693000,1,12,4,326,0,1,2024,insomniac
marsh,429000,248000000,5173,71500000,1041,1910000,49100,216000000,9052,1,2024,insomniac
marsh,429000,248000000,5173,71500000,1041,1910000,49100,216000000,9052,1,2024,caa
martin garrix,86100000,23900000000,75100,1050000000,3146,103000000,3690000,7540000000,56500,3,"2023, 2024, 2025",insomniac
martin garrix,86100000,23900000000,75100,1050000000,3146,103000000,3690000,7540000000,56500,3,"2023, 2024, 2025",wme
mary droppinz,257000,8410000,969,31100000,109,44400,2082,5880000,391,2,"2022, 2024",insomniac
mary droppinz,257000,8410000,969,31100000,109,44400,2082,5880000,391,2,"2022, 2024",wme
matroda,771000,503000000,12000,174000000,760,2300000,28500,176000000,12100,4,"2022, 2023, 2024, 2025",insomniac
matroda,771000,503000000,12000,174000000,760,2300000,28500,176000000,12100,4,"2022, 2023, 2024, 2025",caa
san pacho,246000,212000000,5222,88700000,609,1280000,85200,199000000,5052,2,"2023, 2024",insomniac
san pacho,246000,212000000,5222,88700000,609,1280000,85200,199000000,5052,2,"2023, 2024",caa
matt faulk,56100,6300000,491,12700000,38,34800,523,3650000,385,2,"2024, 2025",insomniac
matt sassari,643000,1240000000,15500,292000000,1251,3490000,227000,543000000,12000,1,2024,insomniac
matt sassari,643000,1240000000,15500,292000000,1251,3490000,227000,543000000,12000,1,2024,caa
mau p,1350000,776000000,14600,305000000,1122,4130000,579000,1250000000,11500,3,"2023, 2024, 2025",insomniac
mau p,1350000,776000000,14600,305000000,1122,4130000,579000,1250000000,11500,3,"2023, 2024, 2025",caa
max styler,439000,418000000,11900,194000000,906,3470000,31500,156000000,11000,2,"2024, 2025",insomniac
max styler,439000,418000000,11900,194000000,906,3470000,31500,156000000,11000,2,"2024, 2025",uta
mc4d,653000,84800000,1642,51000000,417,221000,34600,331000000,107,1,2024,insomniac
melé,229000,65700000,5071,99500000,610,1240000,4404,30900000,6401,1,2024,insomniac
mersiv,391000,64900000,1151,15300000,155,86700,5892,12400000,478,1,2024,insomniac
mersiv,391000,64900000,1151,15300000,155,86700,5892,12400000,478,1,2024,wasserman
mesa & boss,29500,11600000,1019,29200000,40,14900,529,10700000,600,1,,
metta & glyde,28000,9420000,578,5410000,260,78900,1312,1980000,6725,1,,
mind against,1190000,135000000,5950,76700000,797,1290000,9568,29700000,6116,1,2024,insomniac
mind against,1190000,135000000,5950,76700000,797,1290000,9568,29700000,6116,1,2024,wasserman
mind against,1190000,135000000,5950,76700000,797,1290000,9568,29700000,6116,1,2024,wme
mitis,826000,488000000,3927,36300000,422,679000,13600,25700000,926,2,"2022, 2024",insomniac
mitis,826000,488000000,3927,36300000,422,679000,13600,25700000,926,2,"2022, 2024",uta
miyuki,87200,6280000,394,5090000,196,31700,4868,24500000,592,2,"2024, 2025",insomniac
mk,2430000,3090000000,37900,554000000,2635,22700000,405000,2029999999,16500,1,2024,insomniac
mk,2430000,3090000000,37900,554000000,2635,22700000,405000,2029999999,16500,1,2024,wme
monika santucci,27600,112000000,2087,31700000,473,158000,6289,12300000,838,1,2024,insomniac
myles o'neal,1030000,2510000,594,19300000,18,8024,775,23500000,232,2,"2024, 2025",wasserman
naz,1028,462000,20,39400,45,42400,449,173000,70,1,2024,insomniac
neon deluz,8869,75,1,62,2,37,2,0,1,3,"2022, 2024, 2025",insomniac
nghtmre,2900000,1460000000,16900,265000000,986,3490000,89000,305000000,11600,2,"2024, 2025",insomniac
nghtmre,2900000,1460000000,16900,265000000,986,3490000,89000,305000000,11600,2,"2024, 2025",uta
nick garcia,7157,668000,167,2790000,34,3084,75,13000,133,3,"2022, 2023, 2024",insomniac
nifra,976000,46900000,1396,22200000,361,284000,16700,20000000,4502,1,2024,insomniac
ninajirachi,479000,111000000,2783,92700000,482,393000,3014,14600000,750,1,2024,insomniac
noizu,483000,494000000,11900,190000000,827,2560000,351000,1400000000,8210,3,"2023, 2024, 2025",insomniac
noizu,483000,494000000,11900,190000000,827,2560000,351000,1400000000,8210,3,"2023, 2024, 2025",uta
westend,344000,311000000,9806,155000000,710,1960000,26600,140000000,8690,3,"2022, 2023, 2024",insomniac
westend,344000,311000000,9806,155000000,710,1960000,26600,140000000,8690,3,"2022, 2023, 2024",wasserman
soren,9244,2180000,341,4600000,36,6275,2634,23800000,139,4,"2022, 2023, 2024, 2025",insomniac
odd mob,583000,600000000,11400,198000000,683,2110000,447000,290000000,9574,3,"2023, 2024, 2025",insomniac
oden & fatzo,277000,374000000,7940,123000000,845,1360000,45400,254000000,2842,1,,
og nixin,139000,22000000,588,7270000,45,21200,1542,3270000,392,2,"2023, 2024",insomniac
omar santana,39000,19100000,359,2640000,75,25200,2484,13300000,62,3,"2022, 2023, 2024",insomniac
öwnboss,475000,1180000000,20100,409000000,1686,9360000,852000,6620000000,7074,1,2024,insomniac
panteros666,233000,28400000,1397,31600000,386,300000,2446,13700000,533,1,2024,insomniac
panteros666,233000,28400000,1397,31600000,386,300000,2446,13700000,533,1,2024,uta
paul oakenfold,3620000,930000000,13700,179000000,1510,8510000,1220000,6240000000,10400,2,"2024, 2025",insomniac
paul van dyk,8800000,1860000000,10300,178000000,1602,6540000,120000,319000000,18100,2,"2022, 2024",insomniac
paul van dyk,8800000,1860000000,10300,178000000,1602,6540000,120000,319000000,18100,2,"2022, 2024",uta
peggy gou,7210000,1450000000,24200,565000000,3160,17400000,1890000,6980000000,5823,1,2024,insomniac
peggy gou,7210000,1450000000,24200,565000000,3160,17400000,1890000,6980000000,5823,1,2024,wme
pickle,262000,862000000,4906,104000000,793,1110000,40000,68200000,4775,1,2024,insomniac
pls&ty,638000,232000000,5633,107000000,336,423000,31600,439000000,849,1,,
pocket,54200,7710000,1043,30000000,94,15000,321,1700000,185,2,"2024, 2025",insomniac
polar bears,66200,36800000,1701,39300000,92,70100,1393,19400000,394,1,2024,insomniac
prunk,65400,35600000,2626,27600000,313,231000,2673,23600000,2411,1,2024,insomniac
prunk,65400,35600000,2626,27600000,313,231000,2673,23600000,2411,1,2024,caa
purple disco machine,3200000,4320000000,37000,518000000,2816,52800000,458000,1530000000,21000,1,2024,insomniac
purple disco machine,3200000,4320000000,37000,518000000,2816,52800000,458000,1530000000,21000,1,2024,caa
pyke,19100,3660000,164,3690000,18,3078,337,761000,118,1,2024,insomniac
ranger trucco,94100,24700000,2565,38200000,350,149000,7802,75500000,1618,1,2024,insomniac
ranger trucco,94100,24700000,2565,38200000,350,149000,7802,75500000,1618,1,2024,wasserman
rated r,3522,1440000,98,714000,35,36600,282,164000,38,1,2024,insomniac
rayben,2360000,24300000,561,18400000,32,58300,12700,41600000,49,1,2024,insomniac
rebel scum,28200,9170000,659,7430000,129,51500,1283,2040000,496,1,2024,insomniac
redline,74,93400,20,246000,1,1111,16,1855,8,1,2024,insomniac
replicant,9434,1710000,193,944000,94,21900,162,193000,78,2,"2022, 2024",insomniac
riordan,510000,68900000,4070,83300000,375,356000,117000,145000000,2271,2,"2024, 2025",insomniac
riordan,510000,68900000,4070,83300000,375,356000,117000,145000000,2271,2,"2024, 2025",caa
riot,729000,303000000,4487,62500000,557,574000,10800,63900000,2857,1,2024,insomniac
roadhouse,11000,2410000,114,2610000,99,4896,118,1170000,0,2,"2024, 2025",insomniac
rohaan,64599,15700000,1270,17400000,194,31800,849,3230000,688,2,"2023, 2024",insomniac
rommii,30200,18100000,986,38800000,114,43000,1705,13000000,49,1,2024,insomniac
rommii,30200,18100000,986,38800000,114,43000,1705,13000000,49,1,2024,uta
sally c,88800,7560000,1290,17500000,199,225000,772,2049999,843,1,2024,insomniac
matisa,44300,1870000,371,9720000,108,23600,211,44800,194,1,2024,insomniac
sanzu,6090,1260000,73,319000,4,896,38,18600,20,1,2024,insomniac
sara landry,3420000,210000000,0,71100000,468,575000,45900,274000000,1314,2,"2024, 2025",insomniac
sara landry,3420000,210000000,0,71100000,468,575000,45900,274000000,1314,2,"2024, 2025",wme
sara landry,3420000,210000000,0,71100000,468,575000,45900,274000000,1314,2,"2024, 2025",caa
seven lions,6160000,1530000000,13200,180000000,1377,4190000,73600,268000000,8606,2,"2022, 2024",insomniac
seven lions,6160000,1530000000,13200,180000000,1377,4190000,73600,268000000,8606,2,"2022, 2024",wasserman
shiba san,706000,144000000,5369,70400000,559,900000,7183,29000000,5964,2,"2022, 2024",insomniac
shlømo,804000,56800000,2842,41600000,404,196000,9357,50200000,933,2,"2024, 2025",insomniac
shlømo,804000,56800000,2842,41600000,404,196000,9357,50200000,933,2,"2024, 2025",wme
sicaria,106000,1520000,179,2400000,35,6625,255,428000,80,1,2024,insomniac
sicaria,106000,1520000,179,2400000,35,6625,255,428000,80,1,2024,uta
sidney charles,451000,88500000,3564,36600000,527,948000,12500,136000000,9252,1,2024,insomniac
skellytn,35200,3330000,420,10700000,80,5466,743,7880000,249,2,"2023, 2024",insomniac
skellytn,35200,3330000,420,10700000,80,5466,743,7880000,249,2,"2023, 2024",uta
skin on skin,327000,91300000,2665,50100000,565,328000,4689,27000000,416,1,2024,insomniac
skin on skin,327000,91300000,2665,50100000,565,328000,4689,27000000,416,1,2024,wasserman
slander,5050000,3030000000,17900,278000000,1843,7880000,4410000,47200000000,9175,3,"2023, 2024, 2025",insomniac
slander,5050000,3030000000,17900,278000000,1843,7880000,4410000,47200000000,9175,3,"2023, 2024, 2025",wasserman
sofi tukker,3490000,2840000000,33800,569000000,3105,28600000,1010000,1810000000,8454,1,2024,insomniac
sofi tukker,3490000,2840000000,33800,569000000,3105,28600000,1010000,1810000000,8454,1,2024,wasserman
sosa,1551,6090000,332,14500000,27,21600,712,451000,5,2,"2024, 2025",insomniac
sosa,1551,6090000,332,14500000,27,21600,712,451000,5,2,"2024, 2025",uta
soul purpose,3496,2230000,249,4210000,43,54800,256,379000,258,3,"2022, 2024, 2025",insomniac
sound rush,519000,456000000,5767,42000000,524,701000,58300,356000000,6601,3,"2022, 2023, 2024",insomniac
sound rush,519000,456000000,5767,42000000,524,701000,58300,356000000,6601,3,"2022, 2023, 2024",corson
star seed,84200,13500000,1076,19600000,138,31700,2627,8060000,287,2,"2022, 2024",insomniac
staysick,32299,5870000,433,7550000,71,20600,516,35000000,202,1,2024,insomniac
steve aoki,47400000,11200000000,73200,0,62300000,3250000,12400000000,31800,0,1,2024,insomniac
steve aoki,47400000,11200000000,73200,0,62300000,3250000,12400000000,31800,0,1,2024,wme
sub focus,3910000,1840000000,15900,229000000,1439,11600000,146000,629000000,15700,1,2024,insomniac
sub focus,3910000,1840000000,15900,229000000,1439,11600000,146000,629000000,15700,1,2024,wasserman
sub focus,3910000,1840000000,15900,229000000,1439,11600000,146000,629000000,15700,1,2024,uta
sub zero project,877000,820000000,7038,72500000,460,1080000,35000,180000000,10100,4,"2022, 2023, 2024, 2025",insomniac
sub zero project,877000,820000000,7038,72500000,460,1080000,35000,180000000,10100,4,"2022, 2023, 2024, 2025",corson
súbelo neo,234000,308000000,3448,77000000,503,719000,171000,818000000,61,1,2024,insomniac
subtronics,3070000,958000000,6420,102000000,715,1810000,333000,2820000000,14300,3,"2022, 2023, 2024",insomniac
subtronics,3070000,958000000,6420,102000000,715,1810000,333000,2820000000,14300,3,"2022, 2023, 2024",wasserman
level up,528000,61300000,1178,20000000,140,43400,4490,11700000,799,4,"2022, 2023, 2024, 2025",insomniac
level up,528000,61300000,1178,20000000,140,43400,4490,11700000,799,4,"2022, 2023, 2024, 2025",wasserman
svdden death,1680000,383000000,3576,61100000,498,661000,61200,120000000,8848,4,"2022, 2023, 2024, 2025",insomniac
synymata,37600,46100000,1406,19000000,164,54400,2996,36800000,270,2,"2022, 2024",insomniac
synymata,37600,46100000,1406,19000000,164,54400,2996,36800000,270,2,"2022, 2024",corson
tailspin,225,24000,14,85200,0,75,27,22700,6,1,2024,insomniac
talla 2xlc,386000,132000000,3124,35200000,486,639000,60600,70300000,11900,1,2024,insomniac
tape b,527000,98100000,1662,56000000,184,145000,19800,71500000,1806,2,"2024, 2025",insomniac
tape b,527000,98100000,1662,56000000,184,145000,19800,71500000,1806,2,"2024, 2025",wasserman
taylor jaymin,13700,289000,133,2690000,9,1988,40,23800,70,2,"2022, 2024",insomniac
taylor kade,78700,8600000,569,19500000,43,10900,810,9150000,209,3,"2022, 2024, 2025",insomniac
taylor torrence,51100,16399999,1023,16000000,236,62300,1548,6770000,1500,2,"2022, 2024",insomniac
taylor torrence,51100,16399999,1023,16000000,236,62300,1548,6770000,1500,2,"2022, 2024",corson
teko,5928,4350000,92,368000,14,9778,138,56800,0,1,2024,insomniac
thomas garcia,48000,9630000,1320,18600000,113,55400,1014,4139999,559,1,2024,insomniac
thomas garcia,48000,9630000,1320,18600000,113,55400,1014,4139999,559,1,2024,corson
tiësto,59500000,28000000000,128000,1500000000,5782,171000000,16900000,40400000000,85100,4,"2022, 2023, 2024, 2025",insomniac
tim clark,48500,1490000,19,22100,10,1970,1018,32700,0,3,"2023, 2024, 2025",insomniac
timmy trumpet,11200000,5480000000,37700,436000000,2343,23800000,1270000,6490000000,16800,2,"2022, 2024",insomniac
timmy trumpet,11200000,5480000000,37700,436000000,2343,23800000,1270000,6490000000,16800,2,"2022, 2024",uta
tobehonest,63500,48900000,2429,28800000,255,410000,4049,21700000,1767,2,"2023, 2024",insomniac
tobehonest,63500,48900000,2429,28800000,255,410000,4049,21700000,1767,2,"2023, 2024",uta
tong,275,357000,74,915000,7,11800,48,32900,287,1,2024,insomniac
trouble,577000,633000000,4331,76100000,401,3710000,148000,52600000,10,4,"2022, 2023, 2024, 2025",insomniac
troyboi,2049999,3890000000,24100,368000000,2084,15000000,2260000,5670000000,3373,1,2024,insomniac
troyboi,2049999,3890000000,24100,368000000,2084,15000000,2260000,5670000000,3373,1,2024,wasserman
trym,1410000,69700000,2374,24100000,469,310000,5769,30500000,413,1,2024,insomniac
valentino khan,1750000,1380000000,14500,228000000,1597,6260000,3620000,11300000000,15700,2,"2023, 2024",insomniac
valentino khan,1750000,1380000000,14500,228000000,1597,6260000,3620000,11300000000,15700,2,"2023, 2024",wasserman
vari,9448,3780000,484,11900000,20,2739,394,5490000,162,2,"2024, 2025",insomniac
vavo,873000,224000000,4916,149000000,729,436000,115000,208000000,432,2,"2024, 2025",insomniac
vavo,873000,224000000,4916,149000000,729,436000,115000,208000000,432,2,"2024, 2025",uta
vintage culture,19500000,4910000000,36700,515000000,1978,18000000,1620000,2060000000,25800,3,"2022, 2024, 2025",insomniac
vintage culture,19500000,4910000000,36700,515000000,1978,18000000,1620000,2060000000,25800,3,"2022, 2024, 2025",wme
virtual riot,2280000,726000000,6711,66099999,605,1230000,30100,165000000,9036,2,"2022, 2024",insomniac
virtual riot,2280000,726000000,6711,66099999,605,1230000,30100,165000000,9036,2,"2022, 2024",wasserman
vktm,51200,2940000,165,3260000,13,2478,191,269000,90,1,2024,insomniac
vlcn,75100,11600000,612,15200000,70,13700,711,1740000,349,1,2024,insomniac
vlcn,75100,11600000,612,15200000,70,13700,711,1740000,349,1,2024,corson
vtss,755000,38600000,2666,57300000,506,318000,2477,30300000,407,1,2024,insomniac
vtss,755000,38600000,2666,57300000,506,318000,2477,30300000,407,1,2024,uta
vulllgur,23400,844000,21,237000,1,70,13,5181,82,2,"2023, 2024",insomniac
wade,3070000,261000000,6977,107000000,701,2340000,60200,468000000,7287,2,"2022, 2024",insomniac
warface,1730000,467000000,4742,28500000,335,768000,18900,121000000,7902,2,"2023, 2024",insomniac
warface,1730000,467000000,4742,28500000,335,768000,18900,121000000,7902,2,"2023, 2024",uta
water spirit,56800,6770000,441,7430000,113,8502,1350,32700000,149,2,"2024, 2025",insomniac
water spirit,56800,6770000,441,7430000,113,8502,1350,32700000,149,2,"2024, 2025",corson
wes pierce,5363,1120000,160,2700000,9,1027,63,67900,26,1,2024,insomniac
who's john,12500,2049999,0,4330000,14,0,0,181000,80,1,2024,
wilkinson,1260000,1420000000,10300,118000000,921,5840000,83900,330000000,6722,1,2024,insomniac
wilkinson,1260000,1420000000,10300,118000000,921,5840000,83900,330000000,6722,1,2024,wasserman
wilkinson,1260000,1420000000,10300,118000000,921,5840000,83900,330000000,6722,1,2024,uta
will clarke,393000,134000000,5915,110000000,822,842000,4954,40900000,6744,2,"2023, 2024",insomniac
will clarke,393000,134000000,5915,110000000,822,842000,4954,40900000,6744,2,"2023, 2024",wasserman
wooli,963000,449000000,5016,67600000,663,878000,127000,453000000,9604,2,"2023, 2024",insomniac
wooli,963000,449000000,5016,67600000,663,878000,127000,453000000,9604,2,"2023, 2024",uta
wuki,1410000,526000000,10200,226000000,1187,2720000,1880000,3130000000,6591,2,"2022, 2024",insomniac
wuki,1410000,526000000,10200,226000000,1187,2720000,1880000,3130000000,6591,2,"2022, 2024",wasserman
wuki,1410000,526000000,10200,226000000,1187,2720000,1880000,3130000000,6591,2,"2022, 2024",uta
x-coast,78000,29600000,2089,12500000,494,326000,70500,386000000,571,1,2024,insomniac
xenaa,12700,18300,5,45900,6,349,140,104000,17,1,2024,insomniac
yosuf,357000,337000000,3346,23500000,292,164000,62700,1120000000,46,2,"2024, 2025",insomniac
yosuf,357000,337000000,3346,23500000,292,164000,62700,1120000000,46,2,"2024, 2025",uta
yotto,780000,540000000,12100,160000000,1260,3890000,42800,143000000,14700,2,"2023, 2024",insomniac
yotto,780000,540000000,12100,160000000,1260,3890000,42800,143000000,14700,2,"2023, 2024",wme
zedd,46400000,17900000000,75000,1030000000,2748,101000000,7270000,5620000000,23900,3,"2022, 2023, 2024",insomniac
zedd,46400000,17900000000,75000,1030000000,2748,101000000,7270000,5620000000,23900,3,"2022, 2023, 2024",wasserman
zen freeman,140000,16800000,0,37800000,275,180000,0,4150000,632,1,2024,insomniac
zevy,84400,14100000,385,7770000,31,5685,747,2840000,9,2,"2024, 2025",insomniac
zevy,84400,14100000,385,7770000,31,5685,747,2840000,9,2,"2024, 2025",corson
zingara,657000,60600000,0,10400000,99,65400,17400,41000000,199,1,2024,insomniac
zingara,657000,60600000,0,10400000,99,65400,17400,41000000,199,1,2024,uta
zof,16200,761000,0,4970000,40,0,0,352000,119,1,2024,insomniac
zomboy,4179999,808000000,0,67800000,659,2570000,31000,96600000,13900,2,"2022, 2024",insomniac
zomboy,4179999,808000000,0,67800000,659,2570000,31000,96600000,13900,2,"2022, 2024",uta
12th planet,1480000,156000000,0,30700000,216,335000,0,56700000,2368,2,"2022, 2023",insomniac
8kays,255000,34600000,0,24300000,467,404000,0,7420000,2829,1,2023,insomniac
999999999,1150000,53200000,2061,12700000,310,147000,7726,17900000,306,1,2023,insomniac
a hundred drums,116000,5330000,473,6330000,38,7135,528,651000,52,1,2023,insomniac
a hundred drums,116000,5330000,473,6330000,38,7135,528,651000,52,1,2023,wasserman
above & beyond,7800000,1760000000,14500,202000000,1910,10700000,3410000,10600000000,37200,1,,
afrojack,18800000,14300000000,73900,909000000,3544,79100000,1720000,6680000000,38600,2,"2023, 2025",insomniac
afrojack,18800000,14300000000,73900,909000000,3544,79100000,1720000,6680000000,38600,2,"2023, 2025",wasserman
ak sports,39100,1830000,460,7240000,170,10300,235,292000,83,1,2023,insomniac
alec monopoly,1470000,3840000,480,10800000,45,4521,2491,41800000,195,1,2023,insomniac
alec monopoly,1470000,3840000,480,10800000,45,4521,2491,41800000,195,1,2023,uta
alleycvt,632000,85000000,1138,22500000,131,98000,17100,70100000,460,2,"2023, 2025",insomniac
alleycvt,632000,85000000,1138,22500000,131,98000,17100,70100000,460,2,"2023, 2025",wasserman
alok,80100000,12100000000,67100,1030000000,3801,62400000,12700000,19900000000,16500,3,"2022, 2023, 2025",insomniac
alok,80100000,12100000000,67100,1030000000,3801,62400000,12700000,19900000000,16500,3,"2022, 2023, 2025",wasserman
alok,80100000,12100000000,67100,1030000000,3801,62400000,12700000,19900000000,16500,3,"2022, 2023, 2025",wme
anabel englund,345000,293000000,9913,187000000,742,2880000,12200,82600000,3738,1,2023,insomniac
anabel englund,345000,293000000,9913,187000000,742,2880000,12200,82600000,3738,1,2023,uta
anden,52300,54100000,1795,20800000,573,246000,1553,4320000,1933,1,2023,insomniac
andy c,1470000,299000000,5143,48500000,591,1780000,10600,48000000,2317,2,"2023, 2025",insomniac
andy c,1470000,299000000,5143,48500000,591,1780000,10600,48000000,2317,2,"2023, 2025",uta
anime,1110000,103000000,1964,10600000,542,787000,7052,13700000,2136,3,"2022, 2023, 2025",insomniac
anime,1110000,103000000,1964,10600000,542,787000,7052,13700000,2136,3,"2022, 2023, 2025",corson
artbat,3060000,1020000000,14500,186000000,1701,13300000,479000,1560000000,18000,2,"2023, 2025",insomniac
artbat,3060000,1020000000,14500,186000000,1701,13300000,479000,1560000000,18000,2,"2023, 2025",wme
atdusk,129000,1320000,256,4530000,151,6686,145,189000,255,2,"2022, 2023",insomniac
bakr,1870000,203000000,524,2009999,409,5650000,23800,42100000,0,1,2023,insomniac
barely alive,1250000,283000000,3777,46300000,390,660000,15400,62700000,7713,1,2023,insomniac
ben nicky,3070000,288000000,5973,84100000,979,1340000,121000,445000000,6967,3,"2022, 2023, 2025",insomniac
ben nicky,3070000,288000000,5973,84100000,979,1340000,121000,445000000,6967,3,"2022, 2023, 2025",uta
ben ufo,1741,19900,2,4127,0,0,0,0,0,1,2023,insomniac
ben ufo,1741,19900,2,4127,0,0,0,0,0,1,2023,wasserman
bensley,99800,81400000,1868,17200000,289,268000,4947,9880000,883,1,2023,insomniac
bensley,99800,81400000,1868,17200000,289,268000,4947,9880000,883,1,2023,corson
justin hawkes,105000,88600000,2144,37200000,250,259000,3336,42300000,1356,2,"2022, 2023",insomniac
justin hawkes,105000,88600000,2144,37200000,250,259000,3336,42300000,1356,2,"2022, 2023",corson
bexxie,33200,22200000,1680,75600000,344,35200,5656,28400000,905,2,"2022, 2023",insomniac
billy gillies,964000,254000000,3125,107000000,1008,1690000,179000,243000000,4464,2,"2023, 2025",insomniac
bingewatch,21600,3010000,870,17600000,69,29000,357,2120000,360,2,"2022, 2023",insomniac
biscits,365000,469000000,12100,164000000,718,2700000,31300,147000000,11500,3,"2022, 2023, 2025",insomniac
biscits,365000,469000000,12100,164000000,718,2700000,31300,147000000,11500,3,"2022, 2023, 2025",wasserman
martin ikin,262000,252000000,9969,128000000,799,2510000,13800,58700000,13200,2,"2022, 2023",insomniac
martin ikin,262000,252000000,9969,128000000,799,2510000,13800,58700000,13200,2,"2022, 2023",caa
black tiger sex machine,1550000,237000000,3249,37800000,178,403000,22900,68300000,1890,2,"2023, 2025",insomniac
blanke,429000,263000000,0,130000000,570,554000,15400,70700000,3107,1,2023,insomniac
blanke,429000,263000000,0,130000000,570,554000,15400,70700000,3107,1,2023,uta
bleu clair,161000,103000000,4875,108000000,565,370000,5758,51700000,4868,2,"2022, 2023",insomniac
bleu clair,161000,103000000,4875,108000000,565,370000,5758,51700000,4868,2,"2022, 2023",uta
lee wells,411,394000,86,700000,19,6184,19,3634,104,1,2023,insomniac
dirt monkey,567000,125000000,1971,14800000,281,201000,7144,8970000,2311,1,2023,insomniac
borgore,8690000,1290000000,7630,67700000,645,4480000,51200,182000000,6571,2,"2022, 2023",insomniac
borgore,8690000,1290000000,7630,67700000,645,4480000,51200,182000000,6571,2,"2022, 2023",wasserman
boris brejcha,8610000,1580000000,8878,91800000,1071,8359999,299000,637000000,5026,2,"2022, 2023",insomniac
boris brejcha,8610000,1580000000,8878,91800000,1071,8359999,299000,637000000,5026,2,"2022, 2023",wme
born dirty,86500,43800000,2920,66700000,495,398000,60000,92100000,2031,2,"2022, 2023",insomniac
brennan heart,2360000,1460000000,12700,165000000,1146,3960000,80300,238000000,11000,1,2023,insomniac
capozzi,32299,13500000,1090,23900000,92,29500,595,1760000,885,2,"2022, 2023",insomniac
carola,177000,538000000,3161,24800000,314,445000,30700,46700000,143,1,2023,insomniac
champagne drip,342000,168000000,2331,19900000,172,161000,7303,24800000,840,1,2023,insomniac
chaney,37400,88400000,4475,75800000,585,419000,3566,18100000,3344,1,2023,insomniac
chris lake,3060000,2490000000,36800,393000000,1857,26500000,246000,1050000000,29600,2,"2022, 2023",insomniac
chris lake,3060000,2490000000,36800,393000000,1857,26500000,246000,1050000000,29600,2,"2022, 2023",wasserman
chris lorenzo,700000,878000000,18400,259000000,1359,5970000,62700,358000000,13800,2,"2022, 2023",insomniac
christopher lawrence,360000,9300000,328,2089999,230,63200,619,894000,762,1,2023,insomniac
chyl,303000,25700000,1411,33900000,194,123000,362000,333000000,623,2,"2023, 2025",insomniac
chyl,303000,25700000,1411,33900000,194,123000,362000,333000000,623,2,"2023, 2025",uta
cid,391000,1330000000,21400,397000000,1205,6420000,72300,352000000,16800,2,"2022, 2023",insomniac
cid,391000,1330000000,21400,397000000,1205,6420000,72300,352000000,16800,2,"2022, 2023",wme
sage armstrong,131000,14100000,0,0,238,113000,0,4540000,1036,1,2023,insomniac
cloverdale,74900,13900000,1680,29700000,242,65000,800,2280000,1735,2,"2022, 2023",insomniac
code black,379000,249000000,4017,23100000,325,663000,6119,12300000,6159,2,"2023, 2025",insomniac
code black,379000,249000000,4017,23100000,325,663000,6119,12300000,6159,2,"2023, 2025",corson
connor q,5072,74500,15,47600,7,186,8,8735,13,1,2023,insomniac
coone,1990000,1180000000,13800,105000000,980,8750000,29300,65000000,9740,1,2023,insomniac
corey divine,378,359000,41,836000,5,332,14,34700,6,1,2023,insomniac
corrupt (uk),87700,34100000,1673,23000000,277,189000,1613,9350000,1009,1,2023,insomniac
cosmic gate,1360000,629000000,7625,66000000,794,6240000,51400,130000000,21200,3,"2022, 2023, 2025",insomniac
cosmic gate,1360000,629000000,7625,66000000,794,6240000,51400,130000000,21200,3,"2022, 2023, 2025",wasserman
crespo,81100,2340000,233,8640000,11,6821,68,1950000,65,1,2023,insomniac
danny daze,374000,11900000,1041,5700000,277,343000,1127,3770000,1888,1,2023,insomniac
darren styles,823000,976000000,11500,114000000,1019,2930000,77800,353000000,8146,3,"2022, 2023, 2025",insomniac
demigod,5522,1270000,64,1090000,8,2255,134,25300,11,2,"2022, 2023",insomniac
dennis ferrer,936000,388000000,9580,95600000,894,9090000,32900,197000000,11400,1,2023,insomniac
dennis ferrer,936000,388000000,9580,95600000,894,9090000,32900,197000000,11400,1,2023,caa
dombresky,874000,308000000,10700,161000000,897,2150000,102000,964000000,8307,2,"2023, 2025",insomniac
dombresky,874000,308000000,10700,161000000,897,2150000,102000,964000000,8307,2,"2023, 2025",wasserman
disco lines,1930000,1200000000,14500,471000000,1513,5160000,1700000,7460000000,3034,2,"2023, 2025",insomniac
disco lines,1930000,1200000000,14500,471000000,1513,5160000,1700000,7460000000,3034,2,"2023, 2025",wasserman
elevate two,33,17100,18,247000,2,21,23,43700,0,1,2023,insomniac
dj dan,125000,14600000,811,4380000,165,365000,1737,1010000,2974,1,2023,insomniac
dj isaac,723000,662000000,8278,62000000,681,2020000,139000,442000000,7709,2,"2022, 2023",insomniac
dj topgun,29000,4570000,413,19400000,105,7887,248,2330000,33,1,2023,insomniac
dj trance,2046,275000,36,245000,23,12600,298,174000,11,1,2023,insomniac
dr phunk,446000,592000000,7811,72100000,652,1230000,27900,84400000,3935,2,"2022, 2023",insomniac
duke dumont,5820000,3720000000,33800,400000000,2150,30700000,325000,517000000,9848,1,2023,insomniac
duke dumont,5820000,3720000000,33800,400000000,2150,30700000,325000,517000000,9848,1,2023,wasserman
dustin husain,17300,4080000,538,7930000,252,34700,515,2390000,1581,1,2023,insomniac
eliminate,1280000,174000000,3523,38500000,419,476000,20000,115000000,4101,1,2023,insomniac
eliminate,1280000,174000000,3523,38500000,419,476000,20000,115000000,4101,1,2023,wasserman
ellen allien,2160000,60900000,2340,15700000,479,336000,3438,6660000,1585,1,2023,insomniac
ellen allien,2160000,60900000,2340,15700000,479,336000,3438,6660000,1585,1,2023,wme
emo nite,0,0,0,0,0,0,0,0,0,2,"2023, 2025",
enamour,130000,66700000,3533,38800000,878,538000,3230,11600000,4142,1,2023,insomniac
eptic,1430000,331000000,5198,74000000,595,958000,13000,59900000,12000,1,2023,insomniac
eptic,1430000,331000000,5198,74000000,595,958000,13000,59900000,12000,1,2023,uta
dion timmer,695000,352000000,4273,41700000,571,908000,51000,253000000,3367,1,2023,insomniac
richter,38700,9930000,544,16300000,216,34800,951,3950000,188,2,"2022, 2023",insomniac
ferreck dawn,589000,464000000,13400,194000000,843,3650000,15300,74400000,11900,1,2023,insomniac
fetish,148000,90400000,2421,34300000,730,1400000,13400000,9690000000,550,2,"2022, 2023",insomniac
declan james,24200,6980000,0,10200000,95,54000,0,359000,386,1,,insomniac
frankie bones,117000,5460000,597,1710000,244,84500,482,372000,526,1,2023,insomniac
franky wah,324000,297000000,8305,139000000,1060,2009999,378000,99900000,6952,1,2023,insomniac
fred everything,168000,15500000,1389,5880000,391,511000,1381,1100000,4225,1,2023,insomniac
friction,759000,392000000,5484,60800000,782,1240000,12400,58100000,2876,2,"2022, 2023",insomniac
friction,759000,392000000,5484,60800000,782,1240000,12400,58100000,2876,2,"2022, 2023",wasserman
friction,759000,392000000,5484,60800000,782,1240000,12400,58100000,2876,2,"2022, 2023",uta
funtcase,843000,68700000,0,16900000,199,131000,0,1180000,2297,2,"2022, 2023",insomniac
funtcase,843000,68700000,0,16900000,199,131000,0,1180000,2297,2,"2022, 2023",uta
galantis,13900000,8950000000,53500,829000000,2381,26800000,3810000,4130000000,16300,1,2023,insomniac
galantis,13900000,8950000000,53500,829000000,2381,26800000,3810000,4130000000,16300,1,2023,wme
gammer,339000,310000000,0,146000000,711,1480000,58700,125000000,8692,1,2023,insomniac
tweekacore,45700,81800000,1872,13300000,171,104000,1790,8140000,1105,2,"2022, 2023",insomniac
tweekacore,45700,81800000,1872,13300000,171,104000,1790,8140000,1105,2,"2022, 2023",corson
gareth emery,3990000,1220000000,8354,101000000,1070,5420000,265000,306000000,17000,1,2023,insomniac
gareth emery,3990000,1220000000,8354,101000000,1070,5420000,265000,306000000,17000,1,2023,wasserman
gentlemens club,356000,78000000,2644,22900000,309,127000,2555,99500000,1327,1,2023,insomniac
goodboys,376000,4080000000,42700,772000000,2863,37300000,6040000,18100000000,9639,1,2023,insomniac
goodboys,376000,4080000000,42700,772000000,2863,37300000,6040000,18100000000,9639,1,2023,uta
grafix,249000,400000000,4821,47700000,748,1130000,13700,46300000,4931,1,2023,insomniac
grafix,249000,400000000,4821,47700000,748,1130000,13700,46300000,4931,1,2023,corson
grafix,249000,400000000,4821,47700000,748,1130000,13700,46300000,4931,1,2023,uta
griz,3190000,1060000000,8339,102000000,789,2420000,226000,2300000000,4139,1,2023,insomniac
griz,3190000,1060000000,8339,102000000,789,2420000,226000,2300000000,4139,1,2023,caa
hana,535000,137000000,4108,102000000,665,484000,8826,60900000,1582,2,"2022, 2023",insomniac
hana,535000,137000000,4108,102000000,665,484000,8826,60900000,1582,2,"2022, 2023",caa
hannah wants,1430000,285000000,7403,117000000,776,2740000,129000,347000000,4497,1,2023,insomniac
hoang,124000,246000000,1664,17000000,385,289000,31500,47100000,69,1,2023,insomniac
honey,3862,545000,147,801000,0,57,115,163000,0,1,2023,insomniac
hot since 82,2630000,373000000,8963,107000000,979,4099999,21600,98200000,15200,2,"2023, 2025",insomniac
hot since 82,2630000,373000000,8963,107000000,979,4099999,21600,98200000,15200,2,"2023, 2025",wme
hvdes,205000,48500000,1296,15400000,184,72300,18000,40600000,233,1,2023,insomniac
hvdes,205000,48500000,1296,15400000,184,72300,18000,40600000,233,1,2023,uta
i hate models,1900000,123000000,3265,32700000,471,725000,16700,59100000,393,3,"2022, 2023, 2025",insomniac
if found,31500,46900000,1643,51900000,302,113000,5130,12700000,332,1,2023,insomniac
imanu,257000,164000000,0,43300000,446,329000,0,31000000,3087,2,"2022, 2023",insomniac
imanu,257000,164000000,0,43300000,446,329000,0,31000000,3087,2,"2022, 2023",uta
jaded,142000,364000000,9520,156000000,715,3460000,35100,440000000,4536,1,2023,insomniac
james hype,6490000,2920000000,32299,589000000,2315,19900000,550000,1700000000,19900,3,"2022, 2023, 2025",insomniac
jamesjamesjames,87100,112000000,3448,89200000,467,293000,4925,12300000,338,1,2023,insomniac
jason blakemore,248,7521,6,6503,1,33,1,0,4,1,2023,insomniac
jeff mills,370000,34600000,2101,20800000,480,392000,4404,13700000,492,1,2023,insomniac
john bryars,85,28300,19,111000,13,166,11,18100,10,1,2023,insomniac
jorza,8296,17200000,956,18000000,198,62900,1304,1570000,792,2,"2022, 2023",insomniac
joshwa,194000,191000000,8807,150000000,708,1530000,33800,161000000,7551,2,"2022, 2023",insomniac
joshwa,194000,191000000,8807,150000000,708,1530000,33800,161000000,7551,2,"2022, 2023",caa
jstjr,389000,44600000,1795,23500000,281,154000,8419,809000000,1709,2,"2022, 2023",insomniac
jstjr,389000,44600000,1795,23500000,281,154000,8419,809000000,1709,2,"2022, 2023",uta
kaivon,409000,227000000,3102,42000000,348,384000,11700,26300000,715,1,2023,insomniac
kaivon,409000,227000000,3102,42000000,348,384000,11700,26300000,715,1,2023,wme
kaleena zanders,122000,296000000,8792,178000000,853,1960000,34700,1200000000,3241,2,"2022, 2023",insomniac
kaleena zanders,122000,296000000,8792,178000000,853,1960000,34700,1200000000,3241,2,"2022, 2023",wasserman
kaytranada,7150000,4190000000,33800,455000000,1941,14500000,1410000,7240000000,2018,1,2023,insomniac
kaytranada,7150000,4190000000,33800,455000000,1941,14500000,1410000,7240000000,2018,1,2023,wasserman
kettama,866000,268000000,5536,101000000,728,763000,47600,235000000,2364,1,2023,insomniac
kettama,866000,268000000,5536,101000000,728,763000,47600,235000000,2364,1,2023,wasserman
kill script,23900,18300000,807,14000000,277,39200,661,6650000,468,1,2023,insomniac
kj sawka,230000,9400000,473,4970000,111,22800,371,267000,161,1,2023,insomniac
kj sawka,230000,9400000,473,4970000,111,22800,371,267000,161,1,2023,corson
klaxx,32200,28200000,1216,37600000,132,21400,1342,3620000,357,1,2023,insomniac
korolova,4170000,294000000,4418,90900000,670,1540000,98400,269000000,3917,2,"2023, 2025",insomniac
korolova,4170000,294000000,4418,90900000,670,1540000,98400,269000000,3917,2,"2023, 2025",uta
ksofresko,3253,18700,5,17300,40,253,1433,15700000,13,2,"2022, 2023",insomniac
lady sinclair,12500,135000,62,1990000,4,1333,92,393000,23,3,"2022, 2023, 2025",insomniac
lane 8,1420000,1340000000,13400,172000000,1317,5230000,687000,1970000000,7486,1,2023,insomniac
lane 8,1420000,1340000000,13400,172000000,1317,5230000,687000,1970000000,7486,1,2023,wasserman
layla benitez,240000,8960000,1263,42000000,133,72800,1305,5910000,543,1,2023,insomniac
layla benitez,240000,8960000,1263,42000000,133,72800,1305,5910000,543,1,2023,wme
layla benitez,240000,8960000,1263,42000000,133,72800,1305,5910000,543,1,2023,caa
le twins,538000,11500000,975,27000000,102,376000,1398,7880000,364,1,2023,insomniac
le youth,702000,1320000000,14900,200000000,1654,8430000,258000,735000000,2775,2,"2023, 2025",insomniac
lenny dee,137000,15600000,786,2330000,149,75100,2444,6330000,796,1,2023,insomniac
lenny v,39,588000,12,78000,0,831,0,0,0,1,2023,insomniac
loud luxury,3670000,3670000000,28400,626000000,1915,26700000,313000,961000000,5197,2,"2023, 2025",insomniac
loud luxury,3670000,3670000000,28400,626000000,1915,26700000,313000,961000000,5197,2,"2023, 2025",wasserman
louie vega,957000,263000000,11300,95100000,1276,7390000,51200,146000000,21600,1,2023,insomniac
lovefingers,46500,1370000,138,8170000,33,10300,15,878,16,1,2023,insomniac
machete,0,149000,0,41200,3,0,0,0,0,1,2023,insomniac
malaa,1220000,3100000000,10800,148000000,876,3170000,63500,677000000,10500,1,2023,insomniac
malaa,1220000,3100000000,10800,148000000,876,3170000,63500,677000000,10500,1,2023,wasserman
wax motif,702000,397000000,10400,151000000,817,2770000,234000,943000000,7129,2,"2022, 2023",insomniac
manolo,10700,30600000,235,2360000,66,87000,60800,26900000,114,2,"2022, 2023",insomniac
marshmello,178000000,40100000000,106000,1600000000,5264,103000000,16600000,36600000000,10900,1,2023,insomniac
marshmello,178000000,40100000000,106000,1600000000,5264,103000000,16600000,36600000000,10900,1,2023,wasserman
marten hørger,301000,223000000,8142,141000000,874,1460000,323000,525000000,8021,1,2023,insomniac
the martinez brothers,2540000,390000000,12100,196000000,1411,3180000,60500,266000000,7074,2,"2023, 2025",insomniac
the martinez brothers,2540000,390000000,12100,196000000,1411,3180000,60500,266000000,7074,2,"2023, 2025",wme
masteria,61300,18500000,1578,18200000,165,69100,2141,8100000,1097,2,"2022, 2023",insomniac
matt fax,94200,130000000,3527,64400000,910,2100000,8012,51400000,9008,2,"2022, 2023",insomniac
matt steffanina,32600000,13900000,974,36900000,132,63100,8374,76500000,192,2,"2022, 2023",insomniac
max low,22800,2650000,805,15700000,92,9830,648,2029999,608,2,"2022, 2023",insomniac
meduza,4400000,7060000000,55400,900000000,3770,51500000,6890000,15900000000,20500,3,"2022, 2023, 2025",insomniac
meduza,4400000,7060000000,55400,900000000,3770,51500000,6890000,15900000000,20500,3,"2022, 2023, 2025",caa
memba,488000,300000000,4860,74400000,560,1560000,969000,709000000,696,2,"2022, 2023",insomniac
memba,488000,300000000,4860,74400000,560,1560000,969000,709000000,696,2,"2022, 2023",uta
metrik,665000,406000000,4888,45800000,919,1580000,145000,92100000,5502,1,2023,insomniac
miane,97400,38700000,2683,53300000,527,315000,1661,8630000,2714,1,2023,insomniac
midnight tyrannosaurus,703000,113000000,1277,10100000,147,123000,5295,18200000,1226,1,2023,insomniac
mike dunn,173000,191000000,6731,82200000,673,2890000,21900,93300000,9336,1,2023,insomniac
mochakk,4770000,301000000,7287,102000000,761,2210000,59800,283000000,3741,2,"2023, 2025",insomniac
mochakk,4770000,301000000,7287,102000000,761,2210000,59800,283000000,3741,2,"2023, 2025",wasserman
mochakk,4770000,301000000,7287,102000000,761,2210000,59800,283000000,3741,2,"2023, 2025",wme
modapit,164000,2930000,871,15100000,44,7196,364,13600000,156,1,2023,insomniac
moody good,241000,175000000,2843,41000000,278,378000,3121,20200000,1953,1,2023,insomniac
morten,1580000,1230000000,18600,345000000,1662,7170000,158000,483000000,13900,2,"2023, 2025",insomniac
morten,1580000,1230000000,18600,345000000,1662,7170000,158000,483000000,13900,2,"2023, 2025",uta
mrotek,10900,1310000,161,1010000,31,3451,69,131000,172,1,2023,insomniac
ms. mada,33500,65099,45,1890000,0,99,1,0,5,2,"2022, 2023",insomniac
bakke,4968,719000,58,492000,12,7695,79,65600,88,2,"2022, 2023",insomniac
mvse,26200,17200000,803,15500000,101,12200,850,1050000,9,1,2023,insomniac
nala,72900,21400000,1982,39000000,426,276000,4126,31000000,1198,1,2023,insomniac
nala,72900,21400000,1982,39000000,426,276000,4126,31000000,1198,1,2023,wasserman
netsky,2530000,1380000000,12500,225000000,1041,7220000,113000,419000000,5762,2,"2023, 2025",insomniac
netsky,2530000,1380000000,12500,225000000,1041,7220000,113000,419000000,5762,2,"2023, 2025",wasserman
netsky,2530000,1380000000,12500,225000000,1041,7220000,113000,419000000,5762,2,"2023, 2025",uta
no etiquette,12700,5660000,557,11300000,114,64099,816,6610000,90,1,2023,insomniac
nostalgix,291000,34800000,2003,62200000,189,97600,3867,31500000,1470,2,"2022, 2023",insomniac
nurko,403000,405000000,4366,92200000,561,658000,305000,899000000,1097,1,2023,insomniac
nurko,403000,405000000,4366,92200000,561,658000,305000,899000000,1097,1,2023,uta
oddkidout,193000,54900000,1769,37100000,243,71900,2224,5260000,234,1,2023,insomniac
orso,909,965000000,12900,397000000,1034,12100000,994000,3890000000,2033,1,2023,
oscure,4252,1086,1,1391,0,7,1,0,2,1,2023,insomniac
osyris,13200,189000,47,497000,1,262,82,46100,0,1,2023,insomniac
paco osuna,803000,24000000,1511,15100000,409,480000,5383,15500000,2393,1,2023,insomniac
patrick topping,1750000,237000000,6532,86600000,798,2840000,10800,60900000,7215,1,2023,insomniac
patrick topping,1750000,237000000,6532,86600000,798,2840000,10800,60900000,7215,1,2023,wasserman
paul denton,98700,23800000,1000,7530000,453,359000,5571,6540000,9253,1,2023,insomniac
pauline herr,86800,119000000,3584,65700000,374,316000,14600,106000000,691,2,"2022, 2023",insomniac
pawsa,1960000,896000000,12300,222000000,1245,6420000,549000,2810000000,6266,1,2023,insomniac
peekaboo,610000,277000000,4358,68300000,508,546000,30800,79000000,4286,1,2023,insomniac
peekaboo,610000,277000000,4358,68300000,508,546000,30800,79000000,4286,1,2023,uta
pretty pink,974000,179000000,4263,62000000,612,1290000,6334,31900000,3819,2,"2022, 2023",insomniac
qlank,56200,42300000,1729,28300000,220,70200,6112,105000000,1393,2,"2022, 2023",insomniac
ray volpe,1120000,268000000,3786,40100000,555,557000,65600,139000000,7950,2,"2023, 2025",insomniac
reaper,206000,176000000,3171,55300000,310,230000,7034,60500000,2265,2,"2022, 2023",insomniac
reaper,206000,176000000,3171,55300000,310,230000,7034,60500000,2265,2,"2022, 2023",uta
rebelion,493000,394000000,3706,18700000,323,411000,6980,20800000,7195,1,2023,insomniac
reinier zonneveld,1330000,370000000,9025,81200000,1174,3120000,16400,227000000,7460,1,2023,insomniac
riot ten,1120000,280000000,4741,85200000,715,608000,2550000,9270000000,5280,3,"2022, 2023, 2025",insomniac
rob gee,89300,23600000,1021,3790000,150,51400,755,4200000,604,2,"2022, 2023",insomniac
rob gee,89300,23600000,1021,3790000,150,51400,755,4200000,604,2,"2022, 2023",corson
sabai,187000,243000000,1720,32100000,433,283000,18100,54700000,179,1,2023,insomniac
sabai,187000,243000000,1720,32100000,433,283000,18100,54700000,179,1,2023,wasserman
said the sky,1300000,1030000000,8056,124000000,883,1390000,78900,282000000,2362,1,2023,insomniac
said the sky,1300000,1030000000,8056,124000000,883,1390000,78900,282000000,2362,1,2023,uta
salute,387000,192000000,6061,118000000,880,867000,40800,37100000,2256,1,2023,insomniac
salute,387000,192000000,6061,118000000,880,867000,40800,37100000,2256,1,2023,wasserman
saymyname,561000,87500000,2597,52600000,344,238000,52700,410000000,2301,1,2023,insomniac
sean lafayette,9252,2910000,645,11900000,49,11100,237,2460000,28,1,2023,insomniac
shei,751000,4080000,323,7760000,38,13100,192,1850000,48,1,2023,insomniac
sherelle,173000,6670000,1331,28600000,211,75000,758,3290000,187,1,2023,insomniac
sherelle,173000,6670000,1331,28600000,211,75000,758,3290000,187,1,2023,wasserman
ship wrek,470000,563000000,12500,270000000,887,3260000,144000,675000000,5089,1,2023,insomniac
ship wrek,470000,563000000,12500,270000000,887,3260000,144000,675000000,5089,1,2023,wasserman
sidepiece,660000,979000000,20300,296000000,1247,5770000,52900,478000000,9560,3,"2022, 2023, 2025",insomniac
sidepiece,660000,979000000,20300,296000000,1247,5770000,52900,478000000,9560,3,"2022, 2023, 2025",wasserman
simply jeff,4168,30100,0,Playlist Reach,9,2339,14,0,0,1,2023,insomniac
dr. apollo,18700,3140000,341,11700000,130,7140,406,1180000,209,2,"2022, 2023",insomniac
softest hard,39800,17100000,896,31600000,134,74800,1129,7090000,232,2,"2022, 2023",insomniac
sonny fodera,2480000,2049999999,25300,410000000,1567,11300000,302000,799000000,19000,1,2023,insomniac
sonny fodera,2480000,2049999999,25300,410000000,1567,11300000,302000,799000000,19000,1,2023,wasserman
space laces,625000,265000000,3809,56400000,441,641000,8633,32200000,11800,2,"2022, 2023",insomniac
space laces,625000,265000000,3809,56400000,441,641000,8633,32200000,11800,2,"2022, 2023",uta
space motion,481000,173000000,5742,61000000,898,4320000,174000,941000000,8273,1,2023,insomniac
spencer brown,268000,111000000,3299,40500000,785,684000,6066,21900000,5794,1,2023,insomniac
suae,50100,16500000,793,7600000,187,45500,1824,24800000,443,1,2023,insomniac
sullivan king,2280000,526000000,5040,56900000,593,789000,110000,354000000,5918,2,"2023, 2025",insomniac
sultan + shepard,1130000,977000000,12600,202000000,1177,7640000,69100,120000000,11100,2,"2022, 2023",insomniac
sultan + shepard,1130000,977000000,12600,202000000,1177,7640000,69100,120000000,11100,2,"2022, 2023",wasserman
sultan + shepard,1130000,977000000,12600,202000000,1177,7640000,69100,120000000,11100,2,"2022, 2023",uta
tchami,2700000,1270000000,21300,300000000,1839,6690000,122000,581000000,14100,2,"2022, 2023",insomniac
tchami,2700000,1270000000,21300,300000000,1839,6690000,122000,581000000,14100,2,"2022, 2023",wasserman
ac slater,702000,338000000,6814,74400000,606,1810000,17400,72900000,7549,2,"2022, 2023",insomniac
ac slater,702000,338000000,6814,74400000,606,1810000,17400,72900000,7549,2,"2022, 2023",wasserman
thee-o,7312,52300,3,1209,2,2493,41,1,11,2,"2022, 2023",insomniac
things you say,11300,2160000,270,2570000,90,17200,113,279000,92,2,"2022, 2023",insomniac
todd terry,785000,703000000,15900,187000000,1561,13800000,95200,441000000,19200,1,2023,insomniac
tom & collins,615000,126000000,5144,108000000,462,781000,9881,72400000,2858,1,,
tones,0,763000,0,2470000,6,0,0,16800,37,1,2023,insomniac
township rebellion,323000,65300000,2843,22000000,598,1020000,1578,6700000,3390,1,2023,insomniac
triode,9789,4260000,293,4000000,214,27700,1060,911000,1159,1,2023,insomniac
tsu nami,87100,15300000,886,18400000,133,17000,771,13500000,177,2,"2022, 2023",insomniac
tsu nami,87100,15300000,886,18400000,133,17000,771,13500000,177,2,"2022, 2023",uta
vini vici,4590000,1740000000,17800,243000000,1969,11500000,222000,851000000,11600,3,"2022, 2023, 2025",insomniac
will atkinson,522000,63100000,1879,28300000,491,533000,11200,17400000,10600,1,2023,insomniac
yellow claw,5720000,3820000000,25400,333000000,1783,20100000,1090000,1590000000,15500,3,"2022, 2023, 2025",insomniac
yellow claw,5720000,3820000000,25400,333000000,1783,20100000,1090000,1590000000,15500,3,"2022, 2023, 2025",uta
yetep,119000,83000000,2092,34100000,302,77900,4141,5450000,392,2,"2022, 2023",insomniac
yetep,119000,83000000,2092,34100000,302,77900,4141,5450000,392,2,"2022, 2023",wasserman
yokai,12300,1080000,102,1100000,12,785,2334,17200000,12,2,"2022, 2023",insomniac
yoshi & razner,25200,6360000,486,5000000,267,41100,1249,1160000,3329,1,,
young bombs,342000,490000000,5567,106000000,520,1280000,127000,464000000,396,1,2023,insomniac
zeds dead,10200000,1780000000,13200,183000000,890,5450000,95800,228000000,8891,2,"2022, 2023",insomniac
zeds dead,10200000,1780000000,13200,183000000,890,5450000,95800,228000000,8891,2,"2022, 2023",wasserman
chase & status,6290000,2340000000,15500,243000000,1578,13500000,280000,922000000,8807,1,,
1991,294000,404000000,6313,93000000,520,851000,53600,264000000,2920,1,2022,insomniac
1991,294000,404000000,6313,93000000,520,851000,53600,264000000,2920,1,2022,wasserman
a-trak,7920000,2610000000,33300,348000000,2044,27000000,274000,783000000,14500,1,2022,insomniac
a-trak,7920000,2610000000,33300,348000000,2044,27000000,274000,783000000,14500,1,2022,wasserman
craze,449000,46300000,1338,13800000,163,614000,9100,1360000,556,1,2022,insomniac
a.m.c,337000,79700000,2204,14900000,314,326000,6461,32600000,2406,1,2022,insomniac
a.m.c,337000,79700000,2204,14900000,314,326000,6461,32600000,2406,1,2022,corson
alan walker,133000000,32400000000,66200,1030000000,4359,149000000,27900000,45000000000,10700,1,2022,insomniac
alexandar smash,8978,7480000,382,12200000,100,30400,146,969000,119,1,2022,insomniac
alix perez,509000,116000000,3283,19000000,637,537000,6485,10000000,4203,1,2022,insomniac
alyx ander,32100,42000000,1789,67099999,258,236000,1127,2890000,432,1,2022,insomniac
anatta,38300,5250000,1010,10200000,85,23300,460,1550000,370,2,"2022, 2025",insomniac
anderson m,7124,313000,96,659000,18,1145,141,42200,75,1,2022,insomniac
anfisa letyago,2420000,45200000,2642,41700000,615,286000,6080,21200000,1529,1,2022,insomniac
anfisa letyago,2420000,45200000,2642,41700000,615,286000,6080,21200000,1529,1,2022,wme
ann clue,391000,78700000,1663,22400000,347,413000,8185,33400000,325,1,2022,insomniac
the archer,22400,10900000,906,19700000,82,58600,1456,14100000,293,2,"2022, 2025",insomniac
atb,3690000,2390000000,24300,527000000,2157,24900000,386000,679000000,4839,1,2022,insomniac
atb,3690000,2390000000,24300,527000000,2157,24900000,386000,679000000,4839,1,2022,wasserman
audien,1640000,1900000000,12400,174000000,942,6080000,396000,1490000000,8421,1,2022,insomniac
audien,1640000,1900000000,12400,174000000,942,6080000,396000,1490000000,8421,1,2022,uta
autograf,857000,556000000,8777,139000000,832,1860000,27700,101000000,1189,1,2022,insomniac
avision,134000,11100000,1369,11200000,415,589000,1309,2040000,3267,1,2022,insomniac
baby weight,19300,1730000,588,14800000,140,13000,605,7330000,236,1,2022,insomniac
bear grillz,1070000,156000000,2788,57300000,296,233000,20600,49300000,1673,1,2022,insomniac
kompany,585000,148000000,3179,47000000,369,264000,8455,41700000,6072,2,"2022, 2025",insomniac
kompany,585000,148000000,3179,47000000,369,264000,8455,41700000,6072,2,"2022, 2025",uta
ben böhmer,2400000,1390000000,12600,142000000,1311,5590000,157000,514000000,6433,1,2022,insomniac
bijou,328000,149000000,5724,112000000,488,556000,21500,102000000,3696,1,2022,insomniac
black v neck,142000,122000000,5360,108000000,664,1190000,230000,576000000,4899,1,2022,insomniac
blossom,186000,25100000,1459,28900000,87,40800,1228,5070000,557,1,2022,insomniac
blossom,186000,25100000,1459,28900000,87,40800,1228,5070000,557,1,2022,wasserman
blunts & blondes,444000,76100000,1559,29200000,132,97600,5396,13700000,383,1,,
bombays,17500,7180000,654,12800000,163,30700,550,7630000,247,1,2022,insomniac
boston bun,213000,173000000,5664,145000000,600,1210000,8311,41200000,1932,1,2022,insomniac
brainchild,6519,3110000,271,849000,56,46500,124,124000,85,1,2022,insomniac
burko,31200,16500000,1166,21700000,204,61900,827,3170000,478,1,2022,insomniac
candl,10600,212000,72,593000,24,430,64,31800,41,1,2022,insomniac
carl craig,777000,121000000,5922,50400000,971,2840000,4513,9440000,6642,1,2022,insomniac
cat dealers,2860000,1620000000,18600,331000000,1275,8010000,704000,1450000000,5773,1,2022,insomniac
chapter & verse,166000,98800000,5915,144000000,502,775000,8485,81600000,7010,1,,
charlotte de witte,12700000,633000000,9364,115000000,1226,4360000,140000,1680000000,7883,2,"2022, 2025",insomniac
charlotte de witte,12700000,633000000,9364,115000000,1226,4360000,140000,1680000000,7883,2,"2022, 2025",wasserman
chocolate sushi,1133,22600,23,374000,1,60,10,14600,5,1,2022,insomniac
chris jay,363,963000,40,182000,17,35800,171,203000,7,1,2022,insomniac
cloonee,1510000,654000000,12800,180000000,873,4600000,68100,308000000,8771,2,"2022, 2025",insomniac
cloonee,1510000,654000000,12800,180000000,873,4600000,68100,308000000,8771,2,"2022, 2025",caa
coco & breezy,357000,71800000,2612,96600000,360,222000,6215,27900000,384,1,,
colored craig,0,0,0,0,2,0,0,0,0,1,2022,insomniac
craig connelly,413000,163000000,1887,18400000,492,865000,26600,28900000,9691,1,2022,insomniac
crime family,113,44100,0,0,0,155,96,97600,0,1,2022,insomniac
morten,1580000,1240000000,18600,364000000,1662,7170000,158000,486000000,13900,2,"2023, 2025",insomniac
morten,1580000,1240000000,18600,364000000,1662,7170000,158000,486000000,13900,2,"2023, 2025",uta
definitive,55700,3870000,284,3900000,31,7584,111,12700,182,1,2022,insomniac
delta heavy,1190000,542000000,5119,38000000,536,1080000,10600,42400000,3790,1,2022,insomniac
delta heavy,1190000,542000000,5119,38000000,536,1080000,10600,42400000,3790,1,2022,corson
muzz,350000,304000000,4442,26300000,364,678000,31000,115000000,1948,1,2022,insomniac
muzz,350000,304000000,4442,26300000,364,678000,31000,115000000,1948,1,2022,wasserman
dennis cruz,932000,216000000,6848,49900000,774,3060000,26300,77900000,11100,2,"2022, 2025",insomniac
dennis cruz,932000,216000000,6848,49900000,774,3060000,26300,77900000,11100,2,"2022, 2025",caa
derrick carter,82000,6580000,991,7390000,290,234000,2364,15300000,1472,1,2022,insomniac
deyo,2682,302000,54,542000,0,402,43,263000,0,1,2022,insomniac
diamond dallas tex,355000,544000,98,434000,4,2015,40,225000,36,1,2022,insomniac
diesel,206000,76100000,713,5400000,85,253000,1342,679000,3,1,2022,insomniac
charles feelgood,17300,642000,66,160000,69,38100,122,53900,329,1,2022,insomniac
dj heather,3577,297000,87,437000,25,9149,67,69100,144,1,2022,insomniac
dj holographic,48600,945000,305,3650000,42,8734,117,180000,80,1,2022,insomniac
doctor p,1730000,450000000,5362,52800000,687,1630000,160000,1240000000,5025,1,2022,insomniac
doctor p,1730000,450000000,0,52800000,687,163000000,160000,1240000000,5029,1,2022,insomniac
dot,60700,9360000,0,21300000,170,28500,0,2160000,126,1,2022,insomniac
dr. defiant,3813,98500,5,5600,4,3107,187,12900000,5,1,2022,insomniac
duck sauce,1400000,960000000,11900,158000000,856,9140000,93500,763000000,4971,1,2022,insomniac
duck sauce,1400000,960000000,11900,158000000,856,9140000,93500,763000000,4971,1,2022,wasserman
dvrko,211000,43600000,1735,71100000,104,37900,896,13000000,439,1,2022,insomniac
echod,12000,48000,9,76300,1,53,4,8238,5,1,2022,insomniac
el monk,6673,53900,26,137000,8,535,80,22900,22,1,2022,insomniac
eprom,403000,88100000,2317,25900000,401,200000,3617,17500000,2326,1,2022,insomniac
eric mark,5415,1320000,309,5260000,70,2935,205,87100,171,1,2022,insomniac
€uro tra$h,1440000,51600000,1947,39300000,353,320000,81700,124000000,1244,2,"2022, 2025",insomniac
evan giia,267000,303000000,6574,150000000,701,1050000,264000,273000000,669,1,2022,insomniac
evol intent,341000,29100000,652,5010000,244,69400,474,441000,510,1,2022,insomniac
fantom freq,16500,4410000,758,12700000,74,6920,694,500000,597,1,2022,insomniac
felix da housecat,764000,212000000,6364,79500000,1314,3880000,12800,68300000,3284,1,2022,insomniac
fjaak,882000,71600000,3117,18600000,474,350000,6188,56000000,1789,1,2022,insomniac
fjaak,882000,71600000,3117,18600000,474,350000,6188,56000000,1789,1,2022,wme
flashgang,2460,4301,12,53000,3,63,8,164,2,1,2022,insomniac
francis mercier,760000,512000000,11200,186000000,953,5280000,376000,914000000,4331,2,"2022, 2025",insomniac
kanine,413000,382000000,4488,48800000,535,856000,19400,79200000,3083,1,2022,insomniac
kanine,413000,382000000,4488,48800000,535,856000,19400,79200000,3083,1,2022,uta
g jones,665000,130000000,2391,41500000,264,175000,2596,13800000,3658,1,2022,insomniac
g jones,665000,130000000,2391,41500000,264,175000,2596,13800000,3658,1,2022,caa
gabriel & dresden,555000,276000000,4774,61300000,734,2870000,13000,25000000,11100,1,,
ganja white night,1450000,379000000,3039,38600000,377,505000,37000,120000000,1484,1,2022,insomniac
ganja white night,1450000,379000000,3039,38600000,377,505000,37000,120000000,1484,1,2022,uta
gem & tauri,33500,9080000,444,5520000,184,30600,430,1180000,221,1,,
gene farris,290000,48300000,4050,42100000,537,849000,4490,12900000,10200,1,2022,insomniac
getter,2710000,1570000000,7301,68600000,532,1860000,85300,193000000,4132,1,2022,insomniac
getter,2710000,1570000000,7301,68600000,532,1860000,85300,193000000,4132,1,2022,uta
gibson parker,14000,31000000,1009,22000000,80,65400,1066,2200000,105,1,2022,insomniac
big gigantic,1650000,722000000,0,129000000,525,2560000,33400,70600000,1088,1,,insomniac
golf clap,151000,14100000,1228,16300000,275,84400,702,1770000,1245,1,2022,insomniac
golf clap,151000,14100000,1228,16300000,275,84400,702,1770000,1245,1,2022,corson
good times ahead,1930000,1320000000,19400,202000000,1178,15100000,66300,278000000,20100,1,2022,insomniac
grimes,11400000,3130000000,28500,336000000,2049,9440000,872000,8130000000,1799,1,2022,insomniac
grimes,11400000,3130000000,28500,336000000,2049,9440000,872000,8130000000,1799,1,2022,uta
harry romero,173000,88000000,6382,64800000,744,2040000,8502,32299999,19900,1,2022,insomniac
headhunterz,4480000,1350000000,11300,60400000,799,4730000,96400,220000000,15600,1,2022,insomniac
helloworld,58300,14100000,841,11800000,88,24400,1098,1920000,238,1,2022,insomniac
honey dijon,940000,171000000,8160,160000000,1092,1550000,90100,429000000,6917,1,2022,insomniac
honey dijon,940000,171000000,8160,160000000,1092,1550000,90100,429000000,6917,1,2022,wasserman
hpnotic,36600,739000,193,2230000,26,515,43,13000,44,1,2022,insomniac
hpnotic,36600,739000,193,2230000,26,515,43,13000,44,1,2022,corson
lucky rabbit,10500,407000,81,735000,9,542,232,102000,26,1,2022,insomniac
valentino khan,1750000000,1380000000,14500,228000000,1597,6270000,3620000,11300000000,15800,2,"2023, 2024",insomniac
valentino khan,1750000000,1380000000,14500,228000000,1597,6270000,3620000,11300000000,15800,2,"2023, 2024",wasserman
hush,32600,26900000,899,4740000,177,161000,1021,6910000,77,1,2022,insomniac
hybrid minds,984000,773000000,5331,59700000,1008,1920000,27100,76400000,1739,1,2022,insomniac
hybrid minds,984000,773000000,5331,59700000,1008,1920000,27100,76400000,1739,1,2022,uta
ilan bluestone,480000,189000000,3889,48200000,768,1600000,24400,61200000,13200,1,2022,insomniac
ilario alicante,649000,39800000,1628,11900000,393,650000,7198,33500000,1873,1,2022,insomniac
ilario alicante,649000,39800000,1628,11900000,393,650000,7198,33500000,1873,1,2022,caa
imanbek,972000,8580000000,48800,994000000,3664,72100000,4059999,24400000000,3671,1,2022,insomniac
jai wolf,1460000,919000000,10100,127000000,836,3650000,144000,273000000,786,1,2022,insomniac
jai wolf,1460000,919000000,10100,127000000,836,3650000,144000,273000000,786,1,2022,wasserman
jason ross,379000,305000000,4907,98600000,823,847000,15700,41000000,5619,1,2022,insomniac
jason ross,379000,305000000,4907,98600000,823,847000,15700,41000000,5619,1,2022,wasserman
jauz,3160000,1180000000,13400,161000000,1402,5870000,2740000,2350000000,12000,1,2022,insomniac
jawns,150000,31500000,1304,20800000,203,175000,5844,4700000,873,1,2022,insomniac
jayda g,559000,170000000,6793,138000000,775,838000,26500,176000000,926,1,2022,insomniac
joel corry,3020000,5860000000,42500,813000000,3210,29600000,1440000,3700000000,14500,1,2022,insomniac
joel corry,3020000,5860000000,42500,813000000,3210,29600000,1440000,3700000000,14500,1,2022,wasserman
john o'callaghan,863000,262000000,3377,38800000,523,2110000,17700,27600000,16500,1,2022,
julienne by,70100,2500000,279,5310000,18,2309,241,566000,60,1,2022,insomniac
junkie kid,550000,190000000,3061,31300000,448,776000,199000,662000000,2706,1,2022,insomniac
junkie kid,550000,190000000,3061,31300000,448,776000,199000,662000000,2706,1,2022,corson
k?d,432000,160000000,2900,59700000,223,310000,1910,4200000,1104,1,2022,insomniac
kami,80800,26400000,569,13900000,22,103000,419,547000,3,2,"2022, 2025",insomniac
kx5,293000,349000000,7440,191000000,884,2150000,40800,172000000,3335,1,2022,insomniac
keekz,9258,82400,7,3925,0,2784,17,7573,0,1,2022,insomniac
khromata,34600,86600,37,313000,21,1095,33,16700,43,1,2022,insomniac
knock2,642000,399000000,4916,94600000,645,945000,53200,358000000,7884,1,2022,insomniac
knock2,642000,399000000,4916,94600000,645,945000,53200,358000000,7884,1,2022,wasserman
knowmans,1670,19300,8,16900,9,590,24,28800,17,1,2022,insomniac
korsky,77,219,3,2129,0,43,7,367,1,1,2022,insomniac
kwon,9901,8320000,350,3110000,52,7307,185,141000,12,1,2022,insomniac
lab group,96400,6360000,228,1430000,123,11400,663,686000,13,1,2022,insomniac
lab group,96400,6360000,228,1430000,123,11400,663,686000,13,1,2022,wasserman
layd,77,10100,3,8309,1,0,18,12400,5,1,2022,insomniac
lee foss,862000,225000000,8948,147000000,777,2020000,19200,78500000,6245,1,2022,insomniac
link,27200,101000000,749,12900000,198,213000,17300,45500000,40,1,2022,insomniac
link,27200,101000000,749,12900000,198,213000,17300,45500000,40,1,2022,corson
liquid stranger,1410000,273000000,3155,41100000,252,486000,32000,104000000,2728,2,"2022, 2025",insomniac
liquid stranger,1410000,273000000,3155,41100000,252,486000,32000,104000000,2728,2,"2022, 2025",wasserman
llllnnnn,5414,1820000,317,6590000,10,2199,66,413000,39,1,2022,insomniac
lny tnz,387000,456000000,6898,106000000,615,997000,75200,174000000,4799,1,2022,insomniac
longstoryshort,153000,54200000,2380,52300000,297,143000,11300,61700000,1698,1,2022,insomniac
lp giobbi,683000,442000000,10300,225000000,1152,1550000,439000,712000000,3839,1,2022,insomniac
lp giobbi,683000,442000000,10300,225000000,1152,1550000,439000,712000000,3839,1,2022,wme
lucati,91700,17600000,1710,27400000,269,143000,9519,13100000,1649,1,2022,insomniac
lupa,21100,2320000,298,6240000,151,21100,467,980000,137,1,2022,insomniac
maanic,524,5300,5,6653,0,56,1,0,0,1,2022,insomniac
macky gee,759000,535000000,4369,22500000,703,2170000,97000,1740000000,459,1,2022,insomniac
dj mad dog,907000,153000000,2060,6340000,289,320000,6049,19300000,3808,1,2022,insomniac
madeon,5740000,1490000000,12300,137000000,838,4850000,77800,244000000,6080,1,2022,insomniac
madeon,5740000,1490000000,12300,137000000,838,4850000,77800,244000000,6080,1,2022,wasserman
madeon,5740000,1490000000,12300,137000000,838,4850000,77800,244000000,6080,1,2022,wme
mark farina,512000,73800000,1811,5970000,378,572000,2676,1820000,2448,1,2022,insomniac
marlo,1270000,250000000,4341,53900000,750,1320000,94600,73700000,9161,1,2022,insomniac
marques wyatt,99300,2930000,152,513000,54,54300,287,426000,87,1,2022,insomniac
mars,12100,32400000,1709,20000000,309,258000,903,2630000,1180,1,2022,
masha mar,13000,429000,110,2060000,11,1159,16,2679,14,2,"2022, 2025",insomniac
mat zo,1000000,280000000,5045,83500000,808,1520000,5278,18700000,9694,1,2022,insomniac
matthias,25100,974000,44,241000,24,92100,47,1764,107,1,2022,insomniac
mija,587000,86500000,2635,50400000,357,224000,90000,72400000,658,1,2022,insomniac
moore kismet,196000,43800000,2318,63600000,301,57900,1836,9440000,1148,1,2022,insomniac
morelia,33900,5570000,743,6540000,155,61900,782,1550000,352,1,2022,insomniac
morelia,33900,5570000,743,6540000,155,61900,782,1550000,352,1,2022,corson
morgin madison,41000,41200000,1773,46000000,533,363000,8074,8000000,1281,1,2022,insomniac
morpei,29200,7540000,629,10100000,187,67100,518,1250000,692,1,2022,insomniac
mxm,5711,39000000,605,21900000,68,54400,12100,48100000,0,1,2022,insomniac
mystery jack,1824,13500,8,113000,0,10,5,3797,0,1,2022,insomniac
niles shepard,6660,618000,128,2340000,23,3872,90,63700,60,1,2022,insomniac
nitepunk,161000,36400000,1770,55100000,309,55500,2657,13200000,1539,1,2022,insomniac
nitti,1110000,724000000,10500,194000000,874,3180000,1380000,2330000000,4142,1,2022,insomniac
nitti,1110000,724000000,10500,194000000,874,3180000,1380000,2330000000,4142,1,2022,wasserman
no mana,280000,96200000,0,21500000,376,194000,0,11200000,1746,1,2022,insomniac
eddie,108000,114000000,1617,20100000,220,222000,3495,20900000,622,1,2022,insomniac
no thanks,49700,24100000,1910,42900000,225,115000,2444,11300000,1433,1,2022,insomniac
nora en pure,2540000,1510000000,23900,269000000,1664,36200000,144000,473000000,12400,2,"2022, 2025",insomniac
on deck,19900,5020000,667,29200000,156,25700,635,760000,294,1,2022,insomniac
skemaddox,27800,1720000,469,10300000,99,9025,299,260000,304,1,2022,insomniac
one true god,359000,261000000,3248,49500000,615,1130000,373000,2700000000,322,1,2022,insomniac
onyvaa,303000,2650000,409,5950000,158,18000,227,739000,222,1,2022,insomniac
partiboi69,709000,61700000,2046,38200000,724,353000,19300,95100000,255,2,"2022, 2025",insomniac
partiboi69,709000,61700000,2046,38200000,724,353000,19300,95100000,255,2,"2022, 2025",wasserman
piques,120,42500,1,38800,0,9,3,0,0,1,2022,insomniac
lāsh,96000,98200000,0,27500000,238,395000,23800,35300000,157,1,2022,insomniac
porter robinson,10700000,2380000000,19100,255000000,1688,8870000,1350000,1910000000,13000,1,2022,insomniac
porter robinson,10700000,2380000000,19100,255000000,1688,8870000,1350000,1910000000,13000,1,2022,wasserman
porter robinson,10700000,2380000000,19100,255000000,1688,8870000,1350000,1910000000,13000,1,2022,wme
purple,19800,2260000,91,372000,27,13500,84,37700,94,1,2022,insomniac
qrion,208000,64900000,2644,51300000,681,241000,2317,11900000,2027,1,2022,insomniac
rachep,1379,152000,85,1450000,4,604,11,4437,25,1,2022,insomniac
rad cat,96600,46200000,856,11600000,139,54000,3088,24900000,45,1,2022,insomniac
radical redemption,1340000,285000000,3653,23100000,442,820000,25500,85900000,6120,1,2022,insomniac
renato s,106000,7550000,1037,28700000,63,16200,353,349000,497,1,2022,insomniac
renegade system,33600,328000000,330,2290000,196,21600,13900,8990000,3319,1,2022,insomniac
rezz,3500000,987000000,8271,130000000,980,2700000,2200000,11000000000,4447,2,"2022, 2025",insomniac
rezz,3500000,987000000,8271,130000000,980,2700000,2200000,11000000000,4447,2,"2022, 2025",wasserman
roswell,398,1180000,72,221000,3,1046,27,968000,0,1,2022,insomniac
ruben de ronde,516000,85400000,2394,36500000,573,736000,13300,18300000,9036,1,2022,insomniac
ruff hauser,1667,152000,28,89500,2,1182,33,3943,32,1,2022,insomniac
roy wilkins,1204,4186,3,33300,0,10,4,786,4,1,2022,insomniac
rusko,2850000,398000000,4793,55000000,486,1980000,8545,23300000,2559,2,"2022, 2025",insomniac
rusko,2850000,398000000,4793,55000000,486,1980000,8545,23300000,2559,2,"2022, 2025",wasserman
sam divine,841000,47100000,2542,44600000,306,559000,3308,14500000,3491,1,2022,insomniac
sam divine,841000,47100000,2542,44600000,306,559000,3308,14500000,3491,1,2022,uta
samwise,7414,71600000,890,11900000,22,12100,797,2720000,54,1,2022,insomniac
san holo,2870000,1910000000,13500,228000000,1203,4380000,127000,265000000,5156,1,2022,insomniac
san holo,2870000,1910000000,13500,228000000,1203,4380000,127000,265000000,5156,1,2022,wasserman
schala,16500,17600000,810,15000000,185,65300,415,1440000,647,1,2022,insomniac
sinopoli,209,13000,3,68800,0,2,8,93400,0,1,2022,insomniac
danyelino,430,70700,12,143000,2,686,19,7965,13,1,2022,insomniac
skonka,16900,843000,397,7050000,46,8814,405,413000,234,1,2022,insomniac
skye,61800,35300000,992,9550000,345,624000,4062,6560000,632,1,2022,insomniac
slippy,82300,94400000,2340,32299999,228,282000,11000,10500000,1066,1,2022,insomniac
so tuff so cute,21700,1540000,91,405000,8,1171,105,354000,10,1,2022,insomniac
solh,1121,157000,30,146000,0,283,76,120000,0,1,2022,insomniac
soothslayer,4522,536000,38,1040000,17,508,8,5606,19,2,"2022, 2025",insomniac
spency be,5967,267000,51,594000,4,2938,39,33700,0,1,2022,insomniac
stanley kubrix,5357,843000,326,1810000,48,6308,228,394000,169,1,2022,insomniac
wilkinson,1260000,1430000000,10300,118000000,921,5840000,83900,330000000,6724,1,2024,insomniac
wilkinson,1260000,1430000000,10300,118000000,921,5840000,83900,330000000,6724,1,2024,wasserman
wilkinson,1260000,1430000000,10300,118000000,921,5840000,83900,330000000,6724,1,2024,uta
svnf8,15500,1220000,156,2180000,38,22200,977,2110000,205,1,2022,insomniac
swage,65300,4930000,247,6120000,48,10500,298,937000,195,1,2022,insomniac
tale of us,3410000,319000000,7794,67400000,1027,2510000,14000,57700000,6317,1,2022,insomniac
tale of us,3410000,319000000,7794,67400000,1027,2510000,14000,57700000,6317,1,2022,caa
talon,23300,1660000,285,2400000,24,11300,418,625000,93,1,2022,insomniac
telykast,595000,455000000,7981,227000000,783,1210000,401000,1770000000,1330,1,2022,insomniac
telykast,595000,455000000,7981,227000000,783,1210000,401000,1770000000,1330,1,2022,wme
tempo giusto,80000,88600000,2397,69100000,626,429000,2775,7450000,6968,1,2022,insomniac
testpilot,20200,3000000,328,4130000,92,8265,146,787000,186,1,2022,insomniac
thunderpony,11300,54800,34,3060000,7,427,3,0,27,1,2022,insomniac
tinlicker,999000,1890000000,17900,277000000,1945,10400000,555000,1090000000,10200,1,2022,insomniac
tinlicker,999000,1890000000,17900,277000000,1945,10400000,555000,1090000000,10200,1,2022,wasserman
tinlicker,999000,1890000000,17900,277000000,1945,10400000,555000,1090000000,10200,1,2022,caa
tinykvt,128000,13000000,812,13100000,101,39400,991,13500000,80,1,2022,
tnt,589000,565000000,5980,48700000,408,1060000,54700,336000000,6752,1,2022,insomniac
torren foot,136000,182000000,6356,102000000,800,1650000,135000,1040000000,3068,2,"2022, 2025",insomniac
torren foot,136000,182000000,6356,102000000,800,1650000,135000,1040000000,3068,2,"2022, 2025",wasserman
tritonal,1880000,1340000000,12600,155000000,1224,5050000,20700,51200000,12500,1,2022,insomniac
truth x lies,90000,39900000,3002,45600000,281,259000,2454,29100000,3539,1,2022,insomniac
tsha,386000,209000000,8561,197000000,969,1480000,20300,152000000,2312,1,2022,insomniac
tsha,386000,209000000,8561,197000000,969,1480000,20300,152000000,2312,1,2022,wasserman
uniiqu3,145000,29200000,2291,58100000,610,382000,8820,59100000,784,1,2022,insomniac
volac,504000,185000000,6519,76800000,676,2170000,827000,2290000000,5532,1,2022,insomniac
wave point,5479,696000,317,2540000,27,5489,166,1450000,264,1,2022,insomniac
wenzday,104000,22000000,1989,48800000,193,113000,15200,27900000,1235,1,2022,insomniac
dustycloud,169000,79300000,2001,18600000,325,454000,2145,5590000,1066,1,2022,insomniac
whipped cream,573000,175000000,3814,93100000,530,245000,11700,32400000,984,1,2022,insomniac
whipped cream,573000,175000000,3814,93100000,530,245000,11700,32400000,984,1,2022,caa
wildstylez,1640000,792000000,8996,72100000,690,2760000,154000,373000000,12000,1,2022,insomniac
xijaro & pitch,79700,53700000,1201,8630000,365,205000,11900,8480000,8223,1,,
yolanda be cool,290000,1060000000,8559,130000000,912,7810000,597000,770000000,3869,1,2022,insomniac
zhu,4170000,3950000000,30200,352000000,1900,16399999,646000,2220000000,6598,1,2022,insomniac
zhu,4170000,3950000000,30200,352000000,1900,16399999,646000,2220000000,6598,1,2022,wme
zhu,4170000,3950000000,30200,352000000,1900,16399999,646000,2220000000,6598,1,2022,uta
2ar,185000,700000,348,5670000,22,1734,437,1130000,40,1,2025,insomniac
2ar,185000,700000,348,5670000,22,1734,437,1130000,40,1,2025,corson
33 below,150000,54300000,1745,45200000,231,112000,1301,8470000,450,1,2025,insomniac
33 below,150000,54300000,1745,45200000,231,112000,1301,8470000,450,1,2025,wasserman
mph,209000,100000000,3822,76400000,520,425000,4371,23900000,4835,1,2025,insomniac
mph,209000,100000000,3822,76400000,520,425000,4371,23900000,4835,1,2025,wme
6ejou,219000,35300000,1116,3970000,164,110000,2419,12300000,21,1,2025,insomniac
adam ten,250000,86200000,4624,63800000,741,1680000,21800,100000000,4594,1,2025,insomniac
adam ten,250000,86200000,4624,63800000,741,1680000,21800,100000000,4594,1,2025,wme
mita gami,178000,37100000,2646,22200000,542,1020000,7088,34900000,2925,1,2025,insomniac
ahee,319000,55600000,1759,28400000,309,92300,9803,33600000,621,1,2025,insomniac
ahmed spins,304000,187000000,3933,47900000,753,4630000,820000,902000000,381,1,2025,insomniac
ahmed spins,304000,187000000,3933,47900000,753,4630000,820000,902000000,381,1,2025,wme
airrica,33300,1820000,382,9600000,42,11400,147,461000,180,1,2025,insomniac
alex chapman,249000,12700000,785,35100000,123,34500,79300,140000000,18,1,2025,insomniac
zoe gitter,18400,220000,40,6730000,11,303,19,35800,2,1,2025,insomniac
alignment,633000,88100000,2994,17900000,444,456000,4934,29800000,1816,1,2025,insomniac
allenora,3204,26100,6,4495,1,13,5,120,1,1,2025,
amal nemer,442000,10500000,1405,20400000,157,206000,44300,78900000,873,1,2025,insomniac
amelie lens,6340000,318000000,6128,76200000,645,887000,29400,156000000,3399,1,2025,insomniac
amelie lens,6340000,318000000,6128,76200000,645,887000,29400,156000000,3399,1,2025,wme
amémé,189000,62300000,4566,70700000,400,654000,6608,47600000,2501,1,2025,insomniac
andre power,10500,17200000,0,3320000,114,273000,0,4810000,573,1,2025,insomniac
andromedik,218000,263000000,3494,49000000,494,1070000,26600,133000000,1751,1,2025,insomniac
andromedik,218000,263000000,3494,49000000,494,1070000,26600,133000000,1751,1,2025,wasserman
andromedik,218000,263000000,3494,49000000,494,1070000,26600,133000000,1751,1,2025,corson
angel cannon,24800,22600000,1164,14900000,113,104000,1857,11500000,342,1,2025,insomniac
anoluxx,40400,1540000,206,3580000,23,3131,135,250000,7,1,2025,insomniac
anoluxx,40400,1540000,206,3580000,23,3131,135,250000,7,1,2025,corson
apashe,1870000,1270000000,10400,94400000,911,6660000,841000,3470000000,2922,1,2025,insomniac
apashe,1870000,1270000000,10400,94400000,911,6660000,841000,3470000000,2922,1,2025,uta
aqutie,18800,614000,204,1890000,27,4700,123,1070000,51,1,2025,insomniac
aqutie,18800,614000,204,1890000,27,4700,123,1070000,51,1,2025,wasserman
loco & jam,136000,16800000,1235,17700000,339,199000,1174,3970000,4768,1,,
armand van helden,1300000,1990000000,31400,326000000,1754,24800000,192000,834000000,18300,1,2025,insomniac
arodes,171000,64200000,4099,55700000,374,696000,5796,37700000,3168,1,2025,insomniac
avalon,250000,96200000,1245,12400000,480,386000,5359,15900000,238,1,2025,insomniac
avi snow,96600,217000000,4259,106000000,543,712000,880000,489000000,362,1,2025,insomniac
ayybo,431000,290000000,5076,114000000,607,1260000,75800,231000000,2114,1,2025,insomniac
ayybo,431000,290000000,5076,114000000,607,1260000,75800,231000000,2114,1,2025,wasserman
ayybo,431000,290000000,5076,114000000,607,1260000,75800,231000000,2114,1,2025,uta
backcourt,13300,62900,32,412000,3,234,9,4088,0,1,2025,insomniac
basstripper,162000,93700000,1920,26900000,318,452000,16800,267000000,1210,1,2025,insomniac
basstripper,162000,93700000,1920,26900000,318,452000,16800,267000000,1210,1,2025,wasserman
sota,49800,48000000,1401,10900000,226,177000,2560,30300000,1168,1,2025,insomniac
sota,49800,48000000,1401,10900000,226,177000,2560,30300000,1168,1,2025,wasserman
basswell,552000,111000000,2277,17900000,254,315000,6563,26900000,473,1,2025,insomniac
beltran,59700,31200000,766,5980000,47,139000,196,162000,185,1,2025,insomniac
rossi.,354000,91400000,3487,85100000,543,419000,21800,232000000,2303,1,2025,insomniac
rossi.,354000,91400000,3487,85100000,543,419000,21800,232000000,2303,1,2025,caa
bicep,3090000,1350000000,15300,165000000,1695,9360000,297000,2040000000,6797,1,2025,insomniac
biia,304000,2760000,219,1410000,51,14600,203,1360000,21,1,2025,insomniac
blond:ish,1840000,575000000,15500,269000000,1328,4310000,117000,773000000,7223,1,2025,insomniac
blond:ish,1840000,575000000,15500,269000000,1328,4310000,117000,773000000,7223,1,2025,wasserman
boizy,1532,621000,43,1460000,3,1669,7,0,0,1,2025,insomniac
bontan,175000,114000000,5536,62900000,614,3310000,31300,63400000,8676,1,2025,insomniac
boys noize,2350000,670000000,18000,265000000,2062,6120000,54500,172000000,9748,1,2025,insomniac
boys noize,2350000,670000000,18000,265000000,2062,6120000,54500,172000000,9748,1,2025,wasserman
brdwy,2,171,0,Playlist Reach,0,4,2,0,0,1,2025,insomniac
brody jenner,3900000,2860000,425,15800000,14,5270,2286,4450000,49,1,2025,insomniac
brutalismus 3000,1350000,364000000,3619,53500000,656,1350000,47700,449000000,265,1,2025,insomniac
brutalismus 3000,1350000,364000000,3619,53500000,656,1350000,47700,449000000,265,1,2025,wasserman
caleb dent,18100,729000,227,3570000,35,6265,187,1000000,176,1,2025,insomniac
caravel,126000,4310000,519,4520000,80,13500,342,399000,124,1,2025,insomniac
carlita,465000,115000000,5866,132000000,567,692000,8626,43900000,2139,1,2025,insomniac
carlita,465000,115000000,5866,132000000,567,692000,8626,43900000,2139,1,2025,wme
cato anaya,91100,18300000,1562,30100000,157,246000,1563,14400000,1619,1,2025,insomniac
cera khin,69800,1470000,186,974000,73,3245,63,60000,13,1,2025,insomniac
champion,109000,54400000,2970,58600000,571,335000,4610,69000000,1519,1,2025,insomniac
champion,109000,54400000,2970,58600000,571,335000,4610,69000000,1519,1,2025,wasserman
champion,109000,54400000,2970,58600000,571,335000,4610,69000000,1519,1,2025,uta
chris avantgarde,425000,396000000,6746,112000000,1760,3090000,182000,578000000,4866,1,2025,insomniac
clara cuvé,77100,2140000,278,2300000,79,4897,48,34000,24,1,2025,insomniac
clara cuvé,77100,2140000,278,2300000,79,4897,48,34000,24,1,2025,wasserman
cole knight,45300,2120000,498,13300000,52,16400,169,1260000,228,1,2025,insomniac
cole knight,45300,2120000,498,13300000,52,16400,169,1260000,228,1,2025,wme
corey biggs,4394,9433,3,45100,5,9159,57,0,13,1,2025,insomniac
country night,79200,19500000,180,2390000,85,31500,1908,18500000,1,1,2025,insomniac
cutdwn,29500,2450000,117,1660000,5,1399,126,458000,9,1,2025,insomniac
da capo,1640000,91300000,2782,21300000,817,4099999,32299,125000000,2577,1,2025,insomniac
daniel allan,216000,99800000,2827,76900000,491,247000,294000,493000000,317,1,2025,insomniac
danny avila,3470000,756000000,13100,237000000,1142,5370000,895000,1580000000,7712,1,2025,insomniac
david forbes,73400,34100000,1915,13900000,472,914000,2913,4740000,11900,1,2025,insomniac
david rust,321000,15800000,768,11300000,293,47400,2420,5810000,1814,1,2025,insomniac
dea magna,4019,4970000,778,15500000,49,16700,492,6390000,115,1,2025,insomniac
dea magna,4019,4970000,778,15500000,49,16700,492,6390000,115,1,2025,corson
dee/ma,18500,857000,218,12000000,41,45200,192,996000,31,1,2025,insomniac
dena,8570,12500000,627,5270000,79,82900,1015,795000,92,1,2025,insomniac
disco dom,20800,5280000,552,8660000,77,45800,374,1190000,202,1,2025,insomniac
distinct motive,133000,16800000,419,3770000,113,227000,6300,42100000,453,1,2025,insomniac
distinct motive,133000,16800000,419,3770000,113,227000,6300,42100000,453,1,2025,uta
dj fuckoff,92400,2410000,328,3610000,76,12000,325,317000,32,1,2025,insomniac
dj gigola,256000,45700000,1744,41700000,278,249000,3419,18500000,212,1,2025,insomniac
dj gigola,256000,45700000,1744,41700000,278,249000,3419,18500000,212,1,2025,wasserman
dj slim mcgraw,53,25700,0,0,1,264,2,295,0,1,2025,insomniac
drėėėmy,19800,60900,16,469000,1,426,83,69100,0,1,2025,insomniac
drinkurwater,121000,12500000,563,5590000,32,19200,1084,31100000,343,1,2025,insomniac
drinkurwater,121000,12500000,563,5590000,32,19200,1084,31100000,343,1,2025,wme
dual damage,256000,190000000,1472,12100000,149,205000,4824,42300000,2527,1,2025,insomniac
dual damage,256000,190000000,1472,12100000,149,205000,4824,42300000,2527,1,2025,corson
dylan brady,429000,856000000,8395,127000000,780,1480000,224000,470000000,543,1,2025,insomniac
dylan brady,429000,856000000,8395,127000000,780,1480000,224000,470000000,543,1,2025,wasserman
elephante,656000,608000000,4851,52200000,464,1010000,240000,901000000,1102,1,2025,insomniac
elephante,656000,608000000,4851,52200000,464,1010000,240000,901000000,1102,1,2025,uta
eli fola,35600,1940000,550,12900000,98,27100,569,2510000,397,1,2025,insomniac
fcukers,227000,36500000,2145,67099999,292,258000,2859,22100000,176,1,2025,insomniac
fcukers,227000,36500000,2145,67099999,292,258000,2859,22100000,176,1,2025,wasserman
funk tribu,676000,336000000,4350,87200000,1134,1460000,308000,3880000000,511,1,2025,insomniac
funk tribu,676000,336000000,4350,87200000,1134,1460000,308000,3880000000,511,1,2025,caa
øtta,243000,9650000,630,3280000,107,31100,435,1730000,13,1,2025,insomniac
øtta,243000,9650000,630,3280000,107,31100,435,1730000,13,1,2025,caa
fury,34000,6850000,0,1540000,290,0,207000,0,0,3,"2022, 2023, 2024",insomniac
fury,34000,6850000,0,1540000,290,0,207000,0,0,3,"2022, 2023, 2024",corson
gaia (co),5690,6623,2,48000,0,1,1,0,0,1,2025,insomniac
gesaffelstein,3040000,5140000000,29400,438000000,2750,18800000,1600000,11700000000,3011,1,2025,insomniac
gesaffelstein,3040000,5140000000,29400,438000000,2750,18800000,1600000,11700000000,3011,1,2025,wasserman
gorgon city,3220000,2250000000,28600,371000000,1821,16399999,333000,450000000,16200,1,2025,insomniac
gorgon city,3220000,2250000000,28600,371000000,1821,16399999,333000,450000000,16200,1,2025,wasserman
goshfather,95600,33200000,1320,55000000,145,284000,2233,13000000,664,1,2025,insomniac
gudfella,97700,86800000,3391,105000000,486,506000,34200,187000000,786,1,2025,insomniac
hanz,73400,55800000,1525,28200000,329,38700,965,7110000,27,1,2025,insomniac
harvard bass,114000,14100000,928,6550000,352,243000,2699,1980000,2916,1,2025,insomniac
shaded,42300,9930000,961,11800000,263,156000,653,3150000,1235,1,2025,insomniac
haylee wood,143000,3920000,912,24300000,60,18800,596,3940000,539,1,2025,insomniac
haylee wood,143000,3920000,912,24300000,60,18800,596,3940000,539,1,2025,corson
hex cougar,162000,139000000,2706,37600000,245,387000,15800,154000000,1249,1,2025,insomniac
horsegiirl,527000,107000000,2552,48000000,485,653000,185000,2000000000,107,1,2025,insomniac
horsegiirl,527000,107000000,2552,48000000,485,653000,185000,2000000000,107,1,2025,caa
horsegiirl,527000,107000000,2552,48000000,485,653000,185000,2000000000,107,1,2025,uta
human404,11900,874000,152,3430000,23,4249,81,162000,268,1,2025,insomniac
infekt,407000,74600000,1453,12700000,169,73400,4014,15600000,2624,1,2025,insomniac
infekt,407000,74600000,1453,12700000,169,73400,4014,15600000,2624,1,2025,uta
inigma,25500,1150000,162,2850000,17,2291,282,2810000,30,1,2025,insomniac
invt,58600,3640000,612,5260000,240,50400,637,902000,304,1,2025,insomniac
inzo,602000,313000000,3641,35000000,397,676000,310000,2820000000,615,1,2025,insomniac
inzo,602000,313000000,3641,35000000,397,676000,310000,2820000000,615,1,2025,wasserman
it's murph,504000,359000000,4546,92000000,251,596000,173000,1090000000,589,1,2025,wasserman
jenna shaw,746,6450,2,1490,0,74,6,856,1,1,2025,insomniac
jenna shaw,746,6450,2,1490,0,74,6,856,1,1,2025,corson
karaba,1360000,4540000,379,20700000,264,55200,3669,15400000,41,1,2025,insomniac
kasango,206000,172000000,4912,73300000,821,3060000,243000,320000000,2086,1,2025,insomniac
kidmaverick,2666,469000,16,176000,13,342,117,2600000,0,1,2025,insomniac
kieran san jose,14600,1730000,353,4130000,33,19500,284,986000,332,1,2025,insomniac
kilimanjaro,87100,239000000,4988,109000000,583,866000,63000,212000000,1240,1,2025,insomniac
kilimanjaro,87100,239000000,4988,109000000,583,866000,63000,212000000,1240,1,2025,uta
kitty amor,52300,3620000,696,15500000,177,116000,703,1610000,780,1,2025,insomniac
kromi,4961,6640000,737,16500000,110,156000,5910000,3480000000,334,1,2025,insomniac
alves,31000,1340000,275,6660000,57,31600,170,2370000,242,1,2025,insomniac
kyle watson,522000,234000000,7701,104000000,636,1980000,85000,381000000,6010,1,2025,insomniac
lake hills,17000,585000,140,1420000,30,4098,70,101000,50,1,2025,insomniac
laura van dam,231000,36300000,1590,32700000,400,174000,2533,11300000,2842,1,2025,insomniac
lauren mia,147000,9890000,1301,16500000,259,48200,621,1780000,664,1,2025,insomniac
lavern,523000,725000000,6472,132000000,998,1630000,1500000,1200000000,626,1,2025,insomniac
layton giordani,675000,307000000,9484,144000000,918,2550000,49900,172000000,11800,1,2025,insomniac
layton giordani,675000,307000000,9484,144000000,918,2550000,49900,172000000,11800,1,2025,wasserman
levity,746000,122000000,1586,44900000,224,200000,13500,77900000,997,1,2025,insomniac
levity,746000,122000000,1586,44900000,224,200000,13500,77900000,997,1,2025,wasserman
linney,125000,152000000,6499,135000000,834,537000,12100,447000000,3648,1,2025,insomniac
linska,119000,19000000,1457,52700000,111,173000,3788,16100000,948,1,2025,insomniac
linska,119000,19000000,1457,52700000,111,173000,3788,16100000,948,1,2025,wasserman
lizdek,32800,8500000,668,15600000,71,8354,557,2290000,403,1,2025,insomniac
lostly,68000,8710000,568,5730000,258,141000,1327,1410000,5385,1,2025,insomniac
lumberjvck,252000,24900000,645,8380000,48,72100,1010,3910000,621,1,2025,insomniac
malixe,13500,1740000,290,5510000,18,2444,104,69000,65,1,2025,insomniac
malugi,273000,69300000,1959,52300000,327,247000,3025,21400000,674,1,2025,insomniac
malugi,273000,69300000,1959,52300000,327,247000,3025,21400000,674,1,2025,wasserman
malugi,273000,69300000,1959,52300000,327,247000,3025,21400000,674,1,2025,caa
marie vaunt,617000,75900000,2241,48800000,359,341000,22000,82500000,3788,1,2025,insomniac
marlon hoffstadt,1130000,483000000,9866,193000000,1164,3860000,86500,434000000,4365,1,2025,insomniac
marlon hoffstadt,1130000,483000000,9866,193000000,1164,3860000,86500,434000000,4365,1,2025,wasserman
marlon hoffstadt,1130000,483000000,9866,193000000,1164,3860000,86500,434000000,4365,1,2025,caa
mattilo,187000,37400000,1335,32100000,231,204000,55200,364000000,186,1,2025,insomniac
mattilo,187000,37400000,1335,32100000,231,204000,55200,364000000,186,1,2025,uta
maz,813000,326000000,0,0,2890000,256000,792000000,0,0,1,2025,insomniac
maz,813000,326000000,0,0,2890000,256000,792000000,0,0,1,2025,wasserman
mcr-t,241000,153000000,2918,34400000,728,916000,196000,2150000000,181,1,2025,insomniac
mcr-t,241000,153000000,2918,34400000,728,916000,196000,2150000000,181,1,2025,wasserman
meedy,255,20300,13,88700,8,1594,40,1140000,24,1,2025,insomniac
pizzi,11800,47200,8,44800,6,493,30,157000,0,1,2025,insomniac
mer bear,22900,29200,4,4217,2,0,1,0,0,1,2025,insomniac
mike posner,15200000,9940000000,41300,520000000,2354,58600000,20300000,5950000000,1056,1,2025,insomniac
mish,273000,121000000,1696,9240000,197,128000,6330,86100000,1304,1,2025,insomniac
mish,273000,121000000,1696,9240000,197,128000,6330,86100000,1304,1,2025,uta
miss monique,3980000,263000000,4662,78800000,818,1220000,51700,141000000,5163,1,2025,insomniac
miss monique,3980000,263000000,4662,78800000,818,1220000,51700,141000000,5163,1,2025,wme
moonlght,639000,351000000,4139,150000000,724,1190000,3850000,6770000000,85,1,2025,insomniac
moonlght,639000,351000000,4139,150000000,724,1190000,3850000,6770000000,85,1,2025,wasserman
mrd,104000,32200000,1707,15300000,325,269000,1213,9110000,280,1,2025,insomniac
narciss,126000,42400000,1886,20000000,282,147000,2618,13200000,450,1,2025,insomniac
nekter,36100,2230000,249,3860000,9,2102,51,557000,0,1,2025,insomniac
nico moreno,2320000,218000000,3674,25800000,411,772000,24700,116000000,650,1,2025,insomniac
nico moreno,2320000,218000000,3674,25800000,411,772000,24700,116000000,650,1,2025,caa
nils hoffmann,268000,459000000,7384,98000000,1108,1650000,35100,97200000,2281,1,2025,insomniac
odd language,18100,3010000,308,8210000,27,3567,139,106000,72,1,2025,insomniac
oddly godly,5935,1810000,261,2240000,39,18200,5995,3410000,107,1,2025,insomniac
of the trees,618000,146000000,1690,20500000,295,242000,22600,41400000,346,1,2025,insomniac
of the trees,618000,146000000,1690,20500000,295,242000,22600,41400000,346,1,2025,wasserman
oguz,2580000,80400000,1783,13200000,273,321000,7158,45900000,166,1,2025,insomniac
oguz,2580000,80400000,1783,13200000,273,321000,7158,45900000,166,1,2025,wme
omiki,701000,244000000,4181,69500000,670,1540000,61000,126000000,2111,1,2025,insomniac
omnom,150000,98000000,4167,102000000,366,426000,13000,81200000,3071,1,2025,insomniac
omnom,150000,98000000,4167,102000000,366,426000,13000,81200000,3071,1,2025,wasserman
omri.,73100,10100000,1209,12100000,173,263000,1577,11200000,1198,1,2025,insomniac
amémé,189000,62300000,0,70700000,400,654000,0,47600000,2501,1,2025,insomniac
onlynumbers,187000,69800000,1322,7100000,166,255000,3501,11900000,282,1,2025,insomniac
oppidan,217000,51000000,2117,48100000,328,234000,3880,22300000,1969,1,2025,insomniac
oppidan,217000,51000000,2117,48100000,328,234000,3880,22300000,1969,1,2025,uta
pablo bozzi,120000,5330000,379,2510000,240,65200,457,856000,176,1,2025,insomniac
papa lu,17700,204000,105,2460000,13,1681,70,176000,38,1,2025,insomniac
sam binga,130000,25500000,1647,12000000,358,187000,1183,2610000,1159,1,2025,insomniac
prospa,359000,256000000,7577,160000000,745,1950000,23500,130000000,4635,1,2025,insomniac
prospa,359000,256000000,7577,160000000,745,1950000,23500,130000000,4635,1,2025,wasserman
josh baker,808000,145000000,3258,84600000,338,385000,69500,308000000,2233,1,2025,insomniac
josh baker,808000,145000000,3258,84600000,338,385000,69500,308000000,2233,1,2025,wasserman
pryda,323000,221000000,4079,51500000,714,7120000,3511,30500000,13100,1,2025,insomniac
raecola,25800,367000,201,2170000,14,3229,166,584000,97,1,2025,insomniac
raecola,25800,367000,201,2170000,14,3229,166,584000,97,1,2025,wasserman
rayray,467000,55100000,2915,72300000,382,269000,8511,38300000,2290,1,2025,insomniac
recess,10700,2930000,293,2040000,29,3408,127,106000,0,1,2025,insomniac
restricted,1540000,544000000,6230,117000000,1029,1960000,994000,10100000000,1732,1,2025,insomniac
restricted,1540000,544000000,6230,117000000,1029,1960000,994000,10100000000,1732,1,2025,uta
reza,4295,2940000,634,12200000,173,117000,616,442000,2070,1,2025,insomniac
ricky retro,587000,54800000,1455,69000000,305,149000,13000,109000000,169,1,2025,insomniac
rl grime,3080000,1750000000,17500,218000000,1067,5040000,93400,455000000,13600,1,2025,insomniac
rl grime,3080000,1750000000,17500,218000000,1067,5040000,93400,455000000,13600,1,2025,wasserman
rollz royce,7654,352000,37,95900,7,229,26,67500,0,1,2025,insomniac
rooler,519000,540000000,4661,22600000,465,995000,27700,187000000,4526,1,2025,insomniac
roxy ferrari,48000,34900,9,110000,5,71,6,53400,0,1,2025,insomniac
rudimental,8150000,6630000000,41300,813000000,2652,49400000,576000,931000000,7001,1,2025,insomniac
rudimental,8150000,6630000000,41300,813000000,2652,49400000,576000,931000000,7001,1,2025,wasserman
rudimental,8150000,6630000000,41300,813000000,2652,49400000,576000,931000000,7001,1,2025,wme
rzrkt,68100,12000000,551,8100000,77,19000,862,3040000,869,1,2025,insomniac
rzrkt,68100,12000000,551,8100000,77,19000,862,3040000,869,1,2025,corson
vastive,95500,31900000,852,13900000,184,48500,10200,19300000,1604,1,2025,insomniac
sabrosura boyz,0,90700,0,611000,6,0,0,243000,23,1,2025,insomniac
sam blacky,582000,9120000,0,15100000,165,15500,0,5820000,216,1,2025,insomniac
samplifire,308000,138000000,0,0,126000,0,38300000,0,0,1,2025,insomniac
samplifire,308000,138000000,0,0,126000,0,38300000,0,0,1,2025,uta
sarah de warren,180000,366000000,12300,288000000,1195,1540000,702000,1480000000,7809,1,2025,insomniac
sarz,2360000,1600000000,0,117000000,1370,11700000,509000,875000000,175,1,2025,insomniac
sarz,2360000,1600000000,0,117000000,1370,11700000,509000,875000000,175,1,2025,wasserman
selective response,13400,630000,114,695000,61,8435,131,68100,106,1,2025,insomniac
shades,131000,19900000,675,4310000,139,75600,1560,3930000,497,1,2025,insomniac
showtek,8390000,3170000000,27900,317000000,1290,23200000,146000,663000000,24900,1,2025,insomniac
showtek,8390000,3170000000,27900,317000000,1290,23200000,146000,663000000,24900,1,2025,uta
sihk,51000,19100000,1000,19400000,235,37300,893,4480000,502,1,2025,insomniac
sihk,51000,19100000,1000,19400000,235,37300,893,4480000,502,1,2025,corson
silcrow,12100,7330000,308,3240000,88,48900,236,792000,161,1,2025,insomniac
silver panda,131000,175000000,4102,80200000,470,1110000,87400,139000000,2831,1,2025,insomniac
simula,201000,213000000,3513,21100000,584,588000,18700,99300000,1462,1,2025,insomniac
simula,201000,213000000,3513,21100000,584,588000,18700,99300000,1462,1,2025,uta
skepta,10400000,8449999999,46500,641000000,3528,27800000,1690000,7580000000,3629,1,2025,insomniac
skream,1790000,453000000,11400,150000000,1867,8260000,106000,341000000,5386,1,2025,insomniac
skream,1790000,453000000,11400,150000000,1867,8260000,106000,341000000,5386,1,2025,wasserman
skream,1790000,453000000,11400,150000000,1867,8260000,106000,341000000,5386,1,2025,caa
slugg,27800,2950000,455,4490000,74,41800,431,1320000,494,1,2025,insomniac
classmatic,173000,25200000,1930,14500000,361,404000,5257,24800000,2688,1,2025,insomniac
classmatic,173000,25200000,1930,14500000,361,404000,5257,24800000,2688,1,2025,uta
southstar,444000,900000000,10300,272000000,1462,3200000,501000,8070000000,415,1,2025,insomniac
southstar,444000,900000000,10300,272000000,1462,3200000,501000,8070000000,415,1,2025,caa
southstar,444000,900000000,10300,272000000,1462,3200000,501000,8070000000,415,1,2025,uta
space 92,479000,219000000,0,55700000,575,1140000,23500,87100000,6987,1,,insomniac
steller,107000,12400000,638,7480000,60,15800,3120,7610000,102,1,2025,insomniac
steller,107000,12400000,638,7480000,60,15800,3120,7610000,102,1,2025,uta
stoley,7674,1670000,394,6900000,32,13100,138,383000,123,1,2025,insomniac
synnhaven,342,42600,41,285000,4,175,7,5304,0,1,2025,insomniac
tchami,2700000,1270000000,21300,300000000,1839,6700000,122000,584000000,14100,2,"2022, 2023",insomniac
tchami,2700000,1270000000,21300,300000000,1839,6700000,122000,584000000,14100,2,"2022, 2023",wasserman
tdj,52500,22600000,1229,22400000,280,44500,708,1010000,110,1,2025,insomniac
tim underscore,7999,41100,13,68800,1,139,16,1882,0,1,2025,insomniac
tokimonsta,1560000,490000000,9389,161000000,1229,1600000,29400,166000000,588,1,2025,insomniac
tokimonsta,1560000,490000000,9389,161000000,1229,1600000,29400,166000000,588,1,2025,wme
trance wax,99500,26500000,1895,23700000,680,141000,17000,75000000,1811,1,2025,insomniac
trickstar,12300,5430000,381,8710000,80,7695,559,3110000,289,1,2025,insomniac
trivecta,327000,266000000,4268,58200000,539,558000,26200,81100000,2518,1,2025,insomniac
trivecta,327000,266000000,4268,58200000,539,558000,26200,81100000,2518,1,2025,uta
truth,447000,65500000,1327,5810000,222,209000,6610,64900000,699,1,2025,insomniac
truth,447000,65500000,1327,5810000,222,209000,6610,64900000,699,1,2025,wasserman
twenty six,81700,259000000,4707,157000000,706,1560000,1240000,5730000000,1316,1,2025,insomniac
uncle waffles,9240000,314000000,3302,72800000,636,10100000,1990000,4360000000,188,1,2025,insomniac
uncle waffles,9240000,314000000,3302,72800000,636,10100000,1990000,4360000000,188,1,2025,wasserman
uncle waffles,9240000,314000000,3302,72800000,636,10100000,1990000,4360000000,188,1,2025,caa
veggi,1700000,66599999,1759,46100000,177,106000,7190,65500000,89,1,2025,insomniac
victor ruiz,1040000,151000000,4340,38200000,733,2860000,9275,39000000,9199,1,2025,insomniac
villager,169000,7020000,880,14200000,289,59200,2914,1370000,279,1,2025,insomniac
doozie,499000,29000000,1688,34900000,261,262000,113000,412000000,279,1,2025,insomniac
vnssa,133000,33400000,2932,51500000,487,346000,4301,34600000,2595,1,2025,insomniac
vnssa,133000,33400000,2932,51500000,487,346000,4301,34600000,2595,1,2025,wasserman
wakyin,186000,218000000,4456,74600000,494,1510000,171000,1050000000,505,1,2025,insomniac
wakyin,186000,218000000,4456,74600000,494,1510000,171000,1050000000,505,1,2025,caa
walker & royce,424000,145000000,6235,96700000,723,1380000,9849,72900000,6667,1,,
ward andrews,33200,1790000,212,5390000,5,4347,1303,123000000,20,1,2025,insomniac
isoxo,453000,173000000,3225,64700000,442,380000,15900,92900000,6651,1,2025,insomniac
isoxo,453000,173000000,3225,64700000,442,380000,15900,92900000,6651,1,2025,wasserman
wes mills,103000,32500000,1282,36900000,145,23500,1202,9270000,117,1,2025,insomniac
x club.,191000,36900000,1848,38700000,397,282000,5791,35400000,612,1,2025,insomniac
x club.,191000,36900000,1848,38700000,397,282000,5791,35400000,612,1,2025,wasserman
xandra,780,539000,21,21500,19,1765,133,12800,6,1,2025,insomniac
xandra,780,539000,21,21500,19,1765,133,12800,6,1,2025,wme
ydg,260000,228000000,3322,53700000,856,1070000,166000,582000000,1385,1,2025,insomniac
ydg,260000,228000000,3322,53700000,856,1070000,166000,582000000,1385,1,2025,uta
yoji biomehanika,55900,6210000,376,3460000,170,14200,344,186000,515,1,2025,insomniac
decoder,32299,113000,0,147000,27,0,0,22800,84,1,,insomniac
4b,706000,201000000,0,70100000,424,604000,1210000,363000000,6272,1,,insomniac
4b,706000,201000000,0,70100000,424,604000,1210000,363000000,6272,1,,wasserman
malaa,1220000,3100000000,10800,148000000,876,3170000,63500,682000000,10500,1,2023,insomniac
malaa,1220000,3100000000,10800,148000000,876,3170000,63500,682000000,10500,1,2023,wasserman
