artist,agency
Nicole Moudaber,insomniac
Walker & Royce,insomniac
Virtual Riot,insomniac
Benwal,insomniac
Ignez,insomniac
Adam Sellouk,insomniac
Rezident,insomniac
Distant Matter,insomniac
Keeb,insomniac
DJ Diesel,insomniac
DJ Guestlist,insomniac
Draxx,insomniac
Wongraphy,insomniac
Wiko,insomniac
Roberto Ruano,insomniac
Raffy Peyré,insomniac
No Trial,insomniac
SHOKI287,insomniac
CLTX,insomniac
EMILIJA,insomniac
Capoon,insomniac
Murphy’s Law,insomniac
PR.A.DO,insomniac
Clementaum,insomniac
OMOLOKO,insomniac
IDLIBRA,insomniac
Cristobal Pesce,insomniac
Monolink,insomniac
Zopelar,insomniac
BADSISTA,insomniac
Alírio,insomniac
Conrad,insomniac
Breez,insomniac
JUJI,insomniac
Insane Clown Posse,insomniac
Yanamaste,insomniac
Ueberrest,insomniac
Surf 2 Glory,insomniac
Ornella,insomniac
In Verruf,insomniac
Ruens,insomniac
Shifty,insomniac
BAUGRUPPE90,insomniac
Badger,insomniac
Izzy Vadim,insomniac
Zack Fox,insomniac
Nikolina,insomniac
Fantasm,insomniac
Chris Metcalfe,insomniac
Mango & Ginger,insomniac
Proppa,insomniac
Simas,insomniac
Hank,insomniac
DJ Boring,insomniac
Fundido,insomniac
FKA twigs,insomniac
2D0GS,insomniac
LuSiD,insomniac
Dimepiece,insomniac
Junior Grimez,insomniac
Koji Aiken,insomniac
XY,insomniac
Jonnie B,insomniac
PVLMFCK,insomniac
2High2Fall,insomniac
Y3llO,insomniac
Notxerius,insomniac
SundaySundae,insomniac
SmylieK,insomniac
AADJA,insomniac
yaego,insomniac
Verraco,insomniac
Mystro,insomniac
Wayve,insomniac
KLO,insomniac
Sequence Six,insomniac
Moon Fazed,insomniac
Hausman,insomniac
Aldor,insomniac
The Amplified Pianist,insomniac
Thomas Kelly,insomniac
Juan Rios,insomniac
Carson Paskill,insomniac
Somewhen,insomniac
Quelza,insomniac
Ryan Elliott,insomniac
Freddy K,insomniac
Blawan,insomniac
MARRØN,insomniac
VK,insomniac
LoyalT,insomniac
Jonny Atom,insomniac
CancelTheCouch,insomniac
BARBOSA,insomniac
Bowers & Bidwell,insomniac
Huego,insomniac
Vibrant Illusion,insomniac
Twopercent,insomniac
The Masquerade,insomniac
Star Monster,insomniac
Spoone,insomniac
phrva,insomniac
papajay,insomniac
Kade Findley,insomniac
HEXXA,insomniac
Gardella,insomniac
Crumb Pit,insomniac
Costa,insomniac
Yunit.,insomniac
Bella Renee,insomniac
demotapes,insomniac
Sol Ortega,insomniac
PRADA2000,insomniac
Ragie Ban,insomniac
Pascal Moscheni,insomniac
Anastasia Giovani,insomniac
Ugo Banchi,insomniac
Pomboklap,insomniac
Apache,insomniac
Tony Guerra,insomniac
AJ Christou,insomniac
capshun,insomniac
St. Mary,insomniac
VLTRA,insomniac
R3WIRE,insomniac
J Patron,insomniac
Angel Fernandez,insomniac
Jesse James,insomniac
Villaseñor,insomniac
Kimonos,insomniac
Butch,insomniac
FUMI,insomniac
Serafina,insomniac
Fenrick,insomniac
Peter Blue,insomniac
Mario Santander,insomniac
Lea Alva,insomniac
Emisopa,insomniac
Dezko,insomniac
DJibouti,insomniac
D’WITCHES,insomniac
Celice,insomniac
ANYMA,insomniac
Kate Gozz,insomniac
Aaron Sevilla,insomniac
8onthebeat,insomniac
Manu Magick,insomniac
Djammin,insomniac
Lindsey Herbert,insomniac
Locklead,insomniac
Cole Terrazas,insomniac
L.P. Rhythm,insomniac
Kate Moon,insomniac
Mark Di Meo,insomniac
GROSSOMODDO,insomniac
SLAMM,insomniac
Ammé,insomniac
Maneki,insomniac
Mita Gami & Meir Briskman Orchestra,insomniac
Midroll,insomniac
Mo Money,insomniac
Riddim NYC,insomniac
Warlord,insomniac
GRAVAGERZ,insomniac
&ME,insomniac
Close Friends Only,insomniac
KUKO,insomniac
Trovarsi,insomniac
Nikita Green,insomniac
Erika de Casier,insomniac
Villano Antillano,insomniac
Gram Greene,insomniac
STOOG3S,insomniac
Sistek,insomniac
IN PARALLEL,insomniac
Ana Rova,insomniac
sim0ne,insomniac
Vertile,insomniac
Brunello,insomniac
Bashkka,insomniac
Lammer,insomniac
Falko,insomniac
Juos,insomniac
Tomás Station,insomniac
O.BEE,insomniac
Priku,insomniac
Aline Umber,insomniac
AGELESS,insomniac
DJ Irene,insomniac
Kstko,insomniac
Dani Thorne,insomniac
Tej,insomniac
Idoru,insomniac
Manta Radio,insomniac
Jeff Sorkowitz,insomniac
Buunshin,insomniac
TheConnect,insomniac
Ludz,insomniac
Sofia Kourtesis,insomniac
PARAMIDA,insomniac
FALYN,insomniac
Rafael,insomniac
Nitefreak,insomniac
Jazzy,insomniac
DJ Stingray 313,insomniac
Chaos In The CBD,insomniac
The Outlaw,insomniac
Afriqua,insomniac
DJ Mandy,insomniac
Ønyx,insomniac
Salome,insomniac
Katie Rex,insomniac
Dee Diggs,insomniac
CatLadyHi,insomniac
"Sincerely, Manolo",insomniac
Keenan Mathias,insomniac
Yeong,insomniac
Zoey808,insomniac
Joey G,insomniac
DJ Naté,insomniac
Coldsweat,insomniac
Chrysalis,insomniac
Cquestt,insomniac
Hannah Monica,insomniac
Stoneypie,insomniac
Meezu,insomniac
Shaking,insomniac
John Liwag,insomniac
Nebula,insomniac
Hu Dat,insomniac
Shay Elys,insomniac
Sosh & Mosh,insomniac
Juaan,insomniac
Madison Park,insomniac
AceMo,insomniac
Bullet Tooth,insomniac
DJ Swisha,insomniac
Ollie Lishman,insomniac
MoBlack,insomniac
Nico De Andrea,insomniac
Marten Lou,insomniac
Liquid Earth,insomniac
Arapu,insomniac
Foynez,insomniac
Tripolism,insomniac
Cristi Cons,insomniac
Mozey,insomniac
WIN WIN,insomniac
Twin Diplomacy,insomniac
Mia Maya,insomniac
LUGH!,insomniac
David Ardila,insomniac
Bebi,insomniac
Blurrd Vzn,insomniac
Wraz,insomniac
Klinical,insomniac
Primate,insomniac
Captain Bass,insomniac
Circadian,insomniac
AC13,insomniac
Seth David,insomniac
Probcause,insomniac
Otsukare,insomniac
A Little Sound,insomniac
Subsonic,insomniac
Hazard,insomniac
Mystic Methods,insomniac
jordnmoody,insomniac
Thomas Schumacher,insomniac
Shingo Nakamura,insomniac
Rising Dust,insomniac
Realize,insomniac
Ranji,insomniac
Maximizer,insomniac
Mad Maxx,insomniac
Hel:sløwed,insomniac
Kaeno,insomniac
GVX,insomniac
GMS,insomniac
Faders,insomniac
Bakari,insomniac
Burn In Noise,insomniac
Blazy,insomniac
Underworld,insomniac
Max Gardner,insomniac
Roman Messer,insomniac
SUPERSTRINGS,insomniac
Olly James,insomniac
Sonrizas,insomniac
Owie,insomniac
GS5,insomniac
BROSA,insomniac
mor•a•mor,insomniac
Massano,insomniac
Shir Miya,insomniac
Holy Priest,insomniac
Avi Sic,insomniac
Swimming Paul,insomniac
future.666,insomniac
Starjunk 95,insomniac
Brainrack,insomniac
Alezsandro,insomniac
Ale Acosta,insomniac
Hazón,insomniac
Winson,insomniac
AR/CO,insomniac
AG,insomniac
Bad Girl Bailey,insomniac
Dr. Greco,insomniac
Hills,insomniac
Ina Nia,insomniac
Loofy,insomniac
Ely Oaks,insomniac
Morgan Seatree,insomniac
Jaden Bojsen,insomniac
BLXST,insomniac
Victoria,insomniac
Reznik,insomniac
NOVAH,insomniac
SPFDJ,insomniac
Kalte Liebe,insomniac
Odymel,insomniac
Adrián Mills,insomniac
Vibrvnt,insomniac
Chamoy Baby,insomniac
George Smeddles,insomniac
Miller,insomniac
Lina,insomniac
Chica,insomniac
Athena,insomniac
FENIK,insomniac
Eternal,insomniac
Koister,insomniac
Combine,insomniac
Rara,insomniac
V1FRO,insomniac
Mr. Bitch,insomniac
Nicolas Julian,insomniac
NGHTCRWLR,insomniac
julie,insomniac
Skanka,insomniac
Mariano Mateljan,insomniac
MENE,insomniac
Tea Vuckovic,insomniac
Tom Bug,insomniac
Elena Mikac,insomniac
Dejan Milićević,insomniac
Easterlin,insomniac
Donzii,insomniac
Ginchy,insomniac
AVALAN ROKSTON,insomniac
J Ribbon,insomniac
Matty Ralph,insomniac
Ladies of Leisure,insomniac
Rimaye,insomniac
DAY/DEM,insomniac
Siegel,insomniac
Oklou,insomniac
livwutang,insomniac
John Glacier,insomniac
Chuwi,insomniac
BAMBII,insomniac
Axel Boman,insomniac
Amyl and The Sniffers,insomniac
Adamusic,insomniac
Zarco,insomniac
Luxi Villar,insomniac
Karretero,insomniac
Anna Tur,insomniac
AfroSalto,insomniac
Vanjee,insomniac
RHR,insomniac
Marie Davidson,insomniac
Hissyfit,insomniac
Znorthy,insomniac
Joyce Lim,insomniac
Suri,insomniac
Fish House Funk,insomniac
Jimi The Kween,insomniac
Sean Morris,insomniac
Jess King,insomniac
DJ Suspence,insomniac
DJ Honey,insomniac
Michael Navarro,insomniac
Miscalculated,insomniac
Dickerman,insomniac
Pretty Sweet,insomniac
GLIA,insomniac
TrebleTina,insomniac
Edd,insomniac
Dark Heart,insomniac
Disco Dom,insomniac
iZik,insomniac
Don Woezik,insomniac
Miracles,insomniac
Redliners,insomniac
Veta Vitali,insomniac
Peace Control,insomniac
Discip,insomniac
Facu Baez,insomniac
RUZE,insomniac
Nate Katz,insomniac
Luke Dean,insomniac
Cade Solito,insomniac
Jack-Lo,insomniac
LSDXOXO,insomniac
Reznor,insomniac
Boizy,insomniac
Casska,insomniac
KidMaverick,insomniac
Pizzi,insomniac
Meedy,insomniac
Gaia (CO),insomniac
DH Moon,insomniac
Nico Hartt,insomniac
Zesti,insomniac
TWENTY SIX,insomniac
Marianna Hadad,insomniac
Brody Jenner,insomniac
Alcala Bros,insomniac
Cato Anaya,insomniac
INIGMA,insomniac
Bryce Alakai,insomniac
Reece Rosé,insomniac
Ignacio,insomniac
WonkyWilla,insomniac
Skolah,insomniac
Crusy,insomniac
Corey Biggs,insomniac
BRDWY,insomniac
Greg Mike,insomniac
Baron,insomniac
DEE/MA,insomniac
AfroMantis Collective,insomniac
Da Capo,insomniac
¥ØU$UK€ ¥UK1MAT$U,insomniac
HANZ,insomniac
Dena,insomniac
Muzi,insomniac
AQUTIE,insomniac
Kasango,insomniac
KARABA,insomniac
DJ Slim McGraw,insomniac
Bo Knows,insomniac
Sarz,insomniac
Dea Magna,insomniac
HUMAN404,insomniac
DRĖĖĖMY,insomniac
Stoley,insomniac
Lizdek,insomniac
Eli Fola,insomniac
Tim Underscore,insomniac
Loco & Jam,insomniac
Synnhaven,insomniac
BACKCOURT,insomniac
Willie Pake,insomniac
TRICKSTAR,insomniac
Sarah de Warren,insomniac
Odd Language,insomniac
Silcrow,insomniac
Oddly Godly,insomniac
Kenzii Scott,insomniac
Sabrosura Boyz,insomniac
Mer Bear,insomniac
Kieran San Jose,insomniac
Stedicam,insomniac
Kitty Amor,insomniac
DJ Lag,insomniac
Avi Snow,insomniac
Bauernfeind,insomniac
Alves,insomniac
HotLap,insomniac
Horichh,insomniac
CUTDWN,insomniac
Rollz Royce,insomniac
10cust,insomniac
MGNA Crrrta,insomniac
NEKTER,insomniac
Suvin,insomniac
Fatrik,insomniac
Uncle Waffles,insomniac
GENESI,insomniac
Linney,insomniac
Vandelux,insomniac
Cesco,insomniac
Mk.gee,insomniac
DARKSIDE,insomniac
L’Impératrice,insomniac
CA7RIEL & Paco Amoroso,insomniac
2hollis,insomniac
Paco Amoroso,insomniac
CA7RIEL,insomniac
Kuroneko,insomniac
Babsy.,insomniac
GhostDragon,insomniac
Joe Arabica,insomniac
Fiona Kraft,insomniac
Cloudy,insomniac
Max Best,insomniac
Khadija,insomniac
Enzo Siragusa,insomniac
Tijana T,insomniac
Sweely,insomniac
Julian Wassermann,insomniac
Elli Acula,insomniac
Andrea Oliva,insomniac
Spect,insomniac
Miu,insomniac
Neo,insomniac
5sta,insomniac
Zerb,insomniac
Yancha,insomniac
Solkey,insomniac
Scimmie,insomniac
Nicolás Rada,insomniac
Martin Bordacahar,insomniac
Anna Farfan,insomniac
Alci,insomniac
Voigtmann,insomniac
Joyia,insomniac
Olive F,insomniac
Arielle Free,insomniac
Lousy Lover,insomniac
Saraga,insomniac
Joezi,insomniac
Maxi Meraki,insomniac
Rian Wood,insomniac
Johannes Schuster,insomniac
Tommy Kimpton,insomniac
Samson,insomniac
MËSTIZA,insomniac
Samm,insomniac
Antdot,insomniac
Ankhoï,insomniac
HerShe,insomniac
Gladde Paling,insomniac
Natte Visstick,insomniac
Kaiyo,insomniac
Avalon (KR),insomniac
Mahmut Orhan,insomniac
Major League DJz,insomniac
Liam Palmer,insomniac
DKT,insomniac
Goldbrush,insomniac
Johnny Chay,insomniac
RHOME,insomniac
TFTI,insomniac
Country Night,insomniac
Recess,insomniac
$ami G,insomniac
DJ Pinke,insomniac
b.,insomniac
VOID,insomniac
Lara Klart,insomniac
SOL,insomniac
Godtripper,insomniac
DJ Warning,insomniac
Roxy Ferrari,insomniac
The Redhead Cowgirl,insomniac
Jazzy J,insomniac
JAYV,insomniac
Nadia,insomniac
H&rry,insomniac
4D,insomniac
Santa Fe Klan,insomniac
Mai Iachetti,insomniac
fletch,insomniac
Liva K,insomniac
HNTR,insomniac
Invursion,insomniac
Tinzo + Jojo,insomniac
Zach Witness,insomniac
x_xtra,insomniac
House of J.A.N.E.,insomniac
Flotussin,insomniac
SCRIPT,insomniac
Trace,insomniac
Juvenile,insomniac
FEID,insomniac
Part Time Killer,insomniac
Noise Mafia,insomniac
Ammara,insomniac
Weska,insomniac
IZNYRS,insomniac
Elliot Schooling,insomniac
Manu Gonzalez,insomniac
Kellie Allen,insomniac
Dennis Quin,insomniac
Chesster,insomniac
Supergloss,insomniac
Deep Dish,insomniac
Gabrielle Kwarteng,insomniac
Ananda,insomniac
Tessuto,insomniac
Dioun,insomniac
Pedro Gariani,insomniac
Paulete Lindacelva,insomniac
NORA,insomniac
Millos Kaiser,insomniac
Etcetera,insomniac
Azyr,insomniac
KILIMANJARO,insomniac
BRUX,insomniac
Cromby,insomniac
The Blessed Madonna,insomniac
Dara Genesis,insomniac
Floating Points,insomniac
Viperactive,insomniac
Sean Paul,insomniac
southstar,insomniac
Jade Cicada,insomniac
Baby Savage,insomniac
Zero,insomniac
Swando,insomniac
Vicious,insomniac
The Resistance,insomniac
Deadgirl,insomniac
Maylay,insomniac
Vicky B,insomniac
Biianco,insomniac
SHDW,insomniac
Paulina Ricci,insomniac
Raziel Vidal,insomniac
Lans Palm,insomniac
Amenti,insomniac
Bante,insomniac
Facundo Mohrr,insomniac
Deer Jade,insomniac
Pablo Fierro,insomniac
Sommer Ray,insomniac
Outer Child,insomniac
Mariano Monzón,insomniac
Dawns,insomniac
Meberly,insomniac
May-Lynn,insomniac
Anita Guzmán,insomniac
Carrie Keller,insomniac
Sicaria (MX),insomniac
Kaylux,insomniac
Jonter,insomniac
Ty Sunderland,insomniac
Sagi Kariv,insomniac
Leland,insomniac
HAYLA,insomniac
Crush Club,insomniac
Anne Louise,insomniac
EDRDO,insomniac
Paris Hilton,insomniac
ESSEL,insomniac
Daniel Etienne,insomniac
Sullen,insomniac
Jergus,insomniac
Hector Couto,insomniac
Jay de Lys,insomniac
KASIA,insomniac
Nico Falla,insomniac
MINÄ,insomniac
Erick Ovalle,insomniac
Armandd G,insomniac
Karen Campos,insomniac
Pato Shoucair,insomniac
Sebastian Vacoul,insomniac
Roni Martinez,insomniac
RSCL,insomniac
Mike Posner,insomniac
Hans Glader,insomniac
MRD,insomniac
Dylan Brady,insomniac
MCR-T,insomniac
Linska,insomniac
Onlynumbers,insomniac
Fcukers,insomniac
Marco Strous,insomniac
Caravel,insomniac
Marlon Hoffstadt,insomniac
DJ Gigola,insomniac
DJ Fuckoff,insomniac
Annicka,insomniac
6ejou,insomniac
M-High,insomniac
Obskür,insomniac
Narciss,insomniac
Champion,insomniac
Pablo Bozzi,insomniac
Villager,insomniac
Dual Damage,insomniac
ARODES,insomniac
Matt Guy,insomniac
Londen Summers,insomniac
Etapp Kyle,insomniac
Ward Andrews,insomniac
"Nikita, the Wicked",insomniac
Trussie,insomniac
James Axon,insomniac
OJ,insomniac
Shane Thomas,insomniac
Pure 100%,insomniac
Roha,insomniac
Glory,insomniac
Vandal Rock,insomniac
Apachi,insomniac
Casepeat,insomniac
Conan,insomniac
Joody,insomniac
IÖN (KR),insomniac
Rubato,insomniac
GANJA,insomniac
Pierre Blanche,insomniac
jeonghyeon,insomniac
Kataploks,insomniac
IZREAL,insomniac
Bagagee Viphex13,insomniac
Closet Yi,insomniac
Howmini,insomniac
2Spade,insomniac
MYSTRVS,insomniac
Ander Huang,insomniac
With Løve,insomniac
Sam Binga,insomniac
Me n ü,insomniac
Estella Boersma,insomniac
Capochino,insomniac
Lisitsyn,insomniac
Mordan,insomniac
Amily,insomniac
Grozzman,insomniac
Sunrise,insomniac
Eli Cicada,insomniac
Amp Killa,insomniac
Milky,insomniac
K.D.B,insomniac
Mr. Sour,insomniac
Loods,insomniac
Bohra,insomniac
l33,insomniac
MIA Q,insomniac
AJOHN,insomniac
Lucaz,insomniac
Fish56Octagon,insomniac
Mia Moretti,insomniac
Lessandro,insomniac
The Brands,insomniac
Low Mileage,insomniac
Themba,insomniac
Dickens.Alada,insomniac
Paije,insomniac
DoBadlyy,insomniac
Shanti Clasing,insomniac
Flamingo En Tutu,insomniac
Sadgal,insomniac
MichaelBM,insomniac
Fort Romeau,insomniac
DJ Bryan Kingz,insomniac
Milka,insomniac
Gia Fu,insomniac
Karlo,insomniac
EMJAY,insomniac
D-Sides,insomniac
Seebase,insomniac
Sedef Adasï,insomniac
Pegassi,insomniac
mischluft,insomniac
David Löhlein,insomniac
Quest,insomniac
Chris Willis,insomniac
DJ Nano,insomniac
Bautista,insomniac
Maz,insomniac
Jev,insomniac
Nejvex,insomniac
Mha Iri,insomniac
B-Front,insomniac
Phuture Noize,insomniac
DJ Fucci,insomniac
Darkho,insomniac
Jack Virgil,insomniac
DJs Pareja,insomniac
Briela Veneno,insomniac
B Jones,insomniac
NoNameLeft,insomniac
Nikademis,insomniac
COPYCATT,insomniac
Mike Martel,insomniac
RØZ,insomniac
Secret Echoes,insomniac
SUNZZ,insomniac
Valou,insomniac
Yamagucci,insomniac
YourBoyfriend,insomniac
Ann García,insomniac
Mölly,insomniac
Darren Tate,insomniac
Pryda,insomniac
Usaybflow,insomniac
Noetika,insomniac
OkayJake,insomniac
illoh,insomniac
Sota,insomniac
Motifv,insomniac
Shimza,insomniac
Ricardo Villalobos,insomniac
Ogazón,insomniac
Lovefoxy,insomniac
KI/KI,insomniac
Anetha,insomniac
Parity,insomniac
VNDETTA,insomniac
SYREETA,insomniac
LowkeydintheHouse,insomniac
Materia Blu,insomniac
Dan Miles,insomniac
Ava Alika,insomniac
Authenticity,insomniac
Josh Taylor,insomniac
4YÛ,insomniac
Andromedik,insomniac
EMBER,insomniac
Kevin Cornine,insomniac
Zachary,insomniac
Alex Wann,insomniac
Daria Kolosova,insomniac
KinAhau,insomniac
Sadboisdub,insomniac
Max Dean,insomniac
Bad Boombox,insomniac
Traumer,insomniac
Josh Baker,insomniac
Zoe Gitter,insomniac
Desa Deca,insomniac
NUANS,insomniac
The Shapeshifters,insomniac
Gracie Fox,insomniac
Jaogaz,insomniac
Xean,insomniac
DEFX,insomniac
Sean Swan,insomniac
Portal Prophet,insomniac
DJ Donuts,insomniac
TRIP.C,insomniac
Alyssa Jolee,insomniac
Julya Karma,insomniac
Murdoch,insomniac
Yellowtael,insomniac
Jaenga,insomniac
Wasiu,insomniac
Vladimir Cauchemar,insomniac
Francisco Allendes,insomniac
Bastian Bux,insomniac
Soulwax,insomniac
Rob Garza (Thievery Corporation),insomniac
Brutalismus 3000,insomniac
GOLFOS,insomniac
Young Marco,insomniac
Joanna Kuchta,insomniac
Gbenga,insomniac
fka.m4a,insomniac
Dana Montana,insomniac
Alex Chapman,insomniac
Junior,insomniac
Smile,insomniac
ALY$HIA,insomniac
Indo Warehouse,insomniac
DJ 8asara,insomniac
Ayrton L,insomniac
PIXZY,insomniac
Shawty P,insomniac
YUKIO,insomniac
Lynne,insomniac
Wukong,insomniac
Jai Jetpack,insomniac
iLTIK,insomniac
Youna,insomniac
YAAT,insomniac
Kay,insomniac
Leafe,insomniac
Angus,insomniac
Max,insomniac
Mode,insomniac
Botcash,insomniac
Kaaze,insomniac
Slayyyter,insomniac
Sidequest,insomniac
lau.ra,insomniac
Silvie Loto,insomniac
Sparrow & Barbossa,insomniac
Pola & Bryson,insomniac
Electric Kif,insomniac
Bodine,insomniac
The Floridians,insomniac
Oscar Osorio,insomniac
MALUGI,insomniac
Girl Math,insomniac
Dennett,insomniac
Carv,insomniac
Basswell,insomniac
Rainedrop,insomniac
Fenky,insomniac
Parra and Hara,insomniac
Atura,insomniac
Almistic,insomniac
HUA,insomniac
DJ Fredy Fresco,insomniac
Cristina Lazic,insomniac
Kana Hishiya,insomniac
Kitsuni,insomniac
Mena¢e,insomniac
BADVOID,insomniac
Gunpoint,insomniac
ROSH,insomniac
Honey Gee,insomniac
Tom William,insomniac
KHAZED,insomniac
Kikie,insomniac
IT ME,insomniac
KiD CALViN,insomniac
AMP,insomniac
Arkade,insomniac
FOVOS,insomniac
WODD,insomniac
Cyril,insomniac
Joshua De La Cruz,insomniac
Rebekah,insomniac
ANGEL CANNON,insomniac
DJ Zo,insomniac
DAIZY (KR),insomniac
OGUZ,insomniac
JACKNIFE,insomniac
Clara Cuvé,insomniac
Chippy Nonstop,insomniac
Kiah G,insomniac
cerulean,insomniac
CHROMEBODIES,insomniac
baby.com,insomniac
Noir JBW,insomniac
Sisters of Sound (Maddy Maia B2B Tottie),insomniac
Dina,insomniac
Cherry Lee,insomniac
Trax Unit,insomniac
Capes,insomniac
SWIM,insomniac
Jenna Shaw,insomniac
ØTTA,insomniac
T78,insomniac
Vegas,insomniac
Silver Panda,insomniac
Laura van Dam,insomniac
GRAViiTY,insomniac
Mapamota,insomniac
MPH,insomniac
BAE BAE,insomniac
Bianca Maieli,insomniac
Joaqu.n,insomniac
Lechuga,insomniac
Giselle Peppers,insomniac
Mesmé,insomniac
Voisan,insomniac
Alone Together,insomniac
Pasquale’s Playlist,insomniac
Funk Tribu,insomniac
Fernanda Pistelli,insomniac
Leena Punks,insomniac
Mattilo,insomniac
CoolHandLuke,insomniac
Moonlght,insomniac
Vodenik,insomniac
blk.,insomniac
Daniel Pinho,insomniac
Harshil Kamdar,insomniac
KIMMIC,insomniac
Victor Ruiz,insomniac
Skyler,insomniac
OviLoad,insomniac
Cardio,insomniac
Dimitri Vegas,insomniac
ALIGN,insomniac
Kate W. Bush,insomniac
HYO,insomniac
Rude Flamingo,insomniac
Fashen,insomniac
Taylah Elaine,insomniac
Wakyin,insomniac
Zorza,insomniac
TDJ,insomniac
Patrick Mason,insomniac
Hypaton,insomniac
Amal Nemer,insomniac
Alex Kennon,insomniac
Milo Ziro,insomniac
Joey Parada,insomniac
Sebastian Sol,insomniac
Not Not,insomniac
Serum,insomniac
Woof Logik,insomniac
Shadow Cliq,insomniac
Nifty Nubez,insomniac
SoFTT,insomniac
Priori,insomniac
Pretty Girl,insomniac
Kenya Grace,insomniac
Gio Elia,insomniac
DJ Koze,insomniac
Idriss D,insomniac
Chloé Robinson,insomniac
Asaf Samuel,insomniac
Simula,insomniac
Kursa,insomniac
Kurei,insomniac
Eater,insomniac
Don Jamal,insomniac
Chassi,insomniac
Barclay Crenshaw,insomniac
MC Phantom,insomniac
HEXX,insomniac
Joe Kay,insomniac
DJ Shadow,insomniac
Akini Jing,insomniac
Glass Beams,insomniac
Sega Bodega,insomniac
Skee Mask,insomniac
IZZI,insomniac
Slaughter House,insomniac
DJ Sally,insomniac
Lucas & Steve,insomniac
Steve Rocks,insomniac
Snow Strippers,insomniac
Lavern,insomniac
NAR,insomniac
Eejay,insomniac
Jonah Vii,insomniac
HouseRoll,insomniac
JOHNJOSÉ,insomniac
Kittamami,insomniac
Seek-One,insomniac
SAVAGEHANDS,insomniac
Rob Moskavi,insomniac
Leisan,insomniac
Aaron Hiro,insomniac
Montique,insomniac
Sam Blacky,insomniac
Mark Lewis,insomniac
Juany Bravo,insomniac
Slyckz,insomniac
Mongrel,insomniac
Galena Crew,insomniac
Staring Contest,insomniac
Lost Like Us,insomniac
Daniel Allan,insomniac
SLANDER presents Before Dawn,insomniac
Harristone,insomniac
prv. d,insomniac
Aaron K,insomniac
Tha Funk Junkie,insomniac
Matt Denuzzo,insomniac
Eddy M,insomniac
OKAYVAL,insomniac
MR TOUT LE MONDE,insomniac
Doses,insomniac
DJ Hazel,insomniac
LALA,insomniac
Staysick,insomniac
Ky William,insomniac
The Living Proof,insomniac
Monika Santucci,insomniac
Everen Maxwell,insomniac
Adam Pearce,insomniac
Wes Pierce,insomniac
Manics,insomniac
CHAMP FRESNEL,insomniac
Jackie Hollander,insomniac
Akaio,insomniac
Malcolm Zeller,insomniac
XENAA,insomniac
DJ 30Rack,insomniac
blake.,insomniac
Kassel,insomniac
Myles O’Neal,insomniac
MØNDELLØ,insomniac
Bryan Matthew,insomniac
Quality G,insomniac
TAILSPIN,insomniac
Who’s John,insomniac
NOYZNTHEHOOD,insomniac
Disko Cowboy,insomniac
Brandi Cyrus,insomniac
PARTY DADS,insomniac
Lucky Lou,insomniac
Dee Jay Silver,insomniac
Lavish Life,insomniac
Zevy,insomniac
Mesa & Boss,insomniac
Roadhouse,insomniac
K.Gianni,insomniac
Bowie Jane,insomniac
Toro y Moi,insomniac
Massive Attack,insomniac
LUMI,insomniac
Sammy Virji,insomniac
Jengi,insomniac
Arca,insomniac
Diyanna Monet,insomniac
Chloe Cherry,insomniac
$J,insomniac
DAZZLE$,insomniac
Annika Wolfe,insomniac
Perc,insomniac
Vieze Asbak,insomniac
Lauren Valentine,insomniac
JayR,insomniac
Anoluxx,insomniac
ÆON:MODE,insomniac
SPORTMODE,insomniac
Exodus Era,insomniac
Jem.G,insomniac
BOLO,insomniac
Nimino,insomniac
ZUEZEU,insomniac
Zen Freeman,insomniac
Riordan,insomniac
X-Coast,insomniac
Skin On Skin,insomniac
Adam X,insomniac
Ahadadream,insomniac
Classmatic,insomniac
Teko,insomniac
Nelly Furtado,insomniac
BEME,insomniac
33 Below,insomniac
Skepta,insomniac
Deucez,insomniac
Blackchild,insomniac
Melanie Ribbe,insomniac
Pocket,insomniac
[IVY],insomniac
Matisa,insomniac
Sally C,insomniac
Panteros666,insomniac
Marlie,insomniac
Joluca,insomniac
Hannah Laing,insomniac
Grigoré,insomniac
Helen Ka,insomniac
Brina Knauss,insomniac
Airwolf Paradise,insomniac
Argy,insomniac
Ramstronger,insomniac
Guada Mariani,insomniac
Darko,insomniac
Who Is Thessa,insomniac
Paula Martín,insomniac
Antaares,insomniac
Kobe Mane,insomniac
Allan Nunez,insomniac
Sweet Crimes,insomniac
Missound,insomniac
Dayana Avila,insomniac
Another Mexican Dude,insomniac
Andy Woldman,insomniac
Violet Dny,insomniac
Sant Jord,insomniac
Misha Revera,insomniac
Mavros,insomniac
Dangr,insomniac
Cuga,insomniac
Chela Rivas,insomniac
The Shipping Dpartment,insomniac
The Kings,insomniac
Sundoll,insomniac
NVRT,insomniac
Nat Salazar,insomniac
Lunna Di Lattice,insomniac
Jawar,insomniac
Alure,insomniac
Lili Villa,insomniac
Botelo,insomniac
Kate,insomniac
SERGEIV,insomniac
Norimune,insomniac
Manu Estrella,insomniac
Frieder & Jakob,insomniac
Esther Anaya,insomniac
Olse,insomniac
Vešča,insomniac
Allan Piziano,insomniac
Xandra,insomniac
Sarahi Boriu,insomniac
Nat Cantú,insomniac
MIKITA,insomniac
Pawar,insomniac
Mynity,insomniac
Jyn y Yan,insomniac
Anti,insomniac
Colossio,insomniac
Rigopolar,insomniac
Salero Balas,insomniac
Silvera,insomniac
Soul of Hex,insomniac
Bazztoon,insomniac
DJ Livia,insomniac
DJ WZRD,insomniac
Leonce,insomniac
IMOGEN,insomniac
Ghengar,insomniac
Jordy Medina,insomniac
Tatiana Serur,insomniac
Arvizu,insomniac
Willer Khale,insomniac
Daxl,insomniac
Gorka,insomniac
Unstable,insomniac
Tibi Dabo,insomniac
Oriana Carrieri,insomniac
The Funk District,insomniac
Albert Neve,insomniac
Abel Ramos,insomniac
Ashibah,insomniac
Anna Amato,insomniac
Sunday Scaries,insomniac
MC4D,insomniac
Marie Nyx,insomniac
Etari,insomniac
LAALLS,insomniac
mad gavs,insomniac
Connor Mikami,insomniac
Interplanetary Criminal,insomniac
Rebel Scum,insomniac
Spass,insomniac
7L,insomniac
NRVE,insomniac
Mob,insomniac
SASSY,insomniac
Pyke,insomniac
VKTM,insomniac
NIMDA,insomniac
JMSCLVN,insomniac
Mile32,insomniac
Hostage Situation,insomniac
Tazu,insomniac
Cool Customer,insomniac
Detox Unit,insomniac
Able Grey,insomniac
Lisa Pizza,insomniac
Jake Shore,insomniac
Phox,insomniac
Ian Snow,insomniac
Angrybaby,insomniac
CloudNone,insomniac
Hyperfunk,insomniac
Poni,insomniac
Cherry Tooth,insomniac
Basstripper,insomniac
DJ Habibeats,insomniac
Vanfleet,insomniac
Mad Dubz,insomniac
yvm3,insomniac
Kneptunes,insomniac
THABLACKGOD,insomniac
StrikeStone!,insomniac
Rayyan,insomniac
Mazlow,insomniac
Joann Fabrixx,insomniac
Franxx,insomniac
Dvonne,insomniac
DJ Sedrick,insomniac
Baronhawk Poitier,insomniac
The Illustrious Blacks,insomniac
Palma,insomniac
Adiel,insomniac
Life On Planets,insomniac
Cinthie,insomniac
OOTORO,insomniac
Laolu,insomniac
Afinity,insomniac
Techno Tupac,insomniac
KYRUH,insomniac
Alignment,insomniac
ION (US),insomniac
Spartaque,insomniac
DZMA,insomniac
Andrew Lux,insomniac
OddKidOut,insomniac
Malixe,insomniac
Alienpark,insomniac
Rafatel,insomniac
Durango 95,insomniac
Sandro Malandro,insomniac
DJ Pope,insomniac
Restricted,insomniac
Bodysync,insomniac
Starfari,insomniac
Otherwish,insomniac
Avoure,insomniac
DJ Heartstring,insomniac
DJ Guapis,insomniac
AAAA,insomniac
LEX,insomniac
Les Castizos,insomniac
Manush-K,insomniac
Mar-T,insomniac
Whigfield,insomniac
Rixxia,insomniac
Eliangel,insomniac
DJ MÄMI,insomniac
Roderic,insomniac
Hernan Cayetano,insomniac
Oliver Koletzki,insomniac
Creeds,insomniac
Calussa,insomniac
BUNT.,insomniac
Bora Uzer,insomniac
MAWBB,insomniac
Sickmode,insomniac
Blanca Ross,insomniac
Big Metra,insomniac
Deceiver,insomniac
Mish,insomniac
Aurora Halal,insomniac
Súbelo Neo,insomniac
Juliëx,insomniac
Anita B Queen,insomniac
VE/RA,insomniac
Alex Sensation,insomniac
Sihk,insomniac
Ahmed Spins,insomniac
Iglesias,insomniac
Marco Lys,insomniac
Logic1000,insomniac
horsegiirL,insomniac
Yaeji,insomniac
Phocust,insomniac
Hayes Bradley,insomniac
OTR,insomniac
Manda Moor,insomniac
hypernaut,insomniac
Prophecy,insomniac
Matrix,insomniac
X & Ivy,insomniac
Parker Page,insomniac
Micro,insomniac
Stereotype,insomniac
SST,insomniac
Odi,insomniac
KNOXZ,insomniac
MC Freak,insomniac
Kadilak,insomniac
Electron-C,insomniac
Dave Owen,insomniac
MC Collaborator,insomniac
Circle K,insomniac
Dave Zilla,insomniac
Prunk,insomniac
Luuk van Dijk,insomniac
Coeo,insomniac
KaspikC,insomniac
BEC,insomniac
Cuco,insomniac
Ryan Thomas,insomniac
JINN SOUND,insomniac
GON3R,insomniac
asáu,insomniac
Parker Mills,insomniac
Johnny Monsoon,insomniac
Shay De Castro,insomniac
Disfreq,insomniac
Despacio,insomniac
ximena,insomniac
Tiberius,insomniac
TERRAS,insomniac
Telluxe,insomniac
Rollin Royce,insomniac
Roll-e,insomniac
Rafael Paula,insomniac
nezerat,insomniac
Mystix,insomniac
Miles Amillion,insomniac
Lengua,insomniac
LEGRANDVOYAGE,insomniac
Justice A. Gonzalez,insomniac
Guacho,insomniac
Girlcop,insomniac
Galactic Effect,insomniac
DJ Tamsom,insomniac
Diego Melgar,insomniac
DB Cooper,insomniac
Bryan Andrew Medina,insomniac
74.97,insomniac
Levity,insomniac
Blurr,insomniac
Mandy,insomniac
SCND CRCL,insomniac
Pxseidon,insomniac
Purity Filter,insomniac
MUZANA,insomniac
Hixxy,insomniac
Clawz,insomniac
DØMINA,insomniac
DJ Flapjack,insomniac
Devin Wild,insomniac
99jakes,insomniac
DJ Reza,insomniac
MARTE,insomniac
Cera Khin,insomniac
Charlie Sparks,insomniac
Shapeshftr,insomniac
PiCKUPLiNES,insomniac
CAB,insomniac
James Kennedy,insomniac
Obando,insomniac
Rommii,insomniac
MashBit,insomniac
NTO,insomniac
Maddy O’Neal,insomniac
Allan Gallego,insomniac
Kevin de Vries,insomniac
Airrica,insomniac
Demi Riquísimo,insomniac
Viva Vidal,insomniac
Nicole Gallamini,insomniac
Tiffy Vera,insomniac
Robyn Sin Love,insomniac
Ostara,insomniac
Nadhi,insomniac
Jovigibs,insomniac
Miguelle & Tons,insomniac
ALEJO,insomniac
Distinct Motive,insomniac
Layla Noir,insomniac
Gingersnap,insomniac
KVN,insomniac
Kylexi,insomniac
Rewilder,insomniac
WKND BAES,insomniac
Bad Proxy,insomniac
Dochat,insomniac
Dopastat,insomniac
MAYKO,insomniac
Vibe Link,insomniac
Sweet Charlie,insomniac
Dmoney,insomniac
Dave London,insomniac
FACTORe,insomniac
GRAM,insomniac
Dora Ma,insomniac
Partyray,insomniac
Tiffany,insomniac
7 Grams,insomniac
Lona,insomniac
Eddy,insomniac
Felipe Zona,insomniac
TXXJ,insomniac
Barry,insomniac
DESIREE,insomniac
Jetpvck,insomniac
Papermache,insomniac
PRADAA,insomniac
Riviere,insomniac
Joy Lila,insomniac
Hors3,insomniac
St3v3,insomniac
KAS:ST,insomniac
Calyx,insomniac
Musubi,insomniac
Buns,insomniac
Redline,insomniac
Yulia Niko,insomniac
Tainy,insomniac
AYYBO,insomniac
Christoph,insomniac
Sicaria,insomniac
Öwnboss,insomniac
Marie Vaunt,insomniac
Ivory,insomniac
Tiya,insomniac
YAMATOMAYA,insomniac
WhyBeatZ,insomniac
it’s murph,insomniac
Gishin,insomniac
Evin King,insomniac
Corsak,insomniac
Beatreker,insomniac
Attack,insomniac
ARYUE,insomniac
MarvinZ1R,insomniac
22Bullets,insomniac
Baaric,insomniac
alltalk,insomniac
Kloud Forest,insomniac
Rolando,insomniac
Natasha Diggs,insomniac
Evelyn “Champagne” King,insomniac
Palms Trax,insomniac
Lynzz,insomniac
Lee Coombs,insomniac
Merlyn,insomniac
ekb*,insomniac
Stylus,insomniac
Supagroover,insomniac
Sporty-O,insomniac
Mizzo,insomniac
Brant Wolff,insomniac
Jay Crusoe,insomniac
Mike Thomas,insomniac
Alan Shi,insomniac
Seeing Double,insomniac
J.V.O,insomniac
Matt Sassari,insomniac
Pettra,insomniac
C-systems,insomniac
Miyuki,insomniac
nilsix,insomniac
Daxson,insomniac
Sad MC’s,insomniac
OMRI.,insomniac
Shyda,insomniac
Frny,insomniac
Joy Orbison,insomniac
Stephan Jolk,insomniac
Sleepy C,insomniac
duun,insomniac
Lagrimas de Oro,insomniac
Krishna Villar,insomniac
ALKMST,insomniac
Sagittarius Aquarius,insomniac
Carozilla,insomniac
phiphi,insomniac
"Mauricio, The Invisible",insomniac
Marie Qrie,insomniac
DJ Fitness,insomniac
Illangelo,insomniac
Rony Seikaly,insomniac
Jyoty,insomniac
Hudson Mohawke,insomniac
Cole Knight,insomniac
Fame Sounds,insomniac
Sleepsleep,insomniac
Novacane,insomniac
NAAR,insomniac
Orly17,insomniac
Reza,insomniac
Alex Elena,insomniac
Haavi,insomniac
Daroh,insomniac
Lee Mvtthews,insomniac
Joanna Magik,insomniac
BLKLBL,insomniac
Phibes,insomniac
Visages,insomniac
GorillaT,insomniac
RUVLO,insomniac
wes mills,insomniac
Sajche,insomniac
Dylan & Harry (Party Favor & Baauer),insomniac
Kordhell,insomniac
3CHO,insomniac
Presence,insomniac
Two Shell,insomniac
Eliza Rose,insomniac
Black Loops,insomniac
Daphni,insomniac
Spektre,insomniac
Luna Michelle,insomniac
The Botanist,insomniac
BRVKECHCK,insomniac
Bonker,insomniac
ValaK,insomniac
Kroniik,insomniac
Sylla,insomniac
DejaVu,insomniac
Share,insomniac
Krokadile,insomniac
Selekta,insomniac
Adam Ten,insomniac
Alice Glass,insomniac
Lake Hills,insomniac
Roza Terenzi,insomniac
D. Tiffany,insomniac
Jockstrap,insomniac
The Dare,insomniac
ODK,insomniac
7ONY,insomniac
Fieldz,insomniac
Donflock,insomniac
DEVOWR.,insomniac
Swampz,insomniac
Spellthief,insomniac
LazyFlex,insomniac
MNTRA,insomniac
XaeboR,insomniac
Chango,insomniac
Sanzu,insomniac
Inaktiv,insomniac
Shacked,insomniac
Elevate Two,insomniac
Mfinity,insomniac
Intermach,insomniac
Nobodies King,insomniac
Karsten Sollors,insomniac
Trst.,insomniac
Tim Clark,insomniac
Honey,insomniac
arman.,insomniac
Tones,insomniac
Discrete,insomniac
DJ Topgun,insomniac
GlittrCat,insomniac
Connor q,insomniac
ALLEYCVT,insomniac
Simply Jeff,insomniac
Ghost in Real Life,insomniac
Miko,insomniac
System Kids,insomniac
Jason Blakemore,insomniac
Alec Monopoly,insomniac
Hawd Hitta,insomniac
No Etiquette,insomniac
KJ Sawka,insomniac
Sean Lafayette,insomniac
Isaac Civil,insomniac
Falone,insomniac
Cinema Kid,insomniac
DZR,insomniac
Bryan Softwell,insomniac
Clark Key,insomniac
The Duchess,insomniac
SATURNSARii,insomniac
X CLUB.,insomniac
Piero Pirupa,insomniac
CHAN,insomniac
Matt Faulk,insomniac
Burd,insomniac
Isi Audi,insomniac
Mita Gami,insomniac
Jan Blomqvist,insomniac
n808,insomniac
Yo Yolie,insomniac
Aaron Hibell,insomniac
Braxton,insomniac
Prosecute,insomniac
Mikayli,insomniac
NXSTY,insomniac
Xotix,insomniac
Perry Wayne,insomniac
Soltan,insomniac
Hadez,insomniac
JAYSYX,insomniac
MCID,insomniac
NOTD,insomniac
Cat & Maomi,insomniac
CTRL-Q,insomniac
Jade,insomniac
The Blaze,insomniac
SBTRKT,insomniac
VTSS,insomniac
Fred again..,insomniac
We Rose,insomniac
Ron Carroll,insomniac
Felmax,insomniac
Atnarko,insomniac
Mr. V,insomniac
Jaden Thompson,insomniac
Beltran,insomniac
Jask,insomniac
Oden & Fatzo,insomniac
Tita Lau,insomniac
FADEAD,insomniac
Evan Riley,insomniac
Raychill,insomniac
Güd Vibez,insomniac
SAUDEV,insomniac
Be Ezy,insomniac
Fátima,insomniac
YVNG YANG,insomniac
Agustina Azul,insomniac
David Morales,insomniac
Sam Wolfe,insomniac
Space 92,insomniac
TOBEHONEST,insomniac
Lovefingers,insomniac
Carola,insomniac
Fred Everything,insomniac
Decoder,insomniac
AK SPORTS,insomniac
salute,insomniac
jamesjamesjames,insomniac
KETTAMA,insomniac
Camden Cox,insomniac
Chaney,insomniac
Fallon,insomniac
Triode,insomniac
Modapit,insomniac
Korolova,insomniac
Mike Dunn,insomniac
Maarten de Jong,insomniac
boslyk,insomniac
Innellea,insomniac
TWiN,insomniac
Tommy C,insomniac
Jacq Jill,insomniac
JJ202,insomniac
Lemz,insomniac
PWRPUFF,insomniac
KS,insomniac
Wess,insomniac
Keenan Orr,insomniac
Ed Bailey,insomniac
The Carry Nation,insomniac
Kevin Aviance,insomniac
MrOneVibe,insomniac
VUlllGUR,insomniac
Dr. Ushūu,insomniac
Chibs,insomniac
Hamro,insomniac
Subfiltronik,insomniac
Cyclops,insomniac
Sonorous,insomniac
Airglo,insomniac
beastboi.,insomniac
DirtySnatcha,insomniac
WYLLO,insomniac
Skeler,insomniac
barnacle boi,insomniac
28mm,insomniac
Marieme,insomniac
Chris Giuliano,insomniac
Maddix,insomniac
Achilles,insomniac
nelle,insomniac
KEPIK,insomniac
veggi,insomniac
The Midnight,insomniac
Tove Lo,insomniac
Ellie Goulding,insomniac
Ludacris,insomniac
Kitty Ca$h,insomniac
fun2bjane,insomniac
Club Tularosa,insomniac
Laxcity,insomniac
Hamdi,insomniac
Fleur Shore,insomniac
Toman,insomniac
Ninajirachi,insomniac
Rochelle Jordan,insomniac
Luude,insomniac
Chuwe,insomniac
Fat Joe,insomniac
M3NGO,insomniac
Pura Scout,insomniac
Lo Stine,insomniac
P.O.S,insomniac
Nicky Elisabeth,insomniac
anamē,insomniac
OMAS,insomniac
OBLVYN,insomniac
Afterthought,insomniac
Matt Bukovski,insomniac
BB LUX,insomniac
Justus Bennetts,insomniac
RZRKT,insomniac
Goodboys,insomniac
Will Sass,insomniac
9B49,insomniac
Sergio Dimoff,insomniac
Lorenzo Slider,insomniac
Miss Javi,insomniac
Henry Pope,insomniac
Phunk Bias,insomniac
Sacred Cream,insomniac
Gordo,insomniac
Littlefoot,insomniac
SOG,insomniac
Agudelo888,insomniac
Leo Reyes,insomniac
Fher Vizzuett,insomniac
Vico Volkova,insomniac
Gio Silva,insomniac
Eva Blunt,insomniac
Nanoo,insomniac
JEEX,insomniac
SNDWAVE,insomniac
JTorres,insomniac
GabyBau,insomniac
Sound Driver,insomniac
Albert González,insomniac
Aiokai,insomniac
AVADOX,insomniac
LABIBE,insomniac
NAGIB,insomniac
Efren Valdivia,insomniac
Mila,insomniac
Cachorra,insomniac
Yissel De Anda,insomniac
Franz Colmer,insomniac
Master Basterds,insomniac
House Music Bro,insomniac
Max Headroom,insomniac
DAAMITCH,insomniac
Mayan Souls,insomniac
Murum,insomniac
DEAFNY,insomniac
Postcard,insomniac
Marco Nobel,insomniac
Bzars,insomniac
Carlo Cobos,insomniac
Hazardoze,insomniac
Aradia,insomniac
Ugly Lungs,insomniac
Saiperkz,insomniac
Soulsis,insomniac
Diana Estrada,insomniac
Saza Fischer,insomniac
Leska,insomniac
Anna Forest,insomniac
Moisees,insomniac
Dogma,insomniac
Ricardo Montana,insomniac
Videocentro,insomniac
DJ Felli Fel,insomniac
DJ Sourmilk,insomniac
DEM2,insomniac
Digital Bath,insomniac
Perenne,insomniac
Forester,insomniac
Pau Bujaidar,insomniac
Yami Caneda,insomniac
Mariana Soto,insomniac
Maze More,insomniac
Sueno,insomniac
Biagi,insomniac
blu,insomniac
TSKETCH,insomniac
Tadig,insomniac
B-Hunder,insomniac
Fakers,insomniac
El Fresh,insomniac
Electro Sisters,insomniac
Kenntokki,insomniac
Gonzo,insomniac
S.I.D,insomniac
Asian Steve,insomniac
Frankie Nanna,insomniac
Bastiansé,insomniac
MontyCler,insomniac
Meduso,insomniac
Raaket,insomniac
Ana Morss,insomniac
La Catalina,insomniac
Millzthatkillz,insomniac
Topher The Alien,insomniac
AMBR,insomniac
Alpha Transmission,insomniac
STVSH,insomniac
Mind Splitter,insomniac
Mangusto,insomniac
Mauricio Zendejas,insomniac
Tone Troy,insomniac
Shek,insomniac
Charles Wiley,insomniac
Selective Response,insomniac
Lee Ann Roberts,insomniac
Plano,insomniac
Manguito DJ,insomniac
Ambroz,insomniac
Alexandthere,insomniac
Barovier,insomniac
Andruss,insomniac
Slang Dogs,insomniac
Bok Nero,insomniac
Robyn Balliet,insomniac
Manlo,insomniac
Hotmood,insomniac
Monsieur Van Pratt,insomniac
Theus Mago,insomniac
Ian Asher,insomniac
Barry Can’t Swim,insomniac
Kobosil,insomniac
Raven,insomniac
Alex Bosi,insomniac
OVE,insomniac
GLTY,insomniac
Shlømo,insomniac
Nico Moreno,insomniac
DYEN,insomniac
DIØN,insomniac
Christopher Coe,insomniac
SWARM,insomniac
Levenkhan,insomniac
Dionysus,insomniac
DEATH CODE,insomniac
Bel Air Witch,insomniac
Cassia,insomniac
Bridget,insomniac
CASHCULT,insomniac
Hypedelic,insomniac
ElezD,insomniac
BLXK MNTN,insomniac
Armentani Brothers,insomniac
Space Motion,insomniac
TWONSKi,insomniac
Rebelion,insomniac
Kasto,insomniac
Yosuf,insomniac
Dead X,insomniac
Monk,insomniac
Baby Anne,insomniac
Sony Jacob,insomniac
Masha Mar,insomniac
Ben Hemsley,insomniac
Sara Landry,insomniac
RayBurger,insomniac
Fredy Lane,insomniac
Deerock,insomniac
Autokorekt,insomniac
ADVM BOMB,insomniac
Stella Bossi,insomniac
Lilly Palmer,insomniac
WHOM?,insomniac
LOUIEJAYXX,insomniac
Vastive,insomniac
Faraón Love Shady,insomniac
Bhaskar,insomniac
Aluna,insomniac
Samanta Duque,insomniac
Ms. Nina,insomniac
María Nocheydía,insomniac
LIT killah,insomniac
Lirico En La Casa,insomniac
Raffa FL,insomniac
Juan Cuba,insomniac
OCULA,insomniac
Gonçalo,insomniac
JOOL,insomniac
FLACA,insomniac
BAKR,insomniac
Nils Hoffmann,insomniac
DT.Bilardo,insomniac
Perreo Millennial,insomniac
DJ Sueño Dream Lion,insomniac
Jayrick,insomniac
Héctor Oaks,insomniac
Nora Van Elken,insomniac
San Pacho,insomniac
Sean Doron,insomniac
Sussie 4,insomniac
Concret,insomniac
Tini Gessler,insomniac
Victoria Engel,insomniac
Brian Cross,insomniac
Block & Crown,insomniac
Alu Mix,insomniac
Adalamoon,insomniac
TONG,insomniac
Leyl Master Black,insomniac
FLL SND,insomniac
Corey Divine,insomniac
Party Shirt,insomniac
RAK,insomniac
Mikey Barreneche,insomniac
HAI-LIFE,insomniac
MERAKII,insomniac
Rankz,insomniac
CHYL,insomniac
ChaseWest,insomniac
NUU$HI,insomniac
OCTANE,insomniac
Komuz,insomniac
Jedwill,insomniac
Green Matter,insomniac
Grapemilk,insomniac
Automhate,insomniac
Manolo Arango,insomniac
Never Dull,insomniac
Jaded,insomniac
Mau P,insomniac
Emma,insomniac
Lenny Foret,insomniac
Vide,insomniac
Triple XL,insomniac
Pirate Stereo,insomniac
Romulo Del Castillo,insomniac
specs,insomniac
Near Dark,insomniac
Max Stern,insomniac
Pazmal,insomniac
Mr. Tron,insomniac
Eli Carter,insomniac
Shinobi,insomniac
Ehallz,insomniac
Buzz Junior,insomniac
Daniel Curpen,insomniac
Hollows,insomniac
RaeCola,insomniac
Adapter,insomniac
Chromonicci,insomniac
Chico Rose,insomniac
HEYZ,insomniac
Break Science,insomniac
Mass Prod,insomniac
Wolfram,insomniac
Salomé le Chat,insomniac
Kahn,insomniac
DEKA,insomniac
RINAS,insomniac
mink,insomniac
Volunt Barbati,insomniac
Varya Karpova,insomniac
Trym,insomniac
Jan Vercauteren,insomniac
AIROD,insomniac
SUAT,insomniac
Princess Nokia,insomniac
Soukii,insomniac
Curra,insomniac
"Earth, Wind & Fire",insomniac
Turnstile,insomniac
Dauwd,insomniac
RAfeeki,insomniac
Anna Morgan,insomniac
OAKK,insomniac
episcool,insomniac
LYNY,insomniac
yunè pinku,insomniac
Night Tales,insomniac
Baby Keem,insomniac
François X,insomniac
Zen Selekta,insomniac
Pushloop,insomniac
Big Boi,insomniac
Davy Wreck,insomniac
The Josh Craig,insomniac
Nu Genea,insomniac
bad tuner,insomniac
Cakes Da Killa,insomniac
Mild Minds,insomniac
Gilligan Moss,insomniac
SunSquabi,insomniac
Daily Bread,insomniac
Dana Dee,insomniac
DJ KJ,insomniac
DJ Flashdrive,insomniac
Letha Blake,insomniac
Alliesun,insomniac
Mark V,insomniac
AK Renny,insomniac
Haylee Wood,insomniac
Swingers,insomniac
Bella,insomniac
Thys,insomniac
SNTS,insomniac
SHERELLE,insomniac
Olympe,insomniac
Nala Brown,insomniac
Moktar,insomniac
Marcel Fengler,insomniac
LF SYSTEM,insomniac
Kode9,insomniac
Klangkuenstler,insomniac
Fatima Yamaha,insomniac
Ewan McVicar,insomniac
DutchAfro,insomniac
Emurse,insomniac
Knives,insomniac
KENDRO,insomniac
kiddpatek,insomniac
GLAAS,insomniac
ju1ced,insomniac
Azzecca,insomniac
Angelos,insomniac
Local Singles,insomniac
TekLow,insomniac
FOOLiE,insomniac
NAUTIK,insomniac
TATE SEDAR,insomniac
DJ Aza,insomniac
DJ Cobra,insomniac
Chusi,insomniac
rSUN,insomniac
SunrYse,insomniac
Naz,insomniac
Skellytn,insomniac
DRAKK,insomniac
BLVNKSPVCE,insomniac
Krucial,insomniac
VILLA,insomniac
GOJ!RA,insomniac
Westley,insomniac
ALEKO,insomniac
Lyon 808,insomniac
Diana Montoya,insomniac
Buitano,insomniac
Wolfstax,insomniac
Moobek,insomniac
It Hz,insomniac
DJ Kutt,insomniac
Sloane Motion,insomniac
Accia,insomniac
ENDR,insomniac
GUDFELLA,insomniac
Truncate,insomniac
Zoobstool,insomniac
FREAKY,insomniac
Doozie,insomniac
Ōsé,insomniac
NeuroziZ,insomniac
G$Montana,insomniac
Sara Benyo,insomniac
Rune Noire,insomniac
MACHAKI,insomniac
DJ Losman,insomniac
Leondis,insomniac
Henry D,insomniac
DJ 30A,insomniac
Emorfik,insomniac
Eyezic,insomniac
Chris Craze,insomniac
DJ Mondo,insomniac
TiDDY,insomniac
Butler,insomniac
Bobby BuzZ,insomniac
999999999,insomniac
Shanghai Doom,insomniac
obli,insomniac
Cosmo’s Midnight,insomniac
Subwreck,insomniac
Luxxury,insomniac
Kraak & Smaak,insomniac
Stan Kolev,insomniac
Miss Monique,insomniac
Massane,insomniac
8Kays,insomniac
AVIRA,insomniac
Omiki,insomniac
Ghost Rider,insomniac
Ella Gotman,insomniac
Yoshi & Razner,insomniac
Metta & Glyde,insomniac
Farius,insomniac
21 Savage,insomniac
Lupe Fuentes,insomniac
Ricardo Torres,insomniac
JoelAtTheDisco,insomniac
Freaky Deaky,insomniac
EMBRZ,insomniac
Kliptic,insomniac
Arylia,insomniac
Austeria,insomniac
ALWZ SNNY,insomniac
Busta Rhymes,insomniac
Feph,insomniac
Elias Garcia,insomniac
Winter Wrong,insomniac
Angelfire,insomniac
Tama Gucci,insomniac
Mochakk,insomniac
Mystic Bill,insomniac
Nii Tei,insomniac
Maher Daniel,insomniac
Optimo,insomniac
Mutant Pete,insomniac
Eric Duncan,insomniac
Sydfalls,insomniac
Berrakka,insomniac
Miluhska,insomniac
Roujeee Tunes,insomniac
eveava,insomniac
Rich Medina,insomniac
Julio Victoria,insomniac
MJ Nebreda,insomniac
Shygirl,insomniac
Pink Siifu,insomniac
La Goony Chonga,insomniac
Jimi Jules,insomniac
A. G. Cook,insomniac
Rosalía,insomniac
Andy Stott,insomniac
The Hacker,insomniac
PAWSA,insomniac
Overmono,insomniac
Freddie Gibbs,insomniac
Uncle Luke,insomniac
Trina,insomniac
Trick Daddy,insomniac
Fly,insomniac
Temudo,insomniac
VIL,insomniac
Jesterr,insomniac
Salbany,insomniac
Maria Callapez,insomniac
Lewis Fautzi,insomniac
Brusca,insomniac
Amulador,insomniac
Photonz,insomniac
Violet,insomniac
Switchdance,insomniac
Rui Vargas,insomniac
Ethan Koop,insomniac
PEIX,insomniac
Gusta-vo,insomniac
BLEID,insomniac
Serginho,insomniac
Nox,insomniac
Magupi,insomniac
Frank Maurel,insomniac
Chus,insomniac
BIIA,insomniac
Zack Gray,insomniac
smle,insomniac
Juuku,insomniac
Awakend,insomniac
MXM,insomniac
Samwise,insomniac
SKYE,insomniac
Keekz,insomniac
LuckyRoll,insomniac
Mystery Jack,insomniac
LayD,insomniac
Korsky,insomniac
Dr. Defiant,insomniac
Stanley Kubrix,insomniac
Spency Be,insomniac
Knowmans,insomniac
Tony H,insomniac
D!CED,insomniac
Glass Petals,insomniac
Return of the Jaded,insomniac
DJ Susan,insomniac
Solh,insomniac
Disco Lines,insomniac
3BallMTY,insomniac
5GODZ,insomniac
€URO TRA$H,insomniac
Pickle,insomniac
Purple,insomniac
Derrick Carter,insomniac
Maanic,insomniac
Blake Webber,insomniac
Trevor Wallace,insomniac
LUPA,insomniac
Abana,insomniac
Slippy,insomniac
Matt Steffanina,insomniac
On Deck,insomniac
Lāsh,insomniac
Piques,insomniac
Kaleena Zanders,insomniac
Anderson M,insomniac
One True God,insomniac
Gibson Parker,insomniac
Max Low,insomniac
Kwon,insomniac
Deyo,insomniac
Kallaghan,insomniac
Lady Sinclair,insomniac
Nick Garcia,insomniac
RachEP,insomniac
Burko,insomniac
The Archer,insomniac
ANATTA,insomniac
Zack Martino,insomniac
Sqishi,insomniac
Shane Codd,insomniac
CALLEN,insomniac
SENZA,insomniac
Codeko,insomniac
Juliet Mendoza,insomniac
Wave Point,insomniac
Kryptogram,insomniac
Eden Prince,insomniac
Giolì & Assia,insomniac
Megan Thee Stallion,insomniac
Redrum,insomniac
Pangea Sound,insomniac
ericdoa,insomniac
Bladee,insomniac
glaive,insomniac
Miane,insomniac
Rohaan,insomniac
RemK,insomniac
Venga,insomniac
CC Love,insomniac
DREYA V,insomniac
Bktherula,insomniac
Nia Archives,insomniac
Doechii,insomniac
Pam Sessions,insomniac
Lucille Croft,insomniac
Saucy Santana,insomniac
Tom The Mail Man,insomniac
Masego,insomniac
Koffee,insomniac
Joji,insomniac
U.U,insomniac
Motives,insomniac
Worakls,insomniac
Neil Nines,insomniac
Scotty Boy,insomniac
Tris Tiffany,insomniac
Scooter and Lavelle,insomniac
G-Eazy,insomniac
Bad Beat,insomniac
Eric D-Lux,insomniac
Murda Beatz,insomniac
Justin Credible,insomniac
Deux Twins,insomniac
Steve Walker,insomniac
Christopher James,insomniac
Riley Bee,insomniac
Nick Warren,insomniac
Aerial Grey,insomniac
Vibe Chemistry,insomniac
Tiger Stripes,insomniac
U-SRD,insomniac
Noah B,insomniac
Tripp St.,insomniac
Vaxle,insomniac
Vainz,insomniac
Utilize,insomniac
Terminal Velocity,insomniac
Nick Steffen,insomniac
Deathnote,insomniac
Morse X Code,insomniac
Corrvpt Criminal,insomniac
Beejuice,insomniac
AVELLO,insomniac
Alessa,insomniac
2pull,insomniac
Aelius,insomniac
Wilco,insomniac
Daunid,insomniac
Fontan,insomniac
Envy,insomniac
Dug,insomniac
Dark Cities,insomniac
Sakai,insomniac
Carnivore,insomniac
Chimera,insomniac
BLOODCREST,insomniac
Adam Stark,insomniac
Wraith,insomniac
Kreation,insomniac
Grafix,insomniac
Bensley,insomniac
AIMMIA,insomniac
Kx5,insomniac
SOHMI,insomniac
Leotrix,insomniac
AMÉMÉ,insomniac
Nitrous Oxide,insomniac
GVN,insomniac
Rossi.,insomniac
East End Dubs,insomniac
Frank Nitty,insomniac
Chuck Gunn,insomniac
Minimal Violence,insomniac
DAYKO,insomniac
Henry Brooks,insomniac
Not The Father,insomniac
Jokr,insomniac
Wade,insomniac
Imanbek,insomniac
Francis Mercier,insomniac
Duck Sauce,insomniac
Très Mortimer,insomniac
Diamond Pistols,insomniac
Nikki Nair,insomniac
Protaxia,insomniac
VLCN,insomniac
Alex Kayes,insomniac
Chloshow,insomniac
MEZ,insomniac
OCATA,insomniac
Latane,insomniac
Window Kid,insomniac
MC AD,insomniac
Lazcru,insomniac
Darkzy,insomniac
DJ Rush,insomniac
TSHA,insomniac
SCHALA,insomniac
Omar Santana,insomniac
Majestic,insomniac
Lucky Rabbit,insomniac
LLLLNNNN,insomniac
Joshwa,insomniac
Indira Paganotto,insomniac
IMANU,insomniac
I Hate Models,insomniac
Coco & Breezy,insomniac
Chapter & Verse,insomniac
Air2Earth,insomniac
Nick Elliott,insomniac
MAKZ,insomniac
Riza,insomniac
Fortune Favor,insomniac
The Banditz,insomniac
Mina (DC),insomniac
Aidan,insomniac
DJ RI5E,insomniac
EPX,insomniac
Slip,insomniac
Abco,insomniac
Rhyatt,insomniac
RaceCarBed,insomniac
Xiver,insomniac
Gianni,insomniac
Evan Wilder,insomniac
CHOVA,insomniac
Roberto Gonzalez,insomniac
Ricky S,insomniac
TonalTheory,insomniac
George Tsakiris,insomniac
Oddson,insomniac
Durfy,insomniac
AytonH,insomniac
Twinsick,insomniac
Jenessa Acosta,insomniac
USB GAD,insomniac
Yiss & Dala,insomniac
Blind Lies,insomniac
Midnight Hive,insomniac
Dustin Husain,insomniac
Anané,insomniac
Daiikon,insomniac
Integrate,insomniac
Synergy,insomniac
Kieren Taylor,insomniac
Ivan Daza,insomniac
Reinx Aventura,insomniac
Lisa Frank,insomniac
Kenny Jones,insomniac
Ivarr,insomniac
Jesse Leer,insomniac
Grayson Rose,insomniac
Roy21,insomniac
EMPO Sinfónico,insomniac
Diamond Dallas Tex,insomniac
HUGEL,insomniac
American Dance Ghosts,insomniac
Icekream,insomniac
Olivver The Kid,insomniac
Jay Maverik,insomniac
Chavo Perro,insomniac
Chami,insomniac
Rula Glam,insomniac
Oscar SC,insomniac
Loreto Ko,insomniac
La Matta,insomniac
GVAJARDO,insomniac
DJ Morphius,insomniac
Deiv Alien,insomniac
Baby Fat,insomniac
Alexis Adame,insomniac
S!N,insomniac
Mao Skaay,insomniac
Las Prez,insomniac
Kid Gus,insomniac
Estefanía Jimarez,insomniac
DJ Gerardo Calles,insomniac
DJ Foxy,insomniac
Denso,insomniac
DazeBlack,insomniac
CynHagui,insomniac
Tatiana DJ,insomniac
mini bear,insomniac
Sommer,insomniac
Miranda Santizo,insomniac
G.O.K.B,insomniac
Fer Almeida,insomniac
Fendy Cisneros,insomniac
Enith,insomniac
Crystal Meza,insomniac
Bruna Roll,insomniac
BROLORIZO,insomniac
Shanti,insomniac
Ms. Racoon,insomniac
Mauricio Hernández,insomniac
Keel,insomniac
Jr Moon,insomniac
Exodia Collado,insomniac
DJ Straw,insomniac
Blank,insomniac
ALRO,insomniac
Ácido Pantera,insomniac
Zelta,insomniac
SOOSCAVEMAN,insomniac
Kassie,insomniac
Badmoiselle,insomniac
Aaron Suiss,insomniac
Mr. Pájaro,insomniac
Kross,insomniac
KERY,insomniac
Israel Torres,insomniac
Divisium,insomniac
Bass 2 Headz,insomniac
Kilamanzego,insomniac
Dennis Cruz,insomniac
OMAHI,insomniac
K.I.D,insomniac
Luch,insomniac
Bklava,insomniac
Moovy,insomniac
SABAI,insomniac
Hoang,insomniac
Patrice Bäumel,insomniac
K1,insomniac
No Thanks,insomniac
Mythm,insomniac
Watch The Ride,insomniac
SAMA,insomniac
Kaz,insomniac
Hedex,insomniac
Inja,insomniac
Tempza,insomniac
Natty Lou,insomniac
Mark XTC,insomniac
Mollie Collins,insomniac
Raxon,insomniac
Disrupta,insomniac
Particle,insomniac
Halogenix,insomniac
Chris Stussy,insomniac
Bru-C,insomniac
Hush Forte,insomniac
MIA GLADSTONE,insomniac
Dandy Jack,insomniac
Yu Su,insomniac
Gee Dee,insomniac
SuperAve.,insomniac
Jon Casey,insomniac
RoRoll,insomniac
Simon Doty,insomniac
David Hohme,insomniac
Izadi,insomniac
Jmoss,insomniac
Moritz Hofbauer,insomniac
Trance Wax,insomniac
Bexxie,insomniac
Amy Wiles,insomniac
Ucros,insomniac
Hartshorn,insomniac
OZA,insomniac
Jiqui,insomniac
Muerte,insomniac
Stoned Level,insomniac
Cyber G,insomniac
Point.Blank,insomniac
Baby Weight,insomniac
Tollefson,insomniac
Sean Majors,insomniac
PANDAmonium,insomniac
Downlo,insomniac
smith.,insomniac
Jandi,insomniac
BAINBRIDGE,insomniac
AKVMA,insomniac
HOL!,insomniac
Deathpact,insomniac
Kanine,insomniac
Castor & Pollux,insomniac
Luis Torres,insomniac
Lost Desert,insomniac
AWP,insomniac
NIX,insomniac
blklght,insomniac
JONAH,insomniac
Andretta,insomniac
SPCLK,insomniac
Misha,insomniac
Late London,insomniac
Charly Jordan,insomniac
Tyro,insomniac
Notixx,insomniac
ADSR,insomniac
Uknew,insomniac
Fixion,insomniac
Pretty Pink,insomniac
Taylor Torrence,insomniac
Roger Sanchez,insomniac
atDusk,insomniac
Todd Terry,insomniac
Sacred Snow,insomniac
Stacey Pullen,insomniac
Evan Giia,insomniac
internationalJOE,insomniac
CRTFD,insomniac
Elledance,insomniac
Allen Wish,insomniac
The Bordas Brothers,insomniac
Sickick,insomniac
So Tuff So Cute,insomniac
Trantic,insomniac
Łaszewo,insomniac
Dark Chanell,insomniac
Sharlitz Web,insomniac
WHZLY,insomniac
KROMI,insomniac
Coka Cobra,insomniac
Giorgia Angiuli,insomniac
HOUSEWIFE,insomniac
The Sponges,insomniac
AHEE,insomniac
Zingara,insomniac
Chocolate Sushi,insomniac
Smoakland,insomniac
Maga,insomniac
Ludo Lacoste,insomniac
longstoryshort,insomniac
Galo,insomniac
Yung Gravy,insomniac
ANDRSN,insomniac
Swavé,insomniac
HITTA,insomniac
MUNZ,insomniac
Zaramay,insomniac
Trino,insomniac
Silverio,insomniac
Robiin,insomniac
Pahua,insomniac
Rayben,insomniac
Peter Invasion,insomniac
Panthera Krause,insomniac
RVMDON,insomniac
Vasto,insomniac
Youth In Circles,insomniac
YoSoyMatt,insomniac
Netto León,insomniac
NATSUMI,insomniac
Maxx Gallo,insomniac
Mad Fuentes,insomniac
Lucia Haze,insomniac
Lorely Mur,insomniac
Leimantour,insomniac
Kidd Keo,insomniac
Kalexis,insomniac
Javi Reina,insomniac
Jamis,insomniac
Bored Lord,insomniac
Colored Craig,insomniac
Eris Drew,insomniac
Fabian Mazur,insomniac
MEMBA,insomniac
Theydream,insomniac
Deniz Bul,insomniac
Dot,insomniac
Mednas,insomniac
Tsu Nami,insomniac
Ivan Mateluna,insomniac
Groove Amigos,insomniac
Grimes,insomniac
Gabrielle AG,insomniac
Dmitri Saidi,insomniac
DJ Cornetto,insomniac
DJ Chrysler,insomniac
Del Horno,insomniac
Decibela,insomniac
CANGO,insomniac
Cachirula,insomniac
Berdubeats,insomniac
Bemac,insomniac
Bag Raiders,insomniac
ARTIX!,insomniac
Alejandro Franco,insomniac
Alejandra Ayerbe,insomniac
MVSE,insomniac
Tanner Wilfong,insomniac
Panté,insomniac
Surf Mesa,insomniac
Friendly Fire,insomniac
ZOF,insomniac
Robert Hood,insomniac
Josh Smiles,insomniac
Richy Rozay,insomniac
Shelco Garcia,insomniac
Perel,insomniac
Alexandar Smash,insomniac
DJ Arcade,insomniac
Kapuchon,insomniac
Marc V,insomniac
NES,insomniac
Carlo Key,insomniac
VARI,insomniac
Synjin,insomniac
DVRKO,insomniac
DJ NASA,insomniac
If Found,insomniac
helloworld,insomniac
DJ Exile,insomniac
El Monk,insomniac
DJ AR,insomniac
Soul Purpose,insomniac
DJ Ocho,insomniac
Cyboy,insomniac
Cloverdale,insomniac
Taylor Jaymin,insomniac
Segan,insomniac
BOMBAYS,insomniac
NOVACANCY,insomniac
Formvla,insomniac
N3WPORT,insomniac
Kraysh,insomniac
BARILAN,insomniac
High Zombie,insomniac
AMIDY,insomniac
Skybreak,insomniac
2DY4,insomniac
Skonka,insomniac
Murci,insomniac
FrostTop,insomniac
Nytrix,insomniac
Piilot,insomniac
KsoFresKo,insomniac
Karty,insomniac
Julienne By,insomniac
Kozmoz,insomniac
Neon Deluz,insomniac
Class-A Deviants,insomniac
Handsome Hands,insomniac
Synymata,insomniac
Torren Foot,insomniac
Rhiannon Roze,insomniac
Diskull,insomniac
Damon Sharpe,insomniac
Rewrote,insomniac
Pressure Point,insomniac
Otto Von Schirach,insomniac
Michelle Leshem,insomniac
Jan Anthony,insomniac
House of Pris,insomniac
DJ Ray,insomniac
Deroboter,insomniac
December Beaches,insomniac
bunni,insomniac
MONTERREY,insomniac
m.O.N.R.O.E.,insomniac
Pablo Arrangoiz,insomniac
Differ,insomniac
Adam At The Door,insomniac
Natalia Roth,insomniac
Basti,insomniac
Yung Algebra,insomniac
Daizy (US),insomniac
Daisy Cutter,insomniac
CHAOS!,insomniac
Bear,insomniac
Andres Line,insomniac
AceMoMa,insomniac
Waves,insomniac
IVVY,insomniac
William Basinski,insomniac
Camea,insomniac
Flozone,insomniac
Will Buck,insomniac
Vegyn,insomniac
Ultrathem,insomniac
SEL.6,insomniac
seeyousoon,insomniac
Romy,insomniac
Roiju,insomniac
Radar,insomniac
Phoenecia,insomniac
Objekt,insomniac
Nicholas G. Padilla,insomniac
Zenker Brothers,insomniac
Mount Kimbie,insomniac
DZA,insomniac
Brother Dan,insomniac
Virgo,insomniac
Taimur,insomniac
Diego Andrés,insomniac
Tidur,insomniac
Souls Departed,insomniac
True Vine,insomniac
TWYN,insomniac
Three 6 Mafia,insomniac
Special Request,insomniac
Thundercat,insomniac
Tierap,insomniac
Rose Ringed,insomniac
Olivier Weiter,insomniac
Milion,insomniac
Dennes Deen,insomniac
Collé,insomniac
Manfredas,insomniac
Laura (of Miami),insomniac
Corrupt (UK),insomniac
Kelly Lee Owens,insomniac
John Tejada,insomniac
Jason Rault,insomniac
Jamie xx,insomniac
Link,insomniac
SUBCHVRGE,insomniac
Topic,insomniac
Minør,insomniac
Caleb Dent,insomniac
Frida K,insomniac
NotLö,insomniac
Noodles,insomniac
DRAMA,insomniac
Two Feet,insomniac
Sam Gellaitry,insomniac
Myd,insomniac
Lab Group,insomniac
lysn.,insomniac
Caribou,insomniac
Nik P,insomniac
Parrotice,insomniac
The Librarian,insomniac
ford.,insomniac
Romare,insomniac
Manic Focus,insomniac
Player Dave,insomniac
Khiva,insomniac
India Jordan,insomniac
Hiroko Yamamura,insomniac
Goth Babe,insomniac
Elephant Heart,insomniac
DJ Harvey,insomniac
Denzel Curry,insomniac
Crazy P Soundsystem,insomniac
Monty Luke,insomniac
Chloé Caillet,insomniac
Cannons,insomniac
Black Carl!,insomniac
Rome In Silver,insomniac
Flying Lotus,insomniac
Ross From Friends,insomniac
Volvox,insomniac
Technobi,insomniac
Leaving Laurel,insomniac
CRi,insomniac
Warung,insomniac
Nox Vahn,insomniac
Marsh,insomniac
Kasablanca,insomniac
GET FACE,insomniac
George Clanton,insomniac
Gattüso,insomniac
Felipe Gordon,insomniac
HEIRZ,insomniac
Things You Say,insomniac
Ela Minus,insomniac
Eartheater,insomniac
Discosexo,insomniac
Byrdipop,insomniac
Buscabulla,insomniac
Boy Harsher,insomniac
Bort,insomniac
Bakke,insomniac
Weird Waifu,insomniac
Alfonso Tan,insomniac
Whitesquare,insomniac
Red Axes,insomniac
Moscoman,insomniac
Fatima Hajji,insomniac
Elderbrook,insomniac
Karneeg Jabourian,insomniac
LaughTrax,insomniac
Petey Martin,insomniac
Jaakob,insomniac
Modern Machines,insomniac
Lauren Mia,insomniac
Woo York,insomniac
Illusionize,insomniac
Matthias Tanzmann,insomniac
A Hundred Drums,insomniac
Saka,insomniac
Surround,insomniac
Stacy Christine,insomniac
Krystal Klear,insomniac
Floorplan,insomniac
FJAAK,insomniac
Ash Lauryn,insomniac
DJ Sneak,insomniac
Redtape,insomniac
Justin Hawkes,insomniac
Chef Boyarbeatz,insomniac
Xeno,insomniac
Folamour,insomniac
Sub Teal,insomniac
JTJ,insomniac
Tau0n,insomniac
Morgin Madison,insomniac
Grabbitz,insomniac
David Penn,insomniac
Ferreck Dawn,insomniac
QRTR,insomniac
MANTi,insomniac
Guz,insomniac
James Hype,insomniac
Crissy Criss,insomniac
Sky Sky,insomniac
RayRay,insomniac
Deeper Purpose,insomniac
Jerro,insomniac
INZO,insomniac
Oddprophet,insomniac
Guy Mantzur,insomniac
Guy J,insomniac
Sodium,insomniac
Dos Lonely Boys,insomniac
SISTO,insomniac
gardenstate,insomniac
Tomas Heredia,insomniac
Moodymann,insomniac
LeoRachi,insomniac
ill.Gates,insomniac
SpotemGottem,insomniac
King Combs,insomniac
Charles D,insomniac
Arnold & Lane,insomniac
Joel Corry,insomniac
Bandēs,insomniac
verse.,insomniac
Ghost Lotus,insomniac
Matthias,insomniac
Antonella Zambrano,insomniac
DJ Security,insomniac
Brothers of Funk,insomniac
Deoca,insomniac
Tape B,insomniac
DJ Magic Mike,insomniac
DeeJay Shaolin,insomniac
Golden Child,insomniac
Tony Shades,insomniac
SoSmoov,insomniac
Cut & Sew,insomniac
Supernaut,insomniac
Doc Roc,insomniac
Earry Hall,insomniac
LAYZ,insomniac
Elias R,insomniac
CELO,insomniac
Pacho Berrocal,insomniac
Evalution,insomniac
Skylar Williams,insomniac
Bernzikial,insomniac
Danny Time,insomniac
Dre Mendez,insomniac
Lord Rash,insomniac
Phoenix Jagger,insomniac
Birmingham Drive,insomniac
Kyle Kinch,insomniac
Dubdogz,insomniac
Evan Gamble Lewis,insomniac
PLSMA,insomniac
Bae-toven,insomniac
Audiotrap,insomniac
Elevven,insomniac
Sigala,insomniac
Regard,insomniac
Space Wizard,insomniac
Tensteps,insomniac
Darude,insomniac
WHITENO1SE,insomniac
Coexist,insomniac
XiJaro & Pitch,insomniac
Renegade System,insomniac
Dezza,insomniac
Nicholson,insomniac
Out of Orbit,insomniac
Eitan Reiter,insomniac
Alchimyst,insomniac
partywithray,insomniac
House Divided,insomniac
Xavi,insomniac
Reaper,insomniac
JEANIE,insomniac
Hernan Cattaneo,insomniac
Alvyn,insomniac
Ravenscoon,insomniac
Kamino,insomniac
VER:WEST,insomniac
Chomppa,insomniac
Kumarion,insomniac
Kari Duran,insomniac
Mary Droppinz,insomniac
Jackson Englund,insomniac
Sama’ Abdulhadi,insomniac
Hammer (MX),insomniac
Lieke Trienekens,insomniac
VNTM,insomniac
Mees Salomé,insomniac
Jeff Mills,insomniac
Kiko Franco,insomniac
nøll,insomniac
Deeparture,insomniac
Illuminize,insomniac
Tony Romera,insomniac
Kill Script,insomniac
Bleu Clair,insomniac
STAR SEED,insomniac
Shallou,insomniac
Rival,insomniac
Yula,insomniac
Friendzone,insomniac
David Clutch,insomniac
Pauline Herr,insomniac
Two Lanes,insomniac
Mindchatter,insomniac
Danny Olson,insomniac
Mat.Joe,insomniac
HoneyLuv,insomniac
Louie Vega,insomniac
Nala,insomniac
Marshall Jefferson,insomniac
Rebūke,insomniac
NightFunk,insomniac
Machinedrum,insomniac
Ben Klock,insomniac
Versa,insomniac
SPvD,insomniac
Hairitage,insomniac
Guppi,insomniac
Goon,insomniac
Bonkers,insomniac
Dream Takers,insomniac
Crimes!,insomniac
Audigy,insomniac
2AR,insomniac
Inbal,insomniac
Slugg,insomniac
MEEN,insomniac
Just Haylee,insomniac
Lamorn,insomniac
Syence,insomniac
Sir Kutz,insomniac
Highlnd,insomniac
Swayló,insomniac
Avision,insomniac
Anfisa Letyago,insomniac
Oppidan,insomniac
Siren,insomniac
Duke & Jones,insomniac
Mathame,insomniac
Marc Rebillet,insomniac
Sita Abellán,insomniac
Jorza,insomniac
Black V Neck,insomniac
Water Spirit,insomniac
Veil,insomniac
TVBOO,insomniac
Steller,insomniac
Sully,insomniac
Mother Lotus,insomniac
sfam,insomniac
Codd Dubz,insomniac
Canabliss,insomniac
Pierce,insomniac
Jawns,insomniac
DJ Scheme,insomniac
2 Chainz,insomniac
Jean Dawson,insomniac
Mario Judah,insomniac
Ranger Trucco,insomniac
Godlands,insomniac
Nitepunk,insomniac
$not,insomniac
Iann Dior,insomniac
Biicla,insomniac
Austin Millz,insomniac
Partiboi69,insomniac
Lil Durk,insomniac
Don Toliver,insomniac
Sippy,insomniac
Serge Devant,insomniac
Layla Benitez,insomniac
Eli Escobar,insomniac
DJ Minx,insomniac
Dazy,insomniac
Hellbound!,insomniac
Breikthru,insomniac
Covex,insomniac
Nurko,insomniac
Last Heroes,insomniac
Pixelsaur,insomniac
Gvme Boys,insomniac
Kaiser-T,insomniac
Kultivate,insomniac
Shizz Lo,insomniac
Lizzy Jane,insomniac
Shdws,insomniac
Ace Aura,insomniac
TIEDYE,insomniac
Rossy,insomniac
Echod,insomniac
Phonon,insomniac
Syzy,insomniac
Computa,insomniac
Mr. Bill,insomniac
Stratus,insomniac
Maxinne,insomniac
KC Lights,insomniac
GLD,insomniac
Bingewatch,insomniac
CruCast,insomniac
goddard.,insomniac
Limited,insomniac
Keinemusik,insomniac
In-Rush,insomniac
T>I,insomniac
Scooter,insomniac
Ben Sterling,insomniac
Alisha,insomniac
Pirate Copy,insomniac
SaSaSaS,insomniac
Kings of the Rollers,insomniac
Joey Daniel,insomniac
Bou,insomniac
Sam Divine,insomniac
Chelina Manuhutu,insomniac
Yen Sung,insomniac
FETISH,insomniac
Capozzi,insomniac
Diana Oliveira,insomniac
Archie Hamilton,insomniac
Conducta,insomniac
Odium,insomniac
K Motionz,insomniac
North Base,insomniac
Kenny Ken,insomniac
Harriet Jaxxon,insomniac
Macky Gee,insomniac
Keltek,insomniac
Alcemist,insomniac
Paul Kalkbrenner,insomniac
Hybrid Minds,insomniac
Sephyx,insomniac
Michael Bibi,insomniac
Nicky Blackmarket,insomniac
SVNF8,insomniac
Body Ocean,insomniac
NOISES,insomniac
Casmalia,insomniac
Bentley Dean,insomniac
Away,insomniac
Thomas Nan,insomniac
Pyrodox,insomniac
TV Noise,insomniac
Gregor Salto,insomniac
Hukae,insomniac
Papa Khan,insomniac
John Summit,insomniac
Sawlead,insomniac
Samra,insomniac
GPF (Greazy Puzzy Fuckerz),insomniac
Rooler,insomniac
Crystal Skies,insomniac
Trivecta,insomniac
Alex Mills,insomniac
GW Harrison,insomniac
Biscits,insomniac
Cloonee,insomniac
Gem & Tauri,insomniac
1080p,insomniac
Moore Kismet,insomniac
Kloud,insomniac
El Licenciado,insomniac
A Tribe Called Red,insomniac
Amandititita,insomniac
Knock2,insomniac
Control Freak,insomniac
PAX,insomniac
Prospa,insomniac
DJ Holographic,insomniac
Channel Tres,insomniac
Adana Twins,insomniac
VAVO,insomniac
Odd Mob,insomniac
BLVK JVCK,insomniac
Luci,insomniac
Tempo Giusto,insomniac
Ackdaddy,insomniac
Patrick Walsh,insomniac
Demigod,insomniac
Santiago Caballero,insomniac
JBZ,insomniac
Coffintexts,insomniac
Jonny From Space,insomniac
Lazaro Casanova,insomniac
Ennio Skoto,insomniac
Danyelino,insomniac
Sohn Jamal,insomniac
Dude Skywalker,insomniac
Kike Roldan,insomniac
Bitter Babe,insomniac
Will Renuart,insomniac
INVT,insomniac
Yves Tumor,insomniac
Nick León,insomniac
Enamour,insomniac
Levitate,insomniac
Vanz,insomniac
Rohry,insomniac
Mortals,insomniac
hherb,insomniac
Darrius,insomniac
Quackson,insomniac
Project Paradis,insomniac
Norm Talley,insomniac
SoDown,insomniac
Juelz,insomniac
Nostalgix,insomniac
Cheyenne Giles,insomniac
Sugar Glider,insomniac
Black A.M.,insomniac
Isaac Ferry,insomniac
Amon Tobin,insomniac
Erol Alkan,insomniac
Park Hye Jin,insomniac
MNNR,insomniac
SG Lewis,insomniac
HAAi,insomniac
Jacques Greene,insomniac
100 gecs,insomniac
Elysian,insomniac
Sid Wilson,insomniac
Dillinja,insomniac
Kemal,insomniac
SIDEPIECE,insomniac
Maduk,insomniac
Ahmed Romel,insomniac
Ann Clue,insomniac
Billy Gillies,insomniac
FRQ NCY,insomniac
Perto,insomniac
Pierre Pienaar,insomniac
Sofi Tukker,insomniac
DJ Seinfeld,insomniac
Sister System,insomniac
Nicola Cruz,insomniac
Kerala Dust,insomniac
Ashley Venom,insomniac
Terence Tabeau,insomniac
Thunderpony,insomniac
Maribou State,insomniac
Bedouin,insomniac
Memphis May Fire,insomniac
I See Stars,insomniac
Coast Club,insomniac
Shyboi,insomniac
Avalon Emerson,insomniac
Mzrin,insomniac
Grimix,insomniac
Vongold,insomniac
DJ Nelson,insomniac
Polybiu$,insomniac
Enya Botello,insomniac
Regina Puma,insomniac
Fideles,insomniac
Township Rebellion,insomniac
Candl,insomniac
Kris Berle,insomniac
EsaMiPau,insomniac
Truself,insomniac
Olazaran,insomniac
Erick T,insomniac
Berelau,insomniac
Rocio Pergon,insomniac
Abraham Ramirez,insomniac
Remille,insomniac
Dunnowho,insomniac
Derlow,insomniac
Nora Bautista,insomniac
Oskier,insomniac
Sintonika,insomniac
Dayanna Ro,insomniac
Alfred Beck,insomniac
Belmar,insomniac
Sheco,insomniac
UnderBite,insomniac
Megalight,insomniac
Dam Dam,insomniac
Mirá Mirá,insomniac
Hajj,insomniac
Feii Vega,insomniac
Macarena,insomniac
Niña,insomniac
Kevin Brand,insomniac
Dayvi,insomniac
alexNOIZE,insomniac
Dylan Matthew,insomniac
Bawldy,insomniac
Visual.9,insomniac
Wreckno,insomniac
Super Future,insomniac
VCTRE,insomniac
Rest In Pierce,insomniac
Overjoy,insomniac
Tiedye Ky,insomniac
Aplsoz,insomniac
"quickly, quickly",insomniac
Jinx,insomniac
Goopsteppa,insomniac
Two Tails,insomniac
Hunter Reid,insomniac
Richie Hell,insomniac
kLL sMTH,insomniac
Mad Pritch,insomniac
JKriv,insomniac
Dicky Trisco,insomniac
Blvckjesus,insomniac
Daniel Weil,insomniac
Matt Fax,insomniac
Corrupt,insomniac
Bellecour,insomniac
Vangar,insomniac
Marten Hørger,insomniac
Masteria,insomniac
Gerard Not Oscar Gerard,insomniac
ISOxo,insomniac
Mason Collective,insomniac
Ace Aguilar,insomniac
Pennywild,insomniac
Nina Las Vegas,insomniac
Foxen,insomniac
Sarisuk,insomniac
No Pants Party,insomniac
Nastia,insomniac
VAMPA,insomniac
Wehbba,insomniac
Joyhauser,insomniac
DJ Soda,insomniac
Ilario Alicante,insomniac
TYEGUYS,insomniac
Cat Dealers,insomniac
Dougal,insomniac
Krav3,insomniac
Pixel Terror,insomniac
Farrago,insomniac
Milo Spykers,insomniac
Atroxx,insomniac
L.U.X,insomniac
KREAM,insomniac
NAZAAR,insomniac
Jesus Davila,insomniac
Sosa,insomniac
Kryoman,insomniac
Deadly Guns,insomniac
Franky Wah,insomniac
Akeos,insomniac
AHZ,insomniac
Neonix,insomniac
Onhell,insomniac
Niza,insomniac
Fabio,insomniac
TK Vicious,insomniac
5 Godz,insomniac
Melomatic,insomniac
Effin,insomniac
Ship Wrek,insomniac
Shndō,insomniac
Dexum,insomniac
Adina Butar,insomniac
Army of Skanks,insomniac
Tansen,insomniac
TBLMKR,insomniac
Fango,insomniac
Too Heavy Crew,insomniac
Los Padres,insomniac
DRINKURWATER,insomniac
Gianni Blu,insomniac
Jenouise,insomniac
Chanty OTM,insomniac
Natalia,insomniac
Justine,insomniac
Carlita,insomniac
Europa (Jax Jones & Martin Solveig),insomniac
Muzik Junkies,insomniac
MENTAL,insomniac
Ma-Less,insomniac
MAAHEZ,insomniac
Bizarrap,insomniac
Rocco Desentis,insomniac
Barbie Chola,insomniac
Iñigo Vontier,insomniac
Qrion,insomniac
Mr. Pauer,insomniac
Mi$$il,insomniac
Jenia Tarsol,insomniac
Shubostar,insomniac
Francis Davila,insomniac
Lokier,insomniac
Lumber Jack,insomniac
Vicrey,insomniac
Pako Rodriguez,insomniac
Luciana,insomniac
AMG,insomniac
Aranxa,insomniac
Mykka,insomniac
Save The Rabbits,insomniac
Sven Väth,insomniac
Andrea Acosta,insomniac
Universe Controller,insomniac
Stylo,insomniac
Raymix,insomniac
Lizz,insomniac
Flak,insomniac
Mariana Revilla,insomniac
Mystery Affair,insomniac
Süss,insomniac
Urbøi,insomniac
WhoMadeWho,insomniac
Matias Aguayo,insomniac
Prankstisci,insomniac
Tooltime,insomniac
Si-Dog,insomniac
Enrique Negron,insomniac
Matt Enos,insomniac
Edison Cole,insomniac
MASF,insomniac
Tango,insomniac
Judas,insomniac
Jason Brown,insomniac
Jdub,insomniac
Heather Collins,insomniac
DJ Stylus,insomniac
Dave Gluskin,insomniac
Angela Villin,insomniac
Nvikto,insomniac
Tsunami,insomniac
Huda Hudia,insomniac
Yokai,insomniac
VRG,insomniac
Rated R,insomniac
Malóne,insomniac
Renato S,insomniac
Perfetto,insomniac
Dendro,insomniac
Whales,insomniac
OG Nixin,insomniac
Wires,insomniac
Kaysin,insomniac
Game & Watch,insomniac
Teig,insomniac
Anden,insomniac
Janny,insomniac
Advanced,insomniac
Miso,insomniac
Jason Blade,insomniac
LOAA,insomniac
Glenmorgan,insomniac
Raiden,insomniac
Colorful Language,insomniac
Simone Gatto,insomniac
Behrouz,insomniac
Boogie T.rio,insomniac
Clarian,insomniac
Kimyon,insomniac
Gouranga,insomniac
Hallucinate,insomniac
Supertask,insomniac
Taylor Shockley,insomniac
Y2K,insomniac
G-Space,insomniac
Atomyard,insomniac
Mersiv,insomniac
Verzache,insomniac
Lil Louis,insomniac
Crooked Colours,insomniac
Mathew Jonson,insomniac
Tipper,insomniac
Levitation Jones,insomniac
Bas Ibellini,insomniac
Shaun Reeves,insomniac
Mary Yuzovskaya,insomniac
Marco Cetos,insomniac
Level Up,insomniac
Aaryon,insomniac
Wheats,insomniac
Leftwing : Kody,insomniac
Tonn Piper,insomniac
Goosebumps,insomniac
Kusic,insomniac
RAFA,insomniac
Kim Bo Yeon,insomniac
Davide Squillace,insomniac
Kaligem,insomniac
Nasser Baker,insomniac
Rameses B,insomniac
Koven,insomniac
Bossfight,insomniac
Notion,insomniac
Saint Punk,insomniac
Jantsen,insomniac
John Monkman,insomniac
S-Doobie,insomniac
HOSH,insomniac
The Funk Hunters,insomniac
Drifter5,insomniac
Suyano,insomniac
Tim Thal,insomniac
Dirty Class,insomniac
Tluxx,insomniac
Option4,insomniac
ONYVAA,insomniac
CRSBRKRS,insomniac
Sam Lamar,insomniac
Matt Suave,insomniac
EVRAFTR,insomniac
Robin Season,insomniac
Rad Cat,insomniac
Ryden,insomniac
Aidan Sokol,insomniac
Triggabyte,insomniac
Tryb,insomniac
Avao,insomniac
Kiddkitt,insomniac
Naations,insomniac
Virus Syndicate,insomniac
Oliverse,insomniac
D-Sturb,insomniac
Jun Young,insomniac
Donny Carr,insomniac
Mystic Grizzly,insomniac
Floret Loret,insomniac
Fiin,insomniac
C.H.A.Y.,insomniac
Sysdemes,insomniac
ATLAST,insomniac
Brondo,insomniac
Ricky Retro,insomniac
Artur,insomniac
Yair,insomniac
Suahn,insomniac
DJ Luian,insomniac
DJ Sheby,insomniac
Sky Rompiendo,insomniac
Cero39,insomniac
F4ST,insomniac
Fronter,insomniac
Black Mambo,insomniac
Sunministers,insomniac
Jose M & TacoMan,insomniac
Papá Kumbé,insomniac
Ovy On The Drums,insomniac
Goat The Funky,insomniac
Plan8,insomniac
Meduza,insomniac
Sound Rush,insomniac
John Bryars,insomniac
Softest Hard,insomniac
Ohgeesy,insomniac
LA Leakers,insomniac
Eric Ballew,insomniac
DrumDrop,insomniac
ffan,insomniac
Cream,insomniac
Roots,insomniac
Meep,insomniac
Ascii Mode,insomniac
Heidi Lawden,insomniac
AMOK,insomniac
Bears In Space,insomniac
Goddollars,insomniac
SESCO,insomniac
Guti,insomniac
Throwdown,insomniac
Mike Servito,insomniac
ALRT,insomniac
Shadient,insomniac
Dax J,insomniac
Reinier Zonneveld,insomniac
Bianca Oblivion,insomniac
Com3t,insomniac
Eddie,insomniac
Lights,insomniac
Tiffany Tyson,insomniac
Dr. Apollo,insomniac
Ben & Fil,insomniac
Kittrix,insomniac
Yeonjun,insomniac
Unjin,insomniac
Mom N Dad,insomniac
Tom Morello,insomniac
Dam-Funk,insomniac
Tomas Marc,insomniac
Ugly Duck,insomniac
Doberman,insomniac
Modeselektor,insomniac
Cooper Saver,insomniac
Leon Vynehall,insomniac
Helena Hauff,insomniac
5nail,insomniac
GLOW,insomniac
Dream Hackers,insomniac
Primit,insomniac
Comarobot,insomniac
Edgar Sound,insomniac
Basskrap,insomniac
Cchekoz,insomniac
Motoko,insomniac
Shank Aaron,insomniac
Jayda G,insomniac
L-Like,insomniac
Daisy,insomniac
Ben UFO,insomniac
Luke Andy,insomniac
Talon,insomniac
Ray Kash,insomniac
Richter,insomniac
Abdallah Seoud,insomniac
Daniel Avery,insomniac
Denis Sulta,insomniac
Peach,insomniac
Pat Lok,insomniac
Honey Dijon,insomniac
Gerd Janson,insomniac
Mall Grab,insomniac
Arcada,insomniac
William Djoko,insomniac
Phers,insomniac
Noir D Costas,insomniac
Wurmhole,insomniac
Fish Scale,insomniac
Qlank,insomniac
Matalo,insomniac
Rejack,insomniac
Jkyl & Hyde,insomniac
Slooze,insomniac
Willaris. K,insomniac
Abraxis,insomniac
Boris Brejcha,insomniac
Skypatrol,insomniac
David Forbes,insomniac
Maria Healy,insomniac
Ashley Smith,insomniac
Activa,insomniac
Sidekicks,insomniac
Shpongle,insomniac
Electric Universe,insomniac
Gaudium,insomniac
Egorythmia,insomniac
Reality Test,insomniac
The Space Brothers,insomniac
Kai Tracid,insomniac
Alessandra Roncone,insomniac
Johan Gielen,insomniac
DJ Bowlcut,insomniac
Valo,insomniac
Shanell,insomniac
GiiANA,insomniac
Deepshower,insomniac
Yamada,insomniac
Minimonster,insomniac
Joon Kwak,insomniac
Jenny FTS,insomniac
BRLLNT,insomniac
APRO,insomniac
Eskuche,insomniac
Dajae,insomniac
Gray Area,insomniac
LTJ Bukem,insomniac
Dreamers Delight,insomniac
Evol Intent,insomniac
Secret Recipe,insomniac
Hakeem,insomniac
Deborah De Luca,insomniac
WokeZan,insomniac
Len Faki,insomniac
Steve Darko,insomniac
Golden Features,insomniac
FRND,insomniac
Sundial,insomniac
Feld-Scarr,insomniac
Gene Farris,insomniac
Bubu,insomniac
Jadip,insomniac
Erivera Reyes,insomniac
Pass The 40,insomniac
Hex Cougar,insomniac
Space Corps,insomniac
Manolo,insomniac
Olan,insomniac
Paolo,insomniac
After School Special,insomniac
Mosf3t,insomniac
Freak On,insomniac
Beat Kitty,insomniac
EZ Almighty,insomniac
Clatorie,insomniac
Torie,insomniac
Jessica,insomniac
Rechulski,insomniac
Noam,insomniac
Julian Gray,insomniac
Osyris,insomniac
Samplifire,insomniac
Greco,insomniac
Darmon,insomniac
Avin,insomniac
White Owl,insomniac
Gandaia,insomniac
GroovyRoom,insomniac
Julps,insomniac
Anton Tumas,insomniac
ACIDTWIINS,insomniac
Ocean Roulette,insomniac
Eran Hersh,insomniac
Montell2099,insomniac
D8 ME,insomniac
Harmson,insomniac
Hot Fuzz,insomniac
Daniel Bailey,insomniac
Masters At Work,insomniac
Trveso,insomniac
ELLA,insomniac
VenessaMichaels,insomniac
T.I.,insomniac
Lazy Boys,insomniac
Mat Jr.,insomniac
Lisachris,insomniac
Vick Okada,insomniac
The Antoinettes,insomniac
Okamotoreiji,insomniac
Little Dead Girl,insomniac
Dosing,insomniac
Disk Nagataki,insomniac
Brain Zapp,insomniac
Aaron Cappy,insomniac
Jaykayel,insomniac
Y0ungbl00d,insomniac
Skemaddox,insomniac
Herbalistek,insomniac
Nofone,insomniac
Cabrillo,insomniac
Niles Shepard,insomniac
Xonic,insomniac
Holder,insomniac
Ali Khalili,insomniac
Papa Lu,insomniac
MARAUDA,insomniac
Club Indigo,insomniac
ToasTea,insomniac
Omar XV,insomniac
Cl!ff,insomniac
Toney Handsome,insomniac
Bubblewrappe,insomniac
NvrLeft,insomniac
PuroWuan,insomniac
Kenny Oliver,insomniac
Frostbyte,insomniac
Shlohmo,insomniac
Blesst,insomniac
Cam Girl,insomniac
ZÍA,insomniac
Lil Tjay,insomniac
Diesel,insomniac
Gunna,insomniac
Jessie Reyez,insomniac
The Candy Rain,insomniac
Soulja Boy,insomniac
Lil Mosey,insomniac
Monki,insomniac
DreamDoll,insomniac
G Herbo,insomniac
JPEGMAFIA,insomniac
Young Franco,insomniac
Kasbo,insomniac
Armani White,insomniac
Andre Power,insomniac
MadeinTYO,insomniac
Juice WRLD,insomniac
Sosupersam,insomniac
Kyle Watson,insomniac
Tommy Genesis,insomniac
LP Giobbi,insomniac
Kid Cudi,insomniac
Ms. Mada,insomniac
G-Rex,insomniac
HYTYD,insomniac
Replicant,insomniac
Rodg,insomniac
Martin Roth,insomniac
Ring,insomniac
Faahsai,insomniac
Junkilla,insomniac
Aster,insomniac
Little Fritter,insomniac
Stefan Seay,insomniac
Michael Fam,insomniac
Semi,insomniac
The Hotel Lobby,insomniac
Bvss Botz,insomniac
Executioner,insomniac
Digitist,insomniac
Mir Omar,insomniac
The Lost Boys,insomniac
Trekkie Trax,insomniac
Blacklizt,insomniac
A$AP Rocky,insomniac
N.O.S.,insomniac
Mars89,insomniac
Kekke,insomniac
JuniorChef,insomniac
AK-69,insomniac
Sakuma,insomniac
Taar,insomniac
Yosa,insomniac
Yukibeb,insomniac
Masayoshi Iimori,insomniac
kZm,insomniac
Awich,insomniac
Coki,insomniac
Frank Walker,insomniac
Rinzen,insomniac
Rhyno,insomniac
Callie Reiff,insomniac
Rhett,insomniac
Yako,insomniac
Jase Thirlwall,insomniac
A.M.C,insomniac
Turno,insomniac
Goldroom,insomniac
Testpilot,insomniac
Stephanie Loayza,insomniac
Krelisa,insomniac
Hydrah,insomniac
DJ Low,insomniac
Chime,insomniac
JVNA,insomniac
Magda Halina,insomniac
KUN,insomniac
4 Strings,insomniac
Sludge,insomniac
Jay Park,insomniac
Future,insomniac
ARTBAT,insomniac
TELYKAST,insomniac
EAZYBAKED,insomniac
Ternion Sound,insomniac
Mark The Beast,insomniac
DeeCee,insomniac
Yang,insomniac
Susana,insomniac
Somna,insomniac
Shy Brothers,insomniac
Sheridan Grout,insomniac
Memory Loss,insomniac
MarQ,insomniac
Jimmy Chou,insomniac
Jagger Page,insomniac
TBX,insomniac
Boston Bun,insomniac
Warden,insomniac
KimiaZ,insomniac
Black Caviar,insomniac
Gerard Groove,insomniac
GAWP,insomniac
Offaiah,insomniac
Goshfather,insomniac
Wet Hand Dan,insomniac
Diego Zeen,insomniac
Submersive,insomniac
Jenny Anaya,insomniac
Tails,insomniac
Murdock,insomniac
Amelie Lens,insomniac
Enrico Sangiuliano,insomniac
Mihalis Safras,insomniac
Paul Denton,insomniac
Yolanda Be Cool,insomniac
DarkMa11er,insomniac
Daniel Minaya,insomniac
David Harness,insomniac
Martin Ikin,insomniac
DMVU,insomniac
Ekonovah,insomniac
GVRL,insomniac
Kiddy Smile,insomniac
Potions,insomniac
Diablo,insomniac
Bvss Tactic,insomniac
DJ Blown,insomniac
Nght Si,insomniac
Symbolico,insomniac
Desert Dwellers,insomniac
PEZ,insomniac
WSHNGTN,insomniac
HONÜ,insomniac
Dustycloud,insomniac
Solar,insomniac
X&G,insomniac
DJ Snoopadelic,insomniac
CiM,insomniac
not.uniq,insomniac
Luis Ortega,insomniac
Miguel Alanis,insomniac
Aviux,insomniac
Armi Diamonds,insomniac
Disautonomia,insomniac
Apek,insomniac
DJ Tetris,insomniac
Obie Fernandez,insomniac
Lightform,insomniac
Santo Bass,insomniac
BomboCat,insomniac
Bagha,insomniac
Killv,insomniac
Chilly Mox,insomniac
DESNA,insomniac
A-ZAR,insomniac
IVY.KST!,insomniac
SVBVG,insomniac
Leon Leiden,insomniac
Isaac Maya,insomniac
Karina Rosee,insomniac
Luz Sanchez,insomniac
Charlie Atom,insomniac
Charlotte Fehler,insomniac
Argüello,insomniac
Valentina Moretti,insomniac
Miguel Rechy,insomniac
Ramiro Rubio,insomniac
Birdee,insomniac
Cromatik,insomniac
Jungle,insomniac
Mèlay,insomniac
Thriftworks,insomniac
Of The Trees,insomniac
Abelation,insomniac
Calcium,insomniac
Raiser,insomniac
Randy Seidman,insomniac
Hint of Lavender,insomniac
Marques Wyatt,insomniac
Miguel Migs,insomniac
Noizu,insomniac
Eyes Everywhere,insomniac
Codes,insomniac
VNSSA,insomniac
Blossom,insomniac
Kaivon,insomniac
ANOTR,insomniac
DJDS,insomniac
Blanke,insomniac
Mario Fitoria,insomniac
Mr. Fitz,insomniac
Booms y Claps,insomniac
Guztavo MX,insomniac
DJ Pelos,insomniac
Jerry Davila,insomniac
Gian Varela,insomniac
MC Zaac,insomniac
Kawas,insomniac
SpydaT.E.K,insomniac
Marvin & Guy,insomniac
Mandrake,insomniac
Dramian,insomniac
Barnt,insomniac
Prospector,insomniac
EFX,insomniac
Jasonlo,insomniac
Sweater Beats,insomniac
AO,insomniac
SOREN,insomniac
Eric Senn,insomniac
Nortec Collective,insomniac
Vertigo,insomniac
Lum1na,insomniac
Color,insomniac
Sebastian Paul,insomniac
Jojo Maronttinni,insomniac
DJ Marlboro,insomniac
Tomasa Del Real,insomniac
Rex The Dog,insomniac
Pablito Mix,insomniac
Uzielito Mix,insomniac
Jeffrey Sutorius,insomniac
Sotomayor,insomniac
Trooko,insomniac
Omar Varela,insomniac
Young Drums,insomniac
The Golden Boy,insomniac
Juan Por Dios,insomniac
Salón Acapulco,insomniac
Pauza,insomniac
Neo Human,insomniac
Le Twins,insomniac
Jetlag,insomniac
D3V,insomniac
MannyMak,insomniac
Phino,insomniac
nxwyxrk,insomniac
Westend,insomniac
Too Kind,insomniac
Tegi,insomniac
Fight Clvb,insomniac
Brain Hunters,insomniac
Monsieur Frazier,insomniac
Andres Castillo,insomniac
Mason Maynard,insomniac
B.Traits,insomniac
Angemi,insomniac
NurryDog,insomniac
Morvn,insomniac
Robots Don’t Have Sisters,insomniac
Polo & Pan,insomniac
Gualtiero,insomniac
Flor Capistran,insomniac
Washed Out,insomniac
Tweekacore,insomniac
Terry Zhong,insomniac
Jin DJs,insomniac
Olwik,insomniac
Tenishia,insomniac
GBoySWAG,insomniac
Emil Chang,insomniac
Copan Kasten,insomniac
Playero,insomniac
Lit Lords,insomniac
Gommi,insomniac
Elekt,insomniac
Lizzy Wang,insomniac
ACRAZE,insomniac
Gaaudi,insomniac
Polar Bears,insomniac
David Bullock,insomniac
KAMI,insomniac
Tim Shopp,insomniac
Ducka Shan,insomniac
HVDES,insomniac
Thelem,insomniac
Dalek One,insomniac
Matty G,insomniac
Warez,insomniac
Shlump,insomniac
Bruno Furlan,insomniac
Lisbona Sisters,insomniac
Woolymammoth,insomniac
Captain Cuts,insomniac
Yasmin,insomniac
MADGRRL,insomniac
Steady Rock,insomniac
Phlegmatic Dogs,insomniac
Anti Up,insomniac
Noise Dimentionz,insomniac
Haaradak,insomniac
SHEI,insomniac
Alby Loud,insomniac
Smokepurpp,insomniac
The Him,insomniac
Midnight Kids,insomniac
Gucci Mane,insomniac
Sueldo,insomniac
Peekaboo,insomniac
Trolley Snatcha,insomniac
Jaron,insomniac
DNMO,insomniac
Franklyn Watts,insomniac
Fuego,insomniac
Lubelski,insomniac
Rodriguez Jr.,insomniac
Justice,insomniac
Die Antwoord,insomniac
Huxley Anne,insomniac
Lick,insomniac
1788-L,insomniac
Pony,insomniac
The Fitness,insomniac
Jaxx Da Fishworks,insomniac
Trademark,insomniac
Danny Quest,insomniac
Declan James,insomniac
Darcie Dolce,insomniac
Chaboi,insomniac
Akira Akira,insomniac
Paul Devro,insomniac
Panda Eyes,insomniac
Hatcha,insomniac
Oscar Gerard,insomniac
Danny L Harle,insomniac
Raito,insomniac
Purple Disco Machine,insomniac
Tuff Ghost,insomniac
Benzi,insomniac
Primoz,insomniac
Kid Kobra,insomniac
Rathero,insomniac
Muzz,insomniac
Roman Flügel,insomniac
Trikk,insomniac
Marcel Dettmann,insomniac
Goddollars & Paradise,insomniac
Jeniluv,insomniac
Sonns,insomniac
Octo Octa,insomniac
Bicep,insomniac
Randy Vission,insomniac
SPYK3,insomniac
Phenatiks,insomniac
Kendoll,insomniac
Jay Robinson,insomniac
Anakim,insomniac
Kloudmen,insomniac
Rozco,insomniac
Mogli,insomniac
Tristan,insomniac
Dickster,insomniac
Secret Cinema,insomniac
Super Flu,insomniac
NWYR,insomniac
Sebastian Ghouls,insomniac
Mont Blvck,insomniac
Alex Madden,insomniac
Pachanga Boys,insomniac
Motor City Drum Ensemble,insomniac
Daemia,insomniac
Alex Brutus,insomniac
Scooby,insomniac
Stephan Bodzin,insomniac
Peggy Gou,insomniac
First State,insomniac
David Rust,insomniac
Orla Feeney,insomniac
Lostly,insomniac
Driftmoon,insomniac
J3YK,insomniac
Brandon Scott,insomniac
Skylex,insomniac
LTN,insomniac
Day.Din,insomniac
Craig Connelly,insomniac
Sentinel 7,insomniac
Will Rees,insomniac
Ciaran McAuley,insomniac
Subc0der,insomniac
CRS?,insomniac
APX1,insomniac
LSDREAM,insomniac
Mark Lizaola,insomniac
Dante Levo,insomniac
Meirlin,insomniac
Audiophonic,insomniac
Satori,insomniac
Intelligence,insomniac
Attik,insomniac
Jon Bovi,insomniac
Sheck Wes,insomniac
Comethazine,insomniac
Cease Fire,insomniac
BEAUZ,insomniac
Shiverz,insomniac
Digital Ethos,insomniac
MC XYZ,insomniac
Duskus,insomniac
Taska Black,insomniac
Slow Magic,insomniac
Kenny Beats,insomniac
Irfane,insomniac
Tim Baresko,insomniac
Danny Byrd,insomniac
matphilly,insomniac
The Juan MacLean,insomniac
DJ Pimp,insomniac
Clams Casino,insomniac
Kevin Knapp,insomniac
070 Shake,insomniac
Damon Steele,insomniac
A Boy & A Girl,insomniac
Vanic,insomniac
Tinlicker,insomniac
Rick Trainor,insomniac
Franky Rizardo,insomniac
Sinopoli,insomniac
Myrne,insomniac
SubDocta,insomniac
Jupe,insomniac
Suzy Solar,insomniac
Sloth,insomniac
Ben Böhmer,insomniac
Bloodtone,insomniac
Brownies & Lemonade All-Stars,insomniac
Grube & Hovsepian,insomniac
Denzo,insomniac
Au5,insomniac
Skepsis,insomniac
Holy Goof,insomniac
Zimbu,insomniac
HrzSoGood,insomniac
Grlskout,insomniac
Iris,insomniac
Andy P,insomniac
Kito,insomniac
Oona Dahl,insomniac
Tess Vockler,insomniac
Win and Woo,insomniac
Eli & Fur,insomniac
Zero Delay,insomniac
HE$H,insomniac
BadKlaat,insomniac
Uffie,insomniac
Terrible Johnny,insomniac
Jaden Smith,insomniac
Birthdayy Partyy,insomniac
R3LL,insomniac
yetep,insomniac
whereisalex,insomniac
King Kavalier,insomniac
Far Out,insomniac
Fairlane,insomniac
William Black,insomniac
One More Time,insomniac
Oliver Tree,insomniac
Johnny Doe,insomniac
Lukas Rieger,insomniac
530,insomniac
Sean Lamb,insomniac
simfonik,insomniac
Leon Lour,insomniac
Lil Hank,insomniac
Nouveaubeats,insomniac
Post Malone,insomniac
Olymp.us,insomniac
Rich The Kid,insomniac
Xtroben,insomniac
HAMi,insomniac
GEO,insomniac
SUBshockers,insomniac
LDRU,insomniac
Yahtzel,insomniac
Primal Luxe,insomniac
Famous Dex,insomniac
Lil Wayne,insomniac
Kölsch,insomniac
Double Dare,insomniac
TCHiLT,insomniac
Sammy Legs,insomniac
Eric Mark,insomniac
Eli Brown,insomniac
Sang Froyd,insomniac
Fantom Freq,insomniac
Roswell,insomniac
Speaker Honey,insomniac
Victor Arellano,insomniac
Phill Rollins,insomniac
Rize,insomniac
Recoder,insomniac
Michael Phase,insomniac
Maxxus,insomniac
BVRNOUT,insomniac
Curbi,insomniac
Charlie,insomniac
Kandy,insomniac
Gladez,insomniac
Don Criminals,insomniac
Cult Classique,insomniac
Una + Matcha,insomniac
Maria Fujioka,insomniac
Amiaya,insomniac
ChiMy,insomniac
Allen Mock,insomniac
Nakkid,insomniac
DJ Fumine,insomniac
Rinaly,insomniac
Asteroid (UK),insomniac
Ronaissance,insomniac
Taylor Kade,insomniac
Tristan Wells,insomniac
Drexler,insomniac
Subrhythmic,insomniac
DJ Lezlee,insomniac
Rico Nasty,insomniac
Bejo,insomniac
2¢,insomniac
MØ,insomniac
Rick Ross,insomniac
$uicideboy$,insomniac
Bighead,insomniac
Lil Skies,insomniac
King Henry,insomniac
Estiva,insomniac
Wifisfuneral,insomniac
Davey Asprey,insomniac
Allen Watts,insomniac
Alix Perez,insomniac
Alexander Popov,insomniac
13,insomniac
Mvrda,insomniac
CharlestheFirst,insomniac
Bukez Finezt,insomniac
CloZee,insomniac
Trippie Redd,insomniac
Travis Scott,insomniac
Omnom,insomniac
Virgil Abloh,insomniac
Felix Da Housecat,insomniac
Blackbear,insomniac
Petit Biscuit,insomniac
Bontan,insomniac
Illyus & Barrientos,insomniac
Shaun Cruda,insomniac
Lil Xan,insomniac
CupcakKe,insomniac
YBN Nahmir,insomniac
Hippie Sabotage,insomniac
Jack Harlow,insomniac
Saweetie,insomniac
Madam X,insomniac
Kolombo,insomniac
SMTH,insomniac
Anmuring,insomniac
Rootkit,insomniac
Nonsens,insomniac
BawsFyte,insomniac
The Binches,insomniac
Brian Matrix,insomniac
Lil Dicky,insomniac
A-Da,insomniac
Stan,insomniac
Giftback,insomniac
Naoki Serizawa,insomniac
DSKE,insomniac
Jommy,insomniac
DJ Daruma,insomniac
Keisuke Matsuoka,insomniac
Elli Arakawa,insomniac
PKCZ®,insomniac
DJ Junior,insomniac
DJ Wellman,insomniac
Warz,insomniac
Luminn,insomniac
Tronic Crew,insomniac
DARØ,insomniac
Kaku,insomniac
Goldfish & Blink,insomniac
Crystal Q,insomniac
Rave Republic,insomniac
Yann Cavaille,insomniac
James Earl,insomniac
Duckwrth,insomniac
Carta,insomniac
Animal,insomniac
Decimate,insomniac
Tokez,insomniac
The Widdler,insomniac
Psymbionic,insomniac
Dubspeeka,insomniac
Alyx Ander,insomniac
Benzmixer,insomniac
Kozik,insomniac
SweetTooth,insomniac
Akronym,insomniac
The Black Madonna,insomniac
Black Coffee,insomniac
Volt,insomniac
ODEA,insomniac
Schade,insomniac
Morelia,insomniac
Zusammen,insomniac
Lucati,insomniac
Type3,insomniac
Sebastian Knight,insomniac
Mvrvels,insomniac
Lev3l,insomniac
Algo,insomniac
i_o,insomniac
Mark Starr,insomniac
Tony Quattro,insomniac
Wenzday,insomniac
Stetix,insomniac
Sophie Francis,insomniac
Télépopmusik,insomniac
Nickthereal,insomniac
Dang3r,insomniac
Tube & Berger,insomniac
Carlos Arteaga,insomniac
Hpnotic,insomniac
Dances With White Girls,insomniac
Zaxx,insomniac
Benda,insomniac
Somnium Sound,insomniac
Lika Morgan,insomniac
Sons Of Maria,insomniac
Øostil,insomniac
Agents Of Time,insomniac
Bommer,insomniac
Blunts & Blondes,insomniac
Stylust Beats,insomniac
LOSH,insomniac
Roy Claveran,insomniac
DJ Nax,insomniac
Yuuki Yoshiyama,insomniac
Ganesh,insomniac
Griffin Stoller,insomniac
Xie,insomniac
Svdden Death,insomniac
Suae,insomniac
Strange Club,insomniac
Benny L,insomniac
OMAIR,insomniac
Khalid,insomniac
Subset,insomniac
Keiji,insomniac
Com Truise,insomniac
Hekler,insomniac
Carmada,insomniac
Break,insomniac
BloodThinnerz,insomniac
Dave Neven,insomniac
Matt Medved,insomniac
Honey Soundsystem,insomniac
Charlotte de Witte,insomniac
Revel,insomniac
Downlowd,insomniac
MCD,insomniac
Onward,insomniac
Lucho,insomniac
SAG,insomniac
Naidenoff,insomniac
Yung Bae,insomniac
Oliver Nelson,insomniac
Nav,insomniac
Lil Yachty,insomniac
London On Da Track,insomniac
Slatin,insomniac
Shimon,insomniac
spaceprodigi,insomniac
Warface,insomniac
Arkham Knights,insomniac
Sub Zero Project,insomniac
Virtual Self,insomniac
Whethan,insomniac
PRXZM,insomniac
Someones Daughter,insomniac
Party Pupils,insomniac
Lil Pump,insomniac
Breakbot,insomniac
KUURO,insomniac
Blakks,insomniac
Jinco,insomniac
Fig,insomniac
Cabizbajo,insomniac
Ivan Dola,insomniac
Los Dutis,insomniac
Burak Yeter,insomniac
Bright Lights,insomniac
Dr Phunk,insomniac
Andy Martin,insomniac
Kydus,insomniac
Morten Granau,insomniac
Interactive Noise,insomniac
CrisMajor,insomniac
Ofenbach,insomniac
Lindstrøm,insomniac
Anoraak,insomniac
Slimez,insomniac
Cazztek,insomniac
ZDS,insomniac
Yakz,insomniac
Rambo,insomniac
KLAXX,insomniac
Isenberg,insomniac
Space Laces,insomniac
Subtronics,insomniac
Luzcid,insomniac
YehMe2,insomniac
BonHaus,insomniac
Robert Firth,insomniac
Nopality,insomniac
NemesiZ,insomniac
Marco Carpentieri,insomniac
Iker Azcué,insomniac
Rosa Pistola,insomniac
BBY JSS,insomniac
Dateless,insomniac
Carbin,insomniac
DMX,insomniac
Swedish Egil,insomniac
Ubur,insomniac
Dirt Monkey,insomniac
Al Ross,insomniac
Holy Ghost!,insomniac
Hammer,insomniac
Hot Shakes,insomniac
El Día,insomniac
Sinego,insomniac
DJ Baby Miri,insomniac
Fito Silva,insomniac
Sammy & Lesen,insomniac
Cesar Mannix,insomniac
Maw BB,insomniac
El Cartel,insomniac
Alan Rosales,insomniac
Dark Eyes,insomniac
Nitro Fun,insomniac
Noxxville,insomniac
Victor Porfidio,insomniac
D-John,insomniac
Kill The Clowns,insomniac
Ray Rhodes,insomniac
Fortu & Mendoza,insomniac
Criminal Sounds,insomniac
Gaminow,insomniac
Mely Cantu,insomniac
Ale Q,insomniac
Alan Salomon,insomniac
Gerry Gonza,insomniac
Volac,insomniac
Adgel,insomniac
Freebot,insomniac
Fancy Folks,insomniac
SBM,insomniac
DJ Otto,insomniac
Mark Cast,insomniac
Balcazar,insomniac
Evound,insomniac
Noizilla,insomniac
Innobass,insomniac
Mejia,insomniac
GRAVEDGR,insomniac
Wiz Khalifa,insomniac
Jvmpkicks,insomniac
WHIPPED CREAM,insomniac
Jubilee,insomniac
Promnite,insomniac
Sharps,insomniac
Flamingosis,insomniac
Dizzo,insomniac
Bad Name Roy,insomniac
Fisher,insomniac
The Midnight Perverts,insomniac
DJ Who?,insomniac
Dave Nada,insomniac
DJ Blass,insomniac
Zyrus 7,insomniac
Static Movement,insomniac
Rubinskee,insomniac
Paulor,insomniac
MiloMilo,insomniac
Melé,insomniac
Mandragora,insomniac
Sevenn,insomniac
Ricardo Reyna,insomniac
Ski Mask The Slump God,insomniac
Chain Reaction,insomniac
Durtysoxxx,insomniac
Zimmer,insomniac
The Knocks,insomniac
MineSweepa,insomniac
Bailo,insomniac
Colour Vision,insomniac
Classixx,insomniac
Alexander Lewis,insomniac
Croatia Squad,insomniac
Lil Texas,insomniac
Eliminate,insomniac
INFEKT,insomniac
Marcel Woods,insomniac
Lil Peep,insomniac
Tynan,insomniac
Emperor,insomniac
Fluencee,insomniac
Egzod,insomniac
Skinny Kidz,insomniac
DJ Xta-C,insomniac
CoEd,insomniac
Melvv,insomniac
John Christian,insomniac
Melrose Castillo,insomniac
Crystalize,insomniac
Kerri Chandler,insomniac
Joseph Ashworth,insomniac
DJ Pauly D,insomniac
Esseks,insomniac
Chee,insomniac
NastyNasty,insomniac
Meek Mill,insomniac
Noer The Boy,insomniac
Yheti,insomniac
SPENCE,insomniac
Going Quantum,insomniac
Feint,insomniac
Crux,insomniac
Parker,insomniac
Crypsis,insomniac
E-Force,insomniac
Hayden James,insomniac
Jake Weber,insomniac
Dos Mafia,insomniac
Monoky,insomniac
Fasko,insomniac
Starx,insomniac
Abs3nt,insomniac
Shaded,insomniac
Squnto,insomniac
Boogie T,insomniac
Crankdat,insomniac
Kadett,insomniac
Geoffrey Fox,insomniac
Chris Kaizenn,insomniac
SLUMBERJACK,insomniac
Max Chapman,insomniac
Ashe,insomniac
Louis Futon,insomniac
Robotaki,insomniac
Manila Killa,insomniac
GG Magree,insomniac
Blu J,insomniac
Monxx,insomniac
Cosma,insomniac
Hugeative,insomniac
Bandlez,insomniac
Hi I’m Ghost,insomniac
Kompany,insomniac
Wooli,insomniac
ayokay,insomniac
Myro,insomniac
Mr. Skeleton,insomniac
Mad Zach,insomniac
Maxo,insomniac
Julian Anthony,insomniac
Fenix Fury,insomniac
D. Zeledon,insomniac
Myon,insomniac
Luccio,insomniac
Purge,insomniac
Hot Chip,insomniac
Comrad,insomniac
DJ Dials,insomniac
Taxman,insomniac
Original Sin,insomniac
Jvst Say Yes,insomniac
Gdat,insomniac
Deekline,insomniac
Mike WiLL Made-It,insomniac
Judge,insomniac
Detlef,insomniac
YOOKiE,insomniac
Lektrique,insomniac
Sullivan King,insomniac
Stabby,insomniac
Dr. Ozi,insomniac
Toadface,insomniac
Havok Roth,insomniac
Carabetta & Doons,insomniac
Babz,insomniac
Space Race,insomniac
SCRVP,insomniac
PLS&TY,insomniac
Real Trance Family,insomniac
Mauro Picotto,insomniac
Sander Kleinenberg,insomniac
Ramzoid,insomniac
Key4050,insomniac
Symbolic,insomniac
Sam Jones,insomniac
Roger Shah,insomniac
Khromata,insomniac
Greg Downey,insomniac
Fady & Mina,insomniac
Factor B,insomniac
Daniel Skyver,insomniac
Cold Blue,insomniac
Blastoyz,insomniac
ALPHA 9,insomniac
Sonic Species,insomniac
Robert Nickson,insomniac
Manuel Le Saux,insomniac
Future Frequency,insomniac
DOLF,insomniac
Spock,insomniac
Two Owls,insomniac
pluko,insomniac
Dr. Rude,insomniac
Just A Gent,insomniac
Josh Butler,insomniac
Haywyre,insomniac
Golf Clap,insomniac
Four Color Zack,insomniac
Daktyl,insomniac
Champagne Drip,insomniac
Noise Frenzy,insomniac
ADIN,insomniac
Master Of The People,insomniac
Plvydvte,insomniac
Teemid,insomniac
Rupp,insomniac
Buku,insomniac
Moody Good,insomniac
Holly,insomniac
Ganja White Night,insomniac
Conrank,insomniac
Bodo,insomniac
NITTI,insomniac
BKAYE,insomniac
Josh Pan,insomniac
Justin Caruso,insomniac
Xan Griffin,insomniac
Madds,insomniac
Don Parmesan,insomniac
SEMLR,insomniac
Dack Janiels,insomniac
Rawtek,insomniac
Sychosis,insomniac
Tokyo Machine,insomniac
Conro,insomniac
Grant,insomniac
Orri,insomniac
Kromagon,insomniac
Emok,insomniac
Spyros,insomniac
Brian Sentient,insomniac
Samtabul,insomniac
Swell,insomniac
Smoke Sign,insomniac
Celestial,insomniac
FlashGang,insomniac
Thomas Garcia,insomniac
AFROdisiac,insomniac
Taryn Manning,insomniac
Protoculture,insomniac
Kiraz,insomniac
Pilot,insomniac
DJ Franzen,insomniac
Nick Melons,insomniac
D33J,insomniac
Florian Picasso,insomniac
Sub6,insomniac
Pixel,insomniac
Eyal Yankovich,insomniac
Justin Mylo,insomniac
AFK,insomniac
Young Nudy,insomniac
Playboi Carti,insomniac
Lil Uzi Vert,insomniac
Luca Lush,insomniac
Fatum,insomniac
Steve Powers,insomniac
Senojnayr,insomniac
Fortune,insomniac
Great Dane,insomniac
Ryan Forever,insomniac
Cade,insomniac
MATTN,insomniac
Purple Haze,insomniac
Luis Vargas,insomniac
DJ Khaled,insomniac
Marbs,insomniac
Alien Mock,insomniac
DJ Fumi,insomniac
DJ Shota,insomniac
Braize,insomniac
DJ Busta-Row,insomniac
Alamaki,insomniac
Tyga,insomniac
DJ Bobby,insomniac
DJ Sone,insomniac
Baby-T,insomniac
DJ Yaksa,insomniac
Nebbra,insomniac
Noir,insomniac
Delaney Jane,insomniac
Kid Nappa,insomniac
PAZ,insomniac
Rockwell,insomniac
Reid Speed,insomniac
DJ Mad Dog,insomniac
Kai Wachi,insomniac
Rüfüs du Sol,insomniac
Metro Boomin,insomniac
Born Dirty,insomniac
Atica,insomniac
Happi,insomniac
Blazer,insomniac
AniMe,insomniac
Solardo,insomniac
Marco Faraone,insomniac
Kungs,insomniac
Dena Amy,insomniac
Chet Porter,insomniac
Bix King,insomniac
Zander (Prime),insomniac
Brohug,insomniac
Young Bombs,insomniac
Chris Bushnell,insomniac
Valentine,insomniac
sumthin sumthin,insomniac
Blvk Sheep,insomniac
Tascione,insomniac
ATLiens,insomniac
Wolfe,insomniac
Michl,insomniac
Eden,insomniac
Miike Snow,insomniac
The Nicholas,insomniac
Devoted,insomniac
BLiSS,insomniac
Outsiders,insomniac
That’s Nice,insomniac
Price & Takis,insomniac
Gil Montiel,insomniac
Bruno Martini,insomniac
AK,insomniac
DJ Ruppy,insomniac
Mansun,insomniac
Tresvibes Soundsystem,insomniac
Moe,insomniac
Shintaro,insomniac
DJ L,insomniac
Yamato,insomniac
TJO,insomniac
Daiki,insomniac
Wataru,insomniac
Yasutaka Nakata,insomniac
Taku-Hero,insomniac
Sekitova,insomniac
Midori Aoyama,insomniac
Licaxxx,insomniac
Chace,insomniac
Banvox,insomniac
A.Mochi,insomniac
Layton Giordani,insomniac
Nosaj Thing,insomniac
Hito,insomniac
Freestylers,insomniac
Krafty Kuts,insomniac
Jarin Love,insomniac
Dzeko,insomniac
Michael Sparks,insomniac
Skellism,insomniac
Irie,insomniac
Maximus C,insomniac
Hush,insomniac
Wizard,insomniac
Ray Volpe,insomniac
Dillon Nathaniel,insomniac
DJ E5quire,insomniac
MHUZ,insomniac
Oolacile,insomniac
Ponicz,insomniac
Krimer,insomniac
Jonathan Mendelsohn,insomniac
Proko,insomniac
Oski,insomniac
BajoFuego,insomniac
Bentz,insomniac
Truth x Lies,insomniac
Sam Feldt,insomniac
Curt Reynolds,insomniac
Sj,insomniac
Benson,insomniac
Tisoki,insomniac
No Requests,insomniac
Zonderling,insomniac
LO’99,insomniac
Wasted Fates,insomniac
Niiko x SWAE,insomniac
Notaker,insomniac
Weiss,insomniac
Matthew Anthony,insomniac
k?d,insomniac
Latmun,insomniac
Spencer Brown,insomniac
Droeloe,insomniac
Ricky Remedy,insomniac
Space Cat,insomniac
Vertical Mode,insomniac
Max Neyra,insomniac
Lujavo,insomniac
Kepler,insomniac
ANG,insomniac
Rommel,insomniac
Freyre Crisanto,insomniac
Mr. Pig,insomniac
NTCRCKRS,insomniac
GMAXX,insomniac
Josefono L Telefono,insomniac
Chris Avantgarde,insomniac
Toneshifterz,insomniac
NOA,insomniac
Mrotek,insomniac
Miss K8,insomniac
Markove,insomniac
Jay Cosmic,insomniac
Imperium,insomniac
Crime Family,insomniac
Bakermat,insomniac
Liquid Ace,insomniac
Shades,insomniac
Claptone,insomniac
AFSHeeN,insomniac
Soothslayer,insomniac
Phiso,insomniac
Aweminus,insomniac
DC Breaks,insomniac
Chris Schweizer,insomniac
Drumsound & Bassline Smith,insomniac
Tantrum Desire,insomniac
Ruben de Ronde,insomniac
Jax Jones,insomniac
Waio,insomniac
Wongo,insomniac
Mike Skinner,insomniac
Bishu,insomniac
HANA,insomniac
Hundred Waters,insomniac
Ravitez,insomniac
FreeFall,insomniac
Fat Tony,insomniac
DJ Mel,insomniac
Viciouz Viv,insomniac
Pham,insomniac
Madhatter,insomniac
Jurassic 5,insomniac
Gamma,insomniac
Falcons,insomniac
Daniel Allen,insomniac
Left/Right,insomniac
Jvck Savage,insomniac
Trips Ahoy,insomniac
Morpei,insomniac
Hunter Vaughan,insomniac
Hicks With Sticks,insomniac
Deuce Parks,insomniac
Closed Caption,insomniac
Cloudchord,insomniac
Cache Money,insomniac
Buala,insomniac
Akreacha,insomniac
Bad Royale,insomniac
Steve James,insomniac
Mahalo,insomniac
Jace Mek,insomniac
Rich Brian,insomniac
BIJOU,insomniac
Michael Christmas,insomniac
Slushii,insomniac
graves,insomniac
Carlyle,insomniac
Wintertime,insomniac
Pusher,insomniac
Kristian Nairn,insomniac
Danny Brown,insomniac
Eddie Bitar,insomniac
Crywolf,insomniac
Tim Gunter,insomniac
Flatbush Zombies,insomniac
Jerry Folk,insomniac
Sage Armstrong,insomniac
Pouya,insomniac
Quix,insomniac
Medasin,insomniac
Paperwater,insomniac
Kaiydo,insomniac
Sikdope,insomniac
Elohim,insomniac
Justice Skolnik,insomniac
Phantogram,insomniac
Louis The Child,insomniac
Bonobo,insomniac
Big Wild,insomniac
Ekali,insomniac
Andrew Luce,insomniac
Spencer Hardwick,insomniac
Rae Sremmurd,insomniac
Thomas Datt,insomniac
Alpha Portal,insomniac
Two Friends,insomniac
Calixto,insomniac
Jay Silva,insomniac
Geru,insomniac
NSM PSM,insomniac
Disto,insomniac
Mijo,insomniac
Adriana Lucia,insomniac
Teruel,insomniac
Pinto,insomniac
Tini Tun,insomniac
Sakro,insomniac
Sak Noel,insomniac
Royal Highness,insomniac
Niño Árbol,insomniac
Machino,insomniac
Loojan,insomniac
Ghetto Kids,insomniac
El Freaky,insomniac
DJ Raff,insomniac
Bufi,insomniac
Ali Stone,insomniac
Purity Ring,insomniac
Fausto Bahia,insomniac
Imaabs,insomniac
Lao,insomniac
Lechuga Zafiro,insomniac
Oly,insomniac
Paul Marmota,insomniac
Tayhana,insomniac
UNiiQU3,insomniac
Zutzut,insomniac
Billion Dollars,insomniac
Bacondo,insomniac
Alex Midi,insomniac
Damian Uzabiaga,insomniac
Shugz,insomniac
Two Wayz,insomniac
Betoko,insomniac
Alan Walker,insomniac
Erick Rincon,insomniac
Paul Woolford,insomniac
Omaar,insomniac
Mexican Jihad,insomniac
Mock The Zuma,insomniac
G-Buck,insomniac
Phantoms,insomniac
Dombresky,insomniac
Shane 54,insomniac
DJ Hanzel,insomniac
Matt Ossentjuk,insomniac
Maikol,insomniac
Svgmaze,insomniac
Blankface,insomniac
SAINT WKND,insomniac
1991,insomniac
Snavs,insomniac
Electric Mantis,insomniac
Hydraulix,insomniac
Dion Timmer,insomniac
Bondax,insomniac
Michael Bricker,insomniac
Fan Fiction,insomniac
Cry Baby,insomniac
Tygapaw,insomniac
J. Worra,insomniac
DJ Flawless,insomniac
DJ Infinite,insomniac
DJ Simon,insomniac
DJ Ressie Cups,insomniac
Shawn Wasabi,insomniac
Aminé,insomniac
Lestat,insomniac
iLoveMakonnen,insomniac
Miami Horror,insomniac
RAC,insomniac
Theo Kottis,insomniac
Luttrell,insomniac
Niko The Kid,insomniac
SHFT,insomniac
Sequ3l,insomniac
Qwiver,insomniac
Praveen Achary,insomniac
Oozeundat,insomniac
Kohra,insomniac
Hamza,insomniac
Audio Units,insomniac
Klatch,insomniac
Diskord,insomniac
Magdalena,insomniac
Karmon,insomniac
Stimming,insomniac
Kollektiv Turmstrasse,insomniac
DJ Funk,insomniac
Bob Sinclar,insomniac
David Manceor,insomniac
Ducky,insomniac
Madsonik,insomniac
T-Pain,insomniac
Jillionaire,insomniac
Sharam,insomniac
Minus Militia,insomniac
Jonas Blue,insomniac
Yultron,insomniac
Zookëper,insomniac
YDG,insomniac
Funkin Matt,insomniac
AU/D10/GRAMME,insomniac
StarLab,insomniac
Spinal Fusion,insomniac
Shake ‘N Bass,insomniac
Alex & Sierra,insomniac
Gavrielle,insomniac
HALIENE,insomniac
Max Graham,insomniac
Zaeden,insomniac
Sound Avtar,insomniac
SickFlip,insomniac
Shaan,insomniac
Sartek,insomniac
Sandunes,insomniac
Pearl,insomniac
Nucleya,insomniac
Lost Stories,insomniac
Dualist Inquiry,insomniac
BLOT!,insomniac
B.R.E.E.D,insomniac
Arjun Vagale,insomniac
Anish Sood,insomniac
Riton,insomniac
Zhu,insomniac
Snakehips,insomniac
Kaytranada,insomniac
Said The Sky,insomniac
Sam F,insomniac
AlunaGeorge,insomniac
Aazar,insomniac
Christina Leorosa,insomniac
DXXXY,insomniac
Swage,insomniac
Liquid Fish,insomniac
J. Splat,insomniac
Mr. Bubble,insomniac
Jesse Brooks,insomniac
Vlind,insomniac
Cesar Lugo,insomniac
Assembly,insomniac
Zack Hill,insomniac
Ivy Lab,insomniac
Dead Space,insomniac
Dense & Pika,insomniac
Sayer,insomniac
Eastghost,insomniac
Paint,insomniac
Nathan Barato,insomniac
The Drifter,insomniac
BlackGummy,insomniac
RIOT,insomniac
NuKid,insomniac
NVOY,insomniac
Trampa,insomniac
Disciples,insomniac
Rødhåd,insomniac
Four Tet,insomniac
Eagles & Butterflies,insomniac
Rochelle,insomniac
Lil Debbie,insomniac
San Holo,insomniac
Rabbit In The Moon,insomniac
Edgar V,insomniac
CamelPhat,insomniac
Big Makk,insomniac
Tony Junior,insomniac
Porky,insomniac
ODESZA,insomniac
Taurus Scott,insomniac
CVNT5,insomniac
Tough Love,insomniac
Meaux Green,insomniac
Wingtip,insomniac
starRo,insomniac
Hype Turner,insomniac
Clips X Ahoy,insomniac
BONNIE X CLYDE,insomniac
Oscar L,insomniac
Ramiro Lopez,insomniac
Adam Scott,insomniac
M.I.K.E. Push,insomniac
Howmanyollies,insomniac
Barakuda,insomniac
Binary Finary,insomniac
Richard Durand,insomniac
Talla 2XLC,insomniac
The Thrillseekers,insomniac
Triceradrops,insomniac
Saint,insomniac
Berg,insomniac
Magnus,insomniac
Major7,insomniac
Perfect Stranger,insomniac
Animato,insomniac
Ritmo,insomniac
Captain Hook,insomniac
UCast,insomniac
Stadium4,insomniac
Liquid Soul,insomniac
Avalon,insomniac
Arthur Galestian,insomniac
CRAY,insomniac
PhaseOne,insomniac
JayKode,insomniac
2Shy,insomniac
Sheni Doko,insomniac
Mike Cervello,insomniac
Cesqeaux,insomniac
Astronaut,insomniac
BARELY ALIVE,insomniac
Eric Sharp,insomniac
Clean Bandit,insomniac
um..,insomniac
Gai Barone,insomniac
Bjorn Akesson,insomniac
Wavedash,insomniac
Prismo,insomniac
Gent & Jawns,insomniac
Nifra,insomniac
Bump DJs,insomniac
FooR,insomniac
Baynk,insomniac
Steve Void,insomniac
Cheat Codes,insomniac
RNSOM,insomniac
Stranger,insomniac
Spor,insomniac
Humans,insomniac
Gentlemens Club,insomniac
cln,insomniac
Atmozfears,insomniac
The Noisy Freaks,insomniac
Illenium,insomniac
Henrik Schwarz,insomniac
Gab Rhome,insomniac
Dimond Saints,insomniac
Cristoph,insomniac
Dabin,insomniac
Simian Mobile Disco,insomniac
ATTLAS,insomniac
Apashe,insomniac
Angelz,insomniac
Paul Thomas,insomniac
1080p1,insomniac
Point Point,insomniac
DJ S.K.T,insomniac
Cocodisco,insomniac
Audion,insomniac
Johnny Jams,insomniac
The M Machine,insomniac
Alex Ayers,insomniac
Fritz Carlton,insomniac
Boots N Pants,insomniac
Red Shadow,insomniac
SBCR,insomniac
Nick Sember,insomniac
Cazes,insomniac
MSCLS,insomniac
Missy B,insomniac
aRod,insomniac
Hotfire,insomniac
Ghostea,insomniac
Chris Jay,insomniac
La Patilla,insomniac
Blacklab,insomniac
Kyle Walker,insomniac
Christofi,insomniac
Riot Ten,insomniac
Drone,insomniac
Scooba,insomniac
Alex Di Stefano,insomniac
NTXC,insomniac
ZEKE BEATS,insomniac
Ruthless,insomniac
Midnight Tyrannosaurus,insomniac
Chadwick,insomniac
Suspect 44,insomniac
Machete,insomniac
LondonBridge,insomniac
JOYRYDE,insomniac
Filthy Gorgeous,insomniac
Etnik,insomniac
ReOrder,insomniac
Darren Porter,insomniac
Dan Stone,insomniac
Half Empty,insomniac
Juyen Sebulba,insomniac
SMKSGNLS,insomniac
Tsuruda,insomniac
Eprom,insomniac
Joker,insomniac
Transcendent,insomniac
Template,insomniac
Thee-O,insomniac
Steve Loria,insomniac
Ron D Core,insomniac
Robin S,insomniac
Rob Gee,insomniac
Lenny Dee,insomniac
Juan Atkins,insomniac
John Kelley,insomniac
Frankie Bones,insomniac
Des McMahon,insomniac
Derrick May,insomniac
dela Moontribe,insomniac
Brian Seed,insomniac
Brad Moontribe,insomniac
Soloman,insomniac
Coffi,insomniac
50 Carrot,insomniac
DJ Eztioko,insomniac
Romas,insomniac
Mile Gomez,insomniac
Kristen Morales,insomniac
Miss Jennifer,insomniac
Grvddi,insomniac
Jaks,insomniac
Shneur & Teo,insomniac
DJ Judaa,insomniac
Nick Rouner,insomniac
Inverness,insomniac
Heavy Mellow,insomniac
Kids Want Techno,insomniac
Airwav,insomniac
Beshken,insomniac
White Cliffs,insomniac
Sober Rob,insomniac
Geotheory,insomniac
StéLouse,insomniac
Fairchild,insomniac
Nina Kraviz,insomniac
Frankie Shakes,insomniac
Cut Snake,insomniac
Patrick M,insomniac
Stööki Sound,insomniac
Sacha Robotti,insomniac
Rell The Soundbender,insomniac
KDrew,insomniac
JSTJR,insomniac
Mind Vortex,insomniac
Frankee,insomniac
Bot,insomniac
Tigerlily,insomniac
Elephante,insomniac
Kevin Anderson,insomniac
Rybo,insomniac
Lee Reynolds,insomniac
Taiki Nulight,insomniac
Pilo,insomniac
Mike Williams,insomniac
Maximono,insomniac
Lione,insomniac
Julia Govor,insomniac
Hermitude,insomniac
Gunz For Hire,insomniac
Dimension,insomniac
Danny Howard,insomniac
Bad Company UK,insomniac
Anevo,insomniac
Adaro,insomniac
Rezz,insomniac
Salvatore Ganacci,insomniac
Nick Ledesma,insomniac
Sidney Charles,insomniac
Gitchii,insomniac
Reid Stefan,insomniac
Max Styler,insomniac
David Gravell,insomniac
Coming Soon!!!,insomniac
Jerome Isma-Ae,insomniac
Teddy Killerz,insomniac
Pantyraid,insomniac
Thomas Jack,insomniac
Matroda,insomniac
Devault,insomniac
Unlike Pluto,insomniac
Jack Eye Jones,insomniac
Zander,insomniac
Cammakid,insomniac
DJ Coolwhip,insomniac
Shagge,insomniac
PW Jones,insomniac
Real Deal Montiel,insomniac
Neon Black,insomniac
Johnny Darko,insomniac
Moni,insomniac
Roy Wilkins,insomniac
Vincent,insomniac
James Dymond,insomniac
Bleep Bloop,insomniac
Mightyfools,insomniac
jPhelpz,insomniac
P0gman,insomniac
Biggs,insomniac
Rico & Miella,insomniac
Solid Stone,insomniac
Hoodboi,insomniac
Santé,insomniac
Malaa,insomniac
Coyote Kisses,insomniac
Kevin Saunderson,insomniac
Future Feelings,insomniac
Fleurs Du Mal,insomniac
Juan Soto,insomniac
Niko Zografos,insomniac
Tripps,insomniac
Natural Flow,insomniac
NSDO,insomniac
Heyder,insomniac
MORTEN,insomniac
Technasia,insomniac
Mind Against,insomniac
Mike Saint-Jules,insomniac
Galatzia & Geru,insomniac
Miss Mara,insomniac
Pato Watson,insomniac
Momis Alanis,insomniac
Mariana BO,insomniac
Jessica Audiffred,insomniac
Dinocore,insomniac
Bash & Zander,insomniac
Artelax,insomniac
Krust,insomniac
Generik,insomniac
Julian Jeweil,insomniac
Throttle,insomniac
Liquid Todd,insomniac
Hannah Wants,insomniac
Glow Team,insomniac
Matoma,insomniac
Andy Moor,insomniac
99 Souls,insomniac
Cirez D,insomniac
Roni Size,insomniac
Bobby Nourmand,insomniac
The Aston Shuffle,insomniac
Sébastien Léger,insomniac
DubVision,insomniac
Breaux,insomniac
Young Thug,insomniac
Mike Attack,insomniac
Lisa Pittman,insomniac
Paul Ahi,insomniac
Armand Van Helden,insomniac
Patrick Topping,insomniac
Notorious Two,insomniac
Digital Punk,insomniac
Code Black,insomniac
Bioweapon,insomniac
Jorn van Deynhoven,insomniac
Spag Heddy,insomniac
KiNK,insomniac
Jackmaster,insomniac
Oneman,insomniac
Waze & Odyssey,insomniac
Sonny Fodera,insomniac
Gryffin,insomniac
TroyBoi,insomniac
Marshmello,insomniac
LUMBERJVCK,insomniac
Mefjus,insomniac
Bee’s Knees,insomniac
Adriatique,insomniac
Jack Novak,insomniac
KhoMha,insomniac
Divine Minds In Time,insomniac
Redlight,insomniac
El Dusty,insomniac
Kayoh,insomniac
Fransis Derelle,insomniac
Matt DiMona,insomniac
Ravell,insomniac
Cassian,insomniac
Arius,insomniac
Nitemoves,insomniac
Autograf,insomniac
Tycho,insomniac
Mark Sherry,insomniac
Yall,insomniac
Moksi,insomniac
Louie Fresco,insomniac
Miguel Puente,insomniac
Harvey McKay,insomniac
VVolves,insomniac
Zombies In Miami,insomniac
Toy Selectah,insomniac
The Wookies,insomniac
Seconds,insomniac
Noizekid,insomniac
Risky Business,insomniac
Muan,insomniac
Metrika,insomniac
Mau Moctezuma,insomniac
Hector,insomniac
Happy Colors,insomniac
Broz Rdz,insomniac
Andre VII,insomniac
FBRZ,insomniac
Coyu,insomniac
Krane,insomniac
Ahmed,insomniac
Lost Frequencies,insomniac
KikeONE,insomniac
John Askew,insomniac
Fono,insomniac
Bear Grillz,insomniac
Loczi,insomniac
Jon Charnis,insomniac
Yotto,insomniac
Will Clarke,insomniac
Sheen Boogie,insomniac
Panic City,insomniac
Baby Eazy-E,insomniac
Kurupt,insomniac
Clyde P,insomniac
Sirus Hood,insomniac
HI-LO,insomniac
Rustie,insomniac
Mob Tactics,insomniac
Megalodon,insomniac
InsideInfo,insomniac
Cyantific,insomniac
GhstCmplx,insomniac
Jay Lumen,insomniac
Luigi Madonna,insomniac
Jose Estrada,insomniac
WLDCT,insomniac
Heat Maxwell,insomniac
Supreme,insomniac
Juicy M,insomniac
Hunter Siegel,insomniac
Astley,insomniac
Vini Vici,insomniac
Antonio Giacca,insomniac
Duvoh,insomniac
Rickyxsan,insomniac
Neptune Project,insomniac
John 00 Fleming,insomniac
Christopher Lawrence,insomniac
CaliNovas,insomniac
Kittens,insomniac
Zombie Killaz,insomniac
Gabriel Habit,insomniac
iE-z,insomniac
ZooFunktion,insomniac
CID,insomniac
Rain Man,insomniac
Mekanikal,insomniac
Radical Redemption,insomniac
Wolfie,insomniac
Boombox Cartel,insomniac
Ronski Speed,insomniac
Dirtcaps,insomniac
Ryan Lofty,insomniac
Eddie Portillo,insomniac
Adriano Pagani,insomniac
TrapPa,insomniac
Stanton Warriors,insomniac
Lindsay Rose,insomniac
AtellaGali,insomniac
Mustard,insomniac
Rotty,insomniac
David Solano,insomniac
Eric J.,insomniac
Marc Houle,insomniac
KSHMR,insomniac
Felguk,insomniac
Alok,insomniac
Kap Slap,insomniac
Team EZY,insomniac
Brennen Grey,insomniac
ALX,insomniac
Carlos Mendoza,insomniac
Victor Ruiz AV Any Mello,insomniac
DJ King,insomniac
Ban Schiavon,insomniac
Nonfiction,insomniac
Josh Billings,insomniac
L.O.O.P,insomniac
Heiken,insomniac
Goldfish,insomniac
DJ Cinara,insomniac
Bernardo Ziembik,insomniac
Ricardo Lin,insomniac
Repow,insomniac
Vintage Culture,insomniac
Sugar Crush,insomniac
PISTLRO,insomniac
Omulu,insomniac
Nedu Lopes,insomniac
Groove Delight,insomniac
Mats,insomniac
Marginal Men,insomniac
Marcelo CIC,insomniac
Jam Thieves,insomniac
Renato Ratier,insomniac
Dirty Noise,insomniac
Chemical Surf,insomniac
BTK,insomniac
ANNA,insomniac
Alex Justino,insomniac
Klingande,insomniac
Giraffage,insomniac
Felix Jaehn,insomniac
Cashmere Cat,insomniac
Octave One,insomniac
Black Tiger Sex Machine,insomniac
Aryay,insomniac
Victor Niglio,insomniac
Danni R,insomniac
ANMLSTYLE,insomniac
Loud Luxury,insomniac
Zav,insomniac
Veniice,insomniac
No Mana,insomniac
Damaged Goods,insomniac
Cocodrills,insomniac
AWT,insomniac
Sevryn,insomniac
JackLNDN,insomniac
Chicane,insomniac
Judge Jules,insomniac
The Partysquad,insomniac
Dave Seaman,insomniac
Matthew Koma,insomniac
Rhettmatic,insomniac
Melo-D,insomniac
D-Styles,insomniac
Babu,insomniac
Landis LaPace,insomniac
Christian Ten,insomniac
Go Freek,insomniac
Shaun Frank,insomniac
Willy Joy,insomniac
Shiba San,insomniac
Far East Movement,insomniac
Alastor,insomniac
Solstis,insomniac
GeoVybe,insomniac
Moon Frog,insomniac
Night Movers,insomniac
Super You&Me,insomniac
Sunny Lax,insomniac
Simon O’Shine,insomniac
Allen & Envy,insomniac
Adam Ellis,insomniac
Ace Ventura,insomniac
Shelco Garcia & Teenwolf,insomniac
Human Resources,insomniac
Kayliox,insomniac
Billon,insomniac
Satin Jackets,insomniac
Ferry Tayle,insomniac
Ruby Rose,insomniac
Genix,insomniac
Christian Smith,insomniac
Delora,insomniac
Miss Kittin,insomniac
My Nu Leng,insomniac
Noize Suppressor,insomniac
Compact 33,insomniac
B-Sides,insomniac
ARMNHMR,insomniac
Madeaux,insomniac
Yogi,insomniac
Thieves,insomniac
DeafMind,insomniac
Consouls,insomniac
Choppa Dunks,insomniac
DIV/IDE,insomniac
Agent Orange,insomniac
Arterial,insomniac
Oscar Da Grouch,insomniac
Mojo,insomniac
Kenny Glasgow,insomniac
Thee Mike B,insomniac
Michael Calfan,insomniac
Ghastly,insomniac
Deep Jesus,insomniac
Mikey Lion,insomniac
Sasha Carassi,insomniac
Super Square,insomniac
FTampa,insomniac
Slumdogg Trillionaire,insomniac
CSTNZA,insomniac
Kill The Buzz,insomniac
Human Life,insomniac
Out Of Hand,insomniac
Light Year,insomniac
Jessie Andrews,insomniac
Nora En Pure,insomniac
Nom De Strip,insomniac
Kryder,insomniac
Prok & Fitch,insomniac
Juliet Fox,insomniac
Harry Romero,insomniac
Graff,insomniac
Barrels,insomniac
Eelke Kleijn,insomniac
Dosem,insomniac
Miss Nine,insomniac
Turner & Heit,insomniac
Mr. Brown,insomniac
Miics,insomniac
Kraftwerk,insomniac
Flava D,insomniac
Twonk Team,insomniac
Fester,insomniac
DJ Trance,insomniac
DJ Stephanie,insomniac
TÂCHES,insomniac
Reset Robot,insomniac
R.A.W.,insomniac
Gammer,insomniac
Bart Skils,insomniac
Nightstalker,insomniac
Toltec,insomniac
Torro Torro,insomniac
Love & Logic,insomniac
KimKat,insomniac
Shahar,insomniac
Paul Raffaele,insomniac
Bosco & Brando,insomniac
Gazzo,insomniac
Kiss The Sky,insomniac
Monoverse,insomniac
Ciszak,insomniac
Matt Altman,insomniac
ROYL,insomniac
Vicetone,insomniac
French Montana,insomniac
Ardalan,insomniac
Gramatik,insomniac
Javi Row,insomniac
Speaker Of The House,insomniac
Popeska,insomniac
NGHTMRE,insomniac
Dimitri From Paris,insomniac
Breathe Carolina,insomniac
Darius,insomniac
Blaise James,insomniac
Jordan Corey,insomniac
Jackal,insomniac
Aaron Jackson,insomniac
Prince Fox,insomniac
Them Jeans,insomniac
CRNKN,insomniac
SNBRN,insomniac
Chris Lorenzo,insomniac
Shift K3Y,insomniac
Daft Punk,insomniac
DJ EZ,insomniac
MitiS,insomniac
Black Sun Empire,insomniac
Pulsatorz,insomniac
Kry Wolf,insomniac
Enei,insomniac
Foreign Concept,insomniac
Low Steppa,insomniac
Gaia (NL),insomniac
Dom Dolla,insomniac
Wave Racer,insomniac
Petey Clicks,insomniac
Neelix,insomniac
Monika Kruse,insomniac
Kasra,insomniac
Hotel Garuda,insomniac
Freedom Fighters,insomniac
Flume,insomniac
Habstrakt,insomniac
Disclosure,insomniac
Gerard Not Gerald,insomniac
AWE,insomniac
Pan-Pot,insomniac
deadmau5,insomniac
Ellen Allien,insomniac
Cubicolor,insomniac
Sylence,insomniac
Psyko Punkz,insomniac
Wasted Penguinz,insomniac
Joey Badass,insomniac
Big Sean,insomniac
Vanilla Ace,insomniac
Sharam Jey,insomniac
TNT,insomniac
4B,insomniac
Paul Ritch,insomniac
Joel Mull,insomniac
Sam Paganini,insomniac
Alan Fitzpatrick,insomniac
Ida Engberg,insomniac
Riggi & Piros,insomniac
Jai Wolf,insomniac
Alison Wonderland,insomniac
Lido,insomniac
GRiZ,insomniac
DJ Marky,insomniac
G Jones,insomniac
Phace,insomniac
Hucci,insomniac
Kiesza,insomniac
Kronology,insomniac
Olivier Giacomotto,insomniac
Yvonne Black,insomniac
Galantis,insomniac
Andres Fresko,insomniac
YG,insomniac
Sneijder,insomniac
Orkidea,insomniac
Louisahhh,insomniac
GoldLink,insomniac
Dip Vertigo,insomniac
Joris Voorn,insomniac
Jauz,insomniac
Alex Arnout,insomniac
UZ,insomniac
Lee K,insomniac
Brisco,insomniac
Ricoshëi,insomniac
Leiel,insomniac
DJ Construct,insomniac
Sebjak,insomniac
Stwo,insomniac
Lunice,insomniac
Sleepy Tom,insomniac
Wiwek,insomniac
Brazzabelle,insomniac
Get Real,insomniac
Ten Walls,insomniac
Nicolas Matar,insomniac
Leikeli47,insomniac
Dirty Audio,insomniac
Catz ‘N Dogz,insomniac
Standerwick,insomniac
Giuseppe Ottaviani,insomniac
Marc Crenshaw,insomniac
Âme,insomniac
Dixon,insomniac
Audiotricz,insomniac
Kim Ann Foxman,insomniac
GRYN,insomniac
Grensta,insomniac
Kleinfinger,insomniac
Rebolledo,insomniac
Jonas Rathsman,insomniac
Thee Cool Cats,insomniac
George Acosta,insomniac
Riva Starr,insomniac
Sgt Slick,insomniac
Richard Vission,insomniac
Nathan Scott,insomniac
AcE,insomniac
Ruckus,insomniac
The String Cheese Incident,insomniac
Dubloadz,insomniac
Ron Reeser,insomniac
Zaa,insomniac
Peking Duk,insomniac
Verse,insomniac
Will Atkinson,insomniac
Philip George,insomniac
Linguistics,insomniac
Ilan Bluestone,insomniac
MC Wrec,insomniac
Harmonik Elektronik (HKEK),insomniac
Negro Salcedo,insomniac
Wallace & Frank,insomniac
Nu:Tone,insomniac
Beckwith,insomniac
Lancelot,insomniac
James Grant,insomniac
Dotcom,insomniac
MDE,insomniac
Z-Trip,insomniac
Poolside,insomniac
Orchard Lounge,insomniac
DJ Jazzy Jeff,insomniac
Graham Funke,insomniac
Beat Junkies,insomniac
Steven Wright,insomniac
wAFF,insomniac
Visionquest,insomniac
Richy Ahmed,insomniac
Pure NRG,insomniac
Miguel Campbell,insomniac
Kevin Wild,insomniac
Oliver Dollar,insomniac
Nic Fanciulli,insomniac
Motez,insomniac
Jay Hardway,insomniac
Vinai,insomniac
Wuki,insomniac
K-oba,insomniac
DJ Paul KOM,insomniac
Truth,insomniac
Fox Stevenson,insomniac
Jonnie King,insomniac
Chillin Killin,insomniac
Yon Teejda,insomniac
LVST,insomniac
Loriana,insomniac
LoHi Stereo,insomniac
Havok,insomniac
Emiliano Martini,insomniac
Custom Soldierz,insomniac
Matthew Dear,insomniac
Anabel Englund,insomniac
Laxx,insomniac
Lookas,insomniac
Getter,insomniac
Tyler Rouse,insomniac
Alex Alecio,insomniac
WeAreTreo,insomniac
Paris Blohm,insomniac
Ben Nicky,insomniac
Mark Sixma,insomniac
IntraphoniC,insomniac
Lassi,insomniac
Casey Rasch,insomniac
Jason Ross,insomniac
Jody Wisternoff,insomniac
Lane 8,insomniac
Lost Kings,insomniac
Lange,insomniac
Omnia,insomniac
Anthony Attalla,insomniac
Slaptop,insomniac
Charity Strike,insomniac
Vindata,insomniac
Matt Egbert,insomniac
TC,insomniac
Snails,insomniac
Solomun,insomniac
Herobust,insomniac
Rico Rox,insomniac
Rickber Serrano,insomniac
MCD & Castaneda,insomniac
Mastachi,insomniac
Joe Parra,insomniac
Gio Rugerio,insomniac
Frank Huber,insomniac
Fede Mina,insomniac
Diego Samar,insomniac
Carlos Belatti,insomniac
Secondcity,insomniac
New World Sound,insomniac
Junkie Kid,insomniac
Jayceeoh,insomniac
Jack Ü,insomniac
Friend Within,insomniac
Climbers,insomniac
Balcazar & Sordo,insomniac
Annie Mac,insomniac
Solar Cage,insomniac
Nava & Bo,insomniac
Lemarroy,insomniac
Cesar Carrillo,insomniac
BSNO,insomniac
Minnesota,insomniac
Kane Michael,insomniac
TrollPhace,insomniac
Eptic,insomniac
Messinian,insomniac
Carlo Lio,insomniac
Johnny Rayburn,insomniac
CaliParis,insomniac
Da Tweekaz,insomniac
Chevy Chase,insomniac
Goshfather & Jinco,insomniac
Luke Bond,insomniac
Roxanne Emery,insomniac
Bo Bruce,insomniac
Britton,insomniac
Jia,insomniac
Robin Schulz,insomniac
Lenno,insomniac
Matisse & Sadko,insomniac
Freddy Be,insomniac
Definitive,insomniac
Heatbeat,insomniac
Corey Sizemore,insomniac
Neoteric,insomniac
Wood Holly,insomniac
NoFace,insomniac
Sinden,insomniac
KC Jones,insomniac
Whyel,insomniac
Feenixpawl,insomniac
Kill Paris,insomniac
Jimmy Stuart,insomniac
Louis Vivet,insomniac
Ysais,insomniac
219 Boys,insomniac
Kaizen,insomniac
2ToneDisco,insomniac
Icona Pop,insomniac
Chus & Ceballos,insomniac
Jenaux,insomniac
Justin James,insomniac
Mija,insomniac
Totally Enormous Extinct Dinosaurs,insomniac
Brady Spear,insomniac
Brandon Elliot,insomniac
Varun,insomniac
Patrik Khach,insomniac
Marcus Schossow,insomniac
Steve Lawler,insomniac
Grandtheft,insomniac
Seth Krafft,insomniac
Wonsik,insomniac
Kotch,insomniac
John Beaver,insomniac
RAM,insomniac
Hunter/Game,insomniac
Alesia,insomniac
Nadia Ali,insomniac
Oliver Smith,insomniac
Maor Levi,insomniac
Dean Mason,insomniac
Caked Up,insomniac
Stoneface & Terminal,insomniac
SPL,insomniac
Andr3x,insomniac
Friction,insomniac
Richy,insomniac
Glitch Matrix,insomniac
Johnny Yono,insomniac
Eva Shaw,insomniac
Tujamo,insomniac
Tropkillaz,insomniac
The Magician,insomniac
The Chainsmokers,insomniac
The Bloody Beetroots,insomniac
Schoolboy Q,insomniac
BRKLYN,insomniac
Recondite,insomniac
Matador,insomniac
Keys N Krates,insomniac
Cassio,insomniac
Route 94,insomniac
Must Die!,insomniac
Saad Ayub,insomniac
James Zabiela,insomniac
Hot Since 82,insomniac
Gaiser,insomniac
Duke Dumont,insomniac
Bob Moses,insomniac
Apollonia,insomniac
Amine Edge & DANCE,insomniac
Nocturne,insomniac
Breakcliche,insomniac
Dallas Mafia,insomniac
Herbology,insomniac
Illustrated,insomniac
Tensnake,insomniac
Arnej,insomniac
Perseus,insomniac
Henry Krinkle,insomniac
MAKJ,insomniac
Collin McLoughlin,insomniac
D.O.D,insomniac
Spartapalooza,insomniac
Doc Martin,insomniac
Tristan D,insomniac
Dzeko & Torres,insomniac
Andhim,insomniac
Fawks,insomniac
Chrome Sparks,insomniac
Gigamesh,insomniac
Hazen,insomniac
Mayhem,insomniac
Pendulum,insomniac
TWRK,insomniac
Brenmar,insomniac
Late Night Alumni,insomniac
Rebourne,insomniac
Daun Giventi,insomniac
ForeverKID,insomniac
Kong Speaks,insomniac
Bynon,insomniac
DJ Tennis,insomniac
Acid Pauli,insomniac
Breach,insomniac
Kidnap,insomniac
Twoloud,insomniac
DJ Sliink,insomniac
Lenny V,insomniac
High Contrast,insomniac
Mark Farina,insomniac
Donald Glaude,insomniac
DJ Heather,insomniac
Charles Feelgood,insomniac
Timmy Trumpet,insomniac
Joel Fletcher,insomniac
Shmitty,insomniac
Moon Boots,insomniac
Maxim,insomniac
Green Lantern,insomniac
Fred V & Grafix,insomniac
Etherwood,insomniac
Bare,insomniac
ZYA,insomniac
Kristina Antuna,insomniac
Eric Lumiere,insomniac
Alex M.O.R.P.H.,insomniac
SLANDER,insomniac
Arctic Moon,insomniac
JES,insomniac
Kicks N Licks,insomniac
MaRLo,insomniac
Photographer,insomniac
Sound Remedy,insomniac
Sick Individuals,insomniac
Cole Plante,insomniac
Henrix,insomniac
Antiserum,insomniac
OVERWERK,insomniac
Solarstone,insomniac
Lil Jon,insomniac
Andybody,insomniac
LA Riots,insomniac
Grum,insomniac
Project 46,insomniac
Dknow (MC Dino),insomniac
Arno Cost,insomniac
Vice Versa,insomniac
Phuse,insomniac
Planet Rock,insomniac
Crespo,insomniac
Landis,insomniac
Dimibo,insomniac
EL & FUNK,insomniac
Zima,insomniac
Convex,insomniac
Vena Cava,insomniac
WolfSnarling,insomniac
FlightRisK,insomniac
Evil Twin,insomniac
Ari Kyle,insomniac
André Saint-Albin,insomniac
Modus,insomniac
AVE & EFX,insomniac
Kactuz,insomniac
Amtrac,insomniac
The Interns,insomniac
Disco Fries,insomniac
Saeed Younan,insomniac
Christina Novelli,insomniac
Erik Hagleton,insomniac
Chris Garcia,insomniac
Helena Legend,insomniac
The Crystal Method,insomniac
Borgeous,insomniac
Lee Wells,insomniac
Botnek,insomniac
DArrigo,insomniac
Jordan V,insomniac
La’Reda,insomniac
Mister Blaqk,insomniac
David Delano,insomniac
J.Phlip,insomniac
Yordan & Dead Space,insomniac
OOF,insomniac
Drums On Acid,insomniac
Chaser,insomniac
BLAUS,insomniac
Vice,insomniac
Ashley Wallbridge,insomniac
Big Gigantic,insomniac
Kygo,insomniac
Don Diablo,insomniac
Steve Castro,insomniac
EC Twins,insomniac
Lema,insomniac
Skrillex,insomniac
Milo & Otis,insomniac
Durante,insomniac
Ape Drums,insomniac
Baumer,insomniac
Axwell Λ Ingrosso,insomniac
Erizo,insomniac
Mystical Influence,insomniac
Sniper,insomniac
Fury,insomniac
DBLCRSSD,insomniac
Mr. Carmack,insomniac
Destroid,insomniac
Benny Benassi,insomniac
Sluggers,insomniac
Pegboard Nerds,insomniac
Angerfist,insomniac
Astral Projection,insomniac
Astrix,insomniac
Audio,insomniac
Audiofreq,insomniac
Becky Hill,insomniac
Chocolate Puma,insomniac
Chromeo,insomniac
Deorro,insomniac
Diplo,insomniac
DJ Dan,insomniac
Djemba Djemba,insomniac
Ed Rush,insomniac
Eric Volta,insomniac
Fehrplay,insomniac
George FitzGerald,insomniac
Hardwell,insomniac
Henrik B,insomniac
Henry Fong,insomniac
I Am Legion,insomniac
Jeremy Olander,insomniac
Jimmy Edgar,insomniac
Jordan Suckley,insomniac
Julio Bashmore,insomniac
Kennedy Jones,insomniac
Kove,insomniac
Le Youth,insomniac
LNY TNZ,insomniac
Loudpvck,insomniac
Luciano,insomniac
MOTi,insomniac
Mr. Oizo,insomniac
Oliver Heldens,insomniac
Ookay,insomniac
Optical,insomniac
Party Favor,insomniac
Paul Oakenfold,insomniac
Paul van Dyk,insomniac
Plastic Plates,insomniac
Protohype,insomniac
Syn Cole,insomniac
Tatanka,insomniac
Tchami,insomniac
The Glitch Mob,insomniac
Trippy Turtle,insomniac
Two Fresh,insomniac
Adrenalize,insomniac
DJ Spider,insomniac
Orjan Nilsen,insomniac
Cash Cash,insomniac
Yellow Claw,insomniac
Ummet Ozcan,insomniac
MK,insomniac
DJ Eddie Alvarez,insomniac
Andrew Rayel,insomniac
Mercer,insomniac
Just Be (Bushwacka!),insomniac
Blasterjaxx,insomniac
Alvaro,insomniac
Dani Shuk,insomniac
JCL,insomniac
TUFFKDS!,insomniac
Skream,insomniac
Rudimental,insomniac
Martin Garrix,insomniac
Mano Le Tough,insomniac
Kastle,insomniac
Good Times Ahead,insomniac
Gesaffelstein,insomniac
Dusky,insomniac
Danny Daze,insomniac
Brodinski,insomniac
Breeazy,insomniac
Will Sparks,insomniac
What So Not,insomniac
TJR,insomniac
Sian,insomniac
Pig & Dan,insomniac
Michael Brun,insomniac
Joseph Capriati,insomniac
Gorgon City,insomniac
DJ Snake,insomniac
Cory Enemy,insomniac
Branchez,insomniac
Sam Koen,insomniac
Moose & Bear,insomniac
DJ Gooz,insomniac
Jorge Nava,insomniac
Marco Almanza,insomniac
Tom & Collins,insomniac
Rossell,insomniac
Corporate Slackrs,insomniac
fishFOOD,insomniac
SugarBeats,insomniac
Emmy J,insomniac
Subconxious,insomniac
Sean Drake,insomniac
Candyland,insomniac
Valentino Khan,insomniac
3LAU,insomniac
Moska,insomniac
Salva,insomniac
New World Punx,insomniac
Emma Hewitt,insomniac
Prolix,insomniac
Eats Everything,insomniac
Baggi,insomniac
High Frequencies,insomniac
SNR,insomniac
Fista Cuffs,insomniac
T-Mass,insomniac
Twofold,insomniac
M.A.D.E. & bassCASE,insomniac
Dr. Fresch,insomniac
Lauro Martins,insomniac
Firebeatz,insomniac
The Martinez Brothers,insomniac
Maztek,insomniac
HXV,insomniac
Gosteffects,insomniac
DVBBS,insomniac
Cajmere,insomniac
Jon Delgado,insomniac
Caleb Calloway,insomniac
Xtasys,insomniac
Gulembo,insomniac
Gera Miranda,insomniac
Digital LAB,insomniac
Congorock,insomniac
Stu-Con,insomniac
Vincent Rayne,insomniac
TOER,insomniac
SirensCeol,insomniac
SAYMYNAME,insomniac
Rhythmics,insomniac
Next Order,insomniac
Mako,insomniac
Krzysztof Chochlow,insomniac
Funk Effect,insomniac
Free Drinkz,insomniac
DJ Denise,insomniac
City 17,insomniac
Castor Troy,insomniac
Cappa Regime,insomniac
AndDrop!,insomniac
Bunny,insomniac
Jason Bentley,insomniac
Sweet & Low,insomniac
January Black,insomniac
Nick G,insomniac
Orville Kline,insomniac
Brett Rubin,insomniac
Wax Motif,insomniac
Craig Williams,insomniac
Idris Elba,insomniac
CK,insomniac
Pasquale Rotella,insomniac
Inphinity,insomniac
Charles Meyer,insomniac
Ommi,insomniac
Emerge,insomniac
Animale,insomniac
LyonHart,insomniac
Just Blaze,insomniac
Yoji Biomehanika,insomniac
Tuneboy,insomniac
Darren Styles,insomniac
Crisis Era,insomniac
Alex Kidd,insomniac
A-lusion,insomniac
Dyro,insomniac
araabMUZIK,insomniac
Yousef,insomniac
Sasha,insomniac
Claude VonStroke,insomniac
Boys Noize,insomniac
Dog Blood,insomniac
Pete Tong,insomniac
Indecent Noise,insomniac
Bryan Kearney,insomniac
Booka Shade,insomniac
Oliver,insomniac
Flosstradamus,insomniac
Dillon Francis,insomniac
A-Trak,insomniac
Baauer,insomniac
Alvin Risk,insomniac
Alex Metric,insomniac
Vecs,insomniac
Monkey Freakz,insomniac
Static & Bass,insomniac
Festiva,insomniac
Cy Kosis,insomniac
The Robot Dentist,insomniac
Chomstars,insomniac
FemmeBOT,insomniac
Mark Keyo,insomniac
Magnosis,insomniac
Voodoo Tribe,insomniac
Odmark,insomniac
Wolfgang Gartner,insomniac
ETC!ETC!,insomniac
Carnage,insomniac
Seven Lions,insomniac
Tony Arzadon,insomniac
Freddy Todd,insomniac
Armanni Reign,insomniac
DAVI,insomniac
Tom Staar,insomniac
Ben Gold,insomniac
Stamina MC,insomniac
Caspa,insomniac
Crookers,insomniac
Keith MacKenzie,insomniac
Fallen,insomniac
Soul Clap,insomniac
Destructo,insomniac
Swanky Tunes,insomniac
Audien,insomniac
Dani Deahl,insomniac
Tiga,insomniac
Anna Lunoe,insomniac
Scot Project,insomniac
Kutski,insomniac
Eric Prydz,insomniac
LIBK,insomniac
KhemehK,insomniac
Gutter Brothers,insomniac
Deformaty,insomniac
SKisM,insomniac
Alex Young,insomniac
Metrik,insomniac
Mz Worthy,insomniac
Wolf + Lamb,insomniac
Tittsworth,insomniac
Thugfucker,insomniac
DJ Three,insomniac
The Upbeats,insomniac
Terravita,insomniac
Tale Of Us,insomniac
Rene LaVice,insomniac
Popof,insomniac
Nick Monaco,insomniac
Nadastrom,insomniac
Michael Mayer,insomniac
Luminox,insomniac
L-Vis 1990,insomniac
Kill Frenzy,insomniac
Huxley,insomniac
DJ Fresh,insomniac
Christian Martin,insomniac
Bro Safari,insomniac
Brillz,insomniac
BLOND:ISH,insomniac
Bad Boy Bill,insomniac
Blake Jarrell,insomniac
Dynamite MC,insomniac
Julian Jordan,insomniac
Subb-an,insomniac
State of Mind,insomniac
Maya Jane Coles,insomniac
Matrix & Futurebound,insomniac
Maceo Plex,insomniac
Doc Brown,insomniac
Rob N,insomniac
Francesca Lombardo,insomniac
PsoGnar,insomniac
The Esseph,insomniac
Fiasko Daniels,insomniac
Milian,insomniac
Paris Burns,insomniac
Shapes Of Light,insomniac
Drezo,insomniac
Falcon,insomniac
M35,insomniac
Tommie Sunshine,insomniac
Adam Share,insomniac
Blur The Technicolor,insomniac
Kayzo,insomniac
Gydyr,insomniac
Cook,insomniac
T-Wrecks,insomniac
Alex Sibley,insomniac
Felicity,insomniac
Carl Craig,insomniac
AK1200,insomniac
Nerd Rage,insomniac
Pierce Fulton,insomniac
Noel Sanger,insomniac
Hook N Sling,insomniac
DJ Icey,insomniac
Infected Mushroom,insomniac
Audrey Napoleon,insomniac
Rebecca & Fiona,insomniac
Liquid Stranger,insomniac
Hobo,insomniac
Fake Blood,insomniac
Doorly,insomniac
Burns,insomniac
YoBill,insomniac
Vibeshock,insomniac
The Beat Kidz,insomniac
Steve Prior,insomniac
Slogun & iOh,insomniac
Donnie Brooks,insomniac
RYKR,insomniac
Novaspace,insomniac
MSTREX,insomniac
Mr. Brooks,insomniac
Monstergetdown,insomniac
Kundo,insomniac
INDO,insomniac
Tory Tee,insomniac
Clinton VanSciver,insomniac
Alpine,insomniac
K Theory,insomniac
Dyloot,insomniac
Justin Martin,insomniac
TOKiMONSTA,insomniac
RL Grime,insomniac
Clockwork,insomniac
Wolves Can Riot,insomniac
Propane,insomniac
Lauren Lane,insomniac
King Arthur,insomniac
DaNo,insomniac
DallasK,insomniac
Bare Noize,insomniac
Justin Jay,insomniac
Astronomar,insomniac
Danny Avila,insomniac
16BL,insomniac
tyDi,insomniac
The Prototypes,insomniac
Planet of the Drums,insomniac
Orbital,insomniac
Neon Indian,insomniac
Myon & Shane 54,insomniac
John Dahlbäck,insomniac
Jamie Jones,insomniac
Gui Boratto,insomniac
Flinch,insomniac
KO:YU,insomniac
Darin Epsilon,insomniac
Damian Lazarus,insomniac
Culture Shock,insomniac
Cosmic Gate,insomniac
Boom Jinx,insomniac
Axwell,insomniac
Andy C,insomniac
Brainchild,insomniac
Tatiana,insomniac
Arboles Pintados,insomniac
No Body,insomniac
Von Don,insomniac
David Hiller,insomniac
Singularity,insomniac
Josh Evans,insomniac
The Pitcher,insomniac
Mitchell Claxton,insomniac
Gladiator,insomniac
Paris & Simo,insomniac
Joman,insomniac
RJ Van Xetten,insomniac
Fabian Campos,insomniac
Posso,insomniac
James Egbert,insomniac
Virtu,insomniac
DSKOTEK,insomniac
Shae B,insomniac
Prince Club,insomniac
Matt Black,insomniac
Bones,insomniac
Bixel Boys,insomniac
Super8 & Tab,insomniac
Sandro Silva,insomniac
Rusko,insomniac
Major Lazer,insomniac
Cookie Monsta,insomniac
Bingo Players,insomniac
Andrew Bayer,insomniac
Zatox,insomniac
Wildstylez,insomniac
DJ The Prophet,insomniac
Ran-D,insomniac
Noisecontrollers,insomniac
Max Enforcer,insomniac
Frontliner,insomniac
Evil Activities,insomniac
Caffeine,insomniac
Dannic,insomniac
Guy Gerber,insomniac
Gina Turner,insomniac
Cazzette,insomniac
Madeon,insomniac
Sied van Riel,insomniac
Shy FX,insomniac
Shermanology,insomniac
Seth Troxler,insomniac
Robbie Rivera,insomniac
Oscar G,insomniac
Lee Foss,insomniac
Krewella,insomniac
Goldie,insomniac
Fatboy Slim,insomniac
Dieselboy,insomniac
Craze,insomniac
Chriss Vargas,insomniac
Cassy,insomniac
Art Department,insomniac
AC Slater,insomniac
Tommy Trash,insomniac
Feed Me,insomniac
Norin & Rad,insomniac
Sander van Doorn,insomniac
Richie Hawtin,insomniac
Rank 1,insomniac
Pretty Lights,insomniac
Porter Robinson,insomniac
Noisia,insomniac
NERO,insomniac
MSTRKRFT,insomniac
Modestep,insomniac
Moby,insomniac
Matt Lange,insomniac
Mat Zo,insomniac
Martin Solveig,insomniac
Loco Dice,insomniac
Laidback Luke,insomniac
Lady Faith,insomniac
Kristina Sky,insomniac
Knife Party,insomniac
Kill The Noise,insomniac
Josh Wink,insomniac
Joachim Garraud,insomniac
Jaytech,insomniac
Jack Beats,insomniac
Adrian Lux,insomniac
DJ Isaac,insomniac
DJ Hype,insomniac
Funkagenda,insomniac
Flux Pavilion,insomniac
Figure,insomniac
Ferry Corsten,insomniac
Excision,insomniac
Ed Rush & Optical,insomniac
Downlink,insomniac
Dennis Ferrer,insomniac
Delta Heavy,insomniac
David Guetta,insomniac
Darksiderz,insomniac
Danny Tenaglia,insomniac
Dada Life,insomniac
Coone,insomniac
Chuckie,insomniac
Chris Lake,insomniac
Chase & Status,insomniac
Carl Cox,insomniac
Audio Rock,insomniac
Troy Kurtz,insomniac
Richie Panic,insomniac
Matrixxman,insomniac
Adam Auburn,insomniac
Calvin Harris,insomniac
BT,insomniac
Brennan Heart,insomniac
Alesso,insomniac
Camo & Krooked,insomniac
Afrojack,insomniac
Adventure Club,insomniac
Above & Beyond,insomniac
Ruff Hauser,insomniac
Oscure,insomniac
David Steven,insomniac
Harvard Bass,insomniac
John O’Callaghan,insomniac
MistaJam,insomniac
Bit Funk,insomniac
Jon Rundell,insomniac
John Digweed,insomniac
Max Vangeli,insomniac
Netsky,insomniac
Norman Doray,insomniac
Raíz,insomniac
Shogun,insomniac
Sidney Samson,insomniac
Steve Aoki,insomniac
Treasure Fingers,insomniac
Zedd,insomniac
Felix Cartal,insomniac
EDX,insomniac
Endymion,insomniac
Dubfire,insomniac
Chris Liebing,insomniac
AutoErotique,insomniac
Adam Beyer,insomniac
Armin van Buuren,insomniac
Sub Focus,insomniac
Nervo,insomniac
Dash Berlin,insomniac
Zeds Dead,insomniac
Zany,insomniac
Wilkinson,insomniac
Umek,insomniac
Zomboy,insomniac
Tritonal,insomniac
Tiësto,insomniac
Third Party,insomniac
Sultan + Shepard,insomniac
Steve Angello,insomniac
R3HAB,insomniac
Moguai,insomniac
Paco Osuna,insomniac
Markus Schulz,insomniac
Marco Carola,insomniac
Jochen Miller,insomniac
FuntCase,insomniac
Dimitri Vegas & Like Mike,insomniac
Dodge & Fuski,insomniac
Doctor P,insomniac
Crizzly,insomniac
Cedric Gervais,insomniac
Brookes Brothers,insomniac
Borgore,insomniac
Quintino,insomniac
AN21,insomniac
ATB,insomniac
Paper Diamond,insomniac
Clutch,insomniac
Headhunterz,insomniac
Green Velvet,insomniac
Trouble,insomniac
Matt Deco,insomniac
Aly & Fila,insomniac
Marco V,insomniac
Pleasurekraft,insomniac
Victor Calderone,insomniac
Mark Knight,insomniac
Droog,insomniac
Bassjackers,insomniac
Sigma,insomniac
Loadstar,insomniac
Dirtyphonics,insomniac
Joaquin Bamaca,insomniac
Kyau & Albert,insomniac
Sean Tyas,insomniac
Simon Patterson,insomniac
D-Block & S-te-Fan,insomniac
Showtek,insomniac
Michael Woods,insomniac
Gabriel & Dresden,insomniac
Sebastian Ingrosso,insomniac
Morgan Page,insomniac
Kaskade,insomniac
W&W,insomniac
Trent Cantrelle,insomniac
Technoboy,insomniac
Sunnery James & Ryan Marciano,insomniac
S.P.Y,insomniac
Nicky Romero,insomniac
Manufactured Superstars,insomniac
Gareth Emery,insomniac
Fedde Le Grand,insomniac
Dirty South,insomniac
Calyx & TeeBee,insomniac
Avicii,insomniac
Arty,insomniac
12th Planet,insomniac
Thomas Gold,insomniac
Stafford Brothers,insomniac