,Hostname,Stage Name,Artist,Timeslot,Date,Year,Day,Weekend,Genre
0,The Gathering,The Gathering,DJ Kaspa,13:30 - 14:15,20 July,2023,Thursday,Weekend 1,Techno
1,The Gathering,The Gathering,Donelly,14:15 - 15:00,20 July,2023,Thursday,Weekend 1,Pop
2,The Gathering,The Gathering,Livado,15:00 - 15:45,20 July,2023,Thursday,Weekend 1,House
3,The Gathering,The Gathering,Laura Hoogland,15:45 - 16:30,20 July,2023,Thursday,Weekend 1,Trance
4,The Gathering,The Gathering,Prinz,16:30 - 17:15,20 July,2023,Thursday,Weekend 1,Techno
5,The Gathering,The Gathering,Amari,17:15 - 18:00,20 July,2023,Thursday,Weekend 1,House
6,The Gathering,The Gathering,Emilija,18:00 - 18:45,20 July,2023,Thursday,Weekend 1,Techno
7,The Gathering,The Gathering,Makasi,18:45 - 19:30,20 July,2023,Thursday,Weekend 1,House
8,The Gathering,The Gathering,Maxim Lany,19:30 - 20:15,20 July,2023,Thursday,Weekend 1,"House, Deep House"
9,The Gathering,The Gathering,USED,20:15 - 21:00,20 July,2023,Thursday,Weekend 1,"Hardstyle, Rawstyle"
10,The Gathering,The Gathering,Amber Broos,21:00 - 21:45,20 July,2023,Thursday,Weekend 1,Techno
11,The Gathering,The Gathering,Alok,21:45 - 22:30,20 July,2023,Thursday,Weekend 1,Commercial Dance
12,The Gathering,The Gathering,Dimitri Vegas & Like Mike,22:30 - 23:15,20 July,2023,Thursday,Weekend 1,Commercial Dance
13,The Gathering,The Gathering,Sub Zero Project,23:15 - 00:00,20 July,2023,Thursday,Weekend 1,Commercial Dance
14,Drumcode,Atmosphere,SHDDR,12:00 - 14:00,21 July,2023,Friday,Weekend 1,"Electronic, Techno"
15,Drumcode,Atmosphere,Carmen Lisa,14:00 - 16:00,21 July,2023,Friday,Weekend 1,"Pop, R&B"
16,Drumcode,Atmosphere,Juliet Fox,16:00 - 18:00,21 July,2023,Friday,Weekend 1,Tech House
17,Drumcode,Atmosphere,Eli Brown,18:00 - 19:30,21 July,2023,Friday,Weekend 1,"Commercial Dance, Electronica, Tech House, Traditional House"
18,Drumcode,Atmosphere,HI-LO b2b Layton Giordani,19:30 - 21:30,21 July,2023,Friday,Weekend 1,Techno
19,Drumcode,Atmosphere,Joris Voorn,21:30 - 23:00,21 July,2023,Friday,Weekend 1,"Tech House, Techno"
20,Drumcode,Atmosphere,Adam Beyer,23:00 - 01:00,21 July,2023,Friday,Weekend 1,Techno
21,Cage,Cage,Wanton,12:00 - 14:00,21 July,2023,Friday,Weekend 1,Electronic
22,Cage,Cage,Jan Vercauteren,14:00 - 16:00,21 July,2023,Friday,Weekend 1,"Electronic, House, Techno"
23,Cage,Cage,Patrick Mason,16:00 - 18:00,21 July,2023,Friday,Weekend 1,"Trance, Progressive House"
24,Cage,Cage,Cera Khin,18:00 - 19:30,21 July,2023,Friday,Weekend 1,"Techno, Electro"
25,The Gathering,The Gathering,DJ Kaspa,13:30 - 14:15,20 July,2023,Thursday,Weekend 1,Techno
26,Cage,Cage,Paula Temple,21:00 - 23:00,21 July,2023,Friday,Weekend 1,"Electronica, Techno"
27,Core,CORE,Asian Sal,12:30 - 14:30,21 July,2023,Friday,Weekend 1,"Hip-Hop, Rap"
28,Core,CORE,Ava Eva,14:30 - 16:00,21 July,2023,Friday,Weekend 1,Techno
29,Core,CORE,Chloé Caillet,16:00 - 17:30,21 July,2023,Friday,Weekend 1,"Electronic, House"
30,Core,CORE,Dino Lenny,17:30 - 19:00,21 July,2023,Friday,Weekend 1,"Commercial Dance, Electronica, Progressive House, Techno, Traditional House"
31,Core,CORE,Krystal Klear,19:00 - 21:00,21 July,2023,Friday,Weekend 1,"Tech House, Traditional House"
32,Core,CORE,Folamour,21:00 - 23:00,21 July,2023,Friday,Weekend 1,"House, Disco"
33,Core,CORE,Special Request,23:00 - 01:00,21 July,2023,Friday,Weekend 1,Commercial Dance
34,Crystal Garden,Crystal Garden,D&W,12:00 - 13:30,21 July,2023,Friday,Weekend 1,"Techno, Acid Techno"
35,Crystal Garden,Crystal Garden,Tom & Collins,13:30 - 15:00,21 July,2023,Friday,Weekend 1,"Electronica, Tech House, Traditional House"
36,Crystal Garden,Crystal Garden,HoneyLuv,15:00 - 16:00,21 July,2023,Friday,Weekend 1,"House, Electro House"
37,Crystal Garden,Crystal Garden,Matt Guy,16:00 - 17:30,21 July,2023,Friday,Weekend 1,"House, Techno"
38,Crystal Garden,Crystal Garden,LP Giobbi,17:30 - 19:00,21 July,2023,Friday,Weekend 1,House
39,Crystal Garden,Crystal Garden,LF System,19:00 - 20:30,21 July,2023,Friday,Weekend 1,"House, Tech House"
40,Crystal Garden,Crystal Garden,Solardo,20:30 - 22:00,21 July,2023,Friday,Weekend 1,"Electro House, Tech House, Traditional House"
41,Crystal Garden,Crystal Garden,Purple Disco Machine,22:00 - 00:00,21 July,2023,Friday,Weekend 1,"Deep House, Funk House, Disco House"
42,The Mangrove,Elixir,Milinguap,13:00 - 14:30,21 July,2023,Friday,Weekend 1,Techno
43,The Mangrove,Elixir,Soul Shakers,14:30 - 16:00,21 July,2023,Friday,Weekend 1,"House, Disco"
44,The Mangrove,Elixir,BAVR,16:00 - 17:30,21 July,2023,Friday,Weekend 1,"Hardstyle, Rawstyle"
45,The Mangrove,Elixir,Flo Windey ft. Skyve,17:30 - 18:30,21 July,2023,Friday,Weekend 1,"Techno, House"
46,The Mangrove,Elixir,MagiK,18:30 - 19:30,21 July,2023,Friday,Weekend 1,"Trance, Psy-Trance"
47,The Mangrove,Elixir,Hyalyte,19:30 - 20:30,21 July,2023,Friday,Weekend 1,"Dubstep, Bass Music"
48,The Mangrove,Elixir,DJ NC,20:30 - 22:00,21 July,2023,Friday,Weekend 1,"House, Techno"
49,The Mangrove,Elixir,Kamal Bankay,22:00 - 23:30,21 July,2023,Friday,Weekend 1,Unknown
50,Cage,Cage,SPFDJ,19:30 - 21:00,21 July,2023,Friday,Weekend 1,Techno
51,Freedom by Budweiser,Freedom,Maxi Meraki,12:00 - 13:30,21 July,2023,Friday,Weekend 1,"Electronic, House, Techno"
52,Freedom by Budweiser,Freedom,Mooglie,13:30 - 15:00,21 July,2023,Friday,Weekend 1,"House, Techno"
53,Freedom by Budweiser,Freedom,Mau P,15:00 - 16:30,21 July,2023,Friday,Weekend 1,"Hip-Hop, Rap"
54,Freedom by Budweiser,Freedom,Agents Of Time (Live),16:30 - 18:00,21 July,2023,Friday,Weekend 1,Techno
55,Freedom by Budweiser,Freedom,Meduza,18:00 - 19:30,21 July,2023,Friday,Weekend 1,House
56,Freedom by Budweiser,Freedom,Mathame,19:30 - 21:00,21 July,2023,Friday,Weekend 1,Techno
57,Freedom by Budweiser,Freedom,Kölsch,21:00 - 23:00,21 July,2023,Friday,Weekend 1,Commercial Dance
58,Freedom by Budweiser,Freedom,Eric Prydz presents HOLO,23:00 - 00:30,21 July,2023,Friday,Weekend 1,"Progressive House, Techno"
59,Mainstage,Mainstage,Daybreak session: Claptone,12:00 - 14:30,21 July,2023,Friday,Weekend 1,"House, Deep House, Tech House"
60,Mainstage,Mainstage,Anfisa Letyago,14:30 - 15:30,21 July,2023,Friday,Weekend 1,Techno
61,Mainstage,Mainstage,Andromedik,15:30 - 16:30,21 July,2023,Friday,Weekend 1,Drum & Bass
62,Mainstage,Mainstage,Henri PFR,16:30 - 17:30,21 July,2023,Friday,Weekend 1,"Commercial Dance, Electronica, Traditional House"
63,Mainstage,Mainstage,MATTN,17:35 - 18:35,21 July,2023,Friday,Weekend 1,"Commercial Dance, Traditional House"
64,Mainstage,Mainstage,Vini Vici,18:40 - 19:40,21 July,2023,Friday,Weekend 1,"Psychedelic Trance, Trance"
65,Mainstage,Mainstage,Amelie Lens,19:40 - 20:40,21 July,2023,Friday,Weekend 1,"Electronica, Techno, Trance"
66,Mainstage,Mainstage,Sunnery James & Ryan Marciano,20:40 - 21:40,21 July,2023,Friday,Weekend 1,Electro House
67,Mainstage,Mainstage,Steve Angello,21:45 - 22:45,21 July,2023,Friday,Weekend 1,Progressive House
68,Mainstage,Mainstage,The Chainsmokers,22:50 - 23:50,21 July,2023,Friday,Weekend 1,Commercial Dance
69,Mainstage,Mainstage,Tiësto,23:50 - 00:50,21 July,2023,Friday,Weekend 1,"Commercial Dance, Big Room"
70,Moosebar,Moosebar,Jelle DK,12:00 - 16:00,21 July,2023,Friday,Weekend 1,"Electronic, Dance, House"
71,Moosebar,Moosebar,Michael More,16:00 - 19:00,21 July,2023,Friday,Weekend 1,"Electronic, Dance, House"
72,Moosebar,Moosebar,Partyfriex,19:00 - 20:00,21 July,2023,Friday,Weekend 1,"Dance, Pop"
73,Moosebar,Moosebar,F.R.A.N.K,20:00 - 00:00,21 July,2023,Friday,Weekend 1,"Dance, Pop"
74,Rise,Rise,DJ Daan,12:30 - 14:00,21 July,2023,Friday,Weekend 1,Commercial Dance
75,The Mangrove,Elixir,Audiowave,23:30 - 01:00,21 July,2023,Friday,Weekend 1,"Trance, Psy-Trance"
76,Rise,Rise,Lucca van Damme,15:00 - 16:00,21 July,2023,Friday,Weekend 1,Commercial Dance
77,Rise,Rise,Varoc,16:00 - 17:00,21 July,2023,Friday,Weekend 1,Commercial Dance
78,Rise,Rise,Nils Hoffmann,17:00 - 18:00,21 July,2023,Friday,Weekend 1,"House, Techno"
79,Rise,Rise,Nora En Pure,18:00 - 19:30,21 July,2023,Friday,Weekend 1,Commercial Dance
80,Rise,Rise,NTO,19:30 - 21:00,21 July,2023,Friday,Weekend 1,"Electronic, Techno"
81,Rise,Rise,Franky Wah,21:00 - 22:30,21 July,2023,Friday,Weekend 1,"House, Techno"
82,Rise,Rise,Marsh,22:00 - 00:00,21 July,2023,Friday,Weekend 1,"Deep House, Progressive House"
83,Terra Solis,Terra Solis,Kap's,12:00 - 13:30,21 July,2023,Friday,Weekend 1,"Electronic, House, Techno"
84,Terra Solis,Terra Solis,Mosoo,13:30 - 15:00,21 July,2023,Friday,Weekend 1,Electronic
85,Terra Solis,Terra Solis,Dorian Craft,15:00 - 16:30,21 July,2023,Friday,Weekend 1,"Electronic, House, Techno"
86,Terra Solis,Terra Solis,MoBlack,16:30 - 18:00,21 July,2023,Friday,Weekend 1,Afrohouse
87,Terra Solis,Terra Solis,Kasango,18:00 - 19:30,21 July,2023,Friday,Weekend 1,"Electronic, House, Techno"
88,Terra Solis,Terra Solis,Philou Louzolo,19:30 - 21:00,21 July,2023,Friday,Weekend 1,Electronic
89,Terra Solis,Terra Solis,Airrica,21:00 - 23:30,21 July,2023,Friday,Weekend 1,Techno
90,Lost Frequencies & Friends,The Library,Netsky,00:00 - 01:00,21 July,2023,Friday,Weekend 1,Drum & Bass
91,Lost Frequencies & Friends,The Library,AdamK,12:00 - 13:00,21 July,2023,Friday,Weekend 1,"Electronic, Dance"
92,Lost Frequencies & Friends,The Library,Marwan Dua,13:00 - 14:00,21 July,2023,Friday,Weekend 1,Electronic
93,Lost Frequencies & Friends,The Library,Chemical Surf,14:00 - 15:00,21 July,2023,Friday,Weekend 1,"Tech House, House"
94,Lost Frequencies & Friends,The Library,Bleu Clair,15:00 - 16:00,21 July,2023,Friday,Weekend 1,"Bass House, Tech House"
95,Lost Frequencies & Friends,The Library,Omdat Het Kan Soundsystem ft. Average Rob,16:00 - 17:00,21 July,2023,Friday,Weekend 1,"EDM, Trap"
96,Lost Frequencies & Friends,The Library,The Magician,17:00 - 18:00,21 July,2023,Friday,Weekend 1,Indie / Underground
97,Lost Frequencies & Friends,The Library,Wax Motif,18:00 - 19:00,21 July,2023,Friday,Weekend 1,Commercial Dance
98,Lost Frequencies & Friends,The Library,Marten Hørger,19:00 - 20:00,21 July,2023,Friday,Weekend 1,Commercial Dance
99,Lost Frequencies & Friends,The Library,Sonny Fodera,20:00 - 21:00,21 July,2023,Friday,Weekend 1,Traditional House
100,Rise,Rise,DJ Michelle,14:00 - 15:00,21 July,2023,Friday,Weekend 1,Commercial Dance
101,Lost Frequencies & Friends,The Library,Lost Frequencies,22:00 - 23:00,21 July,2023,Friday,Weekend 1,"Electro House, Electronica, Traditional House"
102,Lost Frequencies & Friends,The Library,Oliver Heldens,23:00 - 00:00,21 July,2023,Friday,Weekend 1,"Electro House, Electronica, Techno"
103,Burenhinder,The Rave Cave,Lexi,13:00 - 14:30,21 July,2023,Friday,Weekend 1,"Techno, House"
104,Burenhinder,The Rave Cave,Jane Muss,14:30 - 16:00,21 July,2023,Friday,Weekend 1,Electronic
105,Burenhinder,The Rave Cave,Jazie,16:00 - 17:00,21 July,2023,Friday,Weekend 1,"Hip Hop, Rap"
106,Burenhinder,The Rave Cave,Stella K,17:00 - 18:00,21 July,2023,Friday,Weekend 1,"Pop, R&B"
107,Burenhinder,The Rave Cave,Myu:sa,18:00 - 19:00,21 July,2023,Friday,Weekend 1,"House, Techno"
108,Burenhinder,The Rave Cave,LOLITA,19:00 - 20:00,21 July,2023,Friday,Weekend 1,Commercial Dance
109,Burenhinder,The Rave Cave,Waltur,20:00 - 21:00,21 July,2023,Friday,Weekend 1,"Techno, House"
110,Burenhinder,The Rave Cave,Instar,21:00 - 22:00,21 July,2023,Friday,Weekend 1,"Trance, Progressive House"
111,Burenhinder,The Rave Cave,Gitzwart,22:00 - 23:00,21 July,2023,Friday,Weekend 1,"Techno, House"
112,Burenhinder,The Rave Cave,Burenhinder b4b,23:00 - 00:00,21 July,2023,Friday,Weekend 1,"Hardcore, Hardstyle"
113,Rampage,The Rose Garden,Maze,12:00 - 13:30,21 July,2023,Friday,Weekend 1,Drum & Bass
114,Rampage,The Rose Garden,Monrroe & Duskee,13:30 - 15:00,21 July,2023,Friday,Weekend 1,Drum & Bass
115,Rampage,The Rose Garden,A Little Sound,15:00 - 16:00,21 July,2023,Friday,Weekend 1,"Trance, Psy-Trance"
116,Rampage,The Rose Garden,Dr Ushuu B2B Ivory,16:00 - 17:00,21 July,2023,Friday,Weekend 1,"Dubstep, Bass Music"
117,Rampage,The Rose Garden,Grafix,17:00 - 18:00,21 July,2023,Friday,Weekend 1,Drum & Bass
118,Rampage,The Rose Garden,Hazard,18:00 - 19:00,21 July,2023,Friday,Weekend 1,Commercial Dance
119,Rampage,The Rose Garden,Murdock,19:00 - 20:00,21 July,2023,Friday,Weekend 1,Drum & Bass
120,Rampage,The Rose Garden,SVDDEN DEATH,20:00 - 21:00,21 July,2023,Friday,Weekend 1,Dubstep
121,Rampage,The Rose Garden,USED,21:00 - 22:00,21 July,2023,Friday,Weekend 1,"Hardstyle, Rawstyle"
122,Rampage,The Rose Garden,Funtcase,22:00 - 23:00,21 July,2023,Friday,Weekend 1,Commercial Dance
123,Rampage,The Rose Garden,Macky Gee,23:00 - 00:00,21 July,2023,Friday,Weekend 1,Drum & Bass
124,Sub Zero Project – Psychodelic,Youphoria,Demi Kanon,12:30 - 14:00,21 July,2023,Friday,Weekend 1,Hardstyle
125,Lost Frequencies & Friends,The Library,Acraze,21:00 - 22:00,21 July,2023,Friday,Weekend 1,Dubstep
126,Sub Zero Project – Psychodelic,Youphoria,Devin Wild,15:30 - 16:30,21 July,2023,Friday,Weekend 1,Hard Dance
127,Sub Zero Project – Psychodelic,Youphoria,Coone,16:30 - 17:30,21 July,2023,Friday,Weekend 1,Hard Dance
128,Sub Zero Project – Psychodelic,Youphoria,TNT,17:30 - 18:30,21 July,2023,Friday,Weekend 1,Hard Dance
129,Sub Zero Project – Psychodelic,Youphoria,Sub Zero Project,18:30 - 19:30,21 July,2023,Friday,Weekend 1,"Hard Dance, Hardcore Techno, Psychedelic Trance"
130,Sub Zero Project – Psychodelic,Youphoria,Ben Nicky presents Xtreme,19:30 - 20:30,21 July,2023,Friday,Weekend 1,"Trance, Hardstyle"
131,Sub Zero Project – Psychodelic,Youphoria,Hard Driver,20:30 - 21:30,21 July,2023,Friday,Weekend 1,Hard Dance
132,Sub Zero Project – Psychodelic,Youphoria,Warface,21:30 - 22:30,21 July,2023,Friday,Weekend 1,"Dubstep, Electronica, Hard Dance, Hardcore Techno, Techno"
133,Sub Zero Project – Psychodelic,Youphoria,Sickmode,22:30 - 23:30,21 July,2023,Friday,Weekend 1,Hardcore
134,Sub Zero Project – Psychodelic,Youphoria,D-Sturb,23:30 - 00:50,21 July,2023,Friday,Weekend 1,Hard Dance
135,Atmosphere,Atmosphere,Lukas Firtzer,12:00 - 14:00,22 July,2023,Saturday,Weekend 1,Techno
136,Atmosphere,Atmosphere,Neon Shadow,14:00 - 16:00,22 July,2023,Saturday,Weekend 1,Electronic
137,Atmosphere,Atmosphere,Symphony of Unity,16:00 - 17:30,22 July,2023,Saturday,Weekend 1,"Classical, Orchestral"
138,Atmosphere,Atmosphere,Ramon Tapia,17:30 - 19:30,22 July,2023,Saturday,Weekend 1,"Tech House, Techno"
139,Atmosphere,Atmosphere,Klaudia Gawlas,19:30 - 21:30,22 July,2023,Saturday,Weekend 1,"Electronic, Techno"
140,Atmosphere,Atmosphere,Indira Paganotto,21:30 - 23:30,22 July,2023,Saturday,Weekend 1,Techno
141,Atmosphere,Atmosphere,Reinier Zonneveld,23:30 - 01:00,22 July,2023,Saturday,Weekend 1,Techno
142,Footworxx,Cage,Revenja,12:00 - 13:00,22 July,2023,Saturday,Weekend 1,Hardstyle
143,Footworxx,Cage,Dark Phoenix,13:00 - 14:00,22 July,2023,Saturday,Weekend 1,Hardstyle
144,Footworxx,Cage,Cryex,14:00 - 15:00,22 July,2023,Saturday,Weekend 1,Hardstyle
145,Footworxx,Cage,Killshot,15:00 - 16:00,22 July,2023,Saturday,Weekend 1,Hardstyle
146,Footworxx,Cage,Mad Dog,16:00 - 17:00,22 July,2023,Saturday,Weekend 1,Hardcore
147,Footworxx,Cage,Sakyra,17:00 - 18:00,22 July,2023,Saturday,Weekend 1,Hardcore
148,Footworxx,Cage,Sandy Warez vs The Mind Destiny,18:00 - 19:00,22 July,2023,Saturday,Weekend 1,Techno
149,Footworxx,Cage,Neko vs Maissouille,19:00 - 20:00,22 July,2023,Saturday,Weekend 1,Frenchcore
150,Sub Zero Project – Psychodelic,Youphoria,Boray,14:00 - 15:30,21 July,2023,Friday,Weekend 1,Techno
151,Footworxx,Cage,Estasia,21:00 - 22:00,22 July,2023,Saturday,Weekend 1,Hardstyle
152,Footworxx,Cage,Republic,22:00 - 23:00,22 July,2023,Saturday,Weekend 1,Trance
153,CORE presents ZAMNA,Core,Unruly Phoenix,12:30 - 14:30,22 July,2023,Saturday,Weekend 1,"Electronic, Techno"
154,CORE presents ZAMNA,Core,Human Rias,14:30 - 16:00,22 July,2023,Saturday,Weekend 1,Electronic
155,CORE presents ZAMNA,Core,Elif,16:00 - 17:30,22 July,2023,Saturday,Weekend 1,"Pop, R&B, Soul"
156,CORE presents ZAMNA,Core,Armonica,17:30 - 19:00,22 July,2023,Saturday,Weekend 1,Electronic
157,CORE presents ZAMNA,Core,Oostil b2b The Element,19:00 - 21:00,22 July,2023,Saturday,Weekend 1,Melodic Techno
158,CORE presents ZAMNA,Core,Brina Knauss,21:00 - 23:00,22 July,2023,Saturday,Weekend 1,Techno
159,CORE presents ZAMNA,Core,&ME,23:00 - 01:00,22 July,2023,Saturday,Weekend 1,Commercial Dance
160,Crystal Garden,Crystal Garden,Ben Malone,12:30 - 14:00,22 July,2023,Saturday,Weekend 1,"Electronic, Dance, House"
161,Crystal Garden,Crystal Garden,Sem Thomasson,14:00 - 15:00,22 July,2023,Saturday,Weekend 1,Progressive House
162,Crystal Garden,Crystal Garden,Chico Rose,15:00 - 16:00,22 July,2023,Saturday,Weekend 1,Future House
163,Crystal Garden,Crystal Garden,Double Pleasure,16:00 - 17:00,22 July,2023,Saturday,Weekend 1,House
164,Crystal Garden,Crystal Garden,Kapuchon,17:00 - 18:30,22 July,2023,Saturday,Weekend 1,Techno
165,Crystal Garden,Crystal Garden,Kryder & B Jones,18:30 - 19:30,22 July,2023,Saturday,Weekend 1,House
166,Crystal Garden,Crystal Garden,Jengi,19:30 - 20:30,22 July,2023,Saturday,Weekend 1,Electronic
167,Crystal Garden,Crystal Garden,Sunnery James & Ryan Marciano present Amazone Project,20:30 - 22:00,22 July,2023,Saturday,Weekend 1,House
168,Crystal Garden,Crystal Garden,Öwnboss,22:00 - 23:00,22 July,2023,Saturday,Weekend 1,Electronic Dance Music (EDM)
169,Lonely at the Tap by FeestDJRuud,Elixir,Ruthless,00:00 - 01:00,22 July,2023,Saturday,Weekend 1,Hardcore Techno
170,Lonely at the Tap by FeestDJRuud,Elixir,Bennie Disko,13:00 - 14:30,22 July,2023,Saturday,Weekend 1,"Dutch House, Moombahton"
171,Lonely at the Tap by FeestDJRuud,Elixir,Raywell,14:30 - 16:00,22 July,2023,Saturday,Weekend 1,Techno
172,Lonely at the Tap by FeestDJRuud,Elixir,Disco Danny,16:00 - 17:30,22 July,2023,Saturday,Weekend 1,"Disco, House"
173,Lonely at the Tap by FeestDJRuud,Elixir,Otto Wunderbar,17:30 - 18:00,22 July,2023,Saturday,Weekend 1,"Dutch House,"
174,Lonely at the Tap by FeestDJRuud,Elixir,FeestDJRuud,18:00 - 19:30,22 July,2023,Saturday,Weekend 1,"Dutch House, Moombahton"
175,Footworxx,Cage,Remzcore,20:00 - 21:00,22 July,2023,Saturday,Weekend 1,Hardcore Techno
176,Lonely at the Tap by FeestDJRuud,Elixir,Raywell & Ron Simpson,20:00 - 21:00,22 July,2023,Saturday,Weekend 1,Techno
177,Lonely at the Tap by FeestDJRuud,Elixir,Lady Bee,21:00 - 22:00,22 July,2023,Saturday,Weekend 1,"Moombahton, Trap"
178,Lonely at the Tap by FeestDJRuud,Elixir,Trobi,22:00 - 23:00,22 July,2023,Saturday,Weekend 1,Tropical House
179,Lonely at the Tap by FeestDJRuud,Elixir,Afro Bros,23:00 - 00:00,22 July,2023,Saturday,Weekend 1,"Moombahton, Latin House"
180,Afterlife,Freedom,Axel Haube,12:00 - 13:30,22 July,2023,Saturday,Weekend 1,"Techno, Minimal Techno"
181,Afterlife,Freedom,8Kays,13:30 - 15:00,22 July,2023,Saturday,Weekend 1,"Progressive House, Melodic House & Techno"
182,Afterlife,Freedom,Colyn,15:00 - 16:30,22 July,2023,Saturday,Weekend 1,Melodic House & Techno
183,Afterlife,Freedom,Kevin De Vries,16:30 - 18:00,22 July,2023,Saturday,Weekend 1,"Techno, Tech Trance"
184,Afterlife,Freedom,Camelphat,18:00 - 19:30,22 July,2023,Saturday,Weekend 1,"Electronica, Tech House, Traditional House"
185,Afterlife,Freedom,Anyma,19:30 - 21:00,22 July,2023,Saturday,Weekend 1,"Melodic House & Techno, Progressive House"
186,Afterlife,Freedom,Adriatique,21:00 - 22:30,22 July,2023,Saturday,Weekend 1,"Electronica, Tech House, Techno"
187,Afterlife,Freedom,Tale Of Us,22:30 - 00:30,22 July,2023,Saturday,Weekend 1,Tech House
188,Mainstage,Mainstage,Daybreak session: Laidback Luke presents Wayback Luke,12:00 - 14:45,22 July,2023,Saturday,Weekend 1,House
189,Mainstage,Mainstage,Warrior Workout by Q-dance,14:45 - 15:15,22 July,2023,Saturday,Weekend 1,Hardstyle
190,Mainstage,Mainstage,220 Kid,15:15 - 16:15,22 July,2023,Saturday,Weekend 1,"Electronic, Dance, Pop"
191,Mainstage,Mainstage,Lilly Palmer,16:15 - 17:15,22 July,2023,Saturday,Weekend 1,"Electronic, Techno"
192,Mainstage,Mainstage,GORDO,17:20 - 18:20,22 July,2023,Saturday,Weekend 1,Techno
193,Mainstage,Mainstage,James Hype,18:25 - 19:25,22 July,2023,Saturday,Weekend 1,House
194,Mainstage,Mainstage,Amber Broos,19:25 - 20:25,22 July,2023,Saturday,Weekend 1,Techno
195,Mainstage,Mainstage,ALOK,20:25 - 21:25,22 July,2023,Saturday,Weekend 1,Commercial Dance
196,Mainstage,Mainstage,AFROJACK,21:30 - 22:30,22 July,2023,Saturday,Weekend 1,"Electro House, Progressive House"
197,Mainstage,Mainstage,Dimitri Vegas & Like Mike,22:35 - 23:50,22 July,2023,Saturday,Weekend 1,Electro House
198,Mainstage,Mainstage,Alesso,23:50 - 00:50,22 July,2023,Saturday,Weekend 1,Progressive House
199,Moosebar,Moosebar,Thierry Vonderwarth b2b Jan V,12:00 - 19:00,22 July,2023,Saturday,Weekend 1,Techno
200,Lonely at the Tap by FeestDJRuud,Elixir,Gullie,19:30 - 20:00,22 July,2023,Saturday,Weekend 1,"Dutch House, Moombahton"
201,Moosebar,Moosebar,Jeroen Visser,20:00 - 00:00,22 July,2023,Saturday,Weekend 1,"Electronic, Dance, House"
202,Glitterbox,Rise,DJ Tibo,12:30 - 13:30,22 July,2023,Saturday,Weekend 1,"Electronic, House"
203,Glitterbox,Rise,sc.REBEL!?,13:30 - 14:30,22 July,2023,Saturday,Weekend 1,"Electronic, House"
204,Glitterbox,Rise,Dolores,14:30 - 15:30,22 July,2023,Saturday,Weekend 1,"Electronic, House"
205,Glitterbox,Rise,CHASE,15:30 - 16:30,22 July,2023,Saturday,Weekend 1,"Electronic, House"
206,Glitterbox,Rise,NNIF,16:30 - 17:30,22 July,2023,Saturday,Weekend 1,"Electronic, House"
207,Glitterbox,Rise,Frederico Gardenghi,17:30 - 18:30,22 July,2023,Saturday,Weekend 1,"Electronic, House"
208,Glitterbox,Rise,Sophie Lloyd,18:30 - 19:30,22 July,2023,Saturday,Weekend 1,"Electronic, House"
209,Glitterbox,Rise,Todd Terry,19:30 - 21:30,22 July,2023,Saturday,Weekend 1,Traditional House
210,Glitterbox,Rise,Groove Armada,21:00 - 22:30,22 July,2023,Saturday,Weekend 1,"Electronica, Traditional House"
211,Glitterbox,Rise,Mousse T.,22:30 - 23:50,22 July,2023,Saturday,Weekend 1,Electro House
212,Terra Solis,Terra Solis,Charlotte de Cock,12:30 - 14:30,22 July,2023,Saturday,Weekend 1,Techno
213,Terra Solis,Terra Solis,Capoon,14:30 - 16:30,22 July,2023,Saturday,Weekend 1,Techno
214,Terra Solis,Terra Solis,Francesca Lombardo,16:30 - 18:30,22 July,2023,Saturday,Weekend 1,Tech House
215,Terra Solis,Terra Solis,Amémé,18:30 - 20:30,22 July,2023,Saturday,Weekend 1,"House, Techno"
216,Terra Solis,Terra Solis,Bedouin,20:30 - 23:30,22 July,2023,Saturday,Weekend 1,Commercial Dance
217,STMPD RCRDS x Tomorrowland Music,The Library,Peter Luts,12:00 - 13:00,22 July,2023,Saturday,Weekend 1,Commercial Dance
218,STMPD RCRDS x Tomorrowland Music,The Library,Fancy Inc,13:00 - 14:00,22 July,2023,Saturday,Weekend 1,Tech House
219,STMPD RCRDS x Tomorrowland Music,The Library,Sentinel,14:00 - 15:00,22 July,2023,Saturday,Weekend 1,"Electronic, Techno"
220,STMPD RCRDS x Tomorrowland Music,The Library,Goodboys,15:00 - 16:00,22 July,2023,Saturday,Weekend 1,House
221,STMPD RCRDS x Tomorrowland Music,The Library,Matisse & Sadko,16:00 - 18:30,22 July,2023,Saturday,Weekend 1,Progressive House
222,STMPD RCRDS x Tomorrowland Music,The Library,Julian Jordan,18:30 - 19:30,22 July,2023,Saturday,Weekend 1,Electro House
223,STMPD RCRDS x Tomorrowland Music,The Library,Dubvision,19:30 - 20:30,22 July,2023,Saturday,Weekend 1,"Electro House, Progressive House, Traditional House"
224,STMPD RCRDS x Tomorrowland Music,The Library,Joseph Capriati,20:30 - 21:30,22 July,2023,Saturday,Weekend 1,"Traditional House, Techno"
225,Moosebar,Moosebar,Bromeo's,19:00 - 20:00,22 July,2023,Saturday,Weekend 1,"Electronic, Dance"
226,STMPD RCRDS x Tomorrowland Music,The Library,Martin Garrix and Friends,23:30 - 01:00,22 July,2023,Saturday,Weekend 1,"Electronic, Dance, House"
227,Crystal,The Rave Cave,Bridgeman,13:00 - 14:00,22 July,2023,Saturday,Weekend 1,"Electronic, Dance, House"
228,Crystal,The Rave Cave,Atitdude,14:00 - 15:00,22 July,2023,Saturday,Weekend 1,Electronic
229,Crystal,The Rave Cave,Los Bomberos,15:00 - 16:00,22 July,2023,Saturday,Weekend 1,Latin House
230,Crystal,The Rave Cave,Soulcity,16:00 - 17:30,22 July,2023,Saturday,Weekend 1,Electronic
231,Crystal,The Rave Cave,Jonas Van Opstal,17:30 - 19:00,22 July,2023,Saturday,Weekend 1,Electronic
232,Crystal,The Rave Cave,Monta,19:00 - 20:30,22 July,2023,Saturday,Weekend 1,Electronic
233,Crystal,The Rave Cave,Pisca,20:30 - 22:00,22 July,2023,Saturday,Weekend 1,Electronic
234,Crystal,The Rave Cave,Himperson,22:00 - 23:30,22 July,2023,Saturday,Weekend 1,Electronic
235,Crystal,The Rave Cave,Deuxfwa,23:30 - 01:00,22 July,2023,Saturday,Weekend 1,Electronic
236,Bonzai,The Rose Garden,Dj Fire,13:00 - 14:00,22 July,2023,Saturday,Weekend 1,Electronic
237,Bonzai,The Rose Garden,Phi Phi,14:00 - 15:00,22 July,2023,Saturday,Weekend 1,"Progressive House, Trance"
238,Bonzai,The Rose Garden,DJ Jan,15:00 - 16:00,22 July,2023,Saturday,Weekend 1,"Hard Trance, Techno"
239,Bonzai,The Rose Garden,Franky Jones,16:00 - 17:00,22 July,2023,Saturday,Weekend 1,"Techno, Acid"
240,Bonzai,The Rose Garden,Jens Lissat,17:00 - 18:00,22 July,2023,Saturday,Weekend 1,"Techno, Tech House"
241,Bonzai,The Rose Garden,Jan Vervloet,18:00 - 19:00,22 July,2023,Saturday,Weekend 1,Progressive House
242,Bonzai,The Rose Garden,DJ Ghost,19:00 - 20:00,22 July,2023,Saturday,Weekend 1,"Hard Trance, Techno"
243,Bonzai,The Rose Garden,Franky Kloeck,20:00 - 21:00,22 July,2023,Saturday,Weekend 1,"Techno, Hard Trance"
244,Bonzai,The Rose Garden,Greg S,21:00 - 22:30,22 July,2023,Saturday,Weekend 1,"Techno, Trance"
245,Bonzai,The Rose Garden,PUSH,22:30 - 23:30,22 July,2023,Saturday,Weekend 1,"Trance, Progressive House"
246,Bonzai,The Rose Garden,Bonzai All Stars,23:30 - 01:00,22 July,2023,Saturday,Weekend 1,"Techno, Trance"
247,Monstercat,Youphoria,Merow,13:00 - 14:00,22 July,2023,Saturday,Weekend 1,Techno
248,Monstercat,Youphoria,Bossfight,14:00 - 15:00,22 July,2023,Saturday,Weekend 1,Drum and Bass
249,Monstercat,Youphoria,Shingo Nakamura,15:00 - 16:00,22 July,2023,Saturday,Weekend 1,Progressive House
250,STMPD RCRDS x Tomorrowland Music,The Library,Paul Kalkbrenner,21:30 - 23:30,22 July,2023,Saturday,Weekend 1,Techno
251,Monstercat,Youphoria,Curbi,17:00 - 18:00,22 July,2023,Saturday,Weekend 1,"Commercial Dance, Electronica"
252,Monstercat,Youphoria,Ray Volpe,18:00 - 19:00,22 July,2023,Saturday,Weekend 1,"Future Bass, Trap"
253,Monstercat,Youphoria,Kompany,19:00 - 20:00,22 July,2023,Saturday,Weekend 1,Riddim Dubstep
254,Monstercat,Youphoria,ARMNHMR,20:00 - 21:00,22 July,2023,Saturday,Weekend 1,"Commercial Dance, Big Room House, Trap, Hip-Hop"
255,Monstercat,Youphoria,Koven,21:00 - 22:00,22 July,2023,Saturday,Weekend 1,Drum & Bass
256,Monstercat,Youphoria,SLANDER,22:00 - 23:00,22 July,2023,Saturday,Weekend 1,"Drum & Bass, Dubstep, Traditional House, Trap"
257,Monstercat,Youphoria,Adventure Club,23:00 - 00:00,22 July,2023,Saturday,Weekend 1,Dubstep
258,Atmosphere,Atmosphere,Rick Baguette,12:30 - 14:30,23 July,2023,Sunday,Weekend 1,"Electronic, Dance"
259,Atmosphere,Atmosphere,Samm,14:30 - 16:00,23 July,2023,Sunday,Weekend 1,"Electronic, Dance"
260,Atmosphere,Atmosphere,Sona,16:00 - 17:30,23 July,2023,Sunday,Weekend 1,Traditional House
261,Atmosphere,Atmosphere,GHEIST live,17:30 - 19:00,23 July,2023,Sunday,Weekend 1,"Electronic, Techno"
262,Atmosphere,Atmosphere,Carlita,19:00 - 20:30,23 July,2023,Sunday,Weekend 1,Techno
263,Atmosphere,Atmosphere,Dixon,20:30 - 22:00,23 July,2023,Sunday,Weekend 1,Techno
264,Atmosphere,Atmosphere,Black Coffee,22:00 - 00:00,23 July,2023,Sunday,Weekend 1,"Funk / R&B, Traditional House"
265,One87 presents,Cage,Farflow,14:00 - 15:00,23 July,2023,Sunday,Weekend 1,Drum & Bass
266,One87 presents,Cage,Midas Touch Showcase w/ SVB & Scepticz,15:00 - 16:00,23 July,2023,Sunday,Weekend 1,"Electronic, Drum and Bass, Jungle"
267,One87 presents,Cage,Phase & LaMeduza,16:00 - 17:00,23 July,2023,Sunday,Weekend 1,Drum & Bass
268,One87 presents,Cage,One87,17:00 - 18:00,23 July,2023,Sunday,Weekend 1,Drum & Bass
269,One87 presents,Cage,CESCO,18:00 - 19:00,23 July,2023,Sunday,Weekend 1,"Electronic, Dance"
270,One87 presents,Cage,The Sauce,19:00 - 20:00,23 July,2023,Sunday,Weekend 1,Drum & Bass
271,One87 presents,Cage,Serum,20:00 - 21:00,23 July,2023,Sunday,Weekend 1,Drum & Bass
272,One87 presents,Cage,GEST,21:00 - 22:00,23 July,2023,Sunday,Weekend 1,Drum & Bass
273,One87 presents,Cage,James Marvel,22:00 - 23:00,23 July,2023,Sunday,Weekend 1,Drum & Bass
274,Core,CORE,A Local Hero,13:00 - 15:00,23 July,2023,Sunday,Weekend 1,"Electronic, Dance"
275,Monstercat,Youphoria,Godlands,16:00 - 17:00,22 July,2023,Saturday,Weekend 1,Electronic
276,Core,CORE,Cellini,17:00 - 19:00,23 July,2023,Sunday,Weekend 1,Techno
277,Core,CORE,CiCi,19:00 - 21:00,23 July,2023,Sunday,Weekend 1,"Electronic, Techno"
278,Core,CORE,Chet Faker dj-set,21:00 - 22:30,23 July,2023,Sunday,Weekend 1,"Electronic, Indie"
279,Core,CORE,DJ BORING,22:30 - 00:00,23 July,2023,Sunday,Weekend 1,"House, Techno"
280,Crystal Garden,Crystal Garden,Lou8,12:00 - 14:00,23 July,2023,Sunday,Weekend 1,"Electronic, Dance, House"
281,Crystal Garden,Crystal Garden,Dana Montana,14:00 - 16:00,23 July,2023,Sunday,Weekend 1,"House, Techno"
282,Crystal Garden,Crystal Garden,Airwolf Paradise,16:00 - 17:30,23 July,2023,Sunday,Weekend 1,Electronic
283,Crystal Garden,Crystal Garden,Dom Dolla,17:30 - 19:00,23 July,2023,Sunday,Weekend 1,"Future House, Electro House, Funky House"
284,Crystal Garden,Crystal Garden,Cloonee,19:00 - 20:30,23 July,2023,Sunday,Weekend 1,House
285,Crystal Garden,Crystal Garden,Eats Everything,20:30 - 22:00,23 July,2023,Sunday,Weekend 1,Traditional House
286,Crystal Garden,Crystal Garden,Patrick Topping,22:00 - 23:30,23 July,2023,Sunday,Weekend 1,Commercial Dance
287,Radio Ultra Modern,Elixir,Bubba,13:00 - 14:30,23 July,2023,Sunday,Weekend 1,"Electronic, House, Techno"
288,Radio Ultra Modern,Elixir,DJ ND,14:30 - 15:30,23 July,2023,Sunday,Weekend 1,"Electronic, Dance, House"
289,Radio Ultra Modern,Elixir,Fabio Marcs,15:30 - 16:30,23 July,2023,Sunday,Weekend 1,"Electronic, Dance, House"
290,Radio Ultra Modern,Elixir,Discobaar A Moeder,16:30 - 18:00,23 July,2023,Sunday,Weekend 1,Dance
291,Radio Ultra Modern,Elixir,DJ Flash,18:00 - 19:00,23 July,2023,Sunday,Weekend 1,"Electronic, Dance, House"
292,Radio Ultra Modern,Elixir,MIMI,19:00 - 20:00,23 July,2023,Sunday,Weekend 1,"Electronic, Dance, House"
293,Radio Ultra Modern,Elixir,Team DAMP,20:00 - 21:30,23 July,2023,Sunday,Weekend 1,"Electronic, Dance, House"
294,Radio Ultra Modern,Elixir,B-KAY,21:30 - 23:00,23 July,2023,Sunday,Weekend 1,"Electronic, Dance, House"
295,Radio Ultra Modern,Elixir,Rakesh aka Blackjack9000,23:00 - 00:00,23 July,2023,Sunday,Weekend 1,House
296,Q-dance,Freedom,Refuzion,12:00 - 13:00,23 July,2023,Sunday,Weekend 1,Hard Dance
297,Q-dance,Freedom,Frontliner,13:00 - 14:00,23 July,2023,Sunday,Weekend 1,Hardcore Techno
298,Q-dance,Freedom,Frequencerz,14:00 - 15:00,23 July,2023,Sunday,Weekend 1,Hard Dance
299,Q-dance,Freedom,Outsiders,15:00 - 16:00,23 July,2023,Sunday,Weekend 1,Hard Dance
300,Core,CORE,Jordan Vickors,15:00 - 17:00,23 July,2023,Sunday,Weekend 1,House
301,Q-dance,Freedom,KELTEK,17:00 - 17:30,23 July,2023,Sunday,Weekend 1,Hard Dance
302,Q-dance,Freedom,Sound Rush,17:30 - 18:30,23 July,2023,Sunday,Weekend 1,Hardstyle
303,Q-dance,Freedom,Brennan Heart,18:30 - 19:30,23 July,2023,Sunday,Weekend 1,Hard Dance
304,Q-dance,Freedom,Rebelion & Vertile,19:30 - 20:00,23 July,2023,Sunday,Weekend 1,Hardstyle
305,Q-dance,Freedom,Mark With a K & Mc Chucky,20:00 - 21:00,23 July,2023,Sunday,Weekend 1,"Jumpstyle, Hardstyle"
306,Q-dance,Freedom,Angerfist,21:00 - 22:00,23 July,2023,Sunday,Weekend 1,"Hardcore Techno, Psychedelic Trance"
307,Mainstage,Mainstage,Daybreak Session: Franky Rizardo,12:00 - 14:30,23 July,2023,Sunday,Weekend 1,"Electronic, House, Techno"
308,Mainstage,Mainstage,La Fuente,14:30 - 15:30,23 July,2023,Sunday,Weekend 1,Commercial Dance
309,Mainstage,Mainstage,Korolova,15:30 - 16:30,23 July,2023,Sunday,Weekend 1,Electronic
310,Mainstage,Mainstage,Yves Deruyter,16:30 - 17:30,23 July,2023,Sunday,Weekend 1,Trance
311,Mainstage,Mainstage,Vintage Culture,17:35 - 18:35,23 July,2023,Sunday,Weekend 1,"Commercial Dance, Electro House, Electronica, Traditional House"
312,Mainstage,Mainstage,Nina Kraviz,18:40 - 19:40,23 July,2023,Sunday,Weekend 1,Tech House
313,Mainstage,Mainstage,Da Tweekaz,19:40 - 20:40,23 July,2023,Sunday,Weekend 1,Hardcore Techno
314,Mainstage,Mainstage,Timmy Trumpet,20:40 - 21:40,23 July,2023,Sunday,Weekend 1,Progressive House
315,Mainstage,Mainstage,Lost Frequencies,21:45 - 22:45,23 July,2023,Sunday,Weekend 1,"Electro House, Electronica, Traditional House"
316,Mainstage,Mainstage,Martin Garrix,22:50 - 23:50,23 July,2023,Sunday,Weekend 1,Electro House
317,Moosebar,Moosebar,Mr E,12:00 - 16:00,23 July,2023,Sunday,Weekend 1,"Electronic, Dance, House"
318,Moosebar,Moosebar,The Bobmeister,16:00 - 19:00,23 July,2023,Sunday,Weekend 1,"Electronic, Dance"
319,Moosebar,Moosebar,Peter Wackel,19:00 - 20:00,23 July,2023,Sunday,Weekend 1,"Dance, Schlager"
320,Moosebar,Moosebar,Feest DJ Lucki Luc,20:00 - 00:00,23 July,2023,Sunday,Weekend 1,"Dance, Party"
321,Cafeína,Rise,Lecca Lecca,12:30 - 13:30,23 July,2023,Sunday,Weekend 1,Electronic
322,Cafeína,Rise,Unknown,13:30 - 14:30,23 July,2023,Sunday,Weekend 1,Unknown
323,Cafeína,Rise,Britt BL,14:30 - 15:30,23 July,2023,Sunday,Weekend 1,Electronic
324,Cafeína,Rise,Horizontal Soundsystem,15:30 - 16:30,23 July,2023,Sunday,Weekend 1,Electronic
325,Q-dance,Freedom,MANDY,16:00 - 17:00,23 July,2023,Sunday,Weekend 1,Hard Dance
326,Cafeína,Rise,Cemode & Seelen,17:30 - 18:30,23 July,2023,Sunday,Weekend 1,Electronic
327,Cafeína,Rise,Joeri & Neon,18:30 - 20:00,23 July,2023,Sunday,Weekend 1,"Electronic, Techno"
328,Cafeína,Rise,Pat Krimson,20:00 - 21:30,23 July,2023,Sunday,Weekend 1,"Electronic, Dance"
329,Cafeína,Rise,Roma,21:30 - 23:00,23 July,2023,Sunday,Weekend 1,"Electronic, Dance"
330,Cafeína,Rise,Disco Dasco,23:00 - 00:00,23 July,2023,Sunday,Weekend 1,"Electronic, House"
331,SHOMI,Terra Solis,Justin Wilkes,12:30 - 13:30,23 July,2023,Sunday,Weekend 1,"Electronic, Dance, House"
332,SHOMI,Terra Solis,Yamo,13:30 - 15:00,23 July,2023,Sunday,Weekend 1,"Electronic, Experimental"
333,SHOMI,Terra Solis,Elenore,15:00 - 16:00,23 July,2023,Sunday,Weekend 1,House
334,SHOMI,Terra Solis,Guz,16:00 - 17:30,23 July,2023,Sunday,Weekend 1,"Electronic, House, Techno"
335,SHOMI,Terra Solis,Majestic,17:30 - 19:00,23 July,2023,Sunday,Weekend 1,House
336,SHOMI,Terra Solis,DJ Licious,19:00 - 20:30,23 July,2023,Sunday,Weekend 1,House
337,SHOMI,Terra Solis,Danny Howard,20:30 - 22:00,23 July,2023,Sunday,Weekend 1,Commercial Dance
338,SHOMI,Terra Solis,Delafino B2B DJ Gee,22:00 - 23:00,23 July,2023,Sunday,Weekend 1,House
339,Smash The House,The Library,D-Wayne,12:00 - 13:00,23 July,2023,Sunday,Weekend 1,Commercial Dance
340,Smash The House,The Library,Faulhaber,13:00 - 14:00,23 July,2023,Sunday,Weekend 1,"Electronic, Dance"
341,Smash The House,The Library,Wolfpack vs Diego Miranda,14:00 - 15:00,23 July,2023,Sunday,Weekend 1,Big Room
342,Smash The House,The Library,Dubdogz,15:00 - 16:00,23 July,2023,Sunday,Weekend 1,Electronica
343,Smash The House,The Library,Azteck & Angemi,16:00 - 17:00,23 July,2023,Sunday,Weekend 1,"Electronic, Dance"
344,Smash The House,The Library,Joel Corry,17:00 - 18:00,23 July,2023,Sunday,Weekend 1,"Dance, Pop"
345,Smash The House,The Library,Martin Jensen,18:00 - 19:00,23 July,2023,Sunday,Weekend 1,"Electro House, Traditional House"
346,Smash The House,The Library,DJ Diesel,19:00 - 20:00,23 July,2023,Sunday,Weekend 1,"Electronic, Dance"
347,Smash The House,The Library,John Newman,20:00 - 21:00,23 July,2023,Sunday,Weekend 1,Commercial Dance
348,Smash The House,The Library,Quintino,21:00 - 22:00,23 July,2023,Sunday,Weekend 1,Electro House
349,Smash The House,The Library,Bassjackers,22:00 - 23:00,23 July,2023,Sunday,Weekend 1,Electro House
350,Cafeína,Rise,ZT Music,16:30 - 17:30,23 July,2023,Sunday,Weekend 1,"Electronic, Techno"
351,WoodyWeekend,The Rave Cave,Jackless & The Fox,13:00 - 14:00,23 July,2023,Sunday,Weekend 1,Techno
352,WoodyWeekend,The Rave Cave,Toitoy Boys,14:00 - 15:00,23 July,2023,Sunday,Weekend 1,House
353,WoodyWeekend,The Rave Cave,Maximo,15:00 - 16:00,23 July,2023,Sunday,Weekend 1,House
354,WoodyWeekend,The Rave Cave,Fre,16:00 - 17:00,23 July,2023,Sunday,Weekend 1,House
355,WoodyWeekend,The Rave Cave,Thim,17:00 - 18:00,23 July,2023,Sunday,Weekend 1,House
356,WoodyWeekend,The Rave Cave,DJ Tom & Saxy Mr S,18:00 - 19:00,23 July,2023,Sunday,Weekend 1,House
357,WoodyWeekend,The Rave Cave,Greg Lamore,19:00 - 20:00,23 July,2023,Sunday,Weekend 1,House
358,WoodyWeekend,The Rave Cave,QUE9,20:00 - 21:00,23 July,2023,Sunday,Weekend 1,House
359,WoodyWeekend,The Rave Cave,Sol & Sura,21:00 - 22:00,23 July,2023,Sunday,Weekend 1,House
360,WoodyWeekend,The Rave Cave,Luna Lucci,22:00 - 23:00,23 July,2023,Sunday,Weekend 1,House
361,WoodyWeekend,The Rave Cave,Many Moore,23:00 - 00:00,23 July,2023,Sunday,Weekend 1,House
362,2010-2012,The Rose Garden,Mystique,13:00 - 14:30,23 July,2023,Sunday,Weekend 1,Hardstyle
363,2010-2012,The Rose Garden,DiMaro,14:30 - 16:00,23 July,2023,Sunday,Weekend 1,House
364,2010-2012,The Rose Garden,Boy,16:00 - 17:00,23 July,2023,Sunday,Weekend 1,House
365,2010-2012,The Rose Garden,Quintino,17:00 - 18:00,23 July,2023,Sunday,Weekend 1,Electro House
366,2010-2012,The Rose Garden,Chuckie,18:00 - 19:00,23 July,2023,Sunday,Weekend 1,Electro House
367,2010-2012,The Rose Garden,Yves V,19:00 - 20:00,23 July,2023,Sunday,Weekend 1,Progressive House
368,2010-2012,The Rose Garden,Dyro,20:00 - 21:00,23 July,2023,Sunday,Weekend 1,Progressive House
369,2010-2012,The Rose Garden,Firebeatz,21:00 - 22:00,23 July,2023,Sunday,Weekend 1,Electro House
370,2010-2012,The Rose Garden,W&W,22:00 - 23:00,23 July,2023,Sunday,Weekend 1,Trance
371,2010-2012,The Rose Garden,Blasterjaxx,23:00 - 00:00,23 July,2023,Sunday,Weekend 1,Commercial Dance
372,Youphoria,Youphoria,Fred Baker,13:00 - 14:30,23 July,2023,Sunday,Weekend 1,"Techno, Trance"
373,Youphoria,Youphoria,RODG,14:30 - 15:30,23 July,2023,Sunday,Weekend 1,Trance
374,Youphoria,Youphoria,Ruben de Ronde,15:30 - 16:30,23 July,2023,Sunday,Weekend 1,"Progressive House, Trance"
375,Smash The House,The Library,3 Are Legend,23:00 - 00:00,23 July,2023,Sunday,Weekend 1,"Commercial Dance, Electro House, Electronica, Hard Dance, Techno"
376,Youphoria,Youphoria,Nifra,17:30 - 18:30,23 July,2023,Sunday,Weekend 1,Trance
377,Youphoria,Youphoria,Andrew Rayel,18:30 - 19:30,23 July,2023,Sunday,Weekend 1,Trance
378,Youphoria,Youphoria,M.I.K.E. Push,19:30 - 21:00,23 July,2023,Sunday,Weekend 1,Trance
379,Youphoria,Youphoria,Ben Nicky presents Emotional Havoc,21:00 - 22:30,23 July,2023,Sunday,Weekend 1,Trance
380,Youphoria,Youphoria,Gareth Emery,22:30 - 23:50,23 July,2023,Sunday,Weekend 1,Trance
381,The Gathering,The Gathering,Chiara Meloni,13:30 - 14:15,27 July,2023,Thursday,Weekend 2,Progressive House
382,The Gathering,The Gathering,Muze,14:15 - 15:00,27 July,2023,Thursday,Weekend 2,Techno
383,The Gathering,The Gathering,Boy,15:00 - 15:45,27 July,2023,Thursday,Weekend 2,House
384,The Gathering,The Gathering,Prinz,15:45 - 16:30,27 July,2023,Thursday,Weekend 2,Techno
385,The Gathering,The Gathering,BDC,16:30 - 17:15,27 July,2023,Thursday,Weekend 2,Trance
386,The Gathering,The Gathering,Mademoiselle Luna,17:15 - 18:00,27 July,2023,Thursday,Weekend 2,House
387,The Gathering,The Gathering,Meaghan,18:00 - 18:45,27 July,2023,Thursday,Weekend 2,House
388,The Gathering,The Gathering,Omdat Het Kan Soundsystem ft. Average Rob,18:45 - 19:30,27 July,2023,Thursday,Weekend 2,"EDM, Trap"
389,The Gathering,The Gathering,Henri PFR,19:30 - 20:15,27 July,2023,Thursday,Weekend 2,"Commercial Dance, Electronica, Traditional House"
390,The Gathering,The Gathering,Andromedik,20:15 - 21:00,27 July,2023,Thursday,Weekend 2,Drum & Bass
391,The Gathering,The Gathering,Kevin de Vries,21:00 - 22:00,27 July,2023,Thursday,Weekend 2,Commercial Dance
392,The Gathering,The Gathering,Lost Frequencies,22:00 - 22:45,27 July,2023,Thursday,Weekend 2,Commercial Dance
393,The Gathering,The Gathering,Yves V vs Regi,22:45 - 23:30,27 July,2023,Thursday,Weekend 2,Progressive House
394,The Gathering,The Gathering,MANDY,23:30 - 00:00,27 July,2023,Thursday,Weekend 2,Hard Dance
395,Atmosphere,Atmosphere,Amekmar,12:00 - 13:30,28 July,2023,Friday,Weekend 2,"Electronic, Dance"
396,Atmosphere,Atmosphere,VE/RA,13:30 - 14:30,28 July,2023,Friday,Weekend 2,Techno
397,Atmosphere,Atmosphere,Klaps,14:30 - 16:00,28 July,2023,Friday,Weekend 2,"House, Techno"
398,Atmosphere,Atmosphere,Patrick Mason,16:00 - 17:30,28 July,2023,Friday,Weekend 2,"Trance, Progressive House"
399,Atmosphere,Atmosphere,999999999,17:30 - 19:00,28 July,2023,Friday,Weekend 2,Techno
400,Youphoria,Youphoria,Cosmic Gate,16:30 - 17:30,23 July,2023,Sunday,Weekend 1,"Progressive House, Trance"
401,Atmosphere,Atmosphere,I Hate Models,20:30 - 22:00,28 July,2023,Friday,Weekend 2,Techno
402,Atmosphere,Atmosphere,Nina Kraviz,22:00 - 23:30,28 July,2023,Friday,Weekend 2,Tech House
403,Atmosphere,Atmosphere,Diøn,23:30 - 01:00,28 July,2023,Friday,Weekend 2,Electronic
404,Footworxx,Cage,Ender vs Massive Disorder,12:00 - 13:00,28 July,2023,Friday,Weekend 2,Hardcore
405,Footworxx,Cage,Rayzen,13:00 - 14:00,28 July,2023,Friday,Weekend 2,Hardcore
406,Footworxx,Cage,Mish,14:00 - 15:00,28 July,2023,Friday,Weekend 2,Hardcore
407,Footworxx,Cage,Hysta,15:00 - 16:00,28 July,2023,Friday,Weekend 2,Hardcore
408,Footworxx,Cage,Broken Minds,16:00 - 17:00,28 July,2023,Friday,Weekend 2,Hardcore
409,Footworxx,Cage,Detest vs eDUB,17:00 - 18:00,28 July,2023,Friday,Weekend 2,Hardcore
410,Footworxx,Cage,DRS vs Sandy Warez,18:00 - 19:00,28 July,2023,Friday,Weekend 2,Drum & Bass
411,Footworxx,Cage,Dimitri K,19:00 - 20:00,28 July,2023,Friday,Weekend 2,Hardcore
412,Footworxx,Cage,Lunakorpz,20:00 - 21:00,28 July,2023,Friday,Weekend 2,Hardcore
413,Footworxx,Cage,Unicorn on Keta,21:00 - 22:00,28 July,2023,Friday,Weekend 2,Hardcore
414,Footworxx,Cage,MBK vs NSD,22:00 - 23:00,28 July,2023,Friday,Weekend 2,Hardcore
415,CORE presents MIND AGAINST,Core,Olympe,12:30 - 14:30,28 July,2023,Friday,Weekend 2,"Pop, R&B"
416,CORE presents MIND AGAINST,Core,Dyzen,14:30 - 16:30,28 July,2023,Friday,Weekend 2,Electronic
417,CORE presents MIND AGAINST,Core,Amémé,16:30 - 18:00,28 July,2023,Friday,Weekend 2,"House, Techno"
418,CORE presents MIND AGAINST,Core,Dino Lenny,18:00 - 19:30,28 July,2023,Friday,Weekend 2,"Commercial Dance, Electronica, Progressive House, Techno, Traditional House"
419,CORE presents MIND AGAINST,Core,HAAi,19:30 - 21:00,28 July,2023,Friday,Weekend 2,Electronic
420,CORE presents MIND AGAINST,Core,Trikk b2b Jimi Jules,21:00 - 23:00,28 July,2023,Friday,Weekend 2,Electronic
421,CORE presents MIND AGAINST,Core,Mind Against,23:00 - 01:00,28 July,2023,Friday,Weekend 2,Commercial Dance
422,All 4 House,Crystal Garden,Neon,12:00 - 13:00,28 July,2023,Friday,Weekend 2,Electronic
423,All 4 House,Crystal Garden,Tita Lau,13:00 - 14:30,28 July,2023,Friday,Weekend 2,"House, Techno"
424,All 4 House,Crystal Garden,Korolova,14:30 - 16:00,28 July,2023,Friday,Weekend 2,Electronic
425,Atmosphere,Atmosphere,Hector Oaks,19:00 - 20:30,28 July,2023,Friday,Weekend 2,Techno
426,All 4 House,Crystal Garden,Meduza,18:00 - 20:00,28 July,2023,Friday,Weekend 2,House
427,All 4 House,Crystal Garden,James Hype,20:00 - 22:00,28 July,2023,Friday,Weekend 2,House
428,All 4 House,Crystal Garden,Vintage Culture,22:00 - 00:00,28 July,2023,Friday,Weekend 2,"Commercial Dance, Electro House, Electronica, Traditional House"
429,The Mangrove,Elixir,DJ Chanelle,13:00 - 14:30,28 July,2023,Friday,Weekend 2,"House, Techno"
430,The Mangrove,Elixir,DJ Sahra,14:30 - 16:00,28 July,2023,Friday,Weekend 2,Techno
431,The Mangrove,Elixir,Eagl,16:00 - 17:30,28 July,2023,Friday,Weekend 2,Techno
432,The Mangrove,Elixir,Flavour Drop,17:30 - 18:30,28 July,2023,Friday,Weekend 2,House
433,The Mangrove,Elixir,KEVIN KOFII,18:30 - 19:30,28 July,2023,Friday,Weekend 2,House
434,The Mangrove,Elixir,Nina Black,19:30 - 20:30,28 July,2023,Friday,Weekend 2,Techno
435,The Mangrove,Elixir,Kwijt Trek System,20:30 - 22:00,28 July,2023,Friday,Weekend 2,"Electronic, Dance, House"
436,The Mangrove,Elixir,Rick & James 80’s Party,22:00 - 23:30,28 July,2023,Friday,Weekend 2,"Pop, Rock"
437,The Mangrove,Elixir,DJ Creator,23:30 - 01:00,28 July,2023,Friday,Weekend 2,Techno
438,Freedom by Budweiser,Freedom,Goldfox,12:00 - 13:30,28 July,2023,Friday,Weekend 2,"Electronic, Dance"
439,Freedom by Budweiser,Freedom,Jeroen Delodder,13:30 - 15:00,28 July,2023,Friday,Weekend 2,"Electronic, Dance, House"
440,Freedom by Budweiser,Freedom,Joyhauser,15:00 - 16:30,28 July,2023,Friday,Weekend 2,"Commercial Dance, Electronica, Techno, Trance"
441,Freedom by Budweiser,Freedom,Amber Broos,16:30 - 18:00,28 July,2023,Friday,Weekend 2,Techno
442,Freedom by Budweiser,Freedom,KAS:ST,18:00 - 19:30,28 July,2023,Friday,Weekend 2,Techno
443,Freedom by Budweiser,Freedom,HI-LO,19:30 - 21:00,28 July,2023,Friday,Weekend 2,"Electro House, Electronica, Techno"
444,Freedom by Budweiser,Freedom,Joris Voorn,21:00 - 23:00,28 July,2023,Friday,Weekend 2,"Tech House, Techno"
445,Freedom by Budweiser,Freedom,Eric Prydz presents HOLO,23:00 - 00:30,28 July,2023,Friday,Weekend 2,"Progressive House, Techno"
446,Mainstage,Mainstage,Daybreak session: Claptone,12:00 - 14:30,28 July,2023,Friday,Weekend 2,"House, Deep House, Tech House"
447,Mainstage,Mainstage,Brina Knauss,14:30 - 15:30,28 July,2023,Friday,Weekend 2,Techno
448,Mainstage,Mainstage,Matisse & Sadko,15:30 - 16:30,28 July,2023,Friday,Weekend 2,Progressive House
449,Mainstage,Mainstage,Öwnboss,16:30 - 17:30,28 July,2023,Friday,Weekend 2,Electronic Dance Music (EDM)
450,All 4 House,Crystal Garden,Claptone,16:00 - 18:00,28 July,2023,Friday,Weekend 2,"Electro House, Tech House, Techno, Traditional House"
451,Mainstage,Mainstage,B Jones,18:40 - 19:40,28 July,2023,Friday,Weekend 2,"Dance, Electronic, Hip-Hop, Rap"
452,Mainstage,Mainstage,Dom Dolla,19:40 - 20:40,28 July,2023,Friday,Weekend 2,"Future House, Electro House, Funky House"
453,Mainstage,Mainstage,Kölsch,20:40 - 21:40,28 July,2023,Friday,Weekend 2,Commercial Dance
454,Mainstage,Mainstage,Steve Angello & Sebastian Ingrosso,21:45 - 22:45,28 July,2023,Friday,Weekend 2,"House, EDM"
455,Mainstage,Mainstage,Tiësto,22:50 - 23:50,28 July,2023,Friday,Weekend 2,"Commercial Dance, Big Room"
456,Mainstage,Mainstage,Hardwell,23:50 - 00:50,28 July,2023,Friday,Weekend 2,"Electro House, Progressive House"
457,Moosebar,Moosebar,Filip,12:00 - 16:00,28 July,2023,Friday,Weekend 2,"Pop, Rock"
458,Moosebar,Moosebar,Tom Cosyns,16:00 - 19:00,28 July,2023,Friday,Weekend 2,"Electronic, Dance, House"
459,Moosebar,Moosebar,Christoff,19:00 - 20:00,28 July,2023,Friday,Weekend 2,"Pop, Schlager"
460,Moosebar,Moosebar,Funkhauser,20:00 - 00:00,28 July,2023,Friday,Weekend 2,"Electronic, Dance"
461,Vissa,Rise,Max Goldrusher,12:30 - 13:30,28 July,2023,Friday,Weekend 2,Electronic
462,Vissa,Rise,DJ Renee,13:30 - 14:30,28 July,2023,Friday,Weekend 2,Electronic
463,Vissa,Rise,Maite Dedecker,14:30 - 15:30,28 July,2023,Friday,Weekend 2,Electronic
464,Vissa,Rise,DJ Pombak,15:30 - 16:30,28 July,2023,Friday,Weekend 2,"House, Techno"
465,Vissa,Rise,DJ Yolotanker,16:30 - 17:30,28 July,2023,Friday,Weekend 2,Electronic
466,Vissa,Rise,Omdat Het Kan Soundsystem ft. Average Rob,17:30 - 18:30,28 July,2023,Friday,Weekend 2,"EDM, Trap"
467,Vissa,Rise,Gladde Paling,18:30 - 19:30,28 July,2023,Friday,Weekend 2,Electronic
468,Vissa,Rise,Dikke Baap,19:30 - 20:30,28 July,2023,Friday,Weekend 2,"House, Techno"
469,Vissa,Rise,Michael Amani,20:30 - 21:30,28 July,2023,Friday,Weekend 2,"House, Techno"
470,Vissa,Rise,Vieze Asbak,21:30 - 22:30,28 July,2023,Friday,Weekend 2,"Electronic, Hip-Hop"
471,Vissa,Rise,Natte Visstick,22:30 - 23:30,28 July,2023,Friday,Weekend 2,"House, Techno"
472,Vissa,Rise,Vissa Collectief,23:30 - 00:00,28 July,2023,Friday,Weekend 2,"Electronic, Hip-Hop"
473,Nico Morano & Friends,Terra Solis,Calao,12:30 - 14:30,28 July,2023,Friday,Weekend 2,Electronic
474,Nico Morano & Friends,Terra Solis,Nick Bril,14:30 - 16:30,28 July,2023,Friday,Weekend 2,"House, Techno"
475,Mainstage,Mainstage,Purple Disco Machine,17:35 - 18:35,28 July,2023,Friday,Weekend 2,"Deep House, Funk House, Disco House"
476,Nico Morano & Friends,Terra Solis,Biesmans Live,18:30 - 19:30,28 July,2023,Friday,Weekend 2,"House, Techno"
477,Nico Morano & Friends,Terra Solis,Eelke Kleijn,19:30 - 21:30,28 July,2023,Friday,Weekend 2,Progressive House
478,Nico Morano & Friends,Terra Solis,Nico Morano,21:30 - 23:30,28 July,2023,Friday,Weekend 2,"House, Techno"
479,The Library,The Library,Sefa,00:20 - 00:50,28 July,2023,Friday,Weekend 2,Hard Dance
480,The Library,The Library,Meaghan,12:00 - 13:00,28 July,2023,Friday,Weekend 2,Electronic
481,The Library,The Library,Lennert Wolfs,13:00 - 14:00,28 July,2023,Friday,Weekend 2,"Electronic, Dance, House"
482,The Library,The Library,La Fuente,14:00 - 15:00,28 July,2023,Friday,Weekend 2,Commercial Dance
483,The Library,The Library,Michenlo,15:00 - 16:00,28 July,2023,Friday,Weekend 2,Electronic
484,The Library,The Library,Cat Dealers,16:00 - 17:00,28 July,2023,Friday,Weekend 2,"Commercial Dance, Electronica, Traditional House"
485,The Library,The Library,Topic,17:00 - 18:00,28 July,2023,Friday,Weekend 2,"Pop, Dance"
486,The Library,The Library,Lucas & Steve,18:00 - 19:00,28 July,2023,Friday,Weekend 2,"Commercial Dance, Hard Dance, Traditional House"
487,The Library,The Library,Henri PFR,19:00 - 20:00,28 July,2023,Friday,Weekend 2,"Commercial Dance, Electronica, Traditional House"
488,The Library,The Library,Ofenbach,20:00 - 21:00,28 July,2023,Friday,Weekend 2,"Deep House, Electro House"
489,The Library,The Library,Mike Williams,21:00 - 22:00,28 July,2023,Friday,Weekend 2,"Commercial Dance, Drum & Bass, Electronica, Progressive House, Traditional House"
490,The Library,The Library,Nicky Romero,22:00 - 23:00,28 July,2023,Friday,Weekend 2,Progressive House
491,The Library,The Library,Sub Zero Project,23:00 - 23:45,28 July,2023,Friday,Weekend 2,"Hard Dance, Hardcore Techno, Psychedelic Trance"
492,The Library,The Library,Ran-D,23:45 - 00:20,28 July,2023,Friday,Weekend 2,Hardcore Techno
493,Winterclubbing,The Rave Cave,Structure,13:00 - 14:00,28 July,2023,Friday,Weekend 2,"House, Techno"
494,Winterclubbing,The Rave Cave,Bram Delux,14:00 - 15:00,28 July,2023,Friday,Weekend 2,House
495,Winterclubbing,The Rave Cave,DJ Luk,15:00 - 16:00,28 July,2023,Friday,Weekend 2,Electronic
496,Winterclubbing,The Rave Cave,Bros Rodriguez,16:00 - 17:00,28 July,2023,Friday,Weekend 2,House
497,Winterclubbing,The Rave Cave,PartyShakerz,17:00 - 18:30,28 July,2023,Friday,Weekend 2,"Electronic, Dance"
498,Winterclubbing,The Rave Cave,DJ Kat,18:30 - 19:30,28 July,2023,Friday,Weekend 2,House
499,Winterclubbing,The Rave Cave,Funk D,19:30 - 20:30,28 July,2023,Friday,Weekend 2,"House, Techno"
500,Nico Morano & Friends,Terra Solis,Re.You,16:30 - 18:30,28 July,2023,Friday,Weekend 2,Commercial Dance
501,Winterclubbing,The Rave Cave,Double-U,22:00 - 23:00,28 July,2023,Friday,Weekend 2,Electronic
502,Winterclubbing,The Rave Cave,Winterclubbing All Stars,23:00 - 00:00,28 July,2023,Friday,Weekend 2,"Electronic, Dance"
503,Rampage,The Rose Garden,Primate,12:00 - 13:00,28 July,2023,Friday,Weekend 2,Drum & Bass
504,Rampage,The Rose Garden,Lexurus,13:00 - 14:00,28 July,2023,Friday,Weekend 2,Bass Music
505,Rampage,The Rose Garden,Jeanie,14:00 - 15:00,28 July,2023,Friday,Weekend 2,Bass Music
506,Rampage,The Rose Garden,Turno & Dreps,15:00 - 16:00,28 July,2023,Friday,Weekend 2,Drum & Bass
507,Rampage,The Rose Garden,Skepsis & Darkzy,16:00 - 17:00,28 July,2023,Friday,Weekend 2,Bass Music
508,Rampage,The Rose Garden,Calcium B2B Layz,17:00 - 18:00,28 July,2023,Friday,Weekend 2,Dubstep
509,Rampage,The Rose Garden,Metrik,18:00 - 19:00,28 July,2023,Friday,Weekend 2,"Drum & Bass, Dubstep"
510,Rampage,The Rose Garden,Murdock,19:00 - 20:00,28 July,2023,Friday,Weekend 2,Drum & Bass
511,Rampage,The Rose Garden,Mollie Collins,20:00 - 21:00,28 July,2023,Friday,Weekend 2,Drum & Bass
512,Rampage,The Rose Garden,Andy C & Tonn Piper,21:00 - 22:00,28 July,2023,Friday,Weekend 2,Drum & Bass
513,Rampage,The Rose Garden,USED,22:00 - 23:00,28 July,2023,Friday,Weekend 2,"Hardstyle, Rawstyle"
514,Rampage,The Rose Garden,A.M.C ft Phantom,23:00 - 00:00,28 July,2023,Friday,Weekend 2,Drum & Bass
515,Psygathering,Youphoria,Rdeem,13:00 - 14:30,28 July,2023,Friday,Weekend 2,Psytrance
516,Psygathering,Youphoria,Firaga,14:30 - 15:30,28 July,2023,Friday,Weekend 2,Psytrance
517,Psygathering,Youphoria,Fabio Fusco,15:30 - 17:00,28 July,2023,Friday,Weekend 2,Psytrance
518,Psygathering,Youphoria,WHITENO1SE,17:00 - 18:30,28 July,2023,Friday,Weekend 2,Psytrance
519,Psygathering,Youphoria,Skazi,18:30 - 19:45,28 July,2023,Friday,Weekend 2,Trance
520,Psygathering,Youphoria,Blastoyz,19:45 - 21:00,28 July,2023,Friday,Weekend 2,Psytrance
521,Psygathering,Youphoria,Vegas,21:00 - 22:30,28 July,2023,Friday,Weekend 2,"House, Techno"
522,Psygathering,Youphoria,Neelix,22:30 - 23:50,28 July,2023,Friday,Weekend 2,Psychedelic Trance
523,Atmosphere,Atmosphere,Heckman,12:00 - 14:00,29 July,2023,Saturday,Weekend 2,"Electronic, Techno"
524,Atmosphere,Atmosphere,AM.I,14:00 - 16:00,29 July,2023,Saturday,Weekend 2,Techno
525,Winterclubbing,The Rave Cave,Dimitri Wouters,20:30 - 22:00,28 July,2023,Friday,Weekend 2,House
526,Atmosphere,Atmosphere,Oscar L,17:30 - 19:00,29 July,2023,Saturday,Weekend 2,Tech House
527,Atmosphere,Atmosphere,Alex Stein,19:00 - 21:00,29 July,2023,Saturday,Weekend 2,Tech House
528,Atmosphere,Atmosphere,Victor Ruiz,21:00 - 23:00,29 July,2023,Saturday,Weekend 2,Commercial Dance
529,Atmosphere,Atmosphere,Enrico Sangiuliano,23:00 - 01:00,29 July,2023,Saturday,Weekend 2,"Electronica, Techno"
530,HEX,Cage,Novah,12:00 - 14:00,29 July,2023,Saturday,Weekend 2,"Techno, Melodic Techno"
531,HEX,Cage,Noneoftheabove,14:00 - 15:30,29 July,2023,Saturday,Weekend 2,Electronic
532,HEX,Cage,SHLØMO,15:30 - 17:00,29 July,2023,Saturday,Weekend 2,"Techno, Ambient, Experimental"
533,HEX,Cage,Cassie Raptor,17:00 - 19:00,29 July,2023,Saturday,Weekend 2,"Techno, Acid Techno, Electronic"
534,HEX,Cage,Paolo Ferrara,19:00 - 21:00,29 July,2023,Saturday,Weekend 2,"Techno, Electronic"
535,HEX,Cage,Lorenzo Raganzini,21:00 - 23:00,29 July,2023,Saturday,Weekend 2,"Techno, Industrial Techno"
536,CORE presents HONEY DIJON,Core,Kappen,12:30 - 14:00,29 July,2023,Saturday,Weekend 2,Techno
537,CORE presents HONEY DIJON,Core,Mosley Jr,14:00 - 15:30,29 July,2023,Saturday,Weekend 2,"Electronic, Dance, House"
538,CORE presents HONEY DIJON,Core,Capoon,15:30 - 17:00,29 July,2023,Saturday,Weekend 2,Techno
539,CORE presents HONEY DIJON,Core,Major League DJz,17:00 - 19:00,29 July,2023,Saturday,Weekend 2,"Amapiano, House"
540,CORE presents HONEY DIJON,Core,Holographic,19:00 - 21:00,29 July,2023,Saturday,Weekend 2,Techno
541,CORE presents HONEY DIJON,Core,Honey Dijon,21:00 - 23:00,29 July,2023,Saturday,Weekend 2,"Deep House, Tech House"
542,CORE presents HONEY DIJON,Core,Floorplan,23:00 - 01:00,29 July,2023,Saturday,Weekend 2,"Techno, House"
543,Anjunabeats,Crystal Garden,Dylan Guaetta,12:00 - 13:30,29 July,2023,Saturday,Weekend 2,"Electronic, Dance, House"
544,Anjunabeats,Crystal Garden,Laura van Dam,13:30 - 15:00,29 July,2023,Saturday,Weekend 2,"House, Tech House"
545,Anjunabeats,Crystal Garden,Amy Wiles b2b Leena Punks,15:00 - 16:00,29 July,2023,Saturday,Weekend 2,Techno
546,Anjunabeats,Crystal Garden,Sunny Lax,16:00 - 17:00,29 July,2023,Saturday,Weekend 2,Trance
547,Anjunabeats,Crystal Garden,Anamē,17:00 - 18:00,29 July,2023,Saturday,Weekend 2,Techno
548,Anjunabeats,Crystal Garden,Alpha9,18:00 - 19:00,29 July,2023,Saturday,Weekend 2,Trance
549,Anjunabeats,Crystal Garden,Andrew Bayer,19:00 - 20:00,29 July,2023,Saturday,Weekend 2,"Progressive House, Techno"
550,Atmosphere,Atmosphere,Symphony of Unity,16:00 - 17:30,29 July,2023,Saturday,Weekend 2,"Classical, Orchestral"
551,Anjunabeats,Crystal Garden,Mat Zo,21:00 - 22:00,29 July,2023,Saturday,Weekend 2,"Progressive House, Trance"
552,Anjunabeats,Crystal Garden,Above & Beyond,22:00 - 00:00,29 July,2023,Saturday,Weekend 2,Trance
553,Lonely at the Tap by FeestDJRuud,Elixir,LNY TNZ,00:00 - 01:00,29 July,2023,Saturday,Weekend 2,Hard Dance
554,Lonely at the Tap by FeestDJRuud,Elixir,Bennie Disko,13:00 - 14:30,29 July,2023,Saturday,Weekend 2,"Dutch House, Moombahton"
555,Lonely at the Tap by FeestDJRuud,Elixir,Aiscream,14:30 - 16:00,29 July,2023,Saturday,Weekend 2,"Electro House, Bass House"
556,Lonely at the Tap by FeestDJRuud,Elixir,La June,16:00 - 17:00,29 July,2023,Saturday,Weekend 2,"House, Deep House"
557,Lonely at the Tap by FeestDJRuud,Elixir,Raywell,17:00 - 18:30,29 July,2023,Saturday,Weekend 2,Techno
558,Lonely at the Tap by FeestDJRuud,Elixir,Gullie,18:30 - 19:00,29 July,2023,Saturday,Weekend 2,"Dutch House, Moombahton"
559,Lonely at the Tap by FeestDJRuud,Elixir,FeestDJRuud,19:00 - 20:30,29 July,2023,Saturday,Weekend 2,"Dutch House, Moombahton"
560,Lonely at the Tap by FeestDJRuud,Elixir,Otto Wunderbar,20:30 - 21:00,29 July,2023,Saturday,Weekend 2,"Dutch House,"
561,Lonely at the Tap by FeestDJRuud,Elixir,Disco Danny,21:00 - 22:00,29 July,2023,Saturday,Weekend 2,"Disco, House"
562,Lonely at the Tap by FeestDJRuud,Elixir,Irwan,22:00 - 23:00,29 July,2023,Saturday,Weekend 2,"House, Electronic, Urban"
563,Lonely at the Tap by FeestDJRuud,Elixir,Mr Belt & Wezol,23:00 - 00:00,29 July,2023,Saturday,Weekend 2,"House, Deep House, Future House"
564,Freedom by Budweiser,Freedom,Maxim Lany,12:00 - 14:30,29 July,2023,Saturday,Weekend 2,"House, Deep House"
565,Freedom by Budweiser,Freedom,Ann Clue,14:30 - 16:00,29 July,2023,Saturday,Weekend 2,"Techno, Minimal, Tech House"
566,Freedom by Budweiser,Freedom,Boris Brechja in concert,16:00 - 19:00,29 July,2023,Saturday,Weekend 2,"Techno, Minimal, Tech House"
567,Freedom by Budweiser,Freedom,Yves Deruyter,19:00 - 20:30,29 July,2023,Saturday,Weekend 2,Trance
568,Freedom by Budweiser,Freedom,Adam Beyer & Maceo Plex,20:30 - 22:30,29 July,2023,Saturday,Weekend 2,"Techno, House, Electronic"
569,Freedom by Budweiser,Freedom,Reinier Zonneveld,22:30 - 00:30,29 July,2023,Saturday,Weekend 2,Techno
570,Mainstage,Mainstage,Daybreak session: Laidback Luke presents Wayback Luke,12:00 - 14:45,29 July,2023,Saturday,Weekend 2,House
571,Mainstage,Mainstage,Warrior Workout by Q-dance,14:45 - 15:15,29 July,2023,Saturday,Weekend 2,Hardstyle
572,Mainstage,Mainstage,Carola,15:15 - 16:15,29 July,2023,Saturday,Weekend 2,Techno
573,Mainstage,Mainstage,Goodboys,16:15 - 17:15,29 July,2023,Saturday,Weekend 2,House
574,Mainstage,Mainstage,Yves V & Regi,17:20 - 18:20,29 July,2023,Saturday,Weekend 2,"Big Room House, Progressive House"
575,Anjunabeats,Crystal Garden,Ilan Bluestone,20:00 - 21:00,29 July,2023,Saturday,Weekend 2,"Dubstep, Trance"
576,Mainstage,Mainstage,John Newman,19:25 - 20:25,29 July,2023,Saturday,Weekend 2,Commercial Dance
577,Mainstage,Mainstage,Tale Of Us,20:25 - 21:25,29 July,2023,Saturday,Weekend 2,Tech House
578,Mainstage,Mainstage,Armin van Buuren,21:30 - 22:30,29 July,2023,Saturday,Weekend 2,Trance
579,Mainstage,Mainstage,Dimitri Vegas & Like Mike,22:35 - 23:50,29 July,2023,Saturday,Weekend 2,Electro House
580,Mainstage,Mainstage,Steve Aoki,23:50 - 00:50,29 July,2023,Saturday,Weekend 2,"Electro House, Indie / Underground"
581,Moosebar,Moosebar,Rino,12:00 - 15:00,29 July,2023,Saturday,Weekend 2,"Electronic, Dance"
582,Moosebar,Moosebar,Milano,15:00 - 19:00,29 July,2023,Saturday,Weekend 2,"Electronic, Dance"
583,Moosebar,Moosebar,Schorre cheff & MC Vals,19:00 - 20:00,29 July,2023,Saturday,Weekend 2,"Hip-Hop, Rap"
584,Moosebar,Moosebar,Laurent Wery,20:00 - 00:00,29 July,2023,Saturday,Weekend 2,"Electronic, Dance, House"
585,Defected,Rise,DJ FLOW,12:30 - 13:30,29 July,2023,Saturday,Weekend 2,Unknown
586,Defected,Rise,DJ Elfigo,13:30 - 14:30,29 July,2023,Saturday,Weekend 2,Unknown
587,Defected,Rise,AMA LIA,14:30 - 15:30,29 July,2023,Saturday,Weekend 2,Unknown
588,Defected,Rise,Bobby & Djenko,15:30 - 16:30,29 July,2023,Saturday,Weekend 2,Unknown
589,Defected,Rise,Rio Tashan,16:30 - 18:00,29 July,2023,Saturday,Weekend 2,"Pop, R&B"
590,Defected,Rise,Mambo Brothers,18:00 - 19:30,29 July,2023,Saturday,Weekend 2,House
591,Defected,Rise,Ferreck Dawn,19:30 - 21:00,29 July,2023,Saturday,Weekend 2,Commercial Dance
592,Defected,Rise,SYREETA,21:00 - 22:30,29 July,2023,Saturday,Weekend 2,"Pop, Soul"
593,Defected,Rise,Gorgon City,22:30 - 23:50,29 July,2023,Saturday,Weekend 2,Electronica
594,Terra Solis,Terra Solis,Luna & Lenthe,12:00 - 13:30,29 July,2023,Saturday,Weekend 2,"Pop, R&B"
595,Terra Solis,Terra Solis,Naethan,13:30 - 15:00,29 July,2023,Saturday,Weekend 2,"Electronic, Dance"
596,Terra Solis,Terra Solis,Florentin,15:00 - 16:30,29 July,2023,Saturday,Weekend 2,Electronic
597,Terra Solis,Terra Solis,Khainz,16:30 - 18:00,29 July,2023,Saturday,Weekend 2,"Electronica, Techno"
598,Terra Solis,Terra Solis,Goom Gum,18:00 - 19:30,29 July,2023,Saturday,Weekend 2,"Melodic House, Electronic"
599,Terra Solis,Terra Solis,Undercatt,19:30 - 21:00,29 July,2023,Saturday,Weekend 2,"Chill Out, Techno"
600,Mainstage,Mainstage,NERVO,18:25 - 19:25,29 July,2023,Saturday,Weekend 2,"Electro House, Progressive House"
601,Lost Frequencies & Friends,The Library,Netsky,00:00 - 01:00,29 July,2023,Saturday,Weekend 2,Drum & Bass
602,Lost Frequencies & Friends,The Library,Reygel,12:00 - 13:00,29 July,2023,Saturday,Weekend 2,"Electronic, Dance"
603,Lost Frequencies & Friends,The Library,Arodes,13:00 - 14:00,29 July,2023,Saturday,Weekend 2,House
604,Lost Frequencies & Friends,The Library,Subshift,14:00 - 15:00,29 July,2023,Saturday,Weekend 2,Drum & Bass
605,Lost Frequencies & Friends,The Library,Toolate Groove,15:00 - 16:00,29 July,2023,Saturday,Weekend 2,House
606,Lost Frequencies & Friends,The Library,Throttle,16:00 - 17:00,29 July,2023,Saturday,Weekend 2,"Commercial Dance, Electronica"
607,Lost Frequencies & Friends,The Library,Pretty Pink,17:00 - 18:00,29 July,2023,Saturday,Weekend 2,Electro House
608,Lost Frequencies & Friends,The Library,Matroda,18:00 - 19:00,29 July,2023,Saturday,Weekend 2,"Bass House, Electro House"
609,Lost Frequencies & Friends,The Library,Tony Romera,19:00 - 20:00,29 July,2023,Saturday,Weekend 2,Electro House
610,Lost Frequencies & Friends,The Library,Robin Schulz,20:00 - 21:00,29 July,2023,Saturday,Weekend 2,Commercial Dance
611,Lost Frequencies & Friends,The Library,Kungs,21:00 - 22:00,29 July,2023,Saturday,Weekend 2,"Tech House, Traditional House"
612,Lost Frequencies & Friends,The Library,Lost Frequencies,22:00 - 23:00,29 July,2023,Saturday,Weekend 2,"Electro House, Electronica, Traditional House"
613,Lost Frequencies & Friends,The Library,Tchami,23:00 - 00:00,29 July,2023,Saturday,Weekend 2,Commercial Dance
614,Coincidence,The Rave Cave,Dj SOME,12:00 - 13:30,29 July,2023,Saturday,Weekend 2,"House, Deep House"
615,Coincidence,The Rave Cave,Psytox,13:30 - 15:00,29 July,2023,Saturday,Weekend 2,"Hardstyle, Rawstyle, Electronic"
616,Coincidence,The Rave Cave,Alexa Borzyk,15:00 - 16:30,29 July,2023,Saturday,Weekend 2,"Techno, Electronic"
617,Coincidence,The Rave Cave,Helsmoortel,16:30 - 18:00,29 July,2023,Saturday,Weekend 2,"Techno, Electronic"
618,Coincidence,The Rave Cave,Steya,18:00 - 19:30,29 July,2023,Saturday,Weekend 2,"Techno, Electronic"
619,Coincidence,The Rave Cave,TRiXY,19:30 - 21:00,29 July,2023,Saturday,Weekend 2,"Hardstyle, Rawstyle, Electronic"
620,Coincidence,The Rave Cave,Remy-X Live,21:00 - 22:00,29 July,2023,Saturday,Weekend 2,"Trance, Hard Trance, Electronic"
621,Coincidence,The Rave Cave,Pako Marckx,22:00 - 23:30,29 July,2023,Saturday,Weekend 2,Electronic
622,Coincidence,The Rave Cave,RPTR,23:30 - 01:00,29 July,2023,Saturday,Weekend 2,"Techno, Electronic"
623,Bonzai,The Rose Garden,DJ Liberty,13:00 - 14:00,29 July,2023,Saturday,Weekend 2,"Hardstyle, Jumpstyle"
624,Bonzai,The Rose Garden,Anonymize,14:00 - 15:00,29 July,2023,Saturday,Weekend 2,"Techno, Minimal, Electronic"
625,Terra Solis,Terra Solis,GLOWAL,21:00 - 23:30,29 July,2023,Saturday,Weekend 2,"Melodic Techno, Electronic"
626,Bonzai,The Rose Garden,Franky Jones,16:00 - 17:00,29 July,2023,Saturday,Weekend 2,"Techno, Acid"
627,Bonzai,The Rose Garden,Furax,17:00 - 18:00,29 July,2023,Saturday,Weekend 2,"Hardcore Techno, Traditional House"
628,Bonzai,The Rose Garden,Jan Vervloet,18:00 - 19:00,29 July,2023,Saturday,Weekend 2,Progressive House
629,Bonzai,The Rose Garden,DJ Ghost,19:00 - 20:00,29 July,2023,Saturday,Weekend 2,"Hard Trance, Techno"
630,Bonzai,The Rose Garden,Franky Kloeck,20:00 - 21:00,29 July,2023,Saturday,Weekend 2,"Techno, Hard Trance"
631,Bonzai,The Rose Garden,Greg S,21:00 - 22:30,29 July,2023,Saturday,Weekend 2,"Techno, Trance"
632,Bonzai,The Rose Garden,PUSH,22:30 - 23:30,29 July,2023,Saturday,Weekend 2,"Trance, Progressive House"
633,Bonzai,The Rose Garden,Bonzai All Stars,23:30 - 01:00,29 July,2023,Saturday,Weekend 2,"Techno, Trance"
634,SHAQ's Bass All-stars,Youphoria,Senator,13:00 - 14:30,29 July,2023,Saturday,Weekend 2,"Dubstep, Bass Music"
635,SHAQ's Bass All-stars,Youphoria,Merow,14:30 - 16:00,29 July,2023,Saturday,Weekend 2,Dubstep
636,SHAQ's Bass All-stars,Youphoria,Afterthought,16:00 - 17:00,29 July,2023,Saturday,Weekend 2,"Dubstep, Bass Music"
637,SHAQ's Bass All-stars,Youphoria,Crankdat,17:00 - 18:00,29 July,2023,Saturday,Weekend 2,"Dubstep, Hybrid Trap"
638,SHAQ's Bass All-stars,Youphoria,Sullivan King,18:00 - 19:00,29 July,2023,Saturday,Weekend 2,Dubstep
639,SHAQ's Bass All-stars,Youphoria,Koven,19:00 - 20:00,29 July,2023,Saturday,Weekend 2,Drum & Bass
640,SHAQ's Bass All-stars,Youphoria,WHIPPED CREAM,20:00 - 21:00,29 July,2023,Saturday,Weekend 2,"Bass Music, Trap, Club Music"
641,SHAQ's Bass All-stars,Youphoria,DJ Diesel,21:00 - 22:00,29 July,2023,Saturday,Weekend 2,"Electronic, Dance"
642,SHAQ's Bass All-stars,Youphoria,Jessica Audiffred,22:00 - 23:00,29 July,2023,Saturday,Weekend 2,"Dubstep, Bass Music"
643,SHAQ's Bass All-stars,Youphoria,12th Planet,23:00 - 00:00,29 July,2023,Saturday,Weekend 2,Dubstep
644,EXHALE,Atmosphere,Herton,12:30 - 14:30,30 July,2023,Sunday,Weekend 2,Electronic
645,EXHALE,Atmosphere,Ahl Iver Live,14:30 - 15:30,30 July,2023,Sunday,Weekend 2,Techno
646,EXHALE,Atmosphere,Farrago,15:30 - 17:00,30 July,2023,Sunday,Weekend 2,Techno
647,EXHALE,Atmosphere,Klangkuenstler,17:00 - 18:30,30 July,2023,Sunday,Weekend 2,"Techno, Techno"
648,EXHALE,Atmosphere,Kobosil,18:30 - 20:30,30 July,2023,Sunday,Weekend 2,Techno
649,EXHALE,Atmosphere,ANNA,20:30 - 22:00,30 July,2023,Sunday,Weekend 2,Techno
650,Bonzai,The Rose Garden,DJ Bountyhunter,15:00 - 16:00,29 July,2023,Saturday,Weekend 2,"Hardcore, Gabber, Electronic"
651,Cage,Cage,Captain Bass,14:00 - 15:00,30 July,2023,Sunday,Weekend 2,Future Bass
652,Cage,Cage,Natty Lou,15:00 - 16:00,30 July,2023,Sunday,Weekend 2,Electronic
653,Cage,Cage,Cartoon,16:00 - 17:00,30 July,2023,Sunday,Weekend 2,Dubstep
654,Cage,Cage,Charlie Tee,17:00 - 18:00,30 July,2023,Sunday,Weekend 2,"Electronic, Dance, House"
655,Cage,Cage,EJ Kitto,18:00 - 19:00,30 July,2023,Sunday,Weekend 2,Drum & Bass
656,Cage,Cage,Mozey,19:00 - 20:00,30 July,2023,Sunday,Weekend 2,Drum & Bass
657,Cage,Cage,Jamezy,20:00 - 21:00,30 July,2023,Sunday,Weekend 2,"Hip Hop, Rap"
658,Cage,Cage,Alcemist,21:00 - 22:00,30 July,2023,Sunday,Weekend 2,Drum & Bass
659,Cage,Cage,DJ Marky,22:00 - 23:00,30 July,2023,Sunday,Weekend 2,"Drum & Bass, Jungle"
660,CORE presents DJ TENNIS,Core,Lilihell,12:30 - 14:30,30 July,2023,Sunday,Weekend 2,"Electronic, Dance"
661,CORE presents DJ TENNIS,Core,DC Salas,14:30 - 16:00,30 July,2023,Sunday,Weekend 2,"Electronic, Techno"
662,CORE presents DJ TENNIS,Core,Carlita,16:00 - 18:00,30 July,2023,Sunday,Weekend 2,Techno
663,CORE presents DJ TENNIS,Core,DJ Seinfeld,18:00 - 20:00,30 July,2023,Sunday,Weekend 2,House
664,CORE presents DJ TENNIS,Core,DJ Tennis,20:00 - 22:00,30 July,2023,Sunday,Weekend 2,"Tech House, Deep House"
665,CORE presents DJ TENNIS,Core,Âme,22:00 - 00:00,30 July,2023,Sunday,Weekend 2,Minimal
666,Crystal Garden,Crystal Garden,Emjie,12:00 - 14:00,30 July,2023,Sunday,Weekend 2,"Electronic, Dance"
667,Crystal Garden,Crystal Garden,Hollt,14:00 - 16:00,30 July,2023,Sunday,Weekend 2,"Electronic, Dance"
668,Crystal Garden,Crystal Garden,Massano,16:00 - 17:30,30 July,2023,Sunday,Weekend 2,Progressive House
669,Crystal Garden,Crystal Garden,Like Mike,17:30 - 19:00,30 July,2023,Sunday,Weekend 2,"Big Room House, Progressive House"
670,Crystal Garden,Crystal Garden,Kevin De Vries,19:00 - 20:30,30 July,2023,Sunday,Weekend 2,"Techno, Tech Trance"
671,Crystal Garden,Crystal Garden,Adriatique,20:30 - 22:00,30 July,2023,Sunday,Weekend 2,"Electronica, Tech House, Techno"
672,Crystal Garden,Crystal Garden,Stephan Bodzin,22:00 - 23:30,30 July,2023,Sunday,Weekend 2,"Electro House, Techno"
673,Radio Ultra Modern,Elixir,El Bacha ft Sam Renascent,13:00 - 14:30,30 July,2023,Sunday,Weekend 2,"Electronic, Dance, House"
674,Radio Ultra Modern,Elixir,Bart & Baker,14:30 - 15:30,30 July,2023,Sunday,Weekend 2,"Electronic, Dance, House, Swing"
675,EXHALE,Atmosphere,Amelie Lens,22:00 - 00:00,30 July,2023,Sunday,Weekend 2,"Electronica, Techno, Trance"
676,Radio Ultra Modern,Elixir,Daddy K,16:30 - 17:30,30 July,2023,Sunday,Weekend 2,"Hip-Hop, Rap"
677,Radio Ultra Modern,Elixir,Jeronimo & Leaux Reese,17:30 - 18:30,30 July,2023,Sunday,Weekend 2,"Electronic, Dance, House"
678,Radio Ultra Modern,Elixir,Crack-T,18:30 - 19:30,30 July,2023,Sunday,Weekend 2,"Electronic, Dance, House"
679,Radio Ultra Modern,Elixir,Uneak ft. Cosmic & Babybang,19:30 - 21:00,30 July,2023,Sunday,Weekend 2,"Electronic, Dance, House"
680,Radio Ultra Modern,Elixir,Lady S,21:00 - 22:30,30 July,2023,Sunday,Weekend 2,"Electronic, Dance, House"
681,Radio Ultra Modern,Elixir,The Knightriders,22:30 - 00:00,30 July,2023,Sunday,Weekend 2,"Electronic, Dance, House"
682,Freedom by Budweiser,Freedom,Yves V & Delafino,12:00 - 14:00,30 July,2023,Sunday,Weekend 2,Traditional House
683,Freedom by Budweiser,Freedom,YOUNOTUS,14:00 - 15:00,30 July,2023,Sunday,Weekend 2,"Electronic, Dance"
684,Freedom by Budweiser,Freedom,GORDO,15:00 - 16:00,30 July,2023,Sunday,Weekend 2,Techno
685,Freedom by Budweiser,Freedom,Don Diablo,16:00 - 17:30,30 July,2023,Sunday,Weekend 2,Progressive House
686,Freedom by Budweiser,Freedom,Sunnery James & Ryan Marciano,17:30 - 18:30,30 July,2023,Sunday,Weekend 2,Electro House
687,Freedom by Budweiser,Freedom,Steve Angello presents SIZE XX,18:30 - 20:30,30 July,2023,Sunday,Weekend 2,"Electronic, Dance, House"
688,Freedom by Budweiser,Freedom,Armin van Buuren,20:30 - 23:30,30 July,2023,Sunday,Weekend 2,Trance
689,Mainstage,Mainstage,Daybreak Session: OWR Soundsystem,12:00 - 14:30,30 July,2023,Sunday,Weekend 2,Techno
690,Mainstage,Mainstage,Marten Hørger,14:30 - 15:30,30 July,2023,Sunday,Weekend 2,Commercial Dance
691,Mainstage,Mainstage,Andromedik,15:30 - 16:30,30 July,2023,Sunday,Weekend 2,Drum & Bass
692,Mainstage,Mainstage,Malaa,16:30 - 17:30,30 July,2023,Sunday,Weekend 2,"Hip-Hop, Tech House"
693,Mainstage,Mainstage,Indira Paganotto,17:35 - 18:35,30 July,2023,Sunday,Weekend 2,Techno
694,Mainstage,Mainstage,Otto Knows,18:40 - 19:40,30 July,2023,Sunday,Weekend 2,Traditional House
695,Mainstage,Mainstage,R3hab & W&W,19:40 - 20:40,30 July,2023,Sunday,Weekend 2,"Big Room House, Progressive House"
696,Mainstage,Mainstage,Alesso,20:40 - 21:40,30 July,2023,Sunday,Weekend 2,Progressive House
697,Mainstage,Mainstage,Paul Kalkbrenner,21:45 - 22:45,30 July,2023,Sunday,Weekend 2,Techno
698,Mainstage,Mainstage,Martin Garrix,22:50 - 23:50,30 July,2023,Sunday,Weekend 2,Electro House
699,Moosebar,Moosebar,Frank Mellemans,12:00 - 16:00,30 July,2023,Sunday,Weekend 2,"Electronic, Dance"
700,Radio Ultra Modern,Elixir,Nicki Sanchez,15:30 - 16:30,30 July,2023,Sunday,Weekend 2,"Electronic, Dance, House"
701,Moosebar,Moosebar,Dorothee Vegas & Like Maarten,19:00 - 20:00,30 July,2023,Sunday,Weekend 2,"Dance, Party"
702,Moosebar,Moosebar,Kurt Verheyen,20:00 - 00:00,30 July,2023,Sunday,Weekend 2,"Electronic, Dance, House"
703,Yves V presents V SESSIONS,Rise,Simon T,12:00 - 13:00,30 July,2023,Sunday,Weekend 2,Deep House
704,Yves V presents V SESSIONS,Rise,Odssey,13:00 - 14:00,30 July,2023,Sunday,Weekend 2,Deep House
705,Yves V presents V SESSIONS,Rise,Brian Cross & Abel Ramos,14:00 - 15:00,30 July,2023,Sunday,Weekend 2,"House, Progressive House"
706,Yves V presents V SESSIONS,Rise,Bhaskar,15:00 - 16:00,30 July,2023,Sunday,Weekend 2,"Brazilian Bass, Deep House"
707,Yves V presents V SESSIONS,Rise,Header,16:00 - 17:00,30 July,2023,Sunday,Weekend 2,House
708,Yves V presents V SESSIONS,Rise,Justus,17:00 - 18:00,30 July,2023,Sunday,Weekend 2,Deep House
709,Yves V presents V SESSIONS,Rise,Kura,18:00 - 19:00,30 July,2023,Sunday,Weekend 2,Progressive House
710,Yves V presents V SESSIONS,Rise,Yves V,19:00 - 20:00,30 July,2023,Sunday,Weekend 2,Progressive House
711,Yves V presents V SESSIONS,Rise,Sevek,20:00 - 21:00,30 July,2023,Sunday,Weekend 2,House
712,Yves V presents V SESSIONS,Rise,Glockenbach,21:00 - 22:00,30 July,2023,Sunday,Weekend 2,Deep House
713,Yves V presents V SESSIONS,Rise,Kris Kross Amsterdam,22:00 - 23:00,30 July,2023,Sunday,Weekend 2,"Electronic, Pop"
714,Yves V presents V SESSIONS,Rise,Mariana Bo,23:00 - 00:00,30 July,2023,Sunday,Weekend 2,"Dubstep, Hard Dance, Hardcore Techno, Psychedelic Trance, Traditional House"
715,SHOMI,Terra Solis,Elenore,12:30 - 13:30,30 July,2023,Sunday,Weekend 2,House
716,SHOMI,Terra Solis,séa,13:30 - 15:00,30 July,2023,Sunday,Weekend 2,Electronic
717,SHOMI,Terra Solis,PBH & Jack,15:00 - 16:00,30 July,2023,Sunday,Weekend 2,House
718,SHOMI,Terra Solis,DJ Licious,16:00 - 17:30,30 July,2023,Sunday,Weekend 2,House
719,SHOMI,Terra Solis,ODEN & FATZO,17:30 - 19:00,30 July,2023,Sunday,Weekend 2,House
720,SHOMI,Terra Solis,Biscits,19:00 - 20:30,30 July,2023,Sunday,Weekend 2,House
721,SHOMI,Terra Solis,Vato Gonzalez,20:30 - 22:00,30 July,2023,Sunday,Weekend 2,"Dubstep, Traditional House"
722,SHOMI,Terra Solis,Delafino B2B DJ Gee,22:00 - 23:30,30 July,2023,Sunday,Weekend 2,House
723,Smash The House,The Library,Suark,12:00 - 13:00,30 July,2023,Sunday,Weekend 2,House
724,Smash The House,The Library,Mr. Pig & Le Twins,13:00 - 14:00,30 July,2023,Sunday,Weekend 2,"Big Room House, Brazilian Bass"
725,Moosebar,Moosebar,Les Mecs Eclectics,16:00 - 19:00,30 July,2023,Sunday,Weekend 2,"Electronic, Dance, House"
726,Smash The House,The Library,Tungevaag,15:00 - 16:00,30 July,2023,Sunday,Weekend 2,"Dance, Pop"
727,Smash The House,The Library,Viktor & Kobe,16:00 - 17:00,30 July,2023,Sunday,Weekend 2,"Electronic, Dance"
728,Smash The House,The Library,Ben Nicky,17:00 - 18:00,30 July,2023,Sunday,Weekend 2,"Progressive House, Trance"
729,Smash The House,The Library,Gabry Ponte,18:00 - 19:00,30 July,2023,Sunday,Weekend 2,Traditional House
730,Smash The House,The Library,Paris Hilton,19:00 - 20:00,30 July,2023,Sunday,Weekend 2,"Electronic, Dance"
731,Smash The House,The Library,MATTN,20:00 - 21:00,30 July,2023,Sunday,Weekend 2,"Commercial Dance, Traditional House"
732,Smash The House,The Library,Afrojack,21:00 - 22:00,30 July,2023,Sunday,Weekend 2,"Electro House, Progressive House"
733,Smash The House,The Library,Dimitri Vegas & Like Mike vs Timmy Trumpet,22:00 - 23:00,30 July,2023,Sunday,Weekend 2,Big Room House
734,Smash The House,The Library,Brennan Heart,23:00 - 00:00,30 July,2023,Sunday,Weekend 2,Hard Dance
735,Butternut,The Rave Cave,Fuga,12:00 - 14:00,30 July,2023,Sunday,Weekend 2,Electronic
736,Butternut,The Rave Cave,Wannes Lenaers,14:00 - 16:00,30 July,2023,Sunday,Weekend 2,Electronic
737,Butternut,The Rave Cave,Ampe,16:00 - 18:00,30 July,2023,Sunday,Weekend 2,Electronic
738,Butternut,The Rave Cave,Keyser,18:00 - 20:00,30 July,2023,Sunday,Weekend 2,Electronic
739,Butternut,The Rave Cave,Oton,20:00 - 22:00,30 July,2023,Sunday,Weekend 2,Electronic
740,Butternut,The Rave Cave,Brennt und Klakmatrak,22:00 - 23:00,30 July,2023,Sunday,Weekend 2,"Hardcore, Uptempo"
741,Butternut,The Rave Cave,Wørtaal,23:00 - 00:00,30 July,2023,Sunday,Weekend 2,Electronic
742,2010-2012,The Rose Garden,X-tof,13:00 - 14:30,30 July,2023,Sunday,Weekend 2,Big Room House
743,2010-2012,The Rose Garden,Yamo,14:30 - 16:00,30 July,2023,Sunday,Weekend 2,"Electronic, Experimental"
744,2010-2012,The Rose Garden,Romeo Blanco,16:00 - 17:00,30 July,2023,Sunday,Weekend 2,Commercial Dance
745,2010-2012,The Rose Garden,AN21,17:00 - 18:00,30 July,2023,Sunday,Weekend 2,Progressive House
746,2010-2012,The Rose Garden,Third Party,18:00 - 19:00,30 July,2023,Sunday,Weekend 2,Progressive House
747,2010-2012,The Rose Garden,Dannic,19:00 - 20:00,30 July,2023,Sunday,Weekend 2,Progressive House
748,2010-2012,The Rose Garden,Regi,20:00 - 21:00,30 July,2023,Sunday,Weekend 2,"Trance, Big Room House"
749,2010-2012,The Rose Garden,DJs FROM MARS,21:00 - 22:00,30 July,2023,Sunday,Weekend 2,"Electro House, Progressive House"
750,Smash The House,The Library,Sevenn,14:00 - 15:00,30 July,2023,Sunday,Weekend 2,Bass Music
751,2010-2012,The Rose Garden,Bassjackers,23:00 - 00:00,30 July,2023,Sunday,Weekend 2,Electro House
752,Da Tweekaz - Tweekamania,Youphoria,BassBrain,13:00 - 14:00,30 July,2023,Sunday,Weekend 2,Bass House
753,Da Tweekaz - Tweekamania,Youphoria,Refuzion,14:00 - 15:00,30 July,2023,Sunday,Weekend 2,Hard Dance
754,Da Tweekaz - Tweekamania,Youphoria,Sound Rush,15:00 - 16:00,30 July,2023,Sunday,Weekend 2,Hardstyle
755,Da Tweekaz - Tweekamania,Youphoria,MANDY,16:00 - 17:00,30 July,2023,Sunday,Weekend 2,Hard Dance
756,Da Tweekaz - Tweekamania,Youphoria,Coone,17:00 - 18:00,30 July,2023,Sunday,Weekend 2,Hard Dance
757,Da Tweekaz - Tweekamania,Youphoria,Da Tweekaz,18:00 - 19:00,30 July,2023,Sunday,Weekend 2,Hardcore Techno
758,Da Tweekaz - Tweekamania,Youphoria,Darren Styles,19:00 - 20:00,30 July,2023,Sunday,Weekend 2,Commercial Dance
759,Da Tweekaz - Tweekamania,Youphoria,Hard Driver,20:00 - 21:00,30 July,2023,Sunday,Weekend 2,Hard Dance
760,Da Tweekaz - Tweekamania,Youphoria,Rebelion,21:00 - 22:00,30 July,2023,Sunday,Weekend 2,Hard Dance
761,Da Tweekaz - Tweekamania,Youphoria,Mark With a K & Mc Chucky,22:00 - 23:00,30 July,2023,Sunday,Weekend 2,"Jumpstyle, Hardstyle"
762,Da Tweekaz - Tweekamania,Youphoria,Killshot,23:00 - 23:50,30 July,2023,Sunday,Weekend 2,Hardstyle
763,The Gathering,The Gathering,Nederhand,13:30 - 14:15,14 July,2022,Thursday,Weekend 1,Unknown
764,The Gathering,The Gathering,Prinz,14:15 - 15:00,14 July,2022,Thursday,Weekend 1,Techno
765,The Gathering,The Gathering,Delafino,15:00 - 15:45,14 July,2022,Thursday,Weekend 1,House
766,The Gathering,The Gathering,Yamo,15:45 - 16:30,14 July,2022,Thursday,Weekend 1,"Electronic, Experimental"
767,The Gathering,The Gathering,Alexander Merlin,16:30 - 17:15,14 July,2022,Thursday,Weekend 1,Unknown
768,The Gathering,The Gathering,Odssey,17:15 - 18:00,14 July,2022,Thursday,Weekend 1,Deep House
769,The Gathering,The Gathering,Double Pleasure,18:00 - 18:45,14 July,2022,Thursday,Weekend 1,House
770,The Gathering,The Gathering,Meaghan,18:45 - 19:30,14 July,2022,Thursday,Weekend 1,Electronic
771,The Gathering,The Gathering,Robert Falcon,19:30 - 20:15,14 July,2022,Thursday,Weekend 1,Unknown
772,The Gathering,The Gathering,D'Angello & Francis,20:15 - 21:00,14 July,2022,Thursday,Weekend 1,Unknown
773,The Gathering,The Gathering,MATTN,21:00 - 21:45,14 July,2022,Thursday,Weekend 1,"Commercial Dance, Traditional House"
774,The Gathering,The Gathering,Regis vs Yves V,21:45 - 22:30,14 July,2022,Thursday,Weekend 1,Unknown
775,2010-2012,The Rose Garden,Sidney Samson,22:00 - 23:00,30 July,2023,Sunday,Weekend 2,Traditional House
776,The Gathering,The Gathering,W&W,23:15 - 00:00,14 July,2022,Thursday,Weekend 1,Trance
777,KNTXT,Atmosphere,OGENN b2b One Track Brain,12:30 - 15:00,15 July,2022,Friday,Weekend 1,Techno
778,KNTXT,Atmosphere,Onyvaa,15:00 - 17:00,15 July,2022,Friday,Weekend 1,Techno
779,KNTXT,Atmosphere,Indira Paganotto,17:00 - 19:00,15 July,2022,Friday,Weekend 1,Techno
780,KNTXT,Atmosphere,Chris Liebing,19:00 - 21:00,15 July,2022,Friday,Weekend 1,Techno
781,KNTXT,Atmosphere,Enrico Sangiuliano,21:00 - 23:00,15 July,2022,Friday,Weekend 1,"Electronica, Techno"
782,KNTXT,Atmosphere,Charlotte de Witte,23:00 - 01:00,15 July,2022,Friday,Weekend 1,Techno
783,Coincidence,Cage,More to be announced,12:00 - 13:00,15 July,2022,Friday,Weekend 1,Unknown
784,Coincidence,Cage,Psytox,13:00 - 14:30,15 July,2022,Friday,Weekend 1,"Hardstyle, Rawstyle, Electronic"
785,Coincidence,Cage,Insolate,14:30 - 16:00,15 July,2022,Friday,Weekend 1,Techno
786,Coincidence,Cage,Klaudia Gawlas,16:00 - 17:30,15 July,2022,Friday,Weekend 1,"Electronic, Techno"
787,Coincidence,Cage,Salome,17:30 - 19:00,15 July,2022,Friday,Weekend 1,Unknown
788,Coincidence,Cage,Cynthia Spiering,19:00 - 20:30,15 July,2022,Friday,Weekend 1,Unknown
789,Coincidence,Cage,Volvox,20:30 - 22:30,15 July,2022,Friday,Weekend 1,"Techno, Electro"
790,Coincidence,Cage,SPFDJ,22:30 - 0:00,15 July,2022,Friday,Weekend 1,Techno
791,CORE presents Printworks,Core,Nick Bril,13:00 - 15:00,15 July,2022,Friday,Weekend 1,"House, Techno"
792,CORE presents Printworks,Core,A Local Hero,15:00 - 17:00,15 July,2022,Friday,Weekend 1,"Electronic, Dance"
793,CORE presents Printworks,Core,Jaden Thompson,17:00 - 19:00,15 July,2022,Friday,Weekend 1,Unknown
794,CORE presents Printworks,Core,DJ Holographic,19:00 - 21:00,15 July,2022,Friday,Weekend 1,"Deep House, Classic House"
795,CORE presents Printworks,Core,Kevin Saunderson,21:00 - 23:00,15 July,2022,Friday,Weekend 1,"Tech House, Techno"
796,CORE presents Printworks,Core,Seth Troxler,23:00 - 01:00,15 July,2022,Friday,Weekend 1,"Tech House, Techno"
797,Diplo's Higher Ground,Crystal Garden,Elliot Fitch,12:00 - 14:00,15 July,2022,Friday,Weekend 1,Unknown
798,Diplo's Higher Ground,Crystal Garden,Guz,14:00 - 16:00,15 July,2022,Friday,Weekend 1,"Electronic, House, Techno"
799,Diplo's Higher Ground,Crystal Garden,LP Giobbi,16:00 - 17:30,15 July,2022,Friday,Weekend 1,House
800,The Gathering,The Gathering,Lucas & Steve,22:30 - 23:15,14 July,2022,Thursday,Weekend 1,"Commercial Dance, Hard Dance, Traditional House"
801,Diplo's Higher Ground,Crystal Garden,Vintage Culture,19:00 - 20:30,15 July,2022,Friday,Weekend 1,"Commercial Dance, Electro House, Electronica, Traditional House"
802,Diplo's Higher Ground,Crystal Garden,DIPLO,20:30 - 22:30,15 July,2022,Friday,Weekend 1,"Electro House, Indie / Underground"
803,Diplo's Higher Ground,Crystal Garden,John Summit,22:30 - 00:00,15 July,2022,Friday,Weekend 1,Techno
804,Freedom,Freedom,Kenn Colt,12:00 - 13:30,15 July,2022,Friday,Weekend 1,"Electro House, Progressive House"
805,Freedom,Freedom,Goldfox,13:30 - 15:00,15 July,2022,Friday,Weekend 1,"Electronic, Dance"
806,Freedom,Freedom,Yotto,15:00 - 17:00,15 July,2022,Friday,Weekend 1,"Progressive House, Traditional House"
807,Freedom,Freedom,Cristoph,17:00 - 19:00,15 July,2022,Friday,Weekend 1,Unknown
808,Freedom,Freedom,Ida Engberg,19:00 - 21:00,15 July,2022,Friday,Weekend 1,Techno
809,Freedom,Freedom,Joris Voorn,21:00 - 23:00,15 July,2022,Friday,Weekend 1,"Tech House, Techno"
810,Freedom,Freedom,Eric Prydz presents HOLO,23:00 - 00:30,15 July,2022,Friday,Weekend 1,"Progressive House, Techno"
811,Radio Ultra Modern,Harbour House,OB1,13:00 - 14:00,15 July,2022,Friday,Weekend 1,Unknown
812,Radio Ultra Modern,Harbour House,Fuzz B2B OB1,14:00 - 15:00,15 July,2022,Friday,Weekend 1,Unknown
813,Radio Ultra Modern,Harbour House,Fuzz,15:00 - 16:00,15 July,2022,Friday,Weekend 1,Tech House
814,Radio Ultra Modern,Harbour House,Olivier Gosseries,16:00 - 17:30,15 July,2022,Friday,Weekend 1,Unknown
815,Radio Ultra Modern,Harbour House,Assia MK,17:30 - 19:00,15 July,2022,Friday,Weekend 1,Unknown
816,Radio Ultra Modern,Harbour House,Rick & James,19:00 - 21:00,15 July,2022,Friday,Weekend 1,"80's Pop, Disco, Funk"
817,Radio Ultra Modern,Harbour House,Puri,21:00 - 23:00,15 July,2022,Friday,Weekend 1,Top40
818,Radio Ultra Modern,Harbour House,Bobalicious,23:00 - 01:00,15 July,2022,Friday,Weekend 1,Unknown
819,Kara Savi,Kara Savi,Reygel,12:30 - 14:30,15 July,2022,Friday,Weekend 1,"Electronic, Dance"
820,Kara Savi,Kara Savi,Jerro,14:30 - 16:00,15 July,2022,Friday,Weekend 1,Unknown
821,Kara Savi,Kara Savi,Lauren Mia,16:00 - 17:30,15 July,2022,Friday,Weekend 1,Techno
822,Kara Savi,Kara Savi,Rebecca & Fiona,17:30 - 19:00,15 July,2022,Friday,Weekend 1,Progressive House
823,Kara Savi,Kara Savi,Marsh,19:00 - 20:30,15 July,2022,Friday,Weekend 1,"Deep House, Progressive House"
824,Kara Savi,Kara Savi,Spencer Brown,20:30 - 22:00,15 July,2022,Friday,Weekend 1,Progressive House
825,Diplo's Higher Ground,Crystal Garden,SIDEPIECE,17:30 - 19:00,15 July,2022,Friday,Weekend 1,Unknown
826,Kara Savi,Kara Savi,Tinlicker,23:30 - 00:55,15 July,2022,Friday,Weekend 1,"Progressive House, Techno"
827,Leaf by JBL,Leaf,Sinjo,12:30 - 14:00,15 July,2022,Friday,Weekend 1,Unknown
828,Leaf by JBL,Leaf,Dennis Quin,14:00 - 15:30,15 July,2022,Friday,Weekend 1,Unknown
829,Leaf by JBL,Leaf,Iris Menza,15:30 - 17:00,15 July,2022,Friday,Weekend 1,Unknown
830,Leaf by JBL,Leaf,Djebali,17:00 - 18:30,15 July,2022,Friday,Weekend 1,Tech House
831,Leaf by JBL,Leaf,Demarzo,18:30 - 20:00,15 July,2022,Friday,Weekend 1,Unknown
832,Leaf by JBL,Leaf,Prunk B2B Mhigh,20:00 - 22:00,15 July,2022,Friday,Weekend 1,Unknown
833,Leaf by JBL,Leaf,Artmann,22:00 - 00:00,15 July,2022,Friday,Weekend 1,Unknown
834,Mainstage,Mainstage,Jamie Jones,12:00 - 14:30,15 July,2022,Friday,Weekend 1,Tech House
835,Mainstage,Mainstage,Yves Deruyter,14:30 - 15:30,15 July,2022,Friday,Weekend 1,Trance
836,Mainstage,Mainstage,Matisse & Sadko,15:30 - 16:30,15 July,2022,Friday,Weekend 1,Progressive House
837,Mainstage,Mainstage,B Jones,16:30 - 17:30,15 July,2022,Friday,Weekend 1,"Dance, Electronic, Hip-Hop, Rap"
838,Mainstage,Mainstage,Robin Schulz,17:35 - 18:35,15 July,2022,Friday,Weekend 1,Commercial Dance
839,Mainstage,Mainstage,Reinier Zonneveld LIVE,18:40 - 19:40,15 July,2022,Friday,Weekend 1,Unknown
840,Mainstage,Mainstage,Afrojack B2B R3hab,19:40 - 20:40,15 July,2022,Friday,Weekend 1,Unknown
841,Mainstage,Mainstage,Fisher,20:40 - 21:40,15 July,2022,Friday,Weekend 1,"Commercial Dance, Electro House, Tech House, Traditional House"
842,Mainstage,Mainstage,Armin van Buuren,21:45 - 22:45,15 July,2022,Friday,Weekend 1,Trance
843,Mainstage,Mainstage,Hardwell,22:50 - 23:50,15 July,2022,Friday,Weekend 1,"Electro House, Progressive House"
844,Mainstage,Mainstage,Major Lazer Soundsystem,23:50 - 00:50,15 July,2022,Friday,Weekend 1,Unknown
845,Moosebar,Moosebar,Michael More,12:00 - 16:00,15 July,2022,Friday,Weekend 1,"Electronic, Dance, House"
846,Moosebar,Moosebar,Mr E,16:00 - 20:00,15 July,2022,Friday,Weekend 1,"Electronic, Dance, House"
847,Moosebar,Moosebar,Lorenz Buffel,20:00 - 21:00,15 July,2022,Friday,Weekend 1,Unknown
848,Moosebar,Moosebar,Jeroen Visser,21:00 - 00:00,15 July,2022,Friday,Weekend 1,"Electronic, Dance, House"
849,Library,The Library,Headhunterz,00:00 - 01:00,15 July,2022,Friday,Weekend 1,Hard Dance
850,Kara Savi,Kara Savi,Eli & Fur,22:00 - 23:30,15 July,2022,Friday,Weekend 1,House
851,Library,The Library,Peter Luts,13:30 - 15:00,15 July,2022,Friday,Weekend 1,Commercial Dance
852,Library,The Library,LOVRA,15:00 - 16:00,15 July,2022,Friday,Weekend 1,Unknown
853,Library,The Library,Chico Rose,16:00 - 17:00,15 July,2022,Friday,Weekend 1,Future House
854,Library,The Library,Mariana Bo,17:00 - 18:00,15 July,2022,Friday,Weekend 1,"Dubstep, Hard Dance, Hardcore Techno, Psychedelic Trance, Traditional House"
855,Library,The Library,De Jeugd van Tegenwoordig,18:00 - 19:00,15 July,2022,Friday,Weekend 1,Unknown
856,Library,The Library,SICKICK,19:00 - 20:00,15 July,2022,Friday,Weekend 1,Unknown
857,Library,The Library,Topic,20:00 - 21:00,15 July,2022,Friday,Weekend 1,"Pop, Dance"
858,Library,The Library,Fedde Le Grand,21:00 - 22:00,15 July,2022,Friday,Weekend 1,Progressive House
859,Library,The Library,MORTEN,22:00 - 23:00,15 July,2022,Friday,Weekend 1,"Commercial Dance, Dubstep"
860,Library,The Library,Vini Vici,23:00 - 00:00,15 July,2022,Friday,Weekend 1,"Psychedelic Trance, Trance"
861,Krankenhaus,The Rave Cave,Gaspard,12:00 - 13:00,15 July,2022,Friday,Weekend 1,Unknown
862,Krankenhaus,The Rave Cave,Krankenhaus Selektion,13:00 - 14:00,15 July,2022,Friday,Weekend 1,Unknown
863,Krankenhaus,The Rave Cave,WLC,14:00 - 15:00,15 July,2022,Friday,Weekend 1,House
864,Krankenhaus,The Rave Cave,Maxmoody,15:00 - 16:00,15 July,2022,Friday,Weekend 1,Unknown
865,Krankenhaus,The Rave Cave,Jeroen Delodder,16:00 - 17:00,15 July,2022,Friday,Weekend 1,"Electronic, Dance, House"
866,Krankenhaus,The Rave Cave,Kimman,17:00 - 18:30,15 July,2022,Friday,Weekend 1,Unknown
867,Krankenhaus,The Rave Cave,Human Rias,18:30 - 20:00,15 July,2022,Friday,Weekend 1,Electronic
868,Krankenhaus,The Rave Cave,Lemakuhlar,20:00 - 21:30,15 July,2022,Friday,Weekend 1,Unknown
869,Krankenhaus,The Rave Cave,BRÖDER,21:30 - 23:00,15 July,2022,Friday,Weekend 1,Unknown
870,Krankenhaus,The Rave Cave,Mosoo,23:00 - 00:00,15 July,2022,Friday,Weekend 1,Electronic
871,Rampage,The Rose Garden,Glockz,13:00 - 14:00,15 July,2022,Friday,Weekend 1,Dubstep
872,Rampage,The Rose Garden,Andromedik,14:00 - 15:00,15 July,2022,Friday,Weekend 1,Drum & Bass
873,Rampage,The Rose Garden,USED,15:00 - 16:00,15 July,2022,Friday,Weekend 1,"Hardstyle, Rawstyle"
874,Rampage,The Rose Garden,Franky Nuts & Oliverse,16:00 - 17:00,15 July,2022,Friday,Weekend 1,Unknown
875,Library,The Library,B'Elle,12:00 - 13:30,15 July,2022,Friday,Weekend 1,Unknown
876,Rampage,The Rose Garden,Maduk,18:00 - 19:00,15 July,2022,Friday,Weekend 1,Drum & Bass
877,Rampage,The Rose Garden,Apashe,19:00 - 20:00,15 July,2022,Friday,Weekend 1,"Dubstep, Electro House, Electronica, Trap"
878,Rampage,The Rose Garden,Murdock,20:00 - 21:00,15 July,2022,Friday,Weekend 1,Drum & Bass
879,Rampage,The Rose Garden,Virtual Riot,21:00 - 22:00,15 July,2022,Friday,Weekend 1,Commercial Dance
880,Rampage,The Rose Garden,SaSaSaS,22:00 - 23:00,15 July,2022,Friday,Weekend 1,Drum & Bass
881,Rampage,The Rose Garden,Eptic,23:00 - 00:00,15 July,2022,Friday,Weekend 1,Dubstep
882,Pussy Lounge,Youphoria,Korsakoff,00:00 - 00:50,15 July,2022,Friday,Weekend 1,"Hardcore Techno, Psychedelic Trance"
883,Pussy Lounge,Youphoria,Jones,12:30 - 13:30,15 July,2022,Friday,Weekend 1,Minimal
884,Pussy Lounge,Youphoria,Geck-O,13:30 - 14:30,15 July,2022,Friday,Weekend 1,Unknown
885,Pussy Lounge,Youphoria,Outsiders,14:30 - 15:30,15 July,2022,Friday,Weekend 1,Hard Dance
886,Pussy Lounge,Youphoria,Pat B,15:30 - 16:45,15 July,2022,Friday,Weekend 1,Rock
887,Pussy Lounge,Youphoria,Ransom,16:45 - 18:00,15 July,2022,Friday,Weekend 1,Unknown
888,Pussy Lounge,Youphoria,The Darkraver,18:00 - 19:00,15 July,2022,Friday,Weekend 1,"Commercial Dance, Electronica, Techno"
889,Pussy Lounge,Youphoria,Deepack,19:00 - 20:00,15 July,2022,Friday,Weekend 1,Hardcore Techno
890,Pussy Lounge,Youphoria,Bass Chaserz,20:00 - 21:00,15 July,2022,Friday,Weekend 1,Unknown
891,Pussy Lounge,Youphoria,Panic,21:00 - 22:00,15 July,2022,Friday,Weekend 1,"Hardcore Techno, Psychedelic Trance"
892,Pussy Lounge,Youphoria,The Viper,22:00 - 23:00,15 July,2022,Friday,Weekend 1,Band
893,Pussy Lounge,Youphoria,Paul Elstak,23:00 - 00:00,15 July,2022,Friday,Weekend 1,Hardcore Techno
894,Afterlife,Atmosphere,Axel Haube,13:00 - 16:00,16 July,2022,Saturday,Weekend 1,"Techno, Minimal Techno"
895,Afterlife,Atmosphere,Kevin De Vries,16:00 - 18:00,16 July,2022,Saturday,Weekend 1,"Techno, Tech Trance"
896,Afterlife,Atmosphere,Mathame,18:00 - 20:00,16 July,2022,Saturday,Weekend 1,Techno
897,Afterlife,Atmosphere,Adriatique,20:00 - 22:00,16 July,2022,Saturday,Weekend 1,"Electronica, Tech House, Techno"
898,Afterlife,Atmosphere,Stephan Bodzin,22:00 - 23:00,16 July,2022,Saturday,Weekend 1,"Electro House, Techno"
899,Afterlife,Atmosphere,Tale Of Us,23:00 - 01:00,16 July,2022,Saturday,Weekend 1,Tech House
900,Rampage,The Rose Garden,Fox Stevenson,17:00 - 18:00,15 July,2022,Friday,Weekend 1,Future Bass
901,Star Warz,Cage,Lavance,15:00 - 16:00,16 July,2022,Saturday,Weekend 1,Unknown
902,Star Warz,Cage,One87,16:00 - 17:00,16 July,2022,Saturday,Weekend 1,Drum & Bass
903,Star Warz,Cage,Scepticz B2B SVB,17:00 - 18:00,16 July,2022,Saturday,Weekend 1,Unknown
904,Star Warz,Cage,Bredren,18:00 - 19:00,16 July,2022,Saturday,Weekend 1,Unknown
905,Star Warz,Cage,Phase,19:00 - 20:00,16 July,2022,Saturday,Weekend 1,Commercial Dance
906,Star Warz,Cage,Artificial Intelligence,20:00 - 21:00,16 July,2022,Saturday,Weekend 1,Drum & Bass
907,Star Warz,Cage,Kyrist,21:00 - 22:00,16 July,2022,Saturday,Weekend 1,Unknown
908,Star Warz,Cage,Alix Perez,22:00 - 23:00,16 July,2022,Saturday,Weekend 1,Commercial Dance
909,Star Warz,Cage,Skylark,23:00 - 00:00,16 July,2022,Saturday,Weekend 1,Unknown
910,CORE,Core,Capoon,13:00 - 15:00,16 July,2022,Saturday,Weekend 1,Techno
911,CORE,Core,Aldebaran,15:00 - 17:00,16 July,2022,Saturday,Weekend 1,Unknown
912,CORE,Core,Dino Lenny,17:00 - 19:00,16 July,2022,Saturday,Weekend 1,"Commercial Dance, Electronica, Progressive House, Techno, Traditional House"
913,CORE,Core,Brina Knauss,19:00 - 21:00,16 July,2022,Saturday,Weekend 1,Techno
914,CORE,Core,Patrice Bäumel,21:00 - 23:00,16 July,2022,Saturday,Weekend 1,Tech House
915,CORE,Core,Âme,23:00 - 01:00,16 July,2022,Saturday,Weekend 1,Minimal
916,Netsky & Friends,Crystal Garden,Captain Bass,13:00 - 14:30,16 July,2022,Saturday,Weekend 1,Future Bass
917,Netsky & Friends,Crystal Garden,SIREN,14:30 - 15:30,16 July,2022,Saturday,Weekend 1,Hard Dance
918,Netsky & Friends,Crystal Garden,Flava D,15:30 - 16:30,16 July,2022,Saturday,Weekend 1,"Bassline, G-House, Uk Garage"
919,Netsky & Friends,Crystal Garden,Moore Kismet,16:30 - 17:30,16 July,2022,Saturday,Weekend 1,"Dubstep, Glitch, Bass Music"
920,Netsky & Friends,Crystal Garden,MONTELL2099,17:30 - 18:30,16 July,2022,Saturday,Weekend 1,Trap
921,Netsky & Friends,Crystal Garden,What So Not,18:30 - 19:30,16 July,2022,Saturday,Weekend 1,"Electronica, Hip-Hop, Trap"
922,Netsky & Friends,Crystal Garden,Koven,19:30 - 20:30,16 July,2022,Saturday,Weekend 1,Drum & Bass
923,Netsky & Friends,Crystal Garden,Bou,20:30 - 21:30,16 July,2022,Saturday,Weekend 1,Drum & Bass
924,Netsky & Friends,Crystal Garden,SUB FOCUS DJ SET & ID,21:30 - 22:30,16 July,2022,Saturday,Weekend 1,Unknown
925,Star Warz,Cage,BenOneShot & Sisley,14:00 - 15:00,16 July,2022,Saturday,Weekend 1,Unknown
926,Netsky & Friends,Crystal Garden,Kayzo,23:30 - 00:30,16 July,2022,Saturday,Weekend 1,Commercial Dance
927,Q-Dance,Freedom,Sefa,00:00 - 01:00,16 July,2022,Saturday,Weekend 1,Hard Dance
928,Q-Dance,Freedom,Sephyx,12:00 - 13:00,16 July,2022,Saturday,Weekend 1,Hard Dance
929,Q-Dance,Freedom,MANDY,13:00 - 14:00,16 July,2022,Saturday,Weekend 1,Hard Dance
930,Q-Dance,Freedom,KELTEK,14:00 - 15:00,16 July,2022,Saturday,Weekend 1,Hard Dance
931,Q-Dance,Freedom,Devin Wild,15:00 - 16:00,16 July,2022,Saturday,Weekend 1,Hard Dance
932,Q-Dance,Freedom,Sound Rush,16:00 - 17:00,16 July,2022,Saturday,Weekend 1,Hardstyle
933,Q-Dance,Freedom,Coone,17:00 - 18:00,16 July,2022,Saturday,Weekend 1,Hard Dance
934,Q-Dance,Freedom,Mark With a K & MC Chucky LIVE,18:00 - 18:30,16 July,2022,Saturday,Weekend 1,Hard Dance
935,Q-Dance,Freedom,Hard Driver,18:30 - 19:30,16 July,2022,Saturday,Weekend 1,Hard Dance
936,Q-Dance,Freedom,Da Tweekaz,19:30 - 20:30,16 July,2022,Saturday,Weekend 1,Hardcore Techno
937,Q-Dance,Freedom,Sub Zero Project LIVE,20:30 - 21:15,16 July,2022,Saturday,Weekend 1,Hard Dance
938,Q-Dance,Freedom,Frequencerz & Rejecta,21:15 - 22:15,16 July,2022,Saturday,Weekend 1,Hard Dance
939,Q-Dance,Freedom,Gunz for Hire,22:15 - 23:00,16 July,2022,Saturday,Weekend 1,Commercial Dance
940,Q-Dance,Freedom,Warface,23:00 - 00:00,16 July,2022,Saturday,Weekend 1,"Dubstep, Electronica, Hard Dance, Hardcore Techno, Techno"
941,Radio Ultra Modern,Harbour House,DJ NC,13:00 - 15:00,16 July,2022,Saturday,Weekend 1,"House, Techno"
942,Radio Ultra Modern,Harbour House,Nicki Sanchez,15:00 - 16:00,16 July,2022,Saturday,Weekend 1,"Electronic, Dance, House"
943,Radio Ultra Modern,Harbour House,Daddy K,16:00 - 17:00,16 July,2022,Saturday,Weekend 1,"Hip-Hop, Rap"
944,Radio Ultra Modern,Harbour House,Rakesh aka Blackjack9000,17:00 - 19:00,16 July,2022,Saturday,Weekend 1,House
945,Radio Ultra Modern,Harbour House,B-KAY,19:00 - 21:00,16 July,2022,Saturday,Weekend 1,"Electronic, Dance, House"
946,Radio Ultra Modern,Harbour House,Soul Shakers,21:00 - 23:00,16 July,2022,Saturday,Weekend 1,"House, Disco"
947,Radio Ultra Modern,Harbour House,DJ Flash,23:00 - 01:00,16 July,2022,Saturday,Weekend 1,"Electronic, Dance, House"
948,Glitterbox,Kara Savi,Juul Pence,12:30 - 14:00,16 July,2022,Saturday,Weekend 1,Unknown
949,Glitterbox,Kara Savi,Jeroen Delodder,14:00 - 16:00,16 July,2022,Saturday,Weekend 1,"Electronic, Dance, House"
950,Netsky & Friends,Crystal Garden,Netsky,22:30 - 23:30,16 July,2022,Saturday,Weekend 1,Drum & Bass
951,Glitterbox,Kara Savi,The Shapeshifters,18:00 - 19:30,16 July,2022,Saturday,Weekend 1,Unknown
952,Glitterbox,Kara Savi,Purple Disco Machine,19:30 - 21:00,16 July,2022,Saturday,Weekend 1,"Deep House, Funk House, Disco House"
953,Glitterbox,Kara Savi,Simon Dunmore,21:00 - 22:30,16 July,2022,Saturday,Weekend 1,Unknown
954,Glitterbox,Kara Savi,Harry Romero,22:30 - 00:55,16 July,2022,Saturday,Weekend 1,Tech House
955,SHOMI,Leaf,Matthew Clarck,12:30 - 13:30,16 July,2022,Saturday,Weekend 1,Unknown
956,SHOMI,Leaf,Mr Grammy,13:30 - 15:00,16 July,2022,Saturday,Weekend 1,Unknown
957,SHOMI,Leaf,Elenore,15:00 - 16:00,16 July,2022,Saturday,Weekend 1,House
958,SHOMI,Leaf,Danny Howard,16:00 - 17:30,16 July,2022,Saturday,Weekend 1,Commercial Dance
959,SHOMI,Leaf,DJ Licious,17:30 - 19:00,16 July,2022,Saturday,Weekend 1,House
960,SHOMI,Leaf,Sam Divine,19:00 - 20:30,16 July,2022,Saturday,Weekend 1,Techno
961,SHOMI,Leaf,The Magician,20:30 - 22:00,16 July,2022,Saturday,Weekend 1,Indie / Underground
962,SHOMI,Leaf,Delafino,22:00 - 00:00,16 July,2022,Saturday,Weekend 1,House
963,Mainstage,Mainstage,Laidback Luke presents Wayback Luke,12:00 - 14:30,16 July,2022,Friday,Weekend 1,House
964,Mainstage,Mainstage,Cat Dealers,14:30 - 15:30,16 July,2022,Friday,Weekend 1,"Commercial Dance, Electronica, Traditional House"
965,Mainstage,Mainstage,Dombresky B2B Noizu,15:30 - 16:30,16 July,2022,Saturday,Weekend 1,Unknown
966,Mainstage,Mainstage,Quintino,16:30 - 17:30,16 July,2022,Saturday,Weekend 1,Electro House
967,Mainstage,Mainstage,Yves V,17:35 - 18:35,16 July,2022,Saturday,Weekend 1,Progressive House
968,Mainstage,Mainstage,ALOK,18:40 - 19:40,16 July,2022,Saturday,Weekend 1,Commercial Dance
969,Mainstage,Mainstage,Maceo Plex,19:40 - 20:40,16 July,2022,Saturday,Weekend 1,Tech House
970,Mainstage,Mainstage,Sunnery James & Ryan Marciano,20:40 - 21:40,16 July,2022,Saturday,Weekend 1,Electro House
971,Mainstage,Mainstage,Timmy Trumpet,21:45 - 22:45,16 July,2022,Saturday,Weekend 1,Progressive House
972,Mainstage,Mainstage,Dimitri Vegas & Like Mike,22:50 - 23:50,16 July,2022,Saturday,Weekend 1,Electro House
973,Mainstage,Mainstage,Alesso,23:50 - 00:50,16 July,2022,Saturday,Weekend 1,Progressive House
974,Moosebar,Moosebar,Jan V,12:00 - 17:00,16 July,2022,Saturday,Weekend 1,"Electronic, Techno"
975,Glitterbox,Kara Savi,Katie Goodman,16:00 - 18:00,16 July,2022,Saturday,Weekend 1,Unknown
976,Moosebar,Moosebar,Tom Cosyns,20:00 - 00:00,16 July,2022,Saturday,Weekend 1,"Electronic, Dance, House"
977,Library,The Library,R3HAB,00:00 - 01:00,16 July,2022,Saturday,Weekend 1,"Electro House, Progressive House"
978,Library,The Library,Lou8,12:00 - 13:30,16 July,2022,Saturday,Weekend 1,"Electronic, Dance, House"
979,Library,The Library,Marsal Ventura,13:30 - 15:00,16 July,2022,Saturday,Weekend 1,Unknown
980,Library,The Library,Malkin,15:00 - 16:00,16 July,2022,Saturday,Weekend 1,Unknown
981,Library,The Library,Brian Van Andel,16:00 - 17:00,16 July,2022,Saturday,Weekend 1,Unknown
982,Library,The Library,BYOR,17:00 - 18:00,16 July,2022,Saturday,Weekend 1,Unknown
983,Library,The Library,Sick Individuals,18:00 - 19:00,16 July,2022,Saturday,Weekend 1,Progressive House
984,Library,The Library,Ofenbach,19:00 - 20:00,16 July,2022,Saturday,Weekend 1,"Deep House, Electro House"
985,Library,The Library,Regi,20:00 - 21:00,16 July,2022,Saturday,Weekend 1,"Trance, Big Room House"
986,Library,The Library,Mike Williams,21:00 - 22:00,16 July,2022,Saturday,Weekend 1,"Commercial Dance, Drum & Bass, Electronica, Progressive House, Traditional House"
987,Library,The Library,W&W,22:00 - 23:00,16 July,2022,Saturday,Weekend 1,Trance
988,Library,The Library,Nicky Romero,23:00 - 00:00,16 July,2022,Saturday,Weekend 1,Progressive House
989,We Play House,The Rave Cave,Lenny,13:00 - 15:00,16 July,2022,Saturday,Weekend 1,"Commercial Dance, Electronica, Progressive House, Techno, Traditional House"
990,We Play House,The Rave Cave,Geheimzinnig Soundsystem,15:00 - 17:00,16 July,2022,Saturday,Weekend 1,Unknown
991,We Play House,The Rave Cave,Red D,17:00 - 19:00,16 July,2022,Saturday,Weekend 1,"Bass Music, Dubstep"
992,We Play House,The Rave Cave,Psytox,19:00 - 21:00,16 July,2022,Saturday,Weekend 1,"Hardstyle, Rawstyle, Electronic"
993,We Play House,The Rave Cave,Julie Marghilano,21:00 - 23:00,16 July,2022,Saturday,Weekend 1,Commercial Dance
994,We Play House,The Rave Cave,Sheridan,23:00 - 01:00,16 July,2022,Saturday,Weekend 1,Commercial Dance
995,Bonzai,The Rose Garden,Greg S,13:00 - 14:30,16 July,2022,Saturday,Weekend 1,"Techno, Trance"
996,Bonzai,The Rose Garden,DJ Jan,14:30 - 16:00,16 July,2022,Saturday,Weekend 1,"Hard Trance, Techno"
997,Bonzai,The Rose Garden,Airwave,16:00 - 17:00,16 July,2022,Saturday,Weekend 1,"Progressive House, Psychedelic Trance"
998,Bonzai,The Rose Garden,Jan Vervloet,17:00 - 18:00,16 July,2022,Saturday,Weekend 1,Progressive House
999,Bonzai,The Rose Garden,DJ Ghost,18:00 - 19:00,16 July,2022,Saturday,Weekend 1,"Hard Trance, Techno"
1000,Moosebar,Moosebar,Kurt Verheyen,17:00 - 20:00,16 July,2022,Saturday,Weekend 1,"Electronic, Dance, House"
1001,Bonzai,The Rose Garden,Franky Kloeck,20:00 - 21:00,16 July,2022,Saturday,Weekend 1,"Techno, Hard Trance"
1002,Bonzai,The Rose Garden,Yves Deruyter,21:00 - 22:00,16 July,2022,Saturday,Weekend 1,Trance
1003,Bonzai,The Rose Garden,Santini ft Quatre-temps,22:00 - 23:00,16 July,2022,Saturday,Weekend 1,Unknown
1004,Bonzai,The Rose Garden,Bonzai All Stars,23:00 - 01:00,16 July,2022,Saturday,Weekend 1,"Techno, Trance"
1005,Psygathering,Youphoria,Domi Re,12:30 - 13:30,16 July,2022,Saturday,Weekend 1,Unknown
1006,Psygathering,Youphoria,John '00' Fleming,13:30 - 14:45,16 July,2022,Saturday,Weekend 1,Unknown
1007,Psygathering,Youphoria,Fabio Fusco,14:45 - 16:00,16 July,2022,Saturday,Weekend 1,Psytrance
1008,Psygathering,Youphoria,HI Profile,16:00 - 17:15,16 July,2022,Saturday,Weekend 1,Unknown
1009,Psygathering,Youphoria,Coming Soon,17:15 - 18:30,16 July,2022,Saturday,Weekend 1,"Psytrance, Tech Trance, Trap"
1010,Psygathering,Youphoria,Vibe Tribe,18:30 - 19:30,16 July,2022,Saturday,Weekend 1,Psychedelic Trance
1011,Psygathering,Youphoria,Firaga vs Somnia vs SynSUN,19:30 - 21:00,16 July,2022,Saturday,Weekend 1,Unknown
1012,Psygathering,Youphoria,Skazi,21:00 - 22:15,16 July,2022,Saturday,Weekend 1,Trance
1013,Psygathering,Youphoria,Infected Mushroom,22:15 - 23:45,16 July,2022,Saturday,Weekend 1,"Psychedelic Trance, Trance"
1014,Psygathering,Youphoria,BLiSS,23:45 - 00:50,16 July,2022,Saturday,Weekend 1,Techno
1015,Drumcode,Atmosphere,Olivier Weiter,12:30 - 14:00,17 July,2022,Sunday,Weekend 1,Commercial Dance
1016,Drumcode,Atmosphere,Lilly Palmer,14:00 - 15:30,17 July,2022,Sunday,Weekend 1,"Electronic, Techno"
1017,Drumcode,Atmosphere,Joyhauser,15:30 - 17:00,17 July,2022,Sunday,Weekend 1,"Commercial Dance, Electronica, Techno, Trance"
1018,Drumcode,Atmosphere,Monika Kruse,17:00 - 19:00,17 July,2022,Sunday,Weekend 1,"Tech House, Techno"
1019,Drumcode,Atmosphere,ANNA,19:00 - 20:30,17 July,2022,Sunday,Weekend 1,Techno
1020,Drumcode,Atmosphere,Joseph Capriati,20:30 - 22:00,17 July,2022,Sunday,Weekend 1,"Traditional House, Techno"
1021,Drumcode,Atmosphere,Adam Beyer,22:00 - 00:00,17 July,2022,Sunday,Weekend 1,Techno
1022,Footworxx,Cage,Rayzen,12:30 - 14:00,17 July,2022,Sunday,Weekend 1,Hardcore
1023,Footworxx,Cage,Penta,14:00 - 15:00,17 July,2022,Sunday,Weekend 1,Acapella
1024,Footworxx,Cage,Jimmy Twin,15:00 - 16:00,17 July,2022,Sunday,Weekend 1,Unknown
1025,Bonzai,The Rose Garden,Jones & Stephenson,19:00 - 20:00,16 July,2022,Saturday,Weekend 1,Unknown
1026,Footworxx,Cage,Sandy Warez,17:00 - 18:00,17 July,2022,Sunday,Weekend 1,Commercial Dance
1027,Footworxx,Cage,Estasia,18:00 - 19:00,17 July,2022,Sunday,Weekend 1,Hardstyle
1028,Footworxx,Cage,Unproven,19:00 - 20:00,17 July,2022,Sunday,Weekend 1,Unknown
1029,Footworxx,Cage,Tha Playah,20:00 - 21:00,17 July,2022,Sunday,Weekend 1,Hardcore Techno
1030,Footworxx,Cage,Detest,21:00 - 22:00,17 July,2022,Sunday,Weekend 1,Commercial Dance
1031,Footworxx,Cage,Dimitri K,22:00 - 23:00,17 July,2022,Sunday,Weekend 1,Hardcore
1032,Footworxx,Cage,Unicorn on K,23:00 - 0:00,17 July,2022,Sunday,Weekend 1,Hardcore
1033,Core presents Ellum,Core,Betical,13:00 - 14:30,17 July,2022,Sunday,Weekend 1,Unknown
1034,Core presents Ellum,Core,Melawati,14:30 - 15:30,17 July,2022,Sunday,Weekend 1,Unknown
1035,Core presents Ellum,Core,Jennifer Cardini,15:30 - 17:00,17 July,2022,Sunday,Weekend 1,Commercial Dance
1036,Core presents Ellum,Core,DJ Seinfeld,17:00 - 19:00,17 July,2022,Sunday,Weekend 1,House
1037,Core presents Ellum,Core,Maceo Plex,19:00 - 22:00,17 July,2022,Sunday,Weekend 1,Tech House
1038,Core presents Ellum,Core,Marcel Dettmann,22:00 - 0:00,17 July,2022,Sunday,Weekend 1,Techno
1039,Sexy By Nature,Crystal Garden,Robert Falcon,12:30 - 14:00,17 July,2022,Sunday,Weekend 1,Unknown
1040,Sexy By Nature,Crystal Garden,YAX.X,14:00 - 15:30,17 July,2022,Sunday,Weekend 1,Unknown
1041,Sexy By Nature,Crystal Garden,Sem Thomasson,15:30 - 16:30,17 July,2022,Sunday,Weekend 1,Progressive House
1042,Sexy By Nature,Crystal Garden,Zonderling,16:30 - 18:00,17 July,2022,Sunday,Weekend 1,Commercial Dance
1043,Sexy By Nature,Crystal Garden,Kryder,18:00 - 19:30,17 July,2022,Sunday,Weekend 1,"Progressive House, Tech House"
1044,Sexy By Nature,Crystal Garden,Sofi Tukker,19:30 - 20:30,17 July,2022,Sunday,Weekend 1,Commercial Dance
1045,Sexy By Nature,Crystal Garden,Sunnery James & Ryan Marciano,20:30 - 22:30,17 July,2022,Sunday,Weekend 1,Electro House
1046,Sexy By Nature,Crystal Garden,Tchami,22:30 - 23:30,17 July,2022,Sunday,Weekend 1,Commercial Dance
1047,Freedom,Freedom,Emjie,12:00 - 13:30,17 July,2022,Sunday,Weekend 1,"Electronic, Dance"
1048,Freedom,Freedom,LUMINØUZ,13:30 - 15:00,17 July,2022,Sunday,Weekend 1,Unknown
1049,Freedom,Freedom,Nico Morano,15:00 - 16:30,17 July,2022,Sunday,Weekend 1,"House, Techno"
1050,Footworxx,Cage,Agressive Noize,16:00 - 17:00,17 July,2022,Sunday,Weekend 1,Unknown
1051,Freedom,Freedom,ARTBAT,18:00 - 19:30,17 July,2022,Sunday,Weekend 1,"Commercial Dance, Electronica"
1052,Freedom,Freedom,Meduza,19:30 - 21:00,17 July,2022,Sunday,Weekend 1,House
1053,Freedom,Freedom,Claptone,21:00 - 22:30,17 July,2022,Sunday,Weekend 1,"Electro House, Tech House, Techno, Traditional House"
1054,Freedom,Freedom,Paul Kalkbrenner,22:30 - 00:00,17 July,2022,Sunday,Weekend 1,Techno
1055,Radio Ultra Modern,Harbour House,DJ Shake 'N Bake,13:00 - 15:00,17 July,2022,Sunday,Weekend 1,Unknown
1056,Radio Ultra Modern,Harbour House,El Bacha,15:00 - 17:00,17 July,2022,Sunday,Weekend 1,Unknown
1057,Radio Ultra Modern,Harbour House,Omdat Het Kan Soundsystem ft. Average Rob,17:00 - 18:30,17 July,2022,Sunday,Weekend 1,"EDM, Trap"
1058,Radio Ultra Modern,Harbour House,Lady S,18:30 - 20:30,17 July,2022,Sunday,Weekend 1,"Electronic, Dance, House"
1059,Radio Ultra Modern,Harbour House,Bubba,20:30 - 22:00,17 July,2022,Sunday,Weekend 1,"Electronic, House, Techno"
1060,Radio Ultra Modern,Harbour House,Rakesh aka Blackjack9000,22:00 - 00:00,17 July,2022,Sunday,Weekend 1,House
1061,Cafeina,Kara Savi,Gee,16:00 - 17:00,17 July,2022,Sunday,Weekend 1,Hard Dance
1062,Cafeina,Kara Savi,Roma,17:00 - 18:30,17 July,2022,Sunday,Weekend 1,"Electronic, Dance"
1063,Cafeina,Kara Savi,Pat Krimson,18:30 - 19:30,17 July,2022,Sunday,Weekend 1,"Electronic, Dance"
1064,Cafeina,Kara Savi,Tofke,19:30 - 20:30,17 July,2022,Sunday,Weekend 1,Tech House
1065,Cafeina,Kara Savi,Younes,20:30 - 21:30,17 July,2022,Sunday,Weekend 1,Unknown
1066,Cafeina,Kara Savi,Neon,21:30 - 22:30,17 July,2022,Sunday,Weekend 1,Electronic
1067,Cafeina,Kara Savi,Marko De La Rocca,22:30 - 23:55,17 July,2022,Sunday,Weekend 1,Unknown
1068,Flow,Leaf,Soulcity,12:30 - 14:00,17 July,2022,Sunday,Weekend 1,Electronic
1069,Flow,Leaf,Mr Joy,12:30 - 14:30,17 July,2022,Sunday,Weekend 1,Unknown
1070,Flow,Leaf,Bocain & Notoir,14:00 - 15:00,17 July,2022,Sunday,Weekend 1,Unknown
1071,Flow,Leaf,Jasper Fioole,14:30 - 16:00,17 July,2022,Sunday,Weekend 1,Unknown
1072,Flow,Leaf,X-IAN & Joeri,15:00 - 16:00,17 July,2022,Sunday,Weekend 1,Unknown
1073,Flow,Leaf,Lauren Lo Sung,16:00 - 17:30,17 July,2022,Sunday,Weekend 1,Commercial Dance
1074,Flow,Leaf,Toman,17:30 - 19:00,17 July,2022,Sunday,Weekend 1,Band
1075,Freedom,Freedom,Amber Broos,16:30 - 18:00,17 July,2022,Sunday,Weekend 1,Techno
1076,Flow,Leaf,Franky Rizardo,20:30 - 22:30,17 July,2022,Sunday,Weekend 1,Commercial Dance
1077,Flow,Leaf,Nukov & Yelmet,22:30 - 00:00,17 July,2022,Sunday,Weekend 1,Unknown
1078,Mainstage,Mainstage,Chocolate Puma,12:00 - 14:30,17 July,2022,Saturday,Weekend 1,Traditional House
1079,Mainstage,Mainstage,Pretty Pink,14:30 - 15:30,17 July,2022,Saturday,Weekend 1,Electro House
1080,Mainstage,Mainstage,MATTN,15:30 - 16:30,17 July,2022,Saturday,Weekend 1,"Commercial Dance, Traditional House"
1081,Mainstage,Mainstage,Joel Corry,16:30 - 17:30,17 July,2022,Saturday,Weekend 1,"Dance, Pop"
1082,Mainstage,Mainstage,Kungs,17:30 - 18:30,17 July,2022,Saturday,Weekend 1,"Tech House, Traditional House"
1083,Mainstage,Mainstage,NERVO,18:35 - 19:35,17 July,2022,Saturday,Weekend 1,"Electro House, Progressive House"
1084,Mainstage,Mainstage,Kölsch,19:40 - 20:40,17 July,2022,Saturday,Weekend 1,Commercial Dance
1085,Mainstage,Mainstage,Lost Frequencies LIVE,20:45 - 21:45,17 July,2022,Saturday,Weekend 1,Commercial Dance
1086,Mainstage,Mainstage,Marshmello,21:50 - 22:50,17 July,2022,Saturday,Weekend 1,"Electronica, Progressive House, Trap"
1087,Mainstage,Mainstage,Martin Garrix,22:55 - 23:55,17 July,2022,Saturday,Weekend 1,Electro House
1088,Moosebar,Moosebar,Special Guest,12:00 - 13:00,17 July,2022,Sunday,Weekend 1,Unknown
1089,Moosebar,Moosebar,Funkhauser,12:00 - 16:00,17 July,2022,Sunday,Weekend 1,"Electronic, Dance"
1090,Moosebar,Moosebar,Thierry VonderWarth,16:00 - 19:00,17 July,2022,Sunday,Weekend 1,"Electronic, Techno"
1091,Moosebar,Moosebar,Special Guest,19:00 - 20:00,17 July,2022,Sunday,Weekend 1,Unknown
1092,Moosebar,Moosebar,Les Mecs,20:00 - 00:00,17 July,2022,Sunday,Weekend 1,Unknown
1093,Smash The House,The Library,D-wayne,12:00 - 13:00,17 July,2022,Sunday,Weekend 1,Commercial Dance
1094,Smash The House,The Library,Carl Nunes,13:00 - 14:00,17 July,2022,Sunday,Weekend 1,Unknown
1095,Smash The House,The Library,Arodes,14:00 - 15:00,17 July,2022,Sunday,Weekend 1,House
1096,Smash The House,The Library,Le Twins & Mr Pig,15:00 - 16:00,17 July,2022,Sunday,Weekend 1,Unknown
1097,Smash The House,The Library,Ilkay Sencan,16:00 - 17:00,17 July,2022,Sunday,Weekend 1,Unknown
1098,Smash The House,The Library,Tungevaag,17:00 - 18:00,17 July,2022,Sunday,Weekend 1,"Dance, Pop"
1099,Smash The House,The Library,Wolfpack,18:00 - 19:00,17 July,2022,Sunday,Weekend 1,"Commercial Dance, Electro House, Progressive House"
1100,Flow,Leaf,Chelina Manuhutu,19:00 - 20:30,17 July,2022,Sunday,Weekend 1,Techno
1101,Smash The House,The Library,Martin Jensen,20:00 - 21:00,17 July,2022,Sunday,Weekend 1,"Electro House, Traditional House"
1102,Smash The House,The Library,Vize,21:00 - 22:00,17 July,2022,Sunday,Weekend 1,"Breakbeats, Electro House"
1103,Smash The House,The Library,Bassjackers,22:00 - 23:00,17 July,2022,Sunday,Weekend 1,Electro House
1104,Smash The House,The Library,Dimitri Vegas & Like Mike,23:00 - 0:00,17 July,2022,Sunday,Weekend 1,Electro House
1105,Crystal,The Rave Cave,Bobby & Djenko,13:00 - 14:00,17 July,2022,Sunday,Weekend 1,Unknown
1106,Crystal,The Rave Cave,Vluarr,13:00 - 14:30,17 July,2022,Sunday,Weekend 1,Unknown
1107,Crystal,The Rave Cave,Jay Bombay,14:00 - 15:00,17 July,2022,Sunday,Weekend 1,Unknown
1108,Crystal,The Rave Cave,Kohmi,14:30 - 15:30,17 July,2022,Sunday,Weekend 1,Unknown
1109,Crystal,The Rave Cave,Los Bomberos,15:00 - 16:00,17 July,2022,Sunday,Weekend 1,Latin House
1110,Crystal,The Rave Cave,Monta,16:00 - 17:00,17 July,2022,Sunday,Weekend 1,Electronic
1111,Crystal,The Rave Cave,Cassie,17:00 - 18:30,17 July,2022,Sunday,Weekend 1,"Techno, Acid Techno, Electronic"
1112,Crystal,The Rave Cave,Chiq,18:30 - 20:30,17 July,2022,Sunday,Weekend 1,Unknown
1113,Crystal,The Rave Cave,Soulcity,20:00 - 21:30,17 July,2022,Sunday,Weekend 1,Electronic
1114,Crystal,The Rave Cave,White Noise,21:30 - 23:00,17 July,2022,Sunday,Weekend 1,Unknown
1115,2010 - 2012,The Rose Garden,Mystique,12:30 - 14:00,17 July,2022,Sunday,Weekend 1,Hardstyle
1116,2010 - 2012,The Rose Garden,DiMaro,14:00 - 15:00,17 July,2022,Sunday,Weekend 1,House
1117,2010 - 2012,The Rose Garden,Romeo Blanco,15:00 - 16:00,17 July,2022,Sunday,Weekend 1,Commercial Dance
1118,2010 - 2012,The Rose Garden,Regi,16:00 - 17:00,17 July,2022,Sunday,Weekend 1,"Trance, Big Room House"
1119,2010 - 2012,The Rose Garden,Bingo Players,17:00 - 18:00,17 July,2022,Sunday,Weekend 1,Progressive House
1120,2010 - 2012,The Rose Garden,Yves V,18:00 - 19:00,17 July,2022,Sunday,Weekend 1,Progressive House
1121,2010 - 2012,The Rose Garden,Dada Life,19:00 - 20:00,17 July,2022,Sunday,Weekend 1,"Electro House, Progressive House"
1122,2010 - 2012,The Rose Garden,Sandro Silva,20:00 - 21:00,17 July,2022,Sunday,Weekend 1,"Electro House, Progressive House"
1123,2010 - 2012,The Rose Garden,Thomas Gold,21:00 - 22:00,17 July,2022,Sunday,Weekend 1,Progressive House
1124,2010 - 2012,The Rose Garden,Sidney Samson,22:00 - 23:00,17 July,2022,Sunday,Weekend 1,Traditional House
1125,Smash The House,The Library,Angemi,19:00 - 20:00,17 July,2022,Sunday,Weekend 1,"Electronic, Dance"
1126,Monstercat,Youphoria,Kompany,16:30 - 17:30,17 July,2022,Sunday,Weekend 1,Riddim Dubstep
1127,Monstercat,Youphoria,Gammer,17:30 - 18:30,17 July,2022,Sunday,Weekend 1,Hardcore Techno
1128,Monstercat,Youphoria,Wooli,18:30 - 19:30,17 July,2022,Sunday,Weekend 1,"Future Bass, Dubstep, Trap, Commercial Dance"
1129,Monstercat,Youphoria,Sullivan King,19:30 - 20:30,17 July,2022,Sunday,Weekend 1,Dubstep
1130,Monstercat,Youphoria,DJ Diesel,20:30 - 21:30,17 July,2022,Sunday,Weekend 1,"Electronic, Dance"
1131,Monstercat,Youphoria,NGHTMRE,21:30 - 22:30,17 July,2022,Sunday,Weekend 1,"Drum & Bass, Dubstep, Electro House, Traditional House, Trap"
1132,Monstercat,Youphoria,Jauz,22:30 - 23:30,17 July,2022,Sunday,Weekend 1,"Drum & Bass, Dubstep, Electronica, Traditional House, Trap"
1133,The Gathering,The Gathering,DIVS,13:30 - 14:15,21 July,2022,Thursday,Weekend 2,Unknown
1134,The Gathering,The Gathering,Dave Lambert & Tach Cremer,14:15 - 15:00,21 July,2022,Thursday,Weekend 2,Unknown
1135,The Gathering,The Gathering,Prinz,15:00 - 15:45,21 July,2022,Thursday,Weekend 2,Techno
1136,The Gathering,The Gathering,Capoon,15:45 - 16:30,21 July,2022,Thursday,Weekend 2,Techno
1137,The Gathering,The Gathering,Neon,16:30 - 17:15,21 July,2022,Thursday,Weekend 2,Electronic
1138,The Gathering,The Gathering,Odyssey,17:15 - 18:00,21 July,2022,Thursday,Weekend 2,Pop
1139,The Gathering,The Gathering,Sem Thomasson,18:00 - 18:45,21 July,2022,Thursday,Weekend 2,Progressive House
1140,The Gathering,The Gathering,Robert Falcon,18:45 - 19:30,21 July,2022,Thursday,Weekend 2,Unknown
1141,The Gathering,The Gathering,Mandy,19:30 - 20:15,21 July,2022,Thursday,Weekend 2,Hard Dance
1142,The Gathering,The Gathering,Makasi,20:15 - 21:00,21 July,2022,Thursday,Weekend 2,House
1143,The Gathering,The Gathering,Amber Broos,21:00 - 21:45,21 July,2022,Thursday,Weekend 2,Techno
1144,The Gathering,The Gathering,Wolfpack,21:45 - 22:30,21 July,2022,Thursday,Weekend 2,"Commercial Dance, Electro House, Progressive House"
1145,The Gathering,The Gathering,Sunnery James & Ryan Marciano,22:30 - 23:15,21 July,2022,Thursday,Weekend 2,Electro House
1146,The Gathering,The Gathering,Da Tweekaz,23:15 - 00:00,21 July,2022,Thursday,Weekend 2,Hardcore Techno
1147,Exhale,Atmosphere,Ahl Iver,12:00 - 14:00,22 July,2022,Friday,Weekend 2,Techno
1148,Exhale,Atmosphere,Milo Spykers,14:00 - 15:30,22 July,2022,Friday,Weekend 2,Unknown
1149,Exhale,Atmosphere,Klangkuenstler,15:30 - 17:00,22 July,2022,Friday,Weekend 2,"Techno, Techno"
1150,Monstercat,Youphoria,MUZZ,15:30 - 16:30,17 July,2022,Sunday,Weekend 1,Traditional House
1151,Exhale,Atmosphere,Kobosil,18:30 - 20:00,22 July,2022,Friday,Weekend 2,Techno
1152,Exhale,Atmosphere,Ben Klock,20:00 - 21:30,22 July,2022,Friday,Weekend 2,Techno
1153,Exhale,Atmosphere,Pan-Pot,21:30 - 23:00,22 July,2022,Friday,Weekend 2,"Minimal, Techno"
1154,Exhale,Atmosphere,Amelie Lens,23:00 - 01:00,22 July,2022,Friday,Weekend 2,"Electronica, Techno, Trance"
1155,Cage,Cage,Ampe,13:00 - 15:00,22 July,2022,Friday,Weekend 2,Electronic
1156,Cage,Cage,Naty Seres,15:00 - 17:00,22 July,2022,Friday,Weekend 2,Unknown
1157,Cage,Cage,Salome,17:00 - 19:00,22 July,2022,Friday,Weekend 2,Unknown
1158,Cage,Cage,Hadone,19:00 - 21:00,22 July,2022,Friday,Weekend 2,Unknown
1159,Cage,Cage,Hector Oaks B2B SPFDJ,21:00 - 23:00,22 July,2022,Friday,Weekend 2,Unknown
1160,Cage,Cage,Dana Montana,23:00 - 01:00,22 July,2022,Friday,Weekend 2,"House, Techno"
1161,CORE presents Adriatique,Core,Axel Haube,13:00 - 15:00,22 July,2022,Friday,Weekend 2,"Techno, Minimal Techno"
1162,CORE presents Adriatique,Core,Shiffer,15:00 - 17:00,22 July,2022,Friday,Weekend 2,Unknown
1163,CORE presents Adriatique,Core,Marino Canal,17:00 - 19:00,22 July,2022,Friday,Weekend 2,Unknown
1164,CORE presents Adriatique,Core,Brina Knauss,19:00 - 21:00,22 July,2022,Friday,Weekend 2,Techno
1165,CORE presents Adriatique,Core,Innellea,21:00 - 23:00,22 July,2022,Friday,Weekend 2,"Electronica, Techno"
1166,CORE presents Adriatique,Core,Adriatique,23:00 - 01:00,22 July,2022,Friday,Weekend 2,"Electronica, Tech House, Techno"
1167,Crystal Garden,Crystal Garden,Eli Brown,00:00 - 01:00,22 July,2022,Friday,Weekend 2,"Commercial Dance, Electronica, Tech House, Traditional House"
1168,Crystal Garden,Crystal Garden,D&W,12:30 - 14:00,22 July,2022,Friday,Weekend 2,"Techno, Acid Techno"
1169,Crystal Garden,Crystal Garden,Neon,14:00 - 15:30,22 July,2022,Friday,Weekend 2,Electronic
1170,Crystal Garden,Crystal Garden,AmyElle,15:30 - 17:00,22 July,2022,Friday,Weekend 2,Unknown
1171,Crystal Garden,Crystal Garden,MAUR,17:00 - 18:30,22 July,2022,Friday,Weekend 2,"Progressive House, Techno, Deep House"
1172,Crystal Garden,Crystal Garden,Mason Maynard,18:30 - 20:00,22 July,2022,Friday,Weekend 2,"Commercial Dance, Electronica"
1173,Crystal Garden,Crystal Garden,Solardo,20:00 - 21:30,22 July,2022,Friday,Weekend 2,"Electro House, Tech House, Traditional House"
1174,Crystal Garden,Crystal Garden,Claptone,21:30 - 23:00,22 July,2022,Friday,Weekend 2,"Electro House, Tech House, Techno, Traditional House"
1175,Exhale,Atmosphere,Helena Hauff,17:00 - 18:30,22 July,2022,Friday,Weekend 2,"Electronica, Tech House, Techno"
1176,Freedom,Freedom,Nicolas Cuer,12:00 - 14:00,22 July,2022,Friday,Weekend 2,Techno
1177,Freedom,Freedom,Goldfox,14:00 - 16:00,22 July,2022,Friday,Weekend 2,"Electronic, Dance"
1178,Freedom,Freedom,Cristoph,16:00 - 18:00,22 July,2022,Friday,Weekend 2,Unknown
1179,Freedom,Freedom,Yotto,18:00 - 20:00,22 July,2022,Friday,Weekend 2,"Progressive House, Traditional House"
1180,Freedom,Freedom,Kölsch,20:00 - 21:30,22 July,2022,Friday,Weekend 2,Commercial Dance
1181,Freedom,Freedom,Joris Voorn,21:30 - 23:00,22 July,2022,Friday,Weekend 2,"Tech House, Techno"
1182,Freedom,Freedom,Eric Prydz,23:00 - 01:00,22 July,2022,Friday,Weekend 2,Progressive House
1183,Radio Ultra Modern,Harbour House,RAIATWINZ,13:00 - 15:00,22 July,2022,Friday,Weekend 2,Unknown
1184,Radio Ultra Modern,Harbour House,Dosschy,15:00 - 17:00,22 July,2022,Friday,Weekend 2,Unknown
1185,Radio Ultra Modern,Harbour House,Masai & The Roots ft. MC Rim,17:00 - 19:00,22 July,2022,Friday,Weekend 2,Unknown
1186,Radio Ultra Modern,Harbour House,Rakesh aka Blackjack9000,19:00 - 21:00,22 July,2022,Friday,Weekend 2,House
1187,Radio Ultra Modern,Harbour House,DJ MIMI,21:00 - 23:00,22 July,2022,Friday,Weekend 2,Unknown
1188,Radio Ultra Modern,Harbour House,Bubba,23:00 - 01:00,22 July,2022,Friday,Weekend 2,"Electronic, House, Techno"
1189,Alteza,Kara Savi,Grimm,12:30 - 14:30,22 July,2022,Friday,Weekend 2,Rock
1190,Alteza,Kara Savi,Firaga,14:30 - 16:00,22 July,2022,Friday,Weekend 2,Psytrance
1191,Alteza,Kara Savi,Ghost Rider,16:00 - 17:00,22 July,2022,Friday,Weekend 2,Unknown
1192,Alteza,Kara Savi,Liquid Soul,17:00 - 18:15,22 July,2022,Friday,Weekend 2,Trance
1193,Alteza,Kara Savi,Vini Vici,18:15 - 19:30,22 July,2022,Friday,Weekend 2,"Psychedelic Trance, Trance"
1194,Alteza,Kara Savi,Infected Mushroom - Retro Live Show,19:30 - 20:30,22 July,2022,Friday,Weekend 2,Unknown
1195,Alteza,Kara Savi,Blastoyz,20:30 - 21:30,22 July,2022,Friday,Weekend 2,Psytrance
1196,Alteza,Kara Savi,Animato,21:30 - 22:30,22 July,2022,Friday,Weekend 2,Unknown
1197,Alteza,Kara Savi,Reality Test,22:30 - 23:45,22 July,2022,Friday,Weekend 2,Unknown
1198,Alteza,Kara Savi,Mr Black,23:45 - 00:55,22 July,2022,Friday,Weekend 2,Unknown
1199,SHOMI,Leaf,Cemode,12:30 - 13:30,22 July,2022,Friday,Weekend 2,Electronic
1200,Crystal Garden,Crystal Garden,John Summit,23:00 - 00:00,22 July,2022,Friday,Weekend 2,Techno
1201,SHOMI,Leaf,Delafino vs Gee,15:00 - 16:00,22 July,2022,Friday,Weekend 2,Unknown
1202,SHOMI,Leaf,Low Steppa,16:00 - 17:30,22 July,2022,Friday,Weekend 2,"Tech House, Bassline, Uk Garage"
1203,SHOMI,Leaf,DJ Licious,17:30 - 19:00,22 July,2022,Friday,Weekend 2,House
1204,SHOMI,Leaf,Biscits,19:00 - 20:30,22 July,2022,Friday,Weekend 2,House
1205,SHOMI,Leaf,Mr Belt & Wezol,20:30 - 22:30,22 July,2022,Friday,Weekend 2,"House, Deep House, Future House"
1206,SHOMI,Leaf,Vato Gonzalez,22:30 - 00:00,22 July,2022,Friday,Weekend 2,"Dubstep, Traditional House"
1207,Mainstage,Mainstage,Jamie Jones,12:00 - 14:30,22 July,2022,Friday,Weekend 2,Tech House
1208,Mainstage,Mainstage,Cellini,14:30 - 15:30,22 July,2022,Friday,Weekend 2,Techno
1209,Mainstage,Mainstage,Seth Hills,15:30 - 16:30,22 July,2022,Friday,Weekend 2,Unknown
1210,Mainstage,Mainstage,Mike Williams,16:30 - 17:30,22 July,2022,Friday,Weekend 2,"Commercial Dance, Drum & Bass, Electronica, Progressive House, Traditional House"
1211,Mainstage,Mainstage,MORTEN,17:35 - 18:35,22 July,2022,Friday,Weekend 2,"Commercial Dance, Dubstep"
1212,Mainstage,Mainstage,Yves V,18:40 - 19:40,22 July,2022,Friday,Weekend 2,Progressive House
1213,Mainstage,Mainstage,Meduza,19:40 - 20:40,22 July,2022,Friday,Weekend 2,House
1214,Mainstage,Mainstage,Lost Frequencies LIVE,20:40 - 21:40,22 July,2022,Friday,Weekend 2,Commercial Dance
1215,Mainstage,Mainstage,Alan Walker,21:45 - 22:45,22 July,2022,Friday,Weekend 2,"Commercial Dance, Electro House, Electronica, Progressive House, Traditional House"
1216,Mainstage,Mainstage,Armin van Buuren,22:50 - 23:50,22 July,2022,Friday,Weekend 2,Trance
1217,Mainstage,Mainstage,Steve Aoki,23:50 - 00:50,22 July,2022,Friday,Weekend 2,"Electro House, Indie / Underground"
1218,Moosebar,Moosebar,Feest DJ Lucki Luc,12:00 - 16:00,22 July,2022,Friday,Weekend 2,"Dance, Party"
1219,Moosebar,Moosebar,Laurent Wery,16:00 - 20:00,22 July,2022,Friday,Weekend 2,"Electronic, Dance, House"
1220,Moosebar,Moosebar,Frank Mellemans,20:00 - 00:00,22 July,2022,Friday,Weekend 2,"Electronic, Dance"
1221,Library,The Library,Wildstylez,00:00 - 01:00,22 July,2022,Friday,Weekend 2,Hard Dance
1222,Library,The Library,DJ Cham,12:00 - 13:30,22 July,2022,Friday,Weekend 2,Unknown
1223,Library,The Library,Rikki,13:30 - 15:00,22 July,2022,Friday,Weekend 2,"Electro House, Progressive House, Traditional House"
1224,Library,The Library,Lari Luke,15:00 - 16:00,22 July,2022,Friday,Weekend 2,Unknown
1225,SHOMI,Leaf,Elenore,13:30 - 15:00,22 July,2022,Friday,Weekend 2,House
1226,Library,The Library,Dubvision,17:00 - 18:00,22 July,2022,Friday,Weekend 2,"Electro House, Progressive House, Traditional House"
1227,Library,The Library,Otto Knows,18:00 - 19:00,22 July,2022,Friday,Weekend 2,Traditional House
1228,Library,The Library,Danny Avila,19:00 - 20:00,22 July,2022,Friday,Weekend 2,Electro House
1229,Library,The Library,Robin Schulz,20:00 - 21:00,22 July,2022,Friday,Weekend 2,Commercial Dance
1230,Library,The Library,NERVO,21:00 - 22:00,22 July,2022,Friday,Weekend 2,"Electro House, Progressive House"
1231,Library,The Library,Timmy Trumpet,22:00 - 23:00,22 July,2022,Friday,Weekend 2,Progressive House
1232,Library,The Library,Bassjackers,23:00 - 00:00,22 July,2022,Friday,Weekend 2,Electro House
1233,Krankenhaus,The Rave Cave,Krankenhaus Selektion,12:00 - 13:00,22 July,2022,Friday,Weekend 2,Unknown
1234,Krankenhaus,The Rave Cave,Naethan,13:00 - 14:00,22 July,2022,Friday,Weekend 2,"Electronic, Dance"
1235,Krankenhaus,The Rave Cave,Fotn & Marsden,14:00 - 15:00,22 July,2022,Friday,Weekend 2,Unknown
1236,Krankenhaus,The Rave Cave,Ikaro Grati,15:00 - 16:00,22 July,2022,Friday,Weekend 2,Unknown
1237,Krankenhaus,The Rave Cave,Kimman,16:00 - 17:00,22 July,2022,Friday,Weekend 2,Unknown
1238,Krankenhaus,The Rave Cave,Joone,17:00 - 18:30,22 July,2022,Friday,Weekend 2,Unknown
1239,Krankenhaus,The Rave Cave,Beswerda,18:30 - 20:00,22 July,2022,Friday,Weekend 2,Unknown
1240,Krankenhaus,The Rave Cave,Kapibara,20:00 - 21:30,22 July,2022,Friday,Weekend 2,Unknown
1241,Krankenhaus,The Rave Cave,Moziz,21:30 - 23:00,22 July,2022,Friday,Weekend 2,Unknown
1242,Krankenhaus,The Rave Cave,Panterkraft,23:00 - 00:00,22 July,2022,Friday,Weekend 2,Unknown
1243,Barong Family,The Rose Garden,DJ Bassgod,12:30 - 14:00,22 July,2022,Friday,Weekend 2,Unknown
1244,Barong Family,The Rose Garden,Green Tree,14:00 - 15:00,22 July,2022,Friday,Weekend 2,Unknown
1245,Barong Family,The Rose Garden,Sky Sky & Dysomia,15:00 - 16:00,22 July,2022,Friday,Weekend 2,Unknown
1246,Barong Family,The Rose Garden,Rawtek,16:00 - 17:00,22 July,2022,Friday,Weekend 2,Unknown
1247,Barong Family,The Rose Garden,Weird Genius,17:00 - 18:00,22 July,2022,Friday,Weekend 2,Unknown
1248,Barong Family,The Rose Garden,Nonsens,18:00 - 19:00,22 July,2022,Friday,Weekend 2,Electro House
1249,Barong Family,The Rose Garden,Psycho Boys Club,19:00 - 20:00,22 July,2022,Friday,Weekend 2,Unknown
1250,Library,The Library,Goldband,16:00 - 17:00,22 July,2022,Friday,Weekend 2,Unknown
1251,Barong Family,The Rose Garden,€URO TRA$H,21:00 - 21:45,22 July,2022,Friday,Weekend 2,Unknown
1252,Barong Family,The Rose Garden,Moksi,21:45 - 22:45,22 July,2022,Friday,Weekend 2,"Pop House, Electro House"
1253,Barong Family,The Rose Garden,Yellow Claw,22:45 - 23:45,22 July,2022,Friday,Weekend 2,"Electro House, Electronica, Hip-Hop, Traditional House, Trap"
1254,Barong Family,The Rose Garden,Dither & Sihk,23:45 - 00:45,22 July,2022,Friday,Weekend 2,Unknown
1255,Da Tweekaz presents Tweekamania,Youphoria,Mc Chucky,12:00 - 13:00,22 July,2022,Friday,Weekend 2,"Jumpstyle, Hardstyle"
1256,Da Tweekaz presents Tweekamania,Youphoria,Lost Identity,12:30 - 14:00,22 July,2022,Friday,Weekend 2,Unknown
1257,Da Tweekaz presents Tweekamania,Youphoria,BassBrain,14:00 - 15:00,22 July,2022,Friday,Weekend 2,Bass House
1258,Da Tweekaz presents Tweekamania,Youphoria,MANDY,15:00 - 16:00,22 July,2022,Friday,Weekend 2,Hard Dance
1259,Da Tweekaz presents Tweekamania,Youphoria,Refuzion,16:00 - 17:00,22 July,2022,Friday,Weekend 2,Hard Dance
1260,Da Tweekaz presents Tweekamania,Youphoria,Mark With a K,17:00 - 18:00,22 July,2022,Friday,Weekend 2,Hard Dance
1261,Da Tweekaz presents Tweekamania,Youphoria,Coone,18:00 - 19:00,22 July,2022,Friday,Weekend 2,Hard Dance
1262,Da Tweekaz presents Tweekamania,Youphoria,Da Tweekaz,19:00 - 20:15,22 July,2022,Friday,Weekend 2,Hardcore Techno
1263,Da Tweekaz presents Tweekamania,Youphoria,Hard Driver,20:15 - 21:15,22 July,2022,Friday,Weekend 2,Hard Dance
1264,Da Tweekaz presents Tweekamania,Youphoria,Tweekacore & Darren Styles,21:15 - 22:15,22 July,2022,Friday,Weekend 2,Unknown
1265,Da Tweekaz presents Tweekamania,Youphoria,Warface,22:15 - 23:15,22 July,2022,Friday,Weekend 2,"Dubstep, Electronica, Hard Dance, Hardcore Techno, Techno"
1266,Da Tweekaz presents Tweekamania,Youphoria,Killshot,23:15 - 00:50,22 July,2022,Friday,Weekend 2,Hardstyle
1267,KNTXT,Atmosphere,OGENN b2b One Track Brain,13:00 - 15:00,23 July,2022,Saturday,Weekend 2,Techno
1268,KNTXT,Atmosphere,SAMA,15:00 - 17:00,23 July,2022,Saturday,Weekend 2,House
1269,KNTXT,Atmosphere,Indira Paganotto,17:00 - 19:00,23 July,2022,Saturday,Weekend 2,Techno
1270,KNTXT,Atmosphere,Adiel,19:00 - 21:00,23 July,2022,Saturday,Weekend 2,Techno
1271,KNTXT,Atmosphere,Alignment,21:00 - 23:00,23 July,2022,Saturday,Weekend 2,Techno
1272,KNTXT,Atmosphere,Charlotte de Witte,23:00 - 01:00,23 July,2022,Saturday,Weekend 2,Techno
1273,Unorthodox,Cage,MC Chickaboo,12:00 - 13:00,23 July,2022,Saturday,Weekend 2,Unknown
1274,Unorthodox,Cage,Visionobi,13:00 - 14:00,23 July,2022,Saturday,Weekend 2,Drum and Bass
1275,Barong Family,The Rose Garden,RayRay,20:00 - 21:00,22 July,2022,Friday,Weekend 2,Unknown
1276,Unorthodox,Cage,Pinks B2B Clarkus,15:00 - 16:00,23 July,2022,Saturday,Weekend 2,Unknown
1277,Unorthodox,Cage,Changing Faces B2B Clouwds,16:00 - 17:00,23 July,2022,Saturday,Weekend 2,Unknown
1278,Unorthodox,Cage,Charlie Tee,17:00 - 18:00,23 July,2022,Saturday,Weekend 2,"Electronic, Dance, House"
1279,Unorthodox,Cage,Nathan X,18:00 - 19:00,23 July,2022,Saturday,Weekend 2,Unknown
1280,Unorthodox,Cage,IMANU,19:00 - 20:00,23 July,2022,Saturday,Weekend 2,Unknown
1281,Unorthodox,Cage,Mollie Collins,20:00 - 21:00,23 July,2022,Saturday,Weekend 2,Drum & Bass
1282,Unorthodox,Cage,Flava D,21:00 - 22:00,23 July,2022,Saturday,Weekend 2,"Bassline, G-House, Uk Garage"
1283,Unorthodox,Cage,Mandidextrous,22:00 - 23:00,23 July,2022,Saturday,Weekend 2,Unknown
1284,Unorthodox,Cage,Unorthodox B2B set,23:00 - 00:00,23 July,2022,Saturday,Weekend 2,Unknown
1285,CORE,Core,Neyha,13:00 - 15:00,23 July,2022,Saturday,Weekend 2,Unknown
1286,CORE,Core,Kevin Di Serna,15:00 - 17:00,23 July,2022,Saturday,Weekend 2,Unknown
1287,CORE,Core,Tijana T,17:00 - 19:00,23 July,2022,Saturday,Weekend 2,"Techno, House, Jackin"
1288,CORE,Core,Dino Lenny,19:00 - 21:00,23 July,2022,Saturday,Weekend 2,"Commercial Dance, Electronica, Progressive House, Techno, Traditional House"
1289,CORE,Core,Mano Le Tough,21:00 - 23:00,23 July,2022,Saturday,Weekend 2,Traditional House
1290,CORE,Core,Mind Against,23:00 - 01:00,23 July,2022,Saturday,Weekend 2,Commercial Dance
1291,Netsky & Friends,Crystal Garden,Captain Bass,13:00 - 14:30,23 July,2022,Saturday,Weekend 2,Future Bass
1292,Netsky & Friends,Crystal Garden,SACHI,14:30 - 15:30,23 July,2022,Saturday,Weekend 2,Unknown
1293,Netsky & Friends,Crystal Garden,MONTELL2099,15:30 - 16:30,23 July,2022,Saturday,Weekend 2,Trap
1294,Netsky & Friends,Crystal Garden,Holy Goof,16:30 - 17:30,23 July,2022,Saturday,Weekend 2,"Electro House, Bass House"
1295,Netsky & Friends,Crystal Garden,Hot Dub Time Machine,17:30 - 18:30,23 July,2022,Saturday,Weekend 2,"Commercial Dance, Indie Dance"
1296,Netsky & Friends,Crystal Garden,Luude,18:30 - 19:30,23 July,2022,Saturday,Weekend 2,Unknown
1297,Netsky & Friends,Crystal Garden,Kanine,19:30 - 20:30,23 July,2022,Saturday,Weekend 2,Unknown
1298,Netsky & Friends,Crystal Garden,Dimension,20:30 - 21:30,23 July,2022,Saturday,Weekend 2,Band
1299,Netsky & Friends,Crystal Garden,Netsky,21:30 - 22:50,23 July,2022,Saturday,Weekend 2,Drum & Bass
1300,Unorthodox,Cage,Figures,14:00 - 15:00,23 July,2022,Saturday,Weekend 2,Unknown
1301,Q-Dance,Freedom,Partyraiser,00:00 - 01:00,23 July,2022,Saturday,Weekend 2,Hard Dance
1302,Q-Dance,Freedom,Villain,12:00 - 13:00,23 July,2022,Saturday,Weekend 2,Hard Dance
1303,Q-Dance,Freedom,Refuzion,12:00 - 13:00,23 July,2022,Saturday,Weekend 2,Hard Dance
1304,Q-Dance,Freedom,Bass Modulators,13:00 - 14:00,23 July,2022,Saturday,Weekend 2,"Commercial Dance, Electronica"
1305,Q-Dance,Freedom,Psyko Punkz,14:00 - 15:00,23 July,2022,Saturday,Weekend 2,Hardcore Techno
1306,Q-Dance,Freedom,Atmozfears,15:00 - 16:00,23 July,2022,Saturday,Weekend 2,"Hardcore Techno, Techno, Traditional House, Trance"
1307,Q-Dance,Freedom,Outsiders,16:00 - 17:00,23 July,2022,Saturday,Weekend 2,Hard Dance
1308,Q-Dance,Freedom,Ran-D,17:00 - 18:15,23 July,2022,Saturday,Weekend 2,Hardcore Techno
1309,Q-Dance,Freedom,Sub Zero Project,18:15 - 19:00,23 July,2022,Saturday,Weekend 2,"Hard Dance, Hardcore Techno, Psychedelic Trance"
1310,Q-Dance,Freedom,B-Front,19:00 - 20:00,23 July,2022,Saturday,Weekend 2,Hardcore Techno
1311,Q-Dance,Freedom,Zatox,20:00 - 21:00,23 July,2022,Saturday,Weekend 2,Hard Dance
1312,Q-Dance,Freedom,D-Sturb,21:00 - 22:00,23 July,2022,Saturday,Weekend 2,Hard Dance
1313,Q-Dance,Freedom,Rebelion,22:00 - 23:00,23 July,2022,Saturday,Weekend 2,Hard Dance
1314,Q-Dance,Freedom,Miss K8,23:00 - 00:00,23 July,2022,Saturday,Weekend 2,Hard Dance
1315,Radio Ultra Modern,Harbour House,Fabio Marcs,13:00 - 15:00,23 July,2022,Saturday,Weekend 2,"Electronic, Dance, House"
1316,Radio Ultra Modern,Harbour House,Nicki Sanchez,15:00 - 16:00,23 July,2022,Saturday,Weekend 2,"Electronic, Dance, House"
1317,Radio Ultra Modern,Harbour House,Daddy K,16:00 - 17:00,23 July,2022,Saturday,Weekend 2,"Hip-Hop, Rap"
1318,Radio Ultra Modern,Harbour House,Lady S,17:00 - 19:00,23 July,2022,Saturday,Weekend 2,"Electronic, Dance, House"
1319,Radio Ultra Modern,Harbour House,Crack-T,19:00 - 21:00,23 July,2022,Saturday,Weekend 2,"Electronic, Dance, House"
1320,Radio Ultra Modern,Harbour House,BLVCKPRINT,21:00 - 23:00,23 July,2022,Saturday,Weekend 2,Unknown
1321,Radio Ultra Modern,Harbour House,UNEAK,23:00 - 01:00,23 July,2022,Saturday,Weekend 2,Unknown
1322,Defected,Kara Savi,Nightfunk,12:30 - 14:00,23 July,2022,Saturday,Weekend 2,Unknown
1323,Defected,Kara Savi,Delafino,14:00 - 15:30,23 July,2022,Saturday,Weekend 2,House
1324,Defected,Kara Savi,Mambo Brothers,15:30 - 17:00,23 July,2022,Saturday,Weekend 2,House
1325,Netsky & Friends,Crystal Garden,Jauz B2B NGHTMRE,22:50 - 23:50,23 July,2022,Saturday,Weekend 2,Unknown
1326,Defected,Kara Savi,A-trak,19:00 - 21:00,23 July,2022,Saturday,Weekend 2,"Electro House, Indie / Underground"
1327,Defected,Kara Savi,Sam Divine,21:00 - 23:00,23 July,2022,Saturday,Weekend 2,Techno
1328,Defected,Kara Savi,Ferreck Dawn,23:00 - 00:55,23 July,2022,Saturday,Weekend 2,Commercial Dance
1329,Ketaloco,Leaf,Belben & Arnaud Boatpeople,12:30 - 14:30,23 July,2022,Saturday,Weekend 2,Unknown
1330,Ketaloco,Leaf,Jana Vitiligo,14:30 - 16:00,23 July,2022,Saturday,Weekend 2,Unknown
1331,Ketaloco,Leaf,Tom Zeta,16:00 - 17:30,23 July,2022,Saturday,Weekend 2,Unknown
1332,Ketaloco,Leaf,Caspar & Don Cabron,17:30 - 19:30,23 July,2022,Saturday,Weekend 2,Unknown
1333,Ketaloco,Leaf,D-Nox & Beckers,19:30 - 21:30,23 July,2022,Saturday,Weekend 2,Progressive House
1334,Ketaloco,Leaf,Nico Morano,21:30 - 00:00,23 July,2022,Saturday,Weekend 2,"House, Techno"
1335,Mainstage,Mainstage,Laidback Luke,12:00 - 14:30,23 July,2022,Saturday,Weekend 2,Electro House
1336,Mainstage,Mainstage,Maxim Lany,14:30 - 15:30,23 July,2022,Saturday,Weekend 2,"House, Deep House"
1337,Mainstage,Mainstage,LP Giobbi,15:30 - 16:30,23 July,2022,Saturday,Weekend 2,House
1338,Mainstage,Mainstage,Third Party,16:30 - 17:30,23 July,2022,Saturday,Weekend 2,Progressive House
1339,Mainstage,Mainstage,Henri PFR,17:35 - 18:35,23 July,2022,Saturday,Weekend 2,"Commercial Dance, Electronica, Traditional House"
1340,Mainstage,Mainstage,Vintage Culture,18:40 - 19:40,23 July,2022,Saturday,Weekend 2,"Commercial Dance, Electro House, Electronica, Traditional House"
1341,Mainstage,Mainstage,Tale Of Us,19:40 - 20:40,23 July,2022,Saturday,Weekend 2,Tech House
1342,Mainstage,Mainstage,Sunnery James & Ryan Marciano,20:40 - 21:40,23 July,2022,Saturday,Weekend 2,Electro House
1343,Mainstage,Mainstage,Tiesto,21:45 - 22:45,23 July,2022,Saturday,Weekend 2,"Commercial Dance, Big Room"
1344,Mainstage,Mainstage,Dimitri Vegas & Like Mike,22:50 - 23:50,23 July,2022,Saturday,Weekend 2,Electro House
1345,Mainstage,Mainstage,Marshmello,23:50 - 00:50,23 July,2022,Saturday,Weekend 2,"Electronica, Progressive House, Trap"
1346,Moosebar,Moosebar,The Bobmeister,12:00 - 17:00,23 July,2022,Saturday,Weekend 2,"Electronic, Dance"
1347,Moosebar,Moosebar,Rino,17:00 - 21:00,23 July,2022,Saturday,Weekend 2,"Electronic, Dance"
1348,Moosebar,Moosebar,Jelle DK,21:00 - 00:00,23 July,2022,Saturday,Weekend 2,"Electronic, Dance, House"
1349,Lost Frequencies & Friends,The Library,Funky Fool,12:00 - 13:00,23 July,2022,Saturday,Weekend 2,Unknown
1350,Defected,Kara Savi,Catz 'n Dogz,17:00 - 19:00,23 July,2022,Saturday,Weekend 2,Traditional House
1351,Lost Frequencies & Friends,The Library,Pretty Pink,14:00 - 15:00,23 July,2022,Saturday,Weekend 2,Electro House
1352,Lost Frequencies & Friends,The Library,The Magician,15:00 - 17:00,23 July,2022,Saturday,Weekend 2,Indie / Underground
1353,Lost Frequencies & Friends,The Library,Dombresky,16:00 - 17:00,23 July,2022,Saturday,Weekend 2,"Bass House, Electro House, Funky House"
1354,Lost Frequencies & Friends,The Library,Kungs,17:00 - 18:00,23 July,2022,Saturday,Weekend 2,"Tech House, Traditional House"
1355,Lost Frequencies & Friends,The Library,Riton,18:00 - 19:00,23 July,2022,Saturday,Weekend 2,Commercial Dance
1356,Lost Frequencies & Friends,The Library,Acraze,19:00 - 20:00,23 July,2022,Saturday,Weekend 2,Dubstep
1357,Lost Frequencies & Friends,The Library,Dom Dolla,20:00 - 21:00,23 July,2022,Saturday,Weekend 2,"Future House, Electro House, Funky House"
1358,Lost Frequencies & Friends,The Library,Lost Frequencies,21:00 - 22:30,23 July,2022,Saturday,Weekend 2,"Electro House, Electronica, Traditional House"
1359,Lost Frequencies & Friends,The Library,Duck Sauce,22:30 - 23:30,23 July,2022,Saturday,Weekend 2,Unknown
1360,Lost Frequencies & Friends,The Library,Oliver Heldens & Tchami,23:30 - 01:00,23 July,2022,Saturday,Weekend 2,Unknown
1361,Woody Weekend,The Rave Cave,Many Moore,00:00 - 01:00,23 July,2022,Saturday,Weekend 2,House
1362,Woody Weekend,The Rave Cave,Maximo,13:00 - 14:00,23 July,2022,Saturday,Weekend 2,House
1363,Woody Weekend,The Rave Cave,Thim,14:00 - 15:00,23 July,2022,Saturday,Weekend 2,House
1364,Woody Weekend,The Rave Cave,Que 9,15:00 - 16:00,23 July,2022,Saturday,Weekend 2,Unknown
1365,Woody Weekend,The Rave Cave,WOODY WEEKEND INVITES: ATMOZ,16:00 - 20:00,23 July,2022,Saturday,Weekend 2,Unknown
1366,Woody Weekend,The Rave Cave,Severe,20:00 - 21:00,23 July,2022,Saturday,Weekend 2,"Industrial, Synthpop, Post-Punk"
1367,Woody Weekend,The Rave Cave,Greg Lamore,21:00 - 22:00,23 July,2022,Saturday,Weekend 2,House
1368,Woody Weekend,The Rave Cave,DJ Tom & Saxy Mr S,22:00 - 23:00,23 July,2022,Saturday,Weekend 2,House
1369,Woody Weekend,The Rave Cave,Sol & Sura,23:00 - 00:00,23 July,2022,Saturday,Weekend 2,House
1370,Bonzai,The Rose Garden,Mc Reign,12:00 - 13:00,23 July,2022,Saturday,Weekend 2,Unknown
1371,Bonzai,The Rose Garden,Mc Pyro,13:00 - 14:00,23 July,2022,Saturday,Weekend 2,"MC for Hardstyle, Hardcore"
1372,Bonzai,The Rose Garden,Greg S,13:00 - 14:30,23 July,2022,Saturday,Weekend 2,"Techno, Trance"
1373,Bonzai,The Rose Garden,DJ Jan,14:30 - 16:00,23 July,2022,Saturday,Weekend 2,"Hard Trance, Techno"
1374,Bonzai,The Rose Garden,Airwave,16:00 - 17:00,23 July,2022,Saturday,Weekend 2,"Progressive House, Psychedelic Trance"
1375,Lost Frequencies & Friends,The Library,Toolate Groove,13:00 - 14:00,23 July,2022,Saturday,Weekend 2,House
1376,Bonzai,The Rose Garden,DJ Ghost,18:00 - 19:00,23 July,2022,Saturday,Weekend 2,"Hard Trance, Techno"
1377,Bonzai,The Rose Garden,Furax,19:00 - 20:00,23 July,2022,Saturday,Weekend 2,"Hardcore Techno, Traditional House"
1378,Bonzai,The Rose Garden,Franky Kloeck,20:00 - 21:00,23 July,2022,Saturday,Weekend 2,"Techno, Hard Trance"
1379,Bonzai,The Rose Garden,Yves Deruyter,21:00 - 22:30,23 July,2022,Saturday,Weekend 2,Trance
1380,Bonzai,The Rose Garden,Santini ft Quatre-temps,22:30 - 23:30,23 July,2022,Saturday,Weekend 2,Unknown
1381,Bonzai,The Rose Garden,Bonzai All Stars,23:30 - 01:00,23 July,2022,Saturday,Weekend 2,"Techno, Trance"
1382,Psygathering,Youphoria,Jackie White,12:30 - 13:30,23 July,2022,Saturday,Weekend 2,Unknown
1383,Psygathering,Youphoria,Digicult,13:30 - 15:00,23 July,2022,Saturday,Weekend 2,Commercial Dance
1384,Psygathering,Youphoria,HI Profile,15:00 - 16:15,23 July,2022,Saturday,Weekend 2,Unknown
1385,Psygathering,Youphoria,Stryker,16:15 - 17:15,23 July,2022,Saturday,Weekend 2,"Club Music, Trap"
1386,Psygathering,Youphoria,Firaga vs Somnia,17:15 - 18:30,23 July,2022,Saturday,Weekend 2,Unknown
1387,Psygathering,Youphoria,Neelix,18:30 - 20:00,23 July,2022,Saturday,Weekend 2,Psychedelic Trance
1388,Psygathering,Youphoria,Skazi,20:00 - 21:15,23 July,2022,Saturday,Weekend 2,Trance
1389,Psygathering,Youphoria,Mad Maxx,21:15 - 22:30,23 July,2022,Saturday,Weekend 2,Psytrance
1390,Psygathering,Youphoria,WHITENO1SE,22:30 - 23:45,23 July,2022,Saturday,Weekend 2,Psytrance
1391,Psygathering,Youphoria,BLiSS,23:45 - 00:50,23 July,2022,Saturday,Weekend 2,Techno
1392,Drumcode,Atmosphere,AM.I,12:30 - 14:00,24 July,2022,Sunday,Weekend 2,Techno
1393,Drumcode,Atmosphere,Juliet Fox,14:00 - 15:30,24 July,2022,Sunday,Weekend 2,Tech House
1394,Drumcode,Atmosphere,Ramon Tapia,15:30 - 17:00,24 July,2022,Sunday,Weekend 2,"Tech House, Techno"
1395,Drumcode,Atmosphere,HI-LO,17:00 - 19:00,24 July,2022,Sunday,Weekend 2,"Electro House, Electronica, Techno"
1396,Drumcode,Atmosphere,Nicole Moudaber,19:00 - 21:00,24 July,2022,Sunday,Weekend 2,Tech House
1397,Drumcode,Atmosphere,Adam Beyer B2B Maceo Plex,21:00 - 00:00,24 July,2022,Sunday,Weekend 2,Unknown
1398,Footworxx,Cage,Madhouse LIVE,12:30 - 14:00,24 July,2022,Sunday,Weekend 2,Unknown
1399,Footworxx,Cage,Simon Says,14:00 - 15:00,24 July,2022,Sunday,Weekend 2,Unknown
1400,Bonzai,The Rose Garden,Jan Vervloet,17:00 - 18:00,23 July,2022,Saturday,Weekend 2,Progressive House
1401,Footworxx,Cage,Massouille,16:00 - 17:00,24 July,2022,Sunday,Weekend 2,Unknown
1402,Footworxx,Cage,Soulblast,17:00 - 18:00,24 July,2022,Sunday,Weekend 2,Unknown
1403,Footworxx,Cage,Sandy Warez,18:00 - 19:00,24 July,2022,Sunday,Weekend 2,Commercial Dance
1404,Footworxx,Cage,Dither,19:00 - 20:00,24 July,2022,Sunday,Weekend 2,Unknown
1405,Footworxx,Cage,Detest Live,20:00 - 21:00,24 July,2022,Sunday,Weekend 2,Unknown
1406,Footworxx,Cage,The Satan,21:00 - 22:00,24 July,2022,Sunday,Weekend 2,Rock
1407,Footworxx,Cage,Furyan,22:00 - 23:00,24 July,2022,Sunday,Weekend 2,Unknown
1408,Footworxx,Cage,Frenchfaces,23:00 - 00:00,24 July,2022,Sunday,Weekend 2,Unknown
1409,CORE presents Watergate,Core,Cincity B2B JAMIIE,13:00 - 14:30,24 July,2022,Sunday,Weekend 2,Unknown
1410,CORE presents Watergate,Core,Biesmans B2B Kid Simius,14:30 - 16:00,24 July,2022,Sunday,Weekend 2,Unknown
1411,CORE presents Watergate,Core,Djeff,16:00 - 18:00,24 July,2022,Sunday,Weekend 2,Unknown
1412,CORE presents Watergate,Core,Jimi Jules B2B Trikk,18:00 - 20:00,24 July,2022,Sunday,Weekend 2,Unknown
1413,CORE presents Watergate,Core,WhoMadeWho,20:00 - 22:00,24 July,2022,Sunday,Weekend 2,Commercial Dance
1414,CORE presents Watergate,Core,Stephan Bodzin,22:00 - 00:00,24 July,2022,Sunday,Weekend 2,"Electro House, Techno"
1415,Sexy By Nature,Crystal Garden,Shannon Delani,12:30 - 14:00,24 July,2022,Sunday,Weekend 2,Unknown
1416,Sexy By Nature,Crystal Garden,Thomas Newson,14:00 - 15:30,24 July,2022,Sunday,Weekend 2,Commercial Dance
1417,Sexy By Nature,Crystal Garden,Double Pleasure,15:30 - 16:30,24 July,2022,Sunday,Weekend 2,House
1418,Sexy By Nature,Crystal Garden,B Jones B2B Kryder,16:30 - 18:00,24 July,2022,Sunday,Weekend 2,Unknown
1419,Sexy By Nature,Crystal Garden,GORDO,18:00 - 19:30,24 July,2022,Sunday,Weekend 2,Techno
1420,Sexy By Nature,Crystal Garden,Fedde Le Grand,19:30 - 20:30,24 July,2022,Sunday,Weekend 2,Progressive House
1421,Sexy By Nature,Crystal Garden,Sunnery James & Ryan Marciano,20:30 - 22:30,24 July,2022,Sunday,Weekend 2,Electro House
1422,Sexy By Nature,Crystal Garden,Malaa,22:30 - 23:30,24 July,2022,Sunday,Weekend 2,"Hip-Hop, Tech House"
1423,Freedom,Freedom,Adam K,12:00 - 14:00,24 July,2022,Sunday,Weekend 2,Traditional House
1424,Freedom,Freedom,Mooglie,14:00 - 15:30,24 July,2022,Sunday,Weekend 2,"House, Techno"
1425,Footworxx,Cage,Neko,15:00 - 16:00,24 July,2022,Sunday,Weekend 2,Unknown
1426,Freedom,Freedom,Amber Broos,17:30 - 19:00,24 July,2022,Sunday,Weekend 2,Techno
1427,Freedom,Freedom,Alesso,19:00 - 20:30,24 July,2022,Sunday,Weekend 2,Progressive House
1428,Freedom,Freedom,ARTBAT,20:30 - 22:30,24 July,2022,Sunday,Weekend 2,"Commercial Dance, Electronica"
1429,Freedom,Freedom,Reinier Zonneveld LIVE,22:30 - 00:00,24 July,2022,Sunday,Weekend 2,Unknown
1430,Radio Ultra Modern,Harbour House,Cham,13:00 - 15:00,24 July,2022,Sunday,Weekend 2,Eperimental
1431,Radio Ultra Modern,Harbour House,DRIGAO & IAMGUNZ,15:00 - 17:00,24 July,2022,Sunday,Weekend 2,Unknown
1432,Radio Ultra Modern,Harbour House,DJ Policy ft. Burd & BeatFox,17:00 - 19:00,24 July,2022,Sunday,Weekend 2,Unknown
1433,Radio Ultra Modern,Harbour House,Mr. Rakka,19:00 - 20:00,24 July,2022,Sunday,Weekend 2,Unknown
1434,Radio Ultra Modern,Harbour House,DJ Flash,20:00 - 22:00,24 July,2022,Sunday,Weekend 2,"Electronic, Dance, House"
1435,Radio Ultra Modern,Harbour House,B-KAY,22:00 - 00:00,24 July,2022,Sunday,Weekend 2,"Electronic, Dance, House"
1436,Cafeina,Kara Savi,Lola Flores,12:30 - 14:00,24 July,2022,Sunday,Weekend 2,Unknown
1437,Cafeina,Kara Savi,DJ Allures & A-Tom-X,14:00 - 15:00,24 July,2022,Sunday,Weekend 2,Unknown
1438,Cafeina,Kara Savi,Tom Leclercq,15:00 - 16:00,24 July,2022,Sunday,Weekend 2,Unknown
1439,Cafeina,Kara Savi,Donelly & Seelen,16:00 - 17:00,24 July,2022,Sunday,Weekend 2,Unknown
1440,Cafeina,Kara Savi,Dave Lambert & Tach Crémer,17:00 - 18:00,24 July,2022,Sunday,Weekend 2,Unknown
1441,Cafeina,Kara Savi,Superstyling,18:00 - 19:00,24 July,2022,Sunday,Weekend 2,Unknown
1442,Cafeina,Kara Savi,Zfilio & Tim G,19:00 - 20:00,24 July,2022,Sunday,Weekend 2,Unknown
1443,Cafeina,Kara Savi,Delafino & Luna Fino,20:00 - 21:00,24 July,2022,Sunday,Weekend 2,Unknown
1444,Cafeina,Kara Savi,Roma,21:00 - 22:30,24 July,2022,Sunday,Weekend 2,"Electronic, Dance"
1445,Cafeina,Kara Savi,Disco Dasco,22:30 - 23:55,24 July,2022,Sunday,Weekend 2,"Electronic, House"
1446,PIV,Leaf,Noumé,12:30 - 14:00,24 July,2022,Sunday,Weekend 2,Unknown
1447,PIV,Leaf,Ruze,14:00 - 15:30,24 July,2022,Sunday,Weekend 2,Unknown
1448,PIV,Leaf,Jesse Maas,15:30 - 17:00,24 July,2022,Sunday,Weekend 2,Unknown
1449,PIV,Leaf,DJOKO,17:00 - 18:30,24 July,2022,Sunday,Weekend 2,House
1450,Freedom,Freedom,Nico Morano B2B Maxim Lany B2B Nick Bril,15:30 - 17:30,24 July,2022,Sunday,Weekend 2,Unknown
1451,PIV,Leaf,Julian Anthony,20:30 - 22:00,24 July,2022,Sunday,Weekend 2,Techno
1452,PIV,Leaf,Robbie Doherty,22:00 - 00:00,24 July,2022,Sunday,Weekend 2,Unknown
1453,Mainstage,Mainstage,DJ Licious & Delafino,12:00 - 14:30,24 July,2022,Sunday,Weekend 2,Unknown
1454,Mainstage,Mainstage,James Hype,14:30 - 15:30,24 July,2022,Sunday,Weekend 2,House
1455,Mainstage,Mainstage,Tinlicker,15:30 - 16:30,24 July,2022,Sunday,Weekend 2,"Progressive House, Techno"
1456,Mainstage,Mainstage,Purple Disco Machine,16:30 - 17:30,24 July,2022,Sunday,Weekend 2,"Deep House, Funk House, Disco House"
1457,Mainstage,Mainstage,Ofenbach,17:30 - 18:30,24 July,2022,Sunday,Weekend 2,"Deep House, Electro House"
1458,Mainstage,Mainstage,Da Tweekaz,18:35 - 19:35,24 July,2022,Sunday,Weekend 2,Hardcore Techno
1459,Mainstage,Mainstage,Ape Rave Club,19:40 - 20:40,24 July,2022,Sunday,Weekend 2,Unknown
1460,Mainstage,Mainstage,Fisher,20:45 - 21:45,24 July,2022,Sunday,Weekend 2,"Commercial Dance, Electro House, Tech House, Traditional House"
1461,Mainstage,Mainstage,Alesso,21:50 - 22:50,24 July,2022,Sunday,Weekend 2,Progressive House
1462,Mainstage,Mainstage,Martin Garrix,22:55 - 23:55,24 July,2022,Sunday,Weekend 2,Electro House
1463,Moosebar,Moosebar,Rino,12:00 - 16:00,24 July,2022,Sunday,Weekend 2,"Electronic, Dance"
1464,Moosebar,Moosebar,The Bobmeister,16:00 - 19:00,24 July,2022,Sunday,Weekend 2,"Electronic, Dance"
1465,Moosebar,Moosebar,Immerhansie,19:00 - 20:00,24 July,2022,Sunday,Weekend 2,Unknown
1466,Moosebar,Moosebar,Michael More,20:00 - 00:00,24 July,2022,Sunday,Weekend 2,"Electronic, Dance, House"
1467,Smash The House,The Library,Vito Mendez,12:00 - 13:00,24 July,2022,Sunday,Weekend 2,Unknown
1468,Smash The House,The Library,Mastachi,13:00 - 14:00,24 July,2022,Sunday,Weekend 2,Unknown
1469,Smash The House,The Library,Diego Miranda,14:00 - 15:00,24 July,2022,Sunday,Weekend 2,Traditional House
1470,Smash The House,The Library,Chemical Surf,15:00 - 16:00,24 July,2022,Sunday,Weekend 2,"Tech House, House"
1471,Smash The House,The Library,Klaas,16:00 - 17:00,24 July,2022,Sunday,Weekend 2,"Breakbeats, Progressive House"
1472,Smash The House,The Library,Tujamo,17:00 - 18:00,24 July,2022,Sunday,Weekend 2,Traditional House
1473,Smash The House,The Library,Azteck,18:00 - 19:00,24 July,2022,Sunday,Weekend 2,"Electronic, Dance"
1474,Smash The House,The Library,MATTN,19:00 - 20:00,24 July,2022,Sunday,Weekend 2,"Commercial Dance, Traditional House"
1475,PIV,Leaf,Prunk,18:30 - 20:30,24 July,2022,Sunday,Weekend 2,Commercial Dance
1476,Smash The House,The Library,Brennan Heart,21:00 - 22:00,24 July,2022,Sunday,Weekend 2,Hard Dance
1477,Smash The House,The Library,Afrojack,22:00 - 23:00,24 July,2022,Sunday,Weekend 2,"Electro House, Progressive House"
1478,Smash The House,The Library,Dimitri Vegas & Like Mike,23:00 - 00:00,24 July,2022,Sunday,Weekend 2,Electro House
1479,Winterclubbing,The Rave Cave,Bram Delux,13:00 - 14:00,24 July,2022,Sunday,Weekend 2,House
1480,Winterclubbing,The Rave Cave,Robert Abigail & MJ The Unique,14:00 - 15:00,24 July,2022,Sunday,Weekend 2,Unknown
1481,Winterclubbing,The Rave Cave,Dj Luk,15:00 - 16:00,24 July,2022,Sunday,Weekend 2,Electronic
1482,Winterclubbing,The Rave Cave,Vinny,16:00 - 17:30,24 July,2022,Sunday,Weekend 2,Unknown
1483,Winterclubbing,The Rave Cave,PartyShakerz,17:30 - 19:00,24 July,2022,Sunday,Weekend 2,"Electronic, Dance"
1484,Winterclubbing,The Rave Cave,DJ Kat,19:00 - 20:00,24 July,2022,Sunday,Weekend 2,House
1485,Winterclubbing,The Rave Cave,Ronny Retro,20:00 - 21:00,24 July,2022,Sunday,Weekend 2,Unknown
1486,Winterclubbing,The Rave Cave,Dimitri Wouters,21:00 - 22:00,24 July,2022,Sunday,Weekend 2,House
1487,Winterclubbing,The Rave Cave,Double-U,22:00 - 23:00,24 July,2022,Sunday,Weekend 2,Electronic
1488,Winterclubbing,The Rave Cave,Winterclubbing All Stars,23:00 - 00:00,24 July,2022,Sunday,Weekend 2,"Electronic, Dance"
1489,2010 - 2012,The Rose Garden,DiMaro,12:30 - 14:00,24 July,2022,Sunday,Weekend 2,House
1490,2010 - 2012,The Rose Garden,Mystique,14:00 - 15:00,24 July,2022,Sunday,Weekend 2,Hardstyle
1491,2010 - 2012,The Rose Garden,Wolfpack,15:00 - 16:00,24 July,2022,Sunday,Weekend 2,"Commercial Dance, Electro House, Progressive House"
1492,2010 - 2012,The Rose Garden,Chuckie,16:00 - 17:00,24 July,2022,Sunday,Weekend 2,Electro House
1493,2010 - 2012,The Rose Garden,Gregor Salto,17:00 - 18:00,24 July,2022,Sunday,Weekend 2,Electro House
1494,2010 - 2012,The Rose Garden,Fedde Le Grand,18:00 - 19:00,24 July,2022,Sunday,Weekend 2,Progressive House
1495,2010 - 2012,The Rose Garden,AN21,19:00 - 20:00,24 July,2022,Sunday,Weekend 2,Progressive House
1496,2010 - 2012,The Rose Garden,Dannic vs Dyro,20:00 - 21:00,24 July,2022,Sunday,Weekend 2,Unknown
1497,2010 - 2012,The Rose Garden,W&W,21:00 - 22:00,24 July,2022,Sunday,Weekend 2,Trance
1498,2010 - 2012,The Rose Garden,Dyro,22:00 - 23:00,24 July,2022,Sunday,Weekend 2,Progressive House
1499,Monstercat,Youphoria,Mick Mazoo,13:00 - 14:30,24 July,2022,Sunday,Weekend 2,Unknown
1500,Smash The House,The Library,Gianluca Vacchi,20:00 - 21:00,24 July,2022,Sunday,Weekend 2,Commercial Dance
1501,Monstercat,Youphoria,Curbi,15:30 - 16:30,24 July,2022,Sunday,Weekend 2,"Commercial Dance, Electronica"
1502,Monstercat,Youphoria,Kompany,16:30 - 17:30,24 July,2022,Sunday,Weekend 2,Riddim Dubstep
1503,Monstercat,Youphoria,WHIPPED CREAM,17:30 - 18:30,24 July,2022,Sunday,Weekend 2,"Bass Music, Trap, Club Music"
1504,Monstercat,Youphoria,Habstrakt,18:30 - 19:30,24 July,2022,Sunday,Weekend 2,"Commercial Dance, Electronica, Traditional House, Trap"
1505,Monstercat,Youphoria,Eptic,19:30 - 20:30,24 July,2022,Sunday,Weekend 2,Dubstep
1506,Monstercat,Youphoria,Krewella,20:30 - 21:30,24 July,2022,Sunday,Weekend 2,Electro House
1507,Monstercat,Youphoria,Ookay,21:30 - 22:30,24 July,2022,Sunday,Weekend 2,Commercial Dance
1508,Monstercat,Youphoria,Feed Me,22:30 - 23:30,24 July,2022,Sunday,Weekend 2,Electro House
1509,The Gathering,The Gathering,Maori,13:30 - 14:15,28 July,2022,Thursday,Weekend 3,Unknown
1510,The Gathering,The Gathering,1984,14:15 - 15:00,28 July,2022,Thursday,Weekend 3,Unknown
1511,The Gathering,The Gathering,Nederhand,15:00 - 15:45,28 July,2022,Thursday,Weekend 3,Unknown
1512,The Gathering,The Gathering,Prinz,15:45 - 16:30,28 July,2022,Thursday,Weekend 3,Techno
1513,The Gathering,The Gathering,Lennert Wolfs,16:30 - 17:15,28 July,2022,Thursday,Weekend 3,"Electronic, Dance, House"
1514,The Gathering,The Gathering,Mademoiselle Luna,17:15 - 18:00,28 July,2022,Thursday,Weekend 3,House
1515,The Gathering,The Gathering,DJ Licious,18:00 - 18:45,28 July,2022,Thursday,Weekend 3,House
1516,The Gathering,The Gathering,Makasi,18:45 - 19:30,28 July,2022,Thursday,Weekend 3,House
1517,The Gathering,The Gathering,Cellini,19:30 - 20:15,28 July,2022,Thursday,Weekend 3,Techno
1518,The Gathering,The Gathering,Amber Broos,20:15 - 21:00,28 July,2022,Thursday,Weekend 3,Techno
1519,The Gathering,The Gathering,Regi,21:00 - 21:45,28 July,2022,Thursday,Weekend 3,"Trance, Big Room House"
1520,The Gathering,The Gathering,Öwnboss,21:45 - 22:30,28 July,2022,Thursday,Weekend 3,Electronic Dance Music (EDM)
1521,The Gathering,The Gathering,Afrojack,22:30 - 23:15,28 July,2022,Thursday,Weekend 3,"Electro House, Progressive House"
1522,The Gathering,The Gathering,Vini Vici,23:15 - 00:00,28 July,2022,Thursday,Weekend 3,"Psychedelic Trance, Trance"
1523,Exhale,Atmosphere,Amekmar,12:00 - 14:00,29 July,2022,Friday,Weekend 3,"Electronic, Dance"
1524,Exhale,Atmosphere,Airod,14:00 - 15:30,29 July,2022,Friday,Weekend 3,Unknown
1525,Monstercat,Youphoria,Godlands,14:30 - 15:30,24 July,2022,Sunday,Weekend 2,Electronic
1526,Exhale,Atmosphere,Nur Jaber,17:00 - 18:30,29 July,2022,Friday,Weekend 3,Unknown
1527,Exhale,Atmosphere,Farrago,18:30 - 20:00,29 July,2022,Friday,Weekend 3,Techno
1528,Exhale,Atmosphere,Rødhåd,20:00 - 21:30,29 July,2022,Friday,Weekend 3,"Minimal, Techno"
1529,Exhale,Atmosphere,Amelie Lens,21:30 - 23:00,29 July,2022,Friday,Weekend 3,"Electronica, Techno, Trance"
1530,Exhale,Atmosphere,Dax J B2B Kobosil,23:00 - 01:00,29 July,2022,Friday,Weekend 3,Unknown
1531,Rimbu,Cage,Twan,13:00 - 15:00,29 July,2022,Friday,Weekend 3,Unknown
1532,Rimbu,Cage,Mati Drome,15:00 - 17:00,29 July,2022,Friday,Weekend 3,Unknown
1533,Rimbu,Cage,Mama Snake,17:00 - 19:00,29 July,2022,Friday,Weekend 3,Unknown
1534,Rimbu,Cage,Clara Cuvé,19:00 - 20:30,29 July,2022,Friday,Weekend 3,Unknown
1535,Rimbu,Cage,Hector Oaks,20:30 - 22:30,29 July,2022,Friday,Weekend 3,Techno
1536,Rimbu,Cage,KRTM LIVE,22:30 - 00:00,29 July,2022,Friday,Weekend 3,Unknown
1537,CORE presents DJ Tennis curates,Core,Hangar Soundsystem,13:00 - 15:00,29 July,2022,Friday,Weekend 3,Unknown
1538,CORE presents DJ Tennis curates,Core,Kasper Thuishaven,15:00 - 17:00,29 July,2022,Friday,Weekend 3,Unknown
1539,CORE presents DJ Tennis curates,Core,Carlita,17:00 - 19:00,29 July,2022,Friday,Weekend 3,Techno
1540,CORE presents DJ Tennis curates,Core,Gerd Janson,19:00 - 21:00,29 July,2022,Friday,Weekend 3,"Commercial Dance, Electronica, Techno, Traditional House"
1541,CORE presents DJ Tennis curates,Core,DJ Tennis,21:00 - 23:00,29 July,2022,Friday,Weekend 3,"Tech House, Deep House"
1542,CORE presents DJ Tennis curates,Core,Acid Pauli,23:00 - 01:00,29 July,2022,Friday,Weekend 3,Commercial Dance
1543,Crystal Garden,Crystal Garden,Leesa,12:00 - 14:00,29 July,2022,Friday,Weekend 3,Unknown
1544,Crystal Garden,Crystal Garden,Neon,14:00 - 15:30,29 July,2022,Friday,Weekend 3,Electronic
1545,Crystal Garden,Crystal Garden,Martin Ikin,15:30 - 17:00,29 July,2022,Friday,Weekend 3,Traditional House
1546,Crystal Garden,Crystal Garden,Shouse,17:00 - 18:30,29 July,2022,Friday,Weekend 3,Unknown
1547,Crystal Garden,Crystal Garden,Like Mike,18:30 - 20:00,29 July,2022,Friday,Weekend 3,"Big Room House, Progressive House"
1548,Crystal Garden,Crystal Garden,Dom Dolla,20:00 - 21:30,29 July,2022,Friday,Weekend 3,"Future House, Electro House, Funky House"
1549,Crystal Garden,Crystal Garden,Solardo,21:30 - 23:00,29 July,2022,Friday,Weekend 3,"Electro House, Tech House, Traditional House"
1550,Exhale,Atmosphere,Regal,15:30 - 17:00,29 July,2022,Friday,Weekend 3,Unknown
1551,Freedom,Freedom,maxi Meraki,12:00 - 13:30,29 July,2022,Friday,Weekend 3,"Electronic, House, Techno"
1552,Freedom,Freedom,Goldfox,13:30 - 15:00,29 July,2022,Friday,Weekend 3,"Electronic, Dance"
1553,Freedom,Freedom,Cristoph,15:00 - 17:00,29 July,2022,Friday,Weekend 3,Unknown
1554,Freedom,Freedom,Joris Voorn,17:00 - 19:00,29 July,2022,Friday,Weekend 3,"Tech House, Techno"
1555,Freedom,Freedom,Ida Engberg,19:00 - 21:00,29 July,2022,Friday,Weekend 3,Techno
1556,Freedom,Freedom,Yotto,21:00 - 23:00,29 July,2022,Friday,Weekend 3,"Progressive House, Traditional House"
1557,Freedom,Freedom,Eric Prydz,23:00 - 01:00,29 July,2022,Friday,Weekend 3,Progressive House
1558,Radio Ultra Modern,Harbour House,A.R.T,13:00 - 15:00,29 July,2022,Friday,Weekend 3,Unknown
1559,Radio Ultra Modern,Harbour House,Bubba,15:00 - 17:00,29 July,2022,Friday,Weekend 3,"Electronic, House, Techno"
1560,Radio Ultra Modern,Harbour House,Bart & Baker,17:00 - 19:00,29 July,2022,Friday,Weekend 3,"Electronic, Dance, House, Swing"
1561,Radio Ultra Modern,Harbour House,Discobaar A Moeder,19:00 - 21:00,29 July,2022,Friday,Weekend 3,Dance
1562,Radio Ultra Modern,Harbour House,B-KAY,21:00 - 23:00,29 July,2022,Friday,Weekend 3,"Electronic, Dance, House"
1563,Radio Ultra Modern,Harbour House,Zeen & Myer,23:00 - 01:00,29 July,2022,Friday,Weekend 3,Unknown
1564,FUTURE SOUND OF EGYPT,Kara Savi,Paul Denton B2B Craig Connelly,00:00 - 00:55,29 July,2022,Friday,Weekend 3,Unknown
1565,FUTURE SOUND OF EGYPT,Kara Savi,Fred Baker,12:30 - 14:00,29 July,2022,Friday,Weekend 3,"Techno, Trance"
1566,FUTURE SOUND OF EGYPT,Kara Savi,Paul Thomas,14:00 - 15:30,29 July,2022,Friday,Weekend 3,Traditional House
1567,FUTURE SOUND OF EGYPT,Kara Savi,Miss Monique,15:30 - 16:30,29 July,2022,Friday,Weekend 3,Unknown
1568,FUTURE SOUND OF EGYPT,Kara Savi,Stoneface & Terminal,16:30 - 17:30,29 July,2022,Friday,Weekend 3,Trance
1569,FUTURE SOUND OF EGYPT,Kara Savi,M.I.K.E. Push,17:30 - 18:30,29 July,2022,Friday,Weekend 3,Trance
1570,FUTURE SOUND OF EGYPT,Kara Savi,Sander Van Doorn presents Purple Haze,18:30 - 19:30,29 July,2022,Friday,Weekend 3,Unknown
1571,FUTURE SOUND OF EGYPT,Kara Savi,Aly & Fila,19:30 - 21:00,29 July,2022,Friday,Weekend 3,Trance
1572,FUTURE SOUND OF EGYPT,Kara Savi,John O'Callaghan,21:00 - 22:00,29 July,2022,Friday,Weekend 3,Trance
1573,FUTURE SOUND OF EGYPT,Kara Savi,Giuseppe Ottaviani,22:00 - 23:00,29 July,2022,Friday,Weekend 3,Trance
1574,FUTURE SOUND OF EGYPT,Kara Savi,Alessandra Roncone,23:00 - 00:00,29 July,2022,Friday,Weekend 3,Unknown
1575,Crystal Garden,Crystal Garden,2manydj's,23:00 - 00:00,29 July,2022,Friday,Weekend 3,Unknown
1576,Ketaloco,Leaf,ADIN,14:30 - 16:00,29 July,2022,Friday,Weekend 3,Techno
1577,Ketaloco,Leaf,Lexx,16:00 - 17:30,29 July,2022,Friday,Weekend 3,Techno
1578,Ketaloco,Leaf,Sébastien Léger,17:30 - 19:30,29 July,2022,Friday,Weekend 3,Tech House
1579,Ketaloco,Leaf,Caspar & Don Cabron,19:30 - 21:30,29 July,2022,Friday,Weekend 3,Unknown
1580,Ketaloco,Leaf,Hernan Cattaneo,21:30 - 00:00,29 July,2022,Friday,Weekend 3,"Progressive House, Tech House"
1581,Mainstage,Mainstage,Claptone,12:00 - 14:30,29 July,2022,Friday,Weekend 3,"Electro House, Tech House, Techno, Traditional House"
1582,Mainstage,Mainstage,Öwnboss,14:30 - 15:30,29 July,2022,Friday,Weekend 3,Electronic Dance Music (EDM)
1583,Mainstage,Mainstage,Felix Jaehn,15:30 - 16:30,29 July,2022,Friday,Weekend 3,"Deep House, Tech House"
1584,Mainstage,Mainstage,B Jones,16:30 - 17:30,29 July,2022,Friday,Weekend 3,"Dance, Electronic, Hip-Hop, Rap"
1585,Mainstage,Mainstage,Topic,17:35 - 18:35,29 July,2022,Friday,Weekend 3,"Pop, Dance"
1586,Mainstage,Mainstage,Yellow Claw,18:40 - 19:40,29 July,2022,Friday,Weekend 3,"Electro House, Electronica, Hip-Hop, Traditional House, Trap"
1587,Mainstage,Mainstage,Boris Brejcha,19:40 - 20:40,29 July,2022,Friday,Weekend 3,"Minimal, Techno"
1588,Mainstage,Mainstage,W&W,20:50 - 21:40,29 July,2022,Friday,Weekend 3,Trance
1589,Mainstage,Mainstage,Paul Kalkbrenner,21:45 - 22:45,29 July,2022,Friday,Weekend 3,Techno
1590,Mainstage,Mainstage,Tiesto,22:50 - 23:50,29 July,2022,Friday,Weekend 3,"Commercial Dance, Big Room"
1591,Mainstage,Mainstage,Hardwell,23:50 - 00:50,29 July,2022,Friday,Weekend 3,"Electro House, Progressive House"
1592,Moosebar,Moosebar,Laurent Wery,12:00 - 16:00,29 July,2022,Friday,Weekend 3,"Electronic, Dance, House"
1593,Moosebar,Moosebar,Jelle DK,16:00 - 20:00,29 July,2022,Friday,Weekend 3,"Electronic, Dance, House"
1594,Moosebar,Moosebar,Jan V,20:00 - 00:00,29 July,2022,Friday,Weekend 3,"Electronic, Techno"
1595,STMPD RCRDS,The Library,Janee,12:00 - 13:00,29 July,2022,Friday,Weekend 3,Unknown
1596,STMPD RCRDS,The Library,Drove,13:00 - 14:00,29 July,2022,Friday,Weekend 3,Unknown
1597,STMPD RCRDS,The Library,Aspyer x Matt Nash,14:00 - 15:00,29 July,2022,Friday,Weekend 3,Unknown
1598,STMPD RCRDS,The Library,Seth Hills x Vluarr,15:00 - 16:00,29 July,2022,Friday,Weekend 3,Unknown
1599,STMPD RCRDS,The Library,CAROLA x KVSH,16:00 - 17:00,29 July,2022,Friday,Weekend 3,Unknown
1600,Ketaloco,Leaf,Amare,12:30 - 14:30,29 July,2022,Friday,Weekend 3,Unknown
1601,STMPD RCRDS,The Library,Blinders x TV Noise,18:00 - 19:00,29 July,2022,Friday,Weekend 3,Unknown
1602,STMPD RCRDS,The Library,Justin Mylo x Pontifexx,19:00 - 20:00,29 July,2022,Friday,Weekend 3,Unknown
1603,STMPD RCRDS,The Library,Dubvision x Matisse & Sadko,20:00 - 21:00,29 July,2022,Friday,Weekend 3,Unknown
1604,STMPD RCRDS,The Library,Brooks x Julian Jordan,21:00 - 22:00,29 July,2022,Friday,Weekend 3,Unknown
1605,STMPD RCRDS,The Library,Tinie Tempah,22:00 - 23:00,29 July,2022,Friday,Weekend 3,Unknown
1606,STMPD RCRDS,The Library,Martin Garrix,23:00 - 01:00,29 July,2022,Friday,Weekend 3,Electro House
1607,Crystal,The Rave Cave,Track-Thor,13:00 - 14:00,29 July,2022,Friday,Weekend 3,Unknown
1608,Crystal,The Rave Cave,MH!MZ,14:00 - 15:00,29 July,2022,Friday,Weekend 3,Unknown
1609,Crystal,The Rave Cave,VYNX,15:00 - 16:00,29 July,2022,Friday,Weekend 3,Unknown
1610,Crystal,The Rave Cave,Pierre,16:00 - 17:00,29 July,2022,Friday,Weekend 3,Traditional House
1611,Crystal,The Rave Cave,Soulcity,17:00 - 18:30,29 July,2022,Friday,Weekend 3,Electronic
1612,Crystal,The Rave Cave,Monta,18:30 - 20:00,29 July,2022,Friday,Weekend 3,Electronic
1613,Crystal,The Rave Cave,Geuzz,20:00 - 21:30,29 July,2022,Friday,Weekend 3,Unknown
1614,Crystal,The Rave Cave,Deuxfwa,21:30 - 23:00,29 July,2022,Friday,Weekend 3,Electronic
1615,Crystal,The Rave Cave,Himperson,23:00 - 01:00,29 July,2022,Friday,Weekend 3,Electronic
1616,Rampage,The Rose Garden,Mc Mota,12:00 - 13:00,29 July,2022,Friday,Weekend 3,"Hip-Hop, Rap"
1617,Rampage,The Rose Garden,Madcore,13:00 - 14:00,29 July,2022,Friday,Weekend 3,Unknown
1618,Rampage,The Rose Garden,USED,14:00 - 15:00,29 July,2022,Friday,Weekend 3,"Hardstyle, Rawstyle"
1619,Rampage,The Rose Garden,Andromedik,15:00 - 16:00,29 July,2022,Friday,Weekend 3,Drum & Bass
1620,Rampage,The Rose Garden,Franky Nuts & Oliverse,16:00 - 17:00,29 July,2022,Friday,Weekend 3,Unknown
1621,Rampage,The Rose Garden,Fox Stevenson,17:00 - 18:00,29 July,2022,Friday,Weekend 3,Future Bass
1622,Rampage,The Rose Garden,Dirtyphonics,18:00 - 19:00,29 July,2022,Friday,Weekend 3,"Drum & Bass, Dubstep"
1623,Rampage,The Rose Garden,Murdock,19:00 - 20:00,29 July,2022,Friday,Weekend 3,Drum & Bass
1624,Rampage,The Rose Garden,Kanine,20:00 - 21:00,29 July,2022,Friday,Weekend 3,Unknown
1625,STMPD RCRDS,The Library,Loopers x Nuzb,17:00 - 18:00,29 July,2022,Friday,Weekend 3,Unknown
1626,Rampage,The Rose Garden,Macky Gee,22:00 - 23:00,29 July,2022,Friday,Weekend 3,Drum & Bass
1627,Rampage,The Rose Garden,Eptic,23:00 - 00:00,29 July,2022,Friday,Weekend 3,Dubstep
1628,Sub Zero Project presents The Renaissance Of Rave,Youphoria,Villain,12:00 - 13:00,29 July,2022,Friday,Weekend 3,Hard Dance
1629,Sub Zero Project presents The Renaissance Of Rave,Youphoria,Jesse Jax,12:30 - 14:00,29 July,2022,Friday,Weekend 3,Unknown
1630,Sub Zero Project presents The Renaissance Of Rave,Youphoria,BassBrain,14:00 - 15:30,29 July,2022,Friday,Weekend 3,Bass House
1631,Sub Zero Project presents The Renaissance Of Rave,Youphoria,MANDY,15:30 - 16:30,29 July,2022,Friday,Weekend 3,Hard Dance
1632,Sub Zero Project presents The Renaissance Of Rave,Youphoria,Devin Wild,16:30 - 17:30,29 July,2022,Friday,Weekend 3,Hard Dance
1633,Sub Zero Project presents The Renaissance Of Rave,Youphoria,Sub Zero Project,17:30 - 18:30,29 July,2022,Friday,Weekend 3,"Hard Dance, Hardcore Techno, Psychedelic Trance"
1634,Sub Zero Project presents The Renaissance Of Rave,Youphoria,Ran-D,18:30 - 19:30,29 July,2022,Friday,Weekend 3,Hardcore Techno
1635,Sub Zero Project presents The Renaissance Of Rave,Youphoria,Coone,19:30 - 20:30,29 July,2022,Friday,Weekend 3,Hard Dance
1636,Sub Zero Project presents The Renaissance Of Rave,Youphoria,Hard Driver LIVE,20:30 - 21:00,29 July,2022,Friday,Weekend 3,Unknown
1637,Sub Zero Project presents The Renaissance Of Rave,Youphoria,Sub Zero Project vs Rebelion,21:00 - 22:15,29 July,2022,Friday,Weekend 3,Unknown
1638,Sub Zero Project presents The Renaissance Of Rave,Youphoria,Vertile,22:15 - 23:30,29 July,2022,Friday,Weekend 3,Hard Dance
1639,Sub Zero Project presents The Renaissance Of Rave,Youphoria,Killshot,23:30 - 00:50,29 July,2022,Friday,Weekend 3,Hardstyle
1640,Afterlife,Atmosphere,Melawati,13:00 - 15:00,30 July,2022,Saturday,Weekend 3,Unknown
1641,Afterlife,Atmosphere,8Kays,15:00 - 17:00,30 July,2022,Saturday,Weekend 3,"Progressive House, Melodic House & Techno"
1642,Afterlife,Atmosphere,Fideles,17:00 - 19:00,30 July,2022,Saturday,Weekend 3,"Techno, Techno"
1643,Afterlife,Atmosphere,Colyn,19:00 - 21:00,30 July,2022,Saturday,Weekend 3,Melodic House & Techno
1644,Afterlife,Atmosphere,Mind Against,21:00 - 23:00,30 July,2022,Saturday,Weekend 3,Commercial Dance
1645,Afterlife,Atmosphere,Tale Of Us,23:00 - 01:00,30 July,2022,Saturday,Weekend 3,Tech House
1646,Star Warz invites Shogun,Cage,Hiraeth B2B Shire,14:00 - 15:00,30 July,2022,Saturday,Weekend 3,Unknown
1647,Star Warz invites Shogun,Cage,One87,15:00 - 16:00,30 July,2022,Saturday,Weekend 3,Drum & Bass
1648,Star Warz invites Shogun,Cage,Swift,15:00 - 16:00,30 July,2022,Saturday,Weekend 3,"Drum & Bass, Jungle"
1649,Star Warz invites Shogun,Cage,Steam Team Crew,16:00 - 17:00,30 July,2022,Saturday,Weekend 3,Unknown
1650,Rampage,The Rose Garden,Virtual Riot,21:00 - 22:00,29 July,2022,Friday,Weekend 3,Commercial Dance
1651,Star Warz invites Shogun,Cage,Mc Mota,17:00 - 19:00,30 July,2022,Saturday,Weekend 3,"Hip-Hop, Rap"
1652,Star Warz invites Shogun,Cage,What u on about crew,18:00 - 19:00,30 July,2022,Saturday,Weekend 3,Unknown
1653,Star Warz invites Shogun,Cage,GLXY,19:00 - 20:00,30 July,2022,Saturday,Weekend 3,Unknown
1654,Star Warz invites Shogun,Cage,GEST,20:00 - 21:00,30 July,2022,Saturday,Weekend 3,Drum & Bass
1655,Star Warz invites Shogun,Cage,Technimatic,21:00 - 22:00,30 July,2022,Saturday,Weekend 3,Unknown
1656,Star Warz invites Shogun,Cage,S.P.Y,22:00 - 23:00,30 July,2022,Saturday,Weekend 3,Commercial Dance
1657,Star Warz invites Shogun,Cage,Icicle,23:00 - 00:00,30 July,2022,Saturday,Weekend 3,Drum & Bass
1658,CORE,Core,Naut & Baggi,13:00 - 14:30,30 July,2022,Saturday,Weekend 3,Unknown
1659,CORE,Core,Gonçalo,14:30 - 16:00,30 July,2022,Saturday,Weekend 3,Unknown
1660,CORE,Core,Capoon,16:00 - 18:00,30 July,2022,Saturday,Weekend 3,Techno
1661,CORE,Core,DJ BORING,18:00 - 20:00,30 July,2022,Saturday,Weekend 3,"House, Techno"
1662,CORE,Core,Amotik,20:00 - 22:00,30 July,2022,Saturday,Weekend 3,Unknown
1663,CORE,Core,Rebekah,22:00 - 00:00,30 July,2022,Saturday,Weekend 3,Techno
1664,Anjunabeats,Crystal Garden,Dokho,12:00 - 13:30,30 July,2022,Saturday,Weekend 3,Unknown
1665,Anjunabeats,Crystal Garden,Jordin Post,13:30 - 15:00,30 July,2022,Saturday,Weekend 3,Unknown
1666,Anjunabeats,Crystal Garden,Amy Wiles,15:00 - 16:30,30 July,2022,Saturday,Weekend 3,Techno
1667,Anjunabeats,Crystal Garden,Pretty Pink,16:30 - 18:00,30 July,2022,Saturday,Weekend 3,Electro House
1668,Anjunabeats,Crystal Garden,Oliver Smith,18:00 - 19:00,30 July,2022,Saturday,Weekend 3,"Progressive House, Trance"
1669,Anjunabeats,Crystal Garden,Genix,19:00 - 20:00,30 July,2022,Saturday,Weekend 3,Trance
1670,Anjunabeats,Crystal Garden,Ilan Bluestone,20:00 - 21:00,30 July,2022,Saturday,Weekend 3,"Dubstep, Trance"
1671,Anjunabeats,Crystal Garden,Grum,21:00 - 22:00,30 July,2022,Saturday,Weekend 3,"Progressive House, Electro House, Tech House"
1672,Anjunabeats,Crystal Garden,Above & Beyond,22:00 - 00:00,30 July,2022,Saturday,Weekend 3,Trance
1673,Q-Dance,Freedom,Angerfist,00:00 - 01:00,30 July,2022,Saturday,Weekend 3,"Hardcore Techno, Psychedelic Trance"
1674,Q-Dance,Freedom,Villain,12:00 - 13:00,30 July,2022,Saturday,Weekend 3,Hard Dance
1675,Star Warz invites Shogun,Cage,M&T,17:00 - 18:00,30 July,2022,Saturday,Weekend 3,Unknown
1676,Q-Dance,Freedom,Audiotricz,13:00 - 14:00,30 July,2022,Saturday,Weekend 3,Hard Dance
1677,Q-Dance,Freedom,Noisecontrollers,14:00 - 15:00,30 July,2022,Saturday,Weekend 3,Hardcore Techno
1678,Q-Dance,Freedom,DJ The Prophet,15:00 - 16:00,30 July,2022,Saturday,Weekend 3,Hard Dance
1679,Q-Dance,Freedom,Outsiders,16:00 - 17:00,30 July,2022,Saturday,Weekend 3,Hard Dance
1680,Q-Dance,Freedom,Frequencerz,17:00 - 18:00,30 July,2022,Saturday,Weekend 3,Hard Dance
1681,Q-Dance,Freedom,Phuture Noize,18:00 - 19:00,30 July,2022,Saturday,Weekend 3,Hard Dance
1682,Q-Dance,Freedom,Atmozfears & Sound Rush,19:00 - 20:00,30 July,2022,Saturday,Weekend 3,Hard Dance
1683,Q-Dance,Freedom,B-Front,20:00 - 21:00,30 July,2022,Saturday,Weekend 3,Hardcore Techno
1684,Q-Dance,Freedom,Adaro & Vertile,21:00 - 22:10,30 July,2022,Saturday,Weekend 3,Hard Dance
1685,Q-Dance,Freedom,Act of Rage,22:00 - 23:00,30 July,2022,Saturday,Weekend 3,Hard Dance
1686,Q-Dance,Freedom,Radical Redemption,23:00 - 00:00,30 July,2022,Saturday,Weekend 3,"Electronica, Hard Dance, Hardcore Techno, Techno, Trance"
1687,Radio Ultra Modern,Harbour House,KEVIN KOFII,13:00 - 15:00,30 July,2022,Saturday,Weekend 3,House
1688,Radio Ultra Modern,Harbour House,Nicki Sanchez,15:00 - 16:00,30 July,2022,Saturday,Weekend 3,"Electronic, Dance, House"
1689,Radio Ultra Modern,Harbour House,Daddy K,16:00 - 17:00,30 July,2022,Saturday,Weekend 3,"Hip-Hop, Rap"
1690,Radio Ultra Modern,Harbour House,Jesse,17:00 - 19:00,30 July,2022,Saturday,Weekend 3,Pop
1691,Radio Ultra Modern,Harbour House,J. Roots,19:00 - 21:00,30 July,2022,Saturday,Weekend 3,Unknown
1692,Radio Ultra Modern,Harbour House,Team DAMP,21:00 - 23:00,30 July,2022,Saturday,Weekend 3,"Electronic, Dance, House"
1693,Radio Ultra Modern,Harbour House,The Knightriders,23:00 - 01:00,30 July,2022,Saturday,Weekend 3,"Electronic, Dance, House"
1694,Glitterbox,Kara Savi,Séa,12:30 - 14:00,30 July,2022,Saturday,Weekend 3,Electronic
1695,Glitterbox,Kara Savi,Paige Tomlinson,14:00 - 16:00,30 July,2022,Saturday,Weekend 3,Unknown
1696,Glitterbox,Kara Savi,Delafino,16:00 - 18:00,30 July,2022,Saturday,Weekend 3,House
1697,Glitterbox,Kara Savi,Horse Meat Disco,18:00 - 19:30,30 July,2022,Saturday,Weekend 3,Commercial Dance
1698,Glitterbox,Kara Savi,Bob Sinclar,19:30 - 21:00,30 July,2022,Saturday,Weekend 3,Traditional House
1699,Glitterbox,Kara Savi,Simon Dunmore,21:00 - 22:30,30 July,2022,Saturday,Weekend 3,Unknown
1700,Q-Dance,Freedom,Deepack,12:00 - 13:00,30 July,2022,Saturday,Weekend 3,Hardcore Techno
1701,SHOMI,Leaf,Sakso,12:00 - 13:00,30 July,2022,Saturday,Weekend 3,Commercial Dance
1702,SHOMI,Leaf,Yamo,12:30 - 13:30,30 July,2022,Saturday,Weekend 3,"Electronic, Experimental"
1703,SHOMI,Leaf,Iljac,13:00 - 14:00,30 July,2022,Saturday,Weekend 3,House
1704,SHOMI,Leaf,Elenore,13:30 - 15:00,30 July,2022,Saturday,Weekend 3,House
1705,SHOMI,Leaf,MC Robbie Rise,14:00 - 15:00,30 July,2022,Saturday,Weekend 3,Unknown
1706,SHOMI,Leaf,PHB & Jack,15:00 - 16:00,30 July,2022,Saturday,Weekend 3,Unknown
1707,SHOMI,Leaf,Ferreck Dawn,16:00 - 17:30,30 July,2022,Saturday,Weekend 3,Commercial Dance
1708,SHOMI,Leaf,DJ Licious,17:30 - 19:00,30 July,2022,Saturday,Weekend 3,House
1709,SHOMI,Leaf,Dish Dash,19:00 - 20:30,30 July,2022,Saturday,Weekend 3,Unknown
1710,SHOMI,Leaf,Guz,20:30 - 22:00,30 July,2022,Saturday,Weekend 3,"Electronic, House, Techno"
1711,SHOMI,Leaf,Delafino vs Gee,22:00 - 00:00,30 July,2022,Saturday,Weekend 3,Unknown
1712,Mainstage,Mainstage,Laidback Luke,12:00 - 14:30,30 July,2022,Saturday,Weekend 3,Electro House
1713,Mainstage,Mainstage,DJ Licious,14:30 - 15:30,30 July,2022,Saturday,Weekend 3,House
1714,Mainstage,Mainstage,Regard,15:30 - 16:30,30 July,2022,Saturday,Weekend 3,"Tech House, Dance House"
1715,Mainstage,Mainstage,Acraze,16:30 - 17:30,30 July,2022,Saturday,Weekend 3,Dubstep
1716,Mainstage,Mainstage,Lucas & Steve,17:35 - 18:35,30 July,2022,Saturday,Weekend 3,"Commercial Dance, Hard Dance, Traditional House"
1717,Mainstage,Mainstage,Martin Solveig B2B Kungs,18:40 - 19:40,30 July,2022,Saturday,Weekend 3,Unknown
1718,Mainstage,Mainstage,Kölsch,19:40 - 20:40,30 July,2022,Saturday,Weekend 3,Commercial Dance
1719,Mainstage,Mainstage,Oliver Heldens,20:50 - 21:40,30 July,2022,Saturday,Weekend 3,"Electro House, Electronica, Techno"
1720,Mainstage,Mainstage,Afrojack,21:45 - 22:45,30 July,2022,Saturday,Weekend 3,"Electro House, Progressive House"
1721,Mainstage,Mainstage,Dimitri Vegas & Like Mike,22:50 - 23:50,30 July,2022,Saturday,Weekend 3,Electro House
1722,Mainstage,Mainstage,Charlotte de Witte,23:50 - 00:50,30 July,2022,Saturday,Weekend 3,Techno
1723,Moosebar,Moosebar,Funkhauser,12:00 - 16:00,30 July,2022,Saturday,Weekend 3,"Electronic, Dance"
1724,Moosebar,Moosebar,Kurt Verheyen,16:00 - 20:00,30 July,2022,Saturday,Weekend 3,"Electronic, Dance, House"
1725,Glitterbox,Kara Savi,Melvo Baptiste,22:30 - 00:55,30 July,2022,Saturday,Weekend 3,Unknown
1726,Moosebar,Moosebar,Feest DJ Lucki Luc,21:00 - 00:00,30 July,2022,Saturday,Weekend 3,"Dance, Party"
1727,Lost Frequencies & Friends,The Library,Netsky,00:00 - 01:00,30 July,2022,Saturday,Weekend 3,Drum & Bass
1728,Lost Frequencies & Friends,The Library,Toolate Groove,13:00 - 14:30,30 July,2022,Saturday,Weekend 3,House
1729,Lost Frequencies & Friends,The Library,Sam Starks,14:30 - 15:30,30 July,2022,Saturday,Weekend 3,Unknown
1730,Lost Frequencies & Friends,The Library,Noizu,15:30 - 16:30,30 July,2022,Saturday,Weekend 3,Tech House
1731,Lost Frequencies & Friends,The Library,Blue Neuville,16:30 - 17:30,30 July,2022,Saturday,Weekend 3,Unknown
1732,Lost Frequencies & Friends,The Library,Matt Medved,17:30 - 18:30,30 July,2022,Saturday,Weekend 3,Unknown
1733,Lost Frequencies & Friends,The Library,Hot Dub Time Machine,18:30 - 20:00,30 July,2022,Saturday,Weekend 3,"Commercial Dance, Indie Dance"
1734,Lost Frequencies & Friends,The Library,Joel Corry,20:00 - 21:30,30 July,2022,Saturday,Weekend 3,"Dance, Pop"
1735,Lost Frequencies & Friends,The Library,Lost Frequencies,21:30 - 23:00,30 July,2022,Saturday,Weekend 3,"Electro House, Electronica, Traditional House"
1736,Lost Frequencies & Friends,The Library,Duck Sauce,23:00 - 00:00,30 July,2022,Saturday,Weekend 3,Unknown
1737,HardHarderHardst,The Rave Cave,Volunt Barbati,00:00 - 01:00,30 July,2022,Saturday,Weekend 3,Unknown
1738,HardHarderHardst,The Rave Cave,Wanton,13:00 - 14:00,30 July,2022,Saturday,Weekend 3,Electronic
1739,HardHarderHardst,The Rave Cave,Murdër b2b savagery,14:00 - 15:30,30 July,2022,Saturday,Weekend 3,Unknown
1740,HardHarderHardst,The Rave Cave,Oguz,15:30 - 17:00,30 July,2022,Saturday,Weekend 3,Unknown
1741,HardHarderHardst,The Rave Cave,Mindmistake,17:00 - 18:00,30 July,2022,Saturday,Weekend 3,Unknown
1742,HardHarderHardst,The Rave Cave,Vishscale,18:00 - 19:30,30 July,2022,Saturday,Weekend 3,Unknown
1743,HardHarderHardst,The Rave Cave,Ayahuasca b2b Chaosx,19:30 - 21:00,30 July,2022,Saturday,Weekend 3,Unknown
1744,HardHarderHardst,The Rave Cave,Køzløv,21:00 - 22:30,30 July,2022,Saturday,Weekend 3,Unknown
1745,HardHarderHardst,The Rave Cave,Basswell,22:30 - 00:00,30 July,2022,Saturday,Weekend 3,Unknown
1746,Bonzai,The Rose Garden,Mc Reign,12:00 - 13:00,30 July,2022,Saturday,Weekend 3,Unknown
1747,Bonzai,The Rose Garden,Mc Pyro,13:00 - 14:00,30 July,2022,Saturday,Weekend 3,"MC for Hardstyle, Hardcore"
1748,Bonzai,The Rose Garden,Greg S,13:00 - 14:30,30 July,2022,Saturday,Weekend 3,"Techno, Trance"
1749,Bonzai,The Rose Garden,DJ Jan,14:30 - 16:00,30 July,2022,Saturday,Weekend 3,"Hard Trance, Techno"
1750,Moosebar,Moosebar,Partyfriex,20:00 - 21:00,30 July,2022,Saturday,Weekend 3,"Dance, Pop"
1751,Bonzai,The Rose Garden,Jan Vervloet,17:00 - 18:00,30 July,2022,Saturday,Weekend 3,Progressive House
1752,Bonzai,The Rose Garden,DJ Ghost,18:00 - 19:00,30 July,2022,Saturday,Weekend 3,"Hard Trance, Techno"
1753,Bonzai,The Rose Garden,Jones & Stephenson,19:00 - 20:00,30 July,2022,Saturday,Weekend 3,Unknown
1754,Bonzai,The Rose Garden,Franky Kloeck,20:00 - 21:00,30 July,2022,Saturday,Weekend 3,"Techno, Hard Trance"
1755,Bonzai,The Rose Garden,Yves Deruyter,21:00 - 22:30,30 July,2022,Saturday,Weekend 3,Trance
1756,Bonzai,The Rose Garden,Santini & Quatretemps (live),22:00 - 23:00,30 July,2022,Saturday,Weekend 3,Unknown
1757,Bonzai,The Rose Garden,Bonzai All Stars,23:00 - 01:00,30 July,2022,Saturday,Weekend 3,"Techno, Trance"
1758,Psygathering,Youphoria,Yannick Thiry,12:30 - 13:30,30 July,2022,Saturday,Weekend 3,Unknown
1759,Psygathering,Youphoria,Somnia vs Synsun,13:30 - 15:00,30 July,2022,Saturday,Weekend 3,Unknown
1760,Psygathering,Youphoria,Zyce,15:00 - 16:15,30 July,2022,Saturday,Weekend 3,Unknown
1761,Psygathering,Youphoria,Ranji,16:15 - 17:30,30 July,2022,Saturday,Weekend 3,Unknown
1762,Psygathering,Youphoria,Berg,17:30 - 18:30,30 July,2022,Saturday,Weekend 3,Trance
1763,Psygathering,Youphoria,Firaga,18:30 - 19:30,30 July,2022,Saturday,Weekend 3,Psytrance
1764,Psygathering,Youphoria,WHITENO1SE,19:30 - 20:45,30 July,2022,Saturday,Weekend 3,Psytrance
1765,Psygathering,Youphoria,Skazi,20:45 - 22:00,30 July,2022,Saturday,Weekend 3,Trance
1766,Psygathering,Youphoria,Neelix,22:00 - 23:15,30 July,2022,Saturday,Weekend 3,Psychedelic Trance
1767,Psygathering,Youphoria,Astrix,23:15 - 00:50,30 July,2022,Saturday,Weekend 3,Psychedelic Trance
1768,Filth On Acid,Atmosphere,Klaps,12:30 - 14:00,31 July,2022,Sunday,Weekend 3,"House, Techno"
1769,Filth On Acid,Atmosphere,Yves Deruyter,14:00 - 15:30,31 July,2022,Sunday,Weekend 3,Trance
1770,Filth On Acid,Atmosphere,Kiki Solvej,15:30 - 17:00,31 July,2022,Sunday,Weekend 3,Unknown
1771,Filth On Acid,Atmosphere,Monika Kruse,17:00 - 18:30,31 July,2022,Sunday,Weekend 3,"Tech House, Techno"
1772,Filth On Acid,Atmosphere,HI-LO,18:30 - 20:30,31 July,2022,Sunday,Weekend 3,"Electro House, Electronica, Techno"
1773,Filth On Acid,Atmosphere,Indira Paganotto,20:30 - 22:00,31 July,2022,Sunday,Weekend 3,Techno
1774,Filth On Acid,Atmosphere,Reinier Zonneveld LIVE,22:00 - 00:00,31 July,2022,Sunday,Weekend 3,Unknown
1775,Bonzai,The Rose Garden,Airwave,16:00 - 17:00,30 July,2022,Saturday,Weekend 3,"Progressive House, Psychedelic Trance"
1776,Footworxx,Cage,Eddy Hardcore,14:00 - 15:00,31 July,2022,Sunday,Weekend 3,Unknown
1777,Footworxx,Cage,DRS,15:00 - 16:00,31 July,2022,Sunday,Weekend 3,Hardcore
1778,Footworxx,Cage,Sakyra,16:00 - 17:00,31 July,2022,Sunday,Weekend 3,Hardcore
1779,Footworxx,Cage,Anhatema,17:00 - 18:00,31 July,2022,Sunday,Weekend 3,Unknown
1780,Footworxx,Cage,DJ Anime,18:00 - 19:00,31 July,2022,Sunday,Weekend 3,Unknown
1781,Footworxx,Cage,FMC,19:00 - 20:00,31 July,2022,Sunday,Weekend 3,Unknown
1782,Footworxx,Cage,eDUB,20:00 - 21:00,31 July,2022,Sunday,Weekend 3,Hardcore
1783,Footworxx,Cage,Major Conspiracy,21:00 - 22:00,31 July,2022,Sunday,Weekend 3,Unknown
1784,Footworxx,Cage,The Dark Horror,22:00 - 23:00,31 July,2022,Sunday,Weekend 3,Hardstyle
1785,Footworxx,Cage,Lunakorpz,23:00 - 00:00,31 July,2022,Sunday,Weekend 3,Hardcore
1786,CORE presents Cellini,Core,Star B B2B Krankk,13:00 - 14:30,31 July,2022,Sunday,Weekend 3,Unknown
1787,CORE presents Cellini,Core,Cosmicat,14:30 - 16:00,31 July,2022,Sunday,Weekend 3,Unknown
1788,CORE presents Cellini,Core,Nicky Elisabeth,16:00 - 18:00,31 July,2022,Sunday,Weekend 3,Unknown
1789,CORE presents Cellini,Core,Cellini,18:00 - 20:00,31 July,2022,Sunday,Weekend 3,Techno
1790,CORE presents Cellini,Core,Adriatique,20:00 - 22:00,31 July,2022,Sunday,Weekend 3,"Electronica, Tech House, Techno"
1791,CORE presents Cellini,Core,Konstantin Sibold B2B Kevin de Vries,22:00 - 00:00,31 July,2022,Sunday,Weekend 3,Unknown
1792,Diplo's Higher Ground,Crystal Garden,Siege,12:00 - 14:00,31 July,2022,Sunday,Weekend 3,"House, Techno"
1793,Diplo's Higher Ground,Crystal Garden,Chambray,14:00 - 15:30,31 July,2022,Sunday,Weekend 3,Techno
1794,Diplo's Higher Ground,Crystal Garden,Francesca Lombardo,15:30 - 17:00,31 July,2022,Sunday,Weekend 3,Tech House
1795,Diplo's Higher Ground,Crystal Garden,Elderbrook LIVE,17:00 - 18:00,31 July,2022,Sunday,Weekend 3,Unknown
1796,Diplo's Higher Ground,Crystal Garden,Carista,18:00 - 19:30,31 July,2022,Sunday,Weekend 3,Unknown
1797,Diplo's Higher Ground,Crystal Garden,DIPLO,19:30 - 21:30,31 July,2022,Sunday,Weekend 3,"Electro House, Indie / Underground"
1798,Diplo's Higher Ground,Crystal Garden,Paul Woolford,21:30 - 22:30,31 July,2022,Sunday,Weekend 3,Progressive House
1799,Diplo's Higher Ground,Crystal Garden,Maceo Plex,22:30 - 23:50,31 July,2022,Sunday,Weekend 3,Tech House
1800,Footworxx,Cage,Evolver vs The Snatcher,12:30 - 14:00,31 July,2022,Sunday,Weekend 3,Unknown
1801,Freedom,Freedom,Maxim Lany,14:00 - 16:00,31 July,2022,Sunday,Weekend 3,"House, Deep House"
1802,Freedom,Freedom,Agents Of Time,16:00 - 17:30,31 July,2022,Sunday,Weekend 3,"Electronica, Progressive House, Tech House, Techno"
1803,Freedom,Freedom,Mathame,17:30 - 19:30,31 July,2022,Sunday,Weekend 3,Techno
1804,Freedom,Freedom,Claptone,19:30 - 21:00,31 July,2022,Sunday,Weekend 3,"Electro House, Tech House, Techno, Traditional House"
1805,Freedom,Freedom,Kölsch,21:00 - 22:30,31 July,2022,Sunday,Weekend 3,Commercial Dance
1806,Freedom,Freedom,Adam Beyer,22:30 - 00:00,31 July,2022,Sunday,Weekend 3,Techno
1807,Radio Ultra Modern,Harbour House,BabyBang,13:00 - 15:00,31 July,2022,Sunday,Weekend 3,Unknown
1808,Radio Ultra Modern,Harbour House,Mr. Rakka,15:00 - 16:00,31 July,2022,Sunday,Weekend 3,Unknown
1809,Radio Ultra Modern,Harbour House,COSMIC,16:00 - 18:00,31 July,2022,Sunday,Weekend 3,Disco
1810,Radio Ultra Modern,Harbour House,UNEAK,18:00 - 20:00,31 July,2022,Sunday,Weekend 3,Unknown
1811,Radio Ultra Modern,Harbour House,Lady S,20:00 - 22:00,31 July,2022,Sunday,Weekend 3,"Electronic, Dance, House"
1812,Radio Ultra Modern,Harbour House,Rakesh aka Blackjack9000,22:00 - 00:00,31 July,2022,Sunday,Weekend 3,House
1813,Cafeina,Kara Savi,Tessa & Ricardo,12:30 - 14:00,31 July,2022,Sunday,Weekend 3,Unknown
1814,Cafeina,Kara Savi,David DM,14:00 - 15:00,31 July,2022,Sunday,Weekend 3,Unknown
1815,Cafeina,Kara Savi,De la Peña & Bross!,15:00 - 16:00,31 July,2022,Sunday,Weekend 3,Unknown
1816,Cafeina,Kara Savi,One more Time DJ crew,16:00 - 17:00,31 July,2022,Sunday,Weekend 3,Unknown
1817,Cafeina,Kara Savi,Christian82,17:00 - 18:00,31 July,2022,Sunday,Weekend 3,Unknown
1818,Cafeina,Kara Savi,Phill Da Cunha & Smith Davis,18:00 - 19:00,31 July,2022,Sunday,Weekend 3,Unknown
1819,Cafeina,Kara Savi,Cemode & Mr Grammy,19:00 - 20:00,31 July,2022,Sunday,Weekend 3,Unknown
1820,Cafeina,Kara Savi,Roma,20:00 - 21:30,31 July,2022,Sunday,Weekend 3,"Electronic, Dance"
1821,Cafeina,Kara Savi,Disco Dasco,21:30 - 22:30,31 July,2022,Sunday,Weekend 3,"Electronic, House"
1822,Cafeina,Kara Savi,Alec & Philip,22:30 - 23:55,31 July,2022,Sunday,Weekend 3,Unknown
1823,Flow,Leaf,Djaxx,12:30 - 14:30,31 July,2022,Sunday,Weekend 3,Unknown
1824,Flow,Leaf,Jordi Ruz,14:30 - 16:00,31 July,2022,Sunday,Weekend 3,Unknown
1825,Freedom,Freedom,Thang & L Bossa,12:00 - 14:00,31 July,2022,Sunday,Weekend 3,Unknown
1826,Flow,Leaf,ODEN & FATZO,17:30 - 19:00,31 July,2022,Sunday,Weekend 3,House
1827,Flow,Leaf,Chelina Manuhutu,19:00 - 20:30,31 July,2022,Sunday,Weekend 3,Techno
1828,Flow,Leaf,Marco Tropeano,20:30 - 22:30,31 July,2022,Sunday,Weekend 3,Unknown
1829,Flow,Leaf,Jasper Fioole,22:30 - 00:00,31 July,2022,Sunday,Weekend 3,Unknown
1830,Mainstage,Mainstage,Comrad & Friends,12:00 - 14:30,31 July,2022,Sunday,Weekend 3,Unknown
1831,Mainstage,Mainstage,DJs FROM MARS,14:30 - 15:30,31 July,2022,Sunday,Weekend 3,"Electro House, Progressive House"
1832,Mainstage,Mainstage,Tom & Collins,15:30 - 16:30,31 July,2022,Sunday,Weekend 3,"Electronica, Tech House, Traditional House"
1833,Mainstage,Mainstage,KC Lights,16:30 - 17:30,31 July,2022,Sunday,Weekend 3,Unknown
1834,Mainstage,Mainstage,NERVO,17:30 - 18:30,31 July,2022,Sunday,Weekend 3,"Electro House, Progressive House"
1835,Mainstage,Mainstage,Nicky Romero,18:35 - 19:35,31 July,2022,Sunday,Weekend 3,Progressive House
1836,Mainstage,Mainstage,ARTBAT,19:40 - 20:40,31 July,2022,Sunday,Weekend 3,"Commercial Dance, Electronica"
1837,Mainstage,Mainstage,Lost Frequencies LIVE,20:45 - 21:45,31 July,2022,Sunday,Weekend 3,Commercial Dance
1838,Mainstage,Mainstage,Major Lazer Soundsystem,21:50 - 22:50,31 July,2022,Sunday,Weekend 3,"Commercial Dance, Electro House, Electronica, Hard Dance, Techno"
1839,Mainstage,Mainstage,3 Are Legend,22:55 - 23:55,31 July,2022,Sunday,Weekend 3,"Commercial Dance, Electro House, Electronica, Hard Dance, Techno"
1840,Moosebar,Moosebar,Jeroen Visser,12:00 - 16:00,31 July,2022,Sunday,Weekend 3,"Electronic, Dance, House"
1841,Moosebar,Moosebar,Mr E,16:00 - 19:00,31 July,2022,Sunday,Weekend 3,"Electronic, Dance, House"
1842,Moosebar,Moosebar,Dorothee Vegas & Like Maarten,19:00 - 20:00,31 July,2022,Sunday,Weekend 3,"Dance, Party"
1843,Moosebar,Moosebar,Michael More,20:00 - 00:00,31 July,2022,Sunday,Weekend 3,"Electronic, Dance, House"
1844,Smash The House,The Library,Suark,12:00 - 13:00,31 July,2022,Sunday,Weekend 3,House
1845,Smash The House,The Library,Jaxx & Vega,13:00 - 14:00,31 July,2022,Sunday,Weekend 3,Unknown
1846,Smash The House,The Library,Dubdogz,14:00 - 15:00,31 July,2022,Sunday,Weekend 3,Electronica
1847,Smash The House,The Library,Odssey,15:00 - 16:00,31 July,2022,Sunday,Weekend 3,Deep House
1848,Smash The House,The Library,Azteck,16:00 - 17:00,31 July,2022,Sunday,Weekend 3,"Electronic, Dance"
1849,Smash The House,The Library,Paris Hilton,17:00 - 18:00,31 July,2022,Sunday,Weekend 3,"Electronic, Dance"
1850,Flow,Leaf,Marco Tropeano,16:00 - 17:30,31 July,2022,Sunday,Weekend 3,Unknown
1851,Smash The House,The Library,Gianluca Vacchi,19:00 - 20:00,31 July,2022,Sunday,Weekend 3,Commercial Dance
1852,Smash The House,The Library,Dimitri Vegas & Like Mike vs Timmy Trumpet,20:00 - 21:00,31 July,2022,Sunday,Weekend 3,Big Room House
1853,Smash The House,The Library,Quintino,21:00 - 22:00,31 July,2022,Sunday,Weekend 3,Electro House
1854,Smash The House,The Library,Bassjackers,22:00 - 23:00,31 July,2022,Sunday,Weekend 3,Electro House
1855,Smash The House,The Library,Vini Vici,23:00 - 00:00,31 July,2022,Sunday,Weekend 3,"Psychedelic Trance, Trance"
1856,Coincidence,The Rave Cave,Trixy,12:00 - 14:00,31 July,2022,Sunday,Weekend 3,"Hardstyle, Rawstyle, Electronic"
1857,Coincidence,The Rave Cave,Kruger,14:00 - 15:30,31 July,2022,Sunday,Weekend 3,Unknown
1858,Coincidence,The Rave Cave,Ana Lilia,15:30 - 17:00,31 July,2022,Sunday,Weekend 3,Unknown
1859,Coincidence,The Rave Cave,Herton,17:00 - 18:30,31 July,2022,Sunday,Weekend 3,Electronic
1860,Coincidence,The Rave Cave,Massimo Mephisto,18:30 - 20:00,31 July,2022,Sunday,Weekend 3,Unknown
1861,Coincidence,The Rave Cave,Keyser,20:00 - 22:00,31 July,2022,Sunday,Weekend 3,Electronic
1862,Coincidence,The Rave Cave,Tripped,22:00 - 00:00,31 July,2022,Sunday,Weekend 3,Unknown
1863,2010 - 2012,The Rose Garden,Mystique,12:30 - 14:00,31 July,2022,Sunday,Weekend 3,Hardstyle
1864,2010 - 2012,The Rose Garden,DiMaro,14:00 - 15:00,31 July,2022,Sunday,Weekend 3,House
1865,2010 - 2012,The Rose Garden,Romeo Blanco,15:00 - 16:00,31 July,2022,Sunday,Weekend 3,Commercial Dance
1866,2010 - 2012,The Rose Garden,Deniz Koyu,16:00 - 17:00,31 July,2022,Sunday,Weekend 3,"Electro House, Progressive House"
1867,2010 - 2012,The Rose Garden,Dannic,17:00 - 18:00,31 July,2022,Sunday,Weekend 3,Progressive House
1868,2010 - 2012,The Rose Garden,Quintino,18:00 - 19:00,31 July,2022,Sunday,Weekend 3,Electro House
1869,2010 - 2012,The Rose Garden,Laidback Luke,19:00 - 20:30,31 July,2022,Sunday,Weekend 3,Electro House
1870,2010 - 2012,The Rose Garden,Special Guest,20:30 - 22:00,31 July,2022,Sunday,Weekend 3,Unknown
1871,2010 - 2012,The Rose Garden,Moguai,22:00 - 23:00,31 July,2022,Sunday,Weekend 3,"Electro House, Progressive House"
1872,Monstercat,Youphoria,Kage,13:00 - 14:30,31 July,2022,Sunday,Weekend 3,"Drum & Bass, Dubstep"
1873,Monstercat,Youphoria,Skyler Madison,14:30 - 15:30,31 July,2022,Sunday,Weekend 3,"Commercial Dance, Trap"
1874,Monstercat,Youphoria,Tony Romera,15:30 - 16:30,31 July,2022,Sunday,Weekend 3,Electro House
1875,Smash The House,The Library,MATTN,18:00 - 19:00,31 July,2022,Sunday,Weekend 3,"Commercial Dance, Traditional House"
1876,Monstercat,Youphoria,Koven,17:30 - 18:30,31 July,2022,Sunday,Weekend 3,Drum & Bass
1877,Monstercat,Youphoria,Crankdat,18:30 - 19:30,31 July,2022,Sunday,Weekend 3,"Dubstep, Hybrid Trap"
1878,Monstercat,Youphoria,DROELOE,19:30 - 20:30,31 July,2022,Sunday,Weekend 3,"Commercial Dance, Drum & Bass, Electronica"
1879,Monstercat,Youphoria,Modestep,20:30 - 21:30,31 July,2022,Sunday,Weekend 3,Dubstep
1880,Monstercat,Youphoria,Darren Styles,21:30 - 22:30,31 July,2022,Sunday,Weekend 3,Commercial Dance
1881,Monstercat,Youphoria,Infected Mushroom,22:30 - 23:30,31 July,2022,Sunday,Weekend 3,"Psychedelic Trance, Trance"
1882,The Gathering,The Gathering,Afrojack,00:15 - 01:00,18 July,2019,Thursday,Weekend 1,"Electro House, Progressive House"
1883,The Gathering,The Gathering,Dzeager,13:00 - 14:00,18 July,2019,Thursday,Weekend 1,Unknown
1884,The Gathering,The Gathering,Fabio Marcs,14:00 - 15:00,18 July,2019,Thursday,Weekend 1,"Electronic, Dance, House"
1885,The Gathering,The Gathering,JackJazz,15:00 - 15:45,18 July,2019,Thursday,Weekend 1,Unknown
1886,The Gathering,The Gathering,Hermanos,15:45 - 16:30,18 July,2019,Thursday,Weekend 1,Unknown
1887,The Gathering,The Gathering,Prinz,16:30 - 17:15,18 July,2019,Thursday,Weekend 1,Techno
1888,The Gathering,The Gathering,Flashback Force,17:15 - 18:00,18 July,2019,Thursday,Weekend 1,Unknown
1889,The Gathering,The Gathering,Mademoiselle Luna,18:00 - 18:45,18 July,2019,Thursday,Weekend 1,House
1890,The Gathering,The Gathering,Maori,18:45 - 19:30,18 July,2019,Thursday,Weekend 1,Unknown
1891,The Gathering,The Gathering,Hiddn,19:30 - 20:15,18 July,2019,Thursday,Weekend 1,Unknown
1892,The Gathering,The Gathering,Double Pleasure,20:15 - 21:15,18 July,2019,Thursday,Weekend 1,House
1893,The Gathering,The Gathering,Romeo Blanco,21:15 - 22:00,18 July,2019,Thursday,Weekend 1,Commercial Dance
1894,The Gathering,The Gathering,Henri PFR,22:00 - 22:45,18 July,2019,Thursday,Weekend 1,"Commercial Dance, Electronica, Traditional House"
1895,The Gathering,The Gathering,Regi vs Yves V,22:45 - 23:30,18 July,2019,Thursday,Weekend 1,Unknown
1896,The Gathering,The Gathering,Lost Frequencies,23:30 - 00:15,18 July,2019,Thursday,Weekend 1,"Electro House, Electronica, Traditional House"
1897,Fuse & Dave Clarke Present,Atmosphere,Downside,12:00 - 13:30,19 July,2019,Friday,Weekend 1,Unknown
1898,Fuse & Dave Clarke Present,Atmosphere,Pierre,13:30 - 15:00,19 July,2019,Friday,Weekend 1,Traditional House
1899,Fuse & Dave Clarke Present,Atmosphere,Cellini,15:00 - 17:00,19 July,2019,Friday,Weekend 1,Techno
1900,Monstercat,Youphoria,GG Magree,16:30 - 17:30,31 July,2022,Sunday,Weekend 3,"Trap, Future Bass"
1901,Fuse & Dave Clarke Present,Atmosphere,Pan-Pot,19:00 - 21:00,19 July,2019,Friday,Weekend 1,"Minimal, Techno"
1902,Fuse & Dave Clarke Present,Atmosphere,Dave Clarke,21:00 - 23:00,19 July,2019,Friday,Weekend 1,"Electro House, Techno"
1903,Fuse & Dave Clarke Present,Atmosphere,Rødhåd,23:00 - 01:00,19 July,2019,Friday,Weekend 1,"Minimal, Techno"
1904,kozzmozz,Cage,Spacid,13:00 - 15:00,19 July,2019,Friday,Weekend 1,Unknown
1905,kozzmozz,Cage,Linear Straight,15:00 - 16:30,19 July,2019,Friday,Weekend 1,Unknown
1906,kozzmozz,Cage,999999999,16:30 - 18:00,19 July,2019,Friday,Weekend 1,Techno
1907,kozzmozz,Cage,Fjaak,18:00 - 19:00,19 July,2019,Friday,Weekend 1,Techno
1908,kozzmozz,Cage,Headstrong,19:00 - 20:30,19 July,2019,Friday,Weekend 1,Unknown
1909,kozzmozz,Cage,Tommy Four Seven,20:30 - 22:00,19 July,2019,Friday,Weekend 1,Minimal
1910,kozzmozz,Cage,Dax J,22:00 - 00:00,19 July,2019,Friday,Weekend 1,"Drum & Bass, Techno"
1911,We Play House,Casa Corona,Bjeor,12:30 - 14:30,19 July,2019,Friday,Weekend 1,Unknown
1912,We Play House,Casa Corona,Mona Lee,14:30 - 16:00,19 July,2019,Friday,Weekend 1,Unknown
1913,We Play House,Casa Corona,Maxim Lany,16:00 - 17:30,19 July,2019,Friday,Weekend 1,"House, Deep House"
1914,We Play House,Casa Corona,Red D ft. Lady Linn,17:30 - 19:00,19 July,2019,Friday,Weekend 1,Unknown
1915,We Play House,Casa Corona,San Soda,19:00 - 20:30,19 July,2019,Friday,Weekend 1,Commercial Dance
1916,We Play House,Casa Corona,Pete Howl,20:30 - 22:00,19 July,2019,Friday,Weekend 1,Unknown
1917,Crosstownrebels present Get Lost,Core,Raw District,12:30 - 14:00,19 July,2019,Friday,Weekend 1,Unknown
1918,Crosstownrebels present Get Lost,Core,Audiojack,14:00 - 15:30,19 July,2019,Friday,Weekend 1,Tech House
1919,Crosstownrebels present Get Lost,Core,Brina Knauss,15:30 - 17:00,19 July,2019,Friday,Weekend 1,Techno
1920,Crosstownrebels present Get Lost,Core,Virgil Abloh,17:00 - 18:30,19 July,2019,Friday,Weekend 1,"Hip-Hop, Grime"
1921,Crosstownrebels present Get Lost,Core,Ae:ther,18:30 - 19:30,19 July,2019,Friday,Weekend 1,Unknown
1922,Crosstownrebels present Get Lost,Core,Guy Gerber,19:30 - 21:00,19 July,2019,Friday,Weekend 1,"Tech House, Techno"
1923,Crosstownrebels present Get Lost,Core,Bedouin,21:00 - 23:00,19 July,2019,Friday,Weekend 1,Commercial Dance
1924,Crosstownrebels present Get Lost,Core,Damian Lazarus,23:00 - 01:00,19 July,2019,Friday,Weekend 1,"Tech House, Techno"
1925,Fuse & Dave Clarke Present,Atmosphere,Chris Liebing,17:00 - 19:00,19 July,2019,Friday,Weekend 1,Techno
1926,Eric Prydz presents Holosphere,Freedom,Surfing Leons,14:00 - 15:30,19 July,2019,Friday,Weekend 1,Unknown
1927,Eric Prydz presents Holosphere,Freedom,Yotto,15:30 - 17:30,19 July,2019,Friday,Weekend 1,"Progressive House, Traditional House"
1928,Eric Prydz presents Holosphere,Freedom,Cristoph,17:30 - 19:30,19 July,2019,Friday,Weekend 1,Unknown
1929,Eric Prydz presents Holosphere,Freedom,Camelphat,19:30 - 21:00,19 July,2019,Friday,Weekend 1,"Electronica, Tech House, Traditional House"
1930,Eric Prydz presents Holosphere,Freedom,Tiga,21:00 - 23:00,19 July,2019,Friday,Weekend 1,"Electro House, Indie / Underground"
1931,Eric Prydz presents Holosphere,Freedom,Eric Prydz,23:00 - 01:00,19 July,2019,Friday,Weekend 1,Progressive House
1932,DIYNAMIC,Garden of Madness,Notoir,12:30 - 13:30,19 July,2019,Friday,Weekend 1,Unknown
1933,DIYNAMIC,Garden of Madness,Moscoman,13:30 - 15:30,19 July,2019,Friday,Weekend 1,Techno
1934,DIYNAMIC,Garden of Madness,Magit Cacoon,15:30 - 17:30,19 July,2019,Friday,Weekend 1,"Deep House, Techno, Techno"
1935,DIYNAMIC,Garden of Madness,Kollektiv Turmstrasse,17:30 - 19:30,19 July,2019,Friday,Weekend 1,Tech House
1936,DIYNAMIC,Garden of Madness,Adriatique,19:30 - 21:30,19 July,2019,Friday,Weekend 1,"Electronica, Tech House, Techno"
1937,DIYNAMIC,Garden of Madness,Solomun,21:30 - 23:30,19 July,2019,Friday,Weekend 1,Tech House
1938,DIYNAMIC,Garden of Madness,Undercatt,23:30 - 00:55,19 July,2019,Friday,Weekend 1,"Chill Out, Techno"
1939,Radio Ultra Modern,Harbour House,Fabio Marcs,13:00 - 15:00,19 July,2019,Friday,Weekend 1,"Electronic, Dance, House"
1940,Radio Ultra Modern,Harbour House,Rakesh aka Blackjack9000,15:00 - 17:00,19 July,2019,Friday,Weekend 1,House
1941,Radio Ultra Modern,Harbour House,Crack-T,17:00 - 19:00,19 July,2019,Friday,Weekend 1,"Electronic, Dance, House"
1942,Radio Ultra Modern,Harbour House,UNEAK ft. COSMIC,19:00 - 22:00,19 July,2019,Friday,Weekend 1,Unknown
1943,Radio Ultra Modern,Harbour House,B-KAY,22:00 - 01:00,19 July,2019,Friday,Weekend 1,"Electronic, Dance, House"
1944,Cafeina,Kara Savi,Tach Cremer & Luna Fino,12:30 - 14:00,19 July,2019,Friday,Weekend 1,Unknown
1945,Cafeina,Kara Savi,Zfilio & Tim G,14:00 - 15:00,19 July,2019,Friday,Weekend 1,Unknown
1946,Cafeina,Kara Savi,Seelen & Cemode,15:00 - 16:00,19 July,2019,Friday,Weekend 1,Unknown
1947,Cafeina,Kara Savi,DJ Licious & Delafino,16:00 - 17:00,19 July,2019,Friday,Weekend 1,Unknown
1948,Cafeina,Kara Savi,Chocolate Puma,17:00 - 18:30,19 July,2019,Friday,Weekend 1,Traditional House
1949,Cafeina,Kara Savi,Disco Dasco,18:30 - 20:00,19 July,2019,Friday,Weekend 1,"Electronic, House"
1950,Eric Prydz presents Holosphere,Freedom,Neon,12:30 - 14:00,19 July,2019,Friday,Weekend 1,Electronic
1951,Cafeina,Kara Savi,Kolombo,21:00 - 22:30,19 July,2019,Friday,Weekend 1,Commercial Dance
1952,Cafeina,Kara Savi,Roma,22:30 - 23:30,19 July,2019,Friday,Weekend 1,"Electronic, Dance"
1953,Cafeina,Kara Savi,Konstantin Sibold,23:30 - 00:55,19 July,2019,Friday,Weekend 1,Unknown
1954,Sexy By Nature,L'Orangerie,Mia More,12:30 - 14:00,19 July,2019,Friday,Weekend 1,Unknown
1955,Sexy By Nature,L'Orangerie,Chus & Ceballos,14:00 - 15:00,19 July,2019,Friday,Weekend 1,Traditional House
1956,Sexy By Nature,L'Orangerie,Bruno Martini,15:00 - 16:00,19 July,2019,Friday,Weekend 1,"Commercial Dance, House"
1957,Sexy By Nature,L'Orangerie,Double Pleasure,16:00 - 17:30,19 July,2019,Friday,Weekend 1,House
1958,Sexy By Nature,L'Orangerie,Lucas & Steve,17:30 - 18:30,19 July,2019,Friday,Weekend 1,"Commercial Dance, Hard Dance, Traditional House"
1959,Sexy By Nature,L'Orangerie,Sam Feldt,18:30 - 20:00,19 July,2019,Friday,Weekend 1,Traditional House
1960,Sexy By Nature,L'Orangerie,Sunnery James & Ryan Marciano,20:00 - 22:00,19 July,2019,Friday,Weekend 1,Electro House
1961,Sexy By Nature,L'Orangerie,The Magician,22:00 - 23:00,19 July,2019,Friday,Weekend 1,Indie / Underground
1962,Sexy By Nature,L'Orangerie,Benny Benassi,23:00 - 00:00,19 July,2019,Friday,Weekend 1,Electro House
1963,Lost & Found,Leaf,Hermanez,12:30 - 15:30,19 July,2019,Friday,Weekend 1,Tech House
1964,Lost & Found,Leaf,Sebastien Leger,15:30 - 17:30,19 July,2019,Friday,Weekend 1,Tech House
1965,Lost & Found,Leaf,Guy J,17:30 - 19:30,19 July,2019,Friday,Weekend 1,"Tech House, Techno"
1966,Lost & Found,Leaf,Guy Mantzur,19:30 - 21:30,19 July,2019,Friday,Weekend 1,Techno
1967,Lost & Found,Leaf,Roy Rosenfeld,21:30 - 23:30,19 July,2019,Friday,Weekend 1,"Tech House, Techno"
1968,STMPD RCRDS,Lotus,Eauxmar b2b Osrin,12:00 - 13:00,19 July,2019,Friday,Weekend 1,Unknown
1969,STMPD RCRDS,Lotus,Todd Helder b2b CMC$,13:00 - 14:00,19 July,2019,Friday,Weekend 1,Unknown
1970,STMPD RCRDS,Lotus,Infuze,14:00 - 14:45,19 July,2019,Friday,Weekend 1,Commercial Dance
1971,STMPD RCRDS,Lotus,Bart B more,14:45 - 15:30,19 July,2019,Friday,Weekend 1,Electro House
1972,STMPD RCRDS,Lotus,Blinders b2b TV Noise,15:30 - 16:15,19 July,2019,Friday,Weekend 1,Unknown
1973,STMPD RCRDS,Lotus,Dubvision b2b Raiden,16:15 - 17:00,19 July,2019,Friday,Weekend 1,Unknown
1974,STMPD RCRDS,Lotus,Brooks b2b Julian Jordan,17:00 - 18:00,19 July,2019,Friday,Weekend 1,Unknown
1975,Cafeina,Kara Savi,Alec & Philip,20:00 - 21:00,19 July,2019,Friday,Weekend 1,Unknown
1976,STMPD RCRDS,Lotus,Vintage Culture,19:00 - 20:00,19 July,2019,Friday,Weekend 1,"Commercial Dance, Electro House, Electronica, Traditional House"
1977,STMPD RCRDS,Lotus,Louis The Child,20:00 - 21:00,19 July,2019,Friday,Weekend 1,Future Beats
1978,STMPD RCRDS,Lotus,Salvatore Ganacci,21:00 - 22:00,19 July,2019,Friday,Weekend 1,"Electro House, Big Room, Pop House"
1979,STMPD RCRDS,Lotus,Bebe Rexha,22:15 - 23:00,19 July,2019,Friday,Weekend 1,Electropop
1980,STMPD RCRDS,Lotus,Martin Garrix,23:15 - 01:00,19 July,2019,Friday,Weekend 1,Electro House
1981,Mainstage,Mainstage,15Y Spectacle,00:50 - 01:00,19 July,2019,Friday,Weekend 1,Unknown
1982,Mainstage,Mainstage,Carl Cox,12:00 - 14:50,19 July,2019,Friday,Weekend 1,"Tech House, Techno"
1983,Mainstage,Mainstage,Amelie Lens,14:50 - 15:50,19 July,2019,Friday,Weekend 1,"Electronica, Techno, Trance"
1984,Mainstage,Mainstage,Hugel,15:50 - 16:50,19 July,2019,Friday,Weekend 1,Big Room House
1985,Mainstage,Mainstage,DJ Diesel,16:50 - 17:50,19 July,2019,Friday,Weekend 1,"Electronic, Dance"
1986,Mainstage,Mainstage,ALOK,17:50 - 18:50,19 July,2019,Friday,Weekend 1,Commercial Dance
1987,Mainstage,Mainstage,Oliver Heldens,18:50 - 19:50,19 July,2019,Friday,Weekend 1,"Electro House, Electronica, Techno"
1988,Mainstage,Mainstage,Black Coffee,19:50 - 20:50,19 July,2019,Friday,Weekend 1,"Funk / R&B, Traditional House"
1989,Mainstage,Mainstage,Don Diablo,20:50 - 21:50,19 July,2019,Friday,Weekend 1,Progressive House
1990,Mainstage,Mainstage,Steve Aoki,21:50 - 22:50,19 July,2019,Friday,Weekend 1,"Electro House, Indie / Underground"
1991,Mainstage,Mainstage,Tiesto,22:50 - 23:50,19 July,2019,Friday,Weekend 1,"Commercial Dance, Big Room"
1992,Mainstage,Mainstage,The Chainsmokers,23:50 - 00:50,19 July,2019,Friday,Weekend 1,Commercial Dance
1993,Moosebar,Moosebar,DJ Mr. E,14:00 - 17:00,19 July,2019,Friday,Weekend 1,Unknown
1994,Moosebar,Moosebar,Surprise,17:00 - 18:00,19 July,2019,Friday,Weekend 1,Unknown
1995,Moosebar,Moosebar,Feest DJ Lucki Luc,18:00 - 20:00,19 July,2019,Friday,Weekend 1,"Dance, Party"
1996,Moosebar,Moosebar,De Romeo's,20:00 - 20:30,19 July,2019,Friday,Weekend 1,Unknown
1997,Moosebar,Moosebar,Feest DJ Lucki Luc,20:30 - 22:00,19 July,2019,Friday,Weekend 1,"Dance, Party"
1998,Moosebar,Moosebar,Thierry von der Warth,22:00 - 00:30,19 July,2019,Friday,Weekend 1,Unknown
1999,Q-Dance Invites: Into The Wild,Q-Dance Stage,Villain,12:00 - 13:00,19 July,2019,Friday,Weekend 1,Hard Dance
2000,STMPD RCRDS,Lotus,Dyro b2b Loopers,18:00 - 19:00,19 July,2019,Friday,Weekend 1,Unknown
2001,Q-Dance Invites: Into The Wild,Q-Dance Stage,Refuzion,14:00 - 15:30,19 July,2019,Friday,Weekend 1,Hard Dance
2002,Q-Dance Invites: Into The Wild,Q-Dance Stage,Primeshock,15:30 - 16:30,19 July,2019,Friday,Weekend 1,Unknown
2003,Q-Dance Invites: Into The Wild,Q-Dance Stage,Sound Rush,16:30 - 17:30,19 July,2019,Friday,Weekend 1,Hardstyle
2004,Q-Dance Invites: Into The Wild,Q-Dance Stage,Wildstylez,17:30 - 19:00,19 July,2019,Friday,Weekend 1,Hard Dance
2005,Q-Dance Invites: Into The Wild,Q-Dance Stage,Sub Zero Project,19:00 - 20:00,19 July,2019,Friday,Weekend 1,"Hard Dance, Hardcore Techno, Psychedelic Trance"
2006,Q-Dance Invites: Into The Wild,Q-Dance Stage,Frequencerz,20:00 - 21:00,19 July,2019,Friday,Weekend 1,Hard Dance
2007,Q-Dance Invites: Into The Wild,Q-Dance Stage,Hard Driver,21:00 - 22:00,19 July,2019,Friday,Weekend 1,Hard Dance
2008,Q-Dance Invites: Into The Wild,Q-Dance Stage,B-Front,22:00 - 23:00,19 July,2019,Friday,Weekend 1,Hardcore Techno
2009,Q-Dance Invites: Into The Wild,Q-Dance Stage,Evil Activities,23:00 - 00:00,19 July,2019,Friday,Weekend 1,Hardcore Techno
2010,Krankenhaus,The Rave Cave,Krankenhaus Selektion,13:00 - 14:00,19 July,2019,Friday,Weekend 1,Unknown
2011,Krankenhaus,The Rave Cave,Sixsixsixties,14:00 - 15:00,19 July,2019,Friday,Weekend 1,Unknown
2012,Krankenhaus,The Rave Cave,Kimman,15:00 - 16:30,19 July,2019,Friday,Weekend 1,Unknown
2013,Krankenhaus,The Rave Cave,Locked Groove,16:30 - 18:00,19 July,2019,Friday,Weekend 1,"Techno, Traditional House"
2014,Krankenhaus,The Rave Cave,Pelace,18:00 - 19:30,19 July,2019,Friday,Weekend 1,Unknown
2015,Krankenhaus,The Rave Cave,Jeroen Delodder,19:30 - 21:30,19 July,2019,Friday,Weekend 1,"Electronic, Dance, House"
2016,Krankenhaus,The Rave Cave,Kaiserr,21:30 - 23:00,19 July,2019,Friday,Weekend 1,Unknown
2017,Krankenhaus,The Rave Cave,Captain Flash,23:00 - 01:00,19 July,2019,Friday,Weekend 1,Unknown
2018,Monstercat,The Rose Garden,Davis,12:30 - 14:00,19 July,2019,Friday,Weekend 1,Country
2019,Monstercat,The Rose Garden,Justin OH,14:00 - 15:00,19 July,2019,Friday,Weekend 1,"Electro House, Progressive House, Trance"
2020,Monstercat,The Rose Garden,Conro,15:00 - 16:00,19 July,2019,Friday,Weekend 1,Unknown
2021,Monstercat,The Rose Garden,DROELOE,16:00 - 17:00,19 July,2019,Friday,Weekend 1,"Commercial Dance, Drum & Bass, Electronica"
2022,Monstercat,The Rose Garden,Gammer,17:00 - 18:00,19 July,2019,Friday,Weekend 1,Hardcore Techno
2023,Monstercat,The Rose Garden,Pegboard Nerds b2b Tokyo Machine,18:00 - 19:00,19 July,2019,Friday,Weekend 1,Unknown
2024,Monstercat,The Rose Garden,Modestep,19:00 - 20:00,19 July,2019,Friday,Weekend 1,Dubstep
2025,Q-Dance Invites: Into The Wild,Q-Dance Stage,Jay Reeve,12:30 - 14:00,19 July,2019,Friday,Weekend 1,Unknown
2026,Monstercat,The Rose Garden,Slushii,21:00 - 22:00,19 July,2019,Friday,Weekend 1,"Dubstep, Electro House, Electronica, Progressive House, Trap"
2027,Monstercat,The Rose Garden,NGHTMRE & SLANDER Present: Gud Vibrations,22:00 - 23:30,19 July,2019,Friday,Weekend 1,Unknown
2028,Monstercat,The Rose Garden,Zeds Dead,23:30 - 01:00,19 July,2019,Friday,Weekend 1,Dubstep
2029,Anjunabeats,Youphoria,Seven Lions,00:00 - 00:50,19 July,2019,Friday,Weekend 1,Dubstep
2030,Anjunabeats,Youphoria,Amber Stomp,12:00 - 13:00,19 July,2019,Friday,Weekend 1,Unknown
2031,Anjunabeats,Youphoria,Josep,13:00 - 14:00,19 July,2019,Friday,Weekend 1,Guitar
2032,Anjunabeats,Youphoria,Tinlicker,14:00 - 15:00,19 July,2019,Friday,Weekend 1,"Progressive House, Techno"
2033,Anjunabeats,Youphoria,Genix,15:00 - 16:00,19 July,2019,Friday,Weekend 1,Trance
2034,Anjunabeats,Youphoria,Oliver Smith,16:00 - 17:00,19 July,2019,Friday,Weekend 1,"Progressive House, Trance"
2035,Anjunabeats,Youphoria,Grum,17:00 - 18:00,19 July,2019,Friday,Weekend 1,"Progressive House, Electro House, Tech House"
2036,Anjunabeats,Youphoria,Spencer Brown,18:00 - 19:00,19 July,2019,Friday,Weekend 1,Progressive House
2037,Anjunabeats,Youphoria,Andrew Bayer,19:00 - 20:00,19 July,2019,Friday,Weekend 1,"Progressive House, Techno"
2038,Anjunabeats,Youphoria,Ilan Bluestone,20:00 - 21:00,19 July,2019,Friday,Weekend 1,"Dubstep, Trance"
2039,Anjunabeats,Youphoria,Gabriel & Dresden,21:00 - 22:00,19 July,2019,Friday,Weekend 1,"Progressive House, Trance"
2040,Anjunabeats,Youphoria,Above & Beyond,22:00 - 00:00,19 July,2019,Friday,Weekend 1,Trance
2041,Afterlife,Atmosphere,Axel Haube,12:00 - 14:30,20 July,2019,Saturday,Weekend 1,"Techno, Minimal Techno"
2042,Afterlife,Atmosphere,VNTM,14:30 - 15:30,20 July,2019,Saturday,Weekend 1,Unknown
2043,Afterlife,Atmosphere,Kevin De Vries,15:30 - 17:00,20 July,2019,Saturday,Weekend 1,"Techno, Tech Trance"
2044,Afterlife,Atmosphere,Agents Of Time,17:00 - 18:00,20 July,2019,Saturday,Weekend 1,"Electronica, Progressive House, Tech House, Techno"
2045,Afterlife,Atmosphere,Mind Against,18:00 - 20:00,20 July,2019,Saturday,Weekend 1,Commercial Dance
2046,Afterlife,Atmosphere,Special Guest,20:00 - 22:00,20 July,2019,Saturday,Weekend 1,Unknown
2047,Afterlife,Atmosphere,Stephan Bodzin,22:00 - 23:00,20 July,2019,Saturday,Weekend 1,"Electro House, Techno"
2048,Afterlife,Atmosphere,Tale Of Us,23:00 - 01:00,20 July,2019,Saturday,Weekend 1,Tech House
2049,Glitterbox,Cage,Sheridan,13:00 - 14:30,20 July,2019,Saturday,Weekend 1,Commercial Dance
2050,Monstercat,The Rose Garden,Seven Lions b2b Kill The Noise,20:00 - 21:00,19 July,2019,Friday,Weekend 1,Unknown
2051,Glitterbox,Cage,Simon Dunmore,16:30 - 18:30,20 July,2019,Saturday,Weekend 1,Unknown
2052,Glitterbox,Cage,The Shapeshifters,18:30 - 20:30,20 July,2019,Saturday,Weekend 1,Unknown
2053,Glitterbox,Cage,Roger Sanchez,20:30 - 22:00,20 July,2019,Saturday,Weekend 1,Traditional House
2054,Glitterbox,Cage,Junior Jack,22:00 - 00:00,20 July,2019,Saturday,Weekend 1,Traditional House
2055,Contrair,Casa Corona,Pirrès,12:30 - 14:30,20 July,2019,Saturday,Weekend 1,Unknown
2056,Contrair,Casa Corona,Paramida,14:30 - 16:30,20 July,2019,Saturday,Weekend 1,"Italo, Disco House, Tech House"
2057,Contrair,Casa Corona,Thang,16:30 - 18:00,20 July,2019,Saturday,Weekend 1,Psychedelic Trance
2058,Contrair,Casa Corona,A Local Hero b2b Bafana,18:00 - 20:00,20 July,2019,Saturday,Weekend 1,Unknown
2059,Contrair,Casa Corona,TITIA,20:00 - 22:00,20 July,2019,Saturday,Weekend 1,"Epr, Ambient"
2060,Dirtybird,Core,Reygel & Peri,12:30 - 14:00,20 July,2019,Saturday,Weekend 1,Unknown
2061,Dirtybird,Core,Rebūke,14:00 - 15:30,20 July,2019,Saturday,Weekend 1,Unknown
2062,Dirtybird,Core,Nico Morano,15:30 - 17:00,20 July,2019,Saturday,Weekend 1,"House, Techno"
2063,Dirtybird,Core,Catz 'n Dogz,17:00 - 18:30,20 July,2019,Saturday,Weekend 1,Traditional House
2064,Dirtybird,Core,Robag Whrume,18:30 - 20:00,20 July,2019,Saturday,Weekend 1,Unknown
2065,Dirtybird,Core,wAFF,20:00 - 21:30,20 July,2019,Saturday,Weekend 1,Commercial Dance
2066,Dirtybird,Core,Claude VonStroke,21:30 - 23:00,20 July,2019,Saturday,Weekend 1,"Tech House, Techno"
2067,Dirtybird,Core,Solardo,23:00 - 01:00,20 July,2019,Saturday,Weekend 1,"Electro House, Tech House, Traditional House"
2068,Shine,Freedom,Chris Bekker,12:00 - 13:30,20 July,2019,Saturday,Weekend 1,Unknown
2069,Shine,Freedom,Paul Thomas,13:30 - 14:30,20 July,2019,Saturday,Weekend 1,Traditional House
2070,Shine,Freedom,Will Atkinson,14:30 - 15:30,20 July,2019,Saturday,Weekend 1,Trance
2071,Shine,Freedom,Jordan Suckley,15:30 - 16:30,20 July,2019,Saturday,Weekend 1,Techno
2072,Shine,Freedom,Push,16:30 - 17:30,20 July,2019,Saturday,Weekend 1,"Trance, Progressive House"
2073,Shine,Freedom,Ben Nicky,17:30 - 18:30,20 July,2019,Saturday,Weekend 1,"Progressive House, Trance"
2074,Shine,Freedom,John O'Callaghan & Bryan Kearney,18:30 - 19:30,20 July,2019,Saturday,Weekend 1,Unknown
2075,Glitterbox,Cage,Melvo Baptiste,14:30 - 16:30,20 July,2019,Saturday,Weekend 1,Unknown
2076,Shine,Freedom,Ferry Corsten,21:00 - 22:00,20 July,2019,Saturday,Weekend 1,Trance
2077,Shine,Freedom,Alex M.O.R.P.H.,22:00 - 23:00,20 July,2019,Saturday,Weekend 1,"Electro House, Trance"
2078,Shine,Freedom,Aly & Fila,23:00 - 00:30,20 July,2019,Saturday,Weekend 1,Trance
2079,Netsky & Friends,Garden of Madness,Alison Wonderland,00:00 - 00:55,20 July,2019,Saturday,Weekend 1,Commercial Dance
2080,Netsky & Friends,Garden of Madness,DJ Moe,12:30 - 14:00,20 July,2019,Saturday,Weekend 1,Unknown
2081,Netsky & Friends,Garden of Madness,Hush Hefner,14:00 - 15:00,20 July,2019,Saturday,Weekend 1,Unknown
2082,Netsky & Friends,Garden of Madness,1991,15:00 - 16:00,20 July,2019,Saturday,Weekend 1,Unknown
2083,Netsky & Friends,Garden of Madness,R.O,16:00 - 17:00,20 July,2019,Saturday,Weekend 1,"Techno, Deep House"
2084,Netsky & Friends,Garden of Madness,Holy Goof,17:00 - 18:00,20 July,2019,Saturday,Weekend 1,"Electro House, Bass House"
2085,Netsky & Friends,Garden of Madness,Jauz,18:00 - 19:00,20 July,2019,Saturday,Weekend 1,"Drum & Bass, Dubstep, Electronica, Traditional House, Trap"
2086,Netsky & Friends,Garden of Madness,London On Da Track,19:00 - 20:00,20 July,2019,Saturday,Weekend 1,"Hip-Hop, Trap"
2087,Netsky & Friends,Garden of Madness,Hot Dub Time Machine,20:00 - 21:00,20 July,2019,Saturday,Weekend 1,"Commercial Dance, Indie Dance"
2088,Netsky & Friends,Garden of Madness,A-trak,21:00 - 22:00,20 July,2019,Saturday,Weekend 1,"Electro House, Indie / Underground"
2089,Netsky & Friends,Garden of Madness,Young Thug,22:00 - 22:40,20 July,2019,Saturday,Weekend 1,Rap
2090,Netsky & Friends,Garden of Madness,Netsky,22:40 - 00:00,20 July,2019,Saturday,Weekend 1,Drum & Bass
2091,Radio Ultra Modern,Harbour House,Blvckprint,13:00 - 15:00,20 July,2019,Saturday,Weekend 1,Unknown
2092,Radio Ultra Modern,Harbour House,DRIGAO & IAMGUNZ,15:00 - 17:00,20 July,2019,Saturday,Weekend 1,Unknown
2093,Radio Ultra Modern,Harbour House,Bubba,17:00 - 19:00,20 July,2019,Saturday,Weekend 1,"Electronic, House, Techno"
2094,Radio Ultra Modern,Harbour House,Discobaar A Moeder,19:00 - 21:00,20 July,2019,Saturday,Weekend 1,Dance
2095,Radio Ultra Modern,Harbour House,The Knightriders,23:00 - 01:00,20 July,2019,Saturday,Weekend 1,"Electronic, Dance, House"
2096,I Love The 90's,Kara Savi,DJ Ward,13:00 - 16:30,20 July,2019,Saturday,Weekend 1,Unknown
2097,I Love The 90's,Kara Savi,Furax,16:30 - 17:30,20 July,2019,Saturday,Weekend 1,"Hardcore Techno, Traditional House"
2098,I Love The 90's,Kara Savi,Pat Krimson,17:30 - 18:30,20 July,2019,Saturday,Weekend 1,"Electronic, Dance"
2099,I Love The 90's,Kara Savi,Sven Lanvin,18:30 - 19:30,20 July,2019,Saturday,Weekend 1,Unknown
2100,Shine,Freedom,Paul Van Dyk,19:30 - 21:00,20 July,2019,Saturday,Weekend 1,Trance
2101,I Love The 90's,Kara Savi,Niels Van Gogh,20:30 - 21:30,20 July,2019,Saturday,Weekend 1,"Electro House, Progressive House"
2102,I Love The 90's,Kara Savi,Ward vs Starfighter,21:30 - 22:00,20 July,2019,Saturday,Weekend 1,Unknown
2103,I Love The 90's,Kara Savi,Charly Lownoise & Mental Theo,22:00 - 23:00,20 July,2019,Saturday,Weekend 1,Unknown
2104,Nina Kraviz,L'Orangerie,Marco Bailey,12:30 - 15:30,20 July,2019,Saturday,Weekend 1,"Tech House, Techno"
2105,Nina Kraviz,L'Orangerie,Deniro,15:30 - 17:30,20 July,2019,Saturday,Weekend 1,Unknown
2106,Nina Kraviz,L'Orangerie,Karenn,17:30 - 19:00,20 July,2019,Saturday,Weekend 1,Unknown
2107,Nina Kraviz,L'Orangerie,Paula Temple,19:00 - 21:00,20 July,2019,Saturday,Weekend 1,"Electronica, Techno"
2108,Nina Kraviz,L'Orangerie,Helena Hauff,21:00 - 23:00,20 July,2019,Saturday,Weekend 1,"Electronica, Tech House, Techno"
2109,Nina Kraviz,L'Orangerie,Nina Kraviz,23:00 - 00:55,20 July,2019,Saturday,Weekend 1,Tech House
2110,Ketaloco,Leaf,Steve Slight,12:30 - 14:00,20 July,2019,Saturday,Weekend 1,Unknown
2111,Ketaloco,Leaf,Mees Salomé,14:00 - 15:30,20 July,2019,Saturday,Weekend 1,Unknown
2112,Ketaloco,Leaf,Caspar & Don Cabron,15:30 - 17:30,20 July,2019,Saturday,Weekend 1,Unknown
2113,Ketaloco,Leaf,ARTBAT,17:30 - 19:30,20 July,2019,Saturday,Weekend 1,"Commercial Dance, Electronica"
2114,Ketaloco,Leaf,Midnight Criminals,19:30 - 21:00,20 July,2019,Saturday,Weekend 1,Unknown
2115,Ketaloco,Leaf,Hernan Cattaneo,21:00 - 23:30,20 July,2019,Saturday,Weekend 1,"Progressive House, Tech House"
2116,Lost Frequencies & Friends,Lotus,Toolate Groove,12:00 - 13:00,20 July,2019,Saturday,Weekend 1,House
2117,Lost Frequencies & Friends,Lotus,Mastrovita,13:00 - 14:00,20 July,2019,Saturday,Weekend 1,Unknown
2118,Lost Frequencies & Friends,Lotus,Pretty Pink,14:00 - 15:00,20 July,2019,Saturday,Weekend 1,Electro House
2119,Lost Frequencies & Friends,Lotus,Empra,15:00 - 16:00,20 July,2019,Saturday,Weekend 1,Unknown
2120,Lost Frequencies & Friends,Lotus,Mr Belt & Wezol,16:00 - 17:00,20 July,2019,Saturday,Weekend 1,"House, Deep House, Future House"
2121,Lost Frequencies & Friends,Lotus,Zonderling,17:00 - 18:00,20 July,2019,Saturday,Weekend 1,Commercial Dance
2122,Lost Frequencies & Friends,Lotus,EDX,18:00 - 19:00,20 July,2019,Saturday,Weekend 1,Progressive House
2123,Lost Frequencies & Friends,Lotus,Dom Dolla,19:00 - 20:00,20 July,2019,Saturday,Weekend 1,"Future House, Electro House, Funky House"
2124,Lost Frequencies & Friends,Lotus,Nora En Pure,20:00 - 21:00,20 July,2019,Saturday,Weekend 1,Commercial Dance
2125,I Love The 90's,Kara Savi,Wout,19:30 - 20:30,20 July,2019,Saturday,Weekend 1,House
2126,Lost Frequencies & Friends,Lotus,Tchami & Malaa,22:30 - 23:30,20 July,2019,Saturday,Weekend 1,Unknown
2127,Lost Frequencies & Friends,Lotus,Oscar & The Wolf,23:45 - 01:00,20 July,2019,Saturday,Weekend 1,Unknown
2128,Mainstage,Mainstage,Maceo Plex,12:00 - 14:50,20 July,2019,Saturday,Weekend 1,Tech House
2129,Mainstage,Mainstage,DJ Licious,14:50 - 15:50,20 July,2019,Saturday,Weekend 1,House
2130,Mainstage,Mainstage,Loud Luxury,15:50 - 16:50,20 July,2019,Saturday,Weekend 1,"Progressive House, Tech House, Traditional House"
2131,Mainstage,Mainstage,MATTN,16:50 - 17:50,20 July,2019,Saturday,Weekend 1,"Commercial Dance, Traditional House"
2132,Mainstage,Mainstage,Jonas Blue,17:50 - 18:50,20 July,2019,Saturday,Weekend 1,"Pop House, Tropical House"
2133,Mainstage,Mainstage,Da Tweekaz,18:50 - 19:50,20 July,2019,Saturday,Weekend 1,Hardcore Techno
2134,Mainstage,Mainstage,Yves V,19:50 - 20:50,20 July,2019,Saturday,Weekend 1,Progressive House
2135,Mainstage,Mainstage,W&W,20:50 - 21:50,20 July,2019,Saturday,Weekend 1,Trance
2136,Mainstage,Mainstage,Armin Van Buuren,21:50 - 22:50,20 July,2019,Saturday,Weekend 1,Trance
2137,Mainstage,Mainstage,Dimitri Vegas & Like Mike,22:50 - 23:50,20 July,2019,Saturday,Weekend 1,Electro House
2138,Mainstage,Mainstage,DJ Snake,23:50 - 00:50,20 July,2019,Saturday,Weekend 1,"Electronica, Hard Dance, Trap"
2139,Moosebar,Moosebar,DJ Rino,14:00 - 16:00,20 July,2019,Saturday,Weekend 1,Unknown
2140,Moosebar,Moosebar,Jelle DK,16:00 - 19:00,20 July,2019,Saturday,Weekend 1,"Electronic, Dance, House"
2141,Moosebar,Moosebar,Marco Mzee,19:00 - 20:00,20 July,2019,Saturday,Weekend 1,Unknown
2142,Moosebar,Moosebar,DJ Kurt,20:00 - 22:00,20 July,2019,Saturday,Weekend 1,Unknown
2143,Moosebar,Moosebar,The Bobmeister,22:00 - 23:00,20 July,2019,Saturday,Weekend 1,"Electronic, Dance"
2144,Moosebar,Moosebar,Laurent Wery,23:00 - 00:30,20 July,2019,Saturday,Weekend 1,"Electronic, Dance, House"
2145,Q-Dance,Q-Dance Stage,Dark-E,13:00 - 14:00,20 July,2019,Saturday,Weekend 1,Unknown
2146,Q-Dance,Q-Dance Stage,Audiotricz,14:00 - 15:00,20 July,2019,Saturday,Weekend 1,Hard Dance
2147,Q-Dance,Q-Dance Stage,Code Black,15:00 - 16:00,20 July,2019,Saturday,Weekend 1,"Electronica, Hard Dance"
2148,Q-Dance,Q-Dance Stage,Brennan Heart,16:00 - 17:00,20 July,2019,Saturday,Weekend 1,Hard Dance
2149,Q-Dance,Q-Dance Stage,Devin Wild & JNXD,17:00 - 18:00,20 July,2019,Saturday,Weekend 1,Unknown
2150,Lost Frequencies & Friends,Lotus,Lost Frequencies,21:15 - 22:25,20 July,2019,Saturday,Weekend 1,"Electro House, Electronica, Traditional House"
2151,Q-Dance,Q-Dance Stage,Ran-D,19:00 - 20:00,20 July,2019,Saturday,Weekend 1,Hardcore Techno
2152,Q-Dance,Q-Dance Stage,Psyko Punkz,20:00 - 21:00,20 July,2019,Saturday,Weekend 1,Hardcore Techno
2153,Q-Dance,Q-Dance Stage,Phuture Noize,21:00 - 22:00,20 July,2019,Saturday,Weekend 1,Hard Dance
2154,Q-Dance,Q-Dance Stage,Zatox,22:00 - 23:00,20 July,2019,Saturday,Weekend 1,Hard Dance
2155,Q-Dance,Q-Dance Stage,Sefa,23:00 - 00:00,20 July,2019,Saturday,Weekend 1,Hard Dance
2156,Woody Weekend,The Rave Cave,Many Moore,00:00 - 01:00,20 July,2019,Saturday,Weekend 1,House
2157,Woody Weekend,The Rave Cave,Maximo,13:00 - 14:00,20 July,2019,Saturday,Weekend 1,House
2158,Woody Weekend,The Rave Cave,Samyn,14:00 - 15:00,20 July,2019,Saturday,Weekend 1,Unknown
2159,Woody Weekend,The Rave Cave,Jackless & The Fox,15:00 - 16:00,20 July,2019,Saturday,Weekend 1,Techno
2160,Woody Weekend,The Rave Cave,Thim,16:00 - 17:00,20 July,2019,Saturday,Weekend 1,House
2161,Woody Weekend,The Rave Cave,Que 9,17:00 - 18:00,20 July,2019,Saturday,Weekend 1,Unknown
2162,Woody Weekend,The Rave Cave,Greg Lamore vs Jay Lee Hudson,18:00 - 19:00,20 July,2019,Saturday,Weekend 1,Unknown
2163,Woody Weekend,The Rave Cave,Basement Sounds,19:00 - 20:00,20 July,2019,Saturday,Weekend 1,Unknown
2164,Woody Weekend,The Rave Cave,Wezlee,20:00 - 21:00,20 July,2019,Saturday,Weekend 1,Unknown
2165,Woody Weekend,The Rave Cave,Severe,21:00 - 22:00,20 July,2019,Saturday,Weekend 1,"Industrial, Synthpop, Post-Punk"
2166,Woody Weekend,The Rave Cave,Donelly,22:00 - 23:00,20 July,2019,Saturday,Weekend 1,Pop
2167,Woody Weekend,The Rave Cave,Kneels,23:00 - 00:00,20 July,2019,Saturday,Weekend 1,Unknown
2168,Bonzai,The Rose Garden,Mc Reign & Mc Pyro,12:00 - 13:00,20 July,2019,Saturday,Weekend 1,Unknown
2169,Bonzai,The Rose Garden,Greg S,13:00 - 14:00,20 July,2019,Saturday,Weekend 1,"Techno, Trance"
2170,Bonzai,The Rose Garden,DJ Jan,14:00 - 15:30,20 July,2019,Saturday,Weekend 1,"Hard Trance, Techno"
2171,Bonzai,The Rose Garden,Airwave,15:30 - 17:00,20 July,2019,Saturday,Weekend 1,"Progressive House, Psychedelic Trance"
2172,Bonzai,The Rose Garden,Franky Jones,17:00 - 18:00,20 July,2019,Saturday,Weekend 1,"Techno, Acid"
2173,Bonzai,The Rose Garden,Bountyhunter,18:00 - 19:00,20 July,2019,Saturday,Weekend 1,"Hardcore, Gabber, Electronic"
2174,Bonzai,The Rose Garden,DJ Ghost,19:00 - 20:00,20 July,2019,Saturday,Weekend 1,"Hard Trance, Techno"
2175,Q-Dance,Q-Dance Stage,D-Block & S-te-Fan,18:00 - 19:00,20 July,2019,Saturday,Weekend 1,"Hard Dance, Hardcore Techno"
2176,Bonzai,The Rose Garden,Franky Kloeck,21:00 - 22:30,20 July,2019,Saturday,Weekend 1,"Techno, Hard Trance"
2177,Bonzai,The Rose Garden,Yves Deruyter,22:30 - 23:30,20 July,2019,Saturday,Weekend 1,Trance
2178,Bonzai,The Rose Garden,Bonzai All Stars,23:30 - 01:00,20 July,2019,Saturday,Weekend 1,"Techno, Trance"
2179,GV & Friends,Youphoria,Frederico,12:30 - 14:00,20 July,2019,Saturday,Weekend 1,Funk
2180,GV & Friends,Youphoria,Makasi,14:00 - 15:00,20 July,2019,Saturday,Weekend 1,House
2181,GV & Friends,Youphoria,Double Deejay,15:00 - 16:00,20 July,2019,Saturday,Weekend 1,Unknown
2182,GV & Friends,Youphoria,Nicola Zucchi,16:00 - 17:00,20 July,2019,Saturday,Weekend 1,Unknown
2183,GV & Friends,Youphoria,Merk & Kremont,17:00 - 18:00,20 July,2019,Saturday,Weekend 1,Commercial Dance
2184,GV & Friends,Youphoria,MC Fioti,18:00 - 18:40,20 July,2019,Saturday,Weekend 1,Unknown
2185,GV & Friends,Youphoria,Gianluca Vacchi,18:40 - 21:00,20 July,2019,Saturday,Weekend 1,Commercial Dance
2186,GV & Friends,Youphoria,KHEA,21:00 - 21:45,20 July,2019,Saturday,Weekend 1,Hip-Hop
2187,GV & Friends,Youphoria,Manuel Turizo,21:45 - 22:45,20 July,2019,Saturday,Weekend 1,"Reggaeton, Trap, Latin Dance"
2188,GV & Friends,Youphoria,Afro Bros,22:45 - 00:00,20 July,2019,Saturday,Weekend 1,"Moombahton, Latin House"
2189,KNTXT,Atmosphere,Onyvaa,12:30 - 14:30,21 July,2019,Sunday,Weekend 1,Techno
2190,KNTXT,Atmosphere,Jeroen Search,14:30 - 16:00,21 July,2019,Sunday,Weekend 1,Unknown
2191,KNTXT,Atmosphere,Monoloc,16:00 - 17:30,21 July,2019,Sunday,Weekend 1,Minimal
2192,KNTXT,Atmosphere,Cleric,17:30 - 19:00,21 July,2019,Sunday,Weekend 1,Techno
2193,KNTXT,Atmosphere,Sam Paganini,19:00 - 21:00,21 July,2019,Sunday,Weekend 1,Techno
2194,KNTXT,Atmosphere,Charlotte de Witte,21:00 - 22:30,21 July,2019,Sunday,Weekend 1,Techno
2195,KNTXT,Atmosphere,Richie Hawtin,22:30 - 00:00,21 July,2019,Sunday,Weekend 1,"Tech House, Techno"
2196,Footworxx,Cage,Hardbouncer,13:00 - 14:00,21 July,2019,Sunday,Weekend 1,Unknown
2197,Footworxx,Cage,Richie Gee,14:00 - 15:00,21 July,2019,Sunday,Weekend 1,Hardcore Techno
2198,Footworxx,Cage,Miss Enemy vs Anhatema,15:00 - 16:00,21 July,2019,Sunday,Weekend 1,Unknown
2199,Footworxx,Cage,Deadly Guns,16:00 - 17:00,21 July,2019,Sunday,Weekend 1,Unknown
2200,Bonzai,The Rose Garden,Jan Vervloet,20:00 - 21:00,20 July,2019,Saturday,Weekend 1,Progressive House
2201,Footworxx,Cage,The Satan vs Sei2ure,18:00 - 19:00,21 July,2019,Sunday,Weekend 1,Unknown
2202,Footworxx,Cage,FOOTWORXX MILITANT CREW,19:00 - 20:00,21 July,2019,Sunday,Weekend 1,Unknown
2203,Footworxx,Cage,N-Vitral,20:00 - 21:00,21 July,2019,Sunday,Weekend 1,Commercial Dance
2204,Footworxx,Cage,Malice,21:00 - 22:00,21 July,2019,Sunday,Weekend 1,Rock
2205,Footworxx,Cage,Dr. Peacock,22:00 - 23:00,21 July,2019,Sunday,Weekend 1,Unknown
2206,Footworxx,Cage,F.Noize,23:00 - 00:00,21 July,2019,Sunday,Weekend 1,Unknown
2207,So You Think You Can Funk,Casa Corona,SYTYCF All Stars,12:30 - 14:00,21 July,2019,Sunday,Weekend 1,Unknown
2208,So You Think You Can Funk,Casa Corona,DJ Thong & DJ Droppa & DJ 2EZ,14:00 - 16:00,21 July,2019,Sunday,Weekend 1,Unknown
2209,So You Think You Can Funk,Casa Corona,DJ Soe,16:00 - 17:00,21 July,2019,Sunday,Weekend 1,Unknown
2210,So You Think You Can Funk,Casa Corona,Aso Asin,17:00 - 18:00,21 July,2019,Sunday,Weekend 1,Unknown
2211,So You Think You Can Funk,Casa Corona,Konna,18:00 - 19:00,21 July,2019,Sunday,Weekend 1,Unknown
2212,So You Think You Can Funk,Casa Corona,STIJN DJ Set,19:00 - 21:00,21 July,2019,Sunday,Weekend 1,Unknown
2213,Cocoon,Core,Nick Bril,12:30 - 14:00,21 July,2019,Sunday,Weekend 1,"House, Techno"
2214,Cocoon,Core,Fabe,14:00 - 16:00,21 July,2019,Sunday,Weekend 1,Unknown
2215,Cocoon,Core,Butch,16:00 - 17:30,21 July,2019,Sunday,Weekend 1,Tech House
2216,Cocoon,Core,Ilario Alicante,17:30 - 19:30,21 July,2019,Sunday,Weekend 1,"Tech House, Techno"
2217,Cocoon,Core,KiNK,19:30 - 21:00,21 July,2019,Sunday,Weekend 1,Commercial Dance
2218,Cocoon,Core,Sven Väth,21:00 - 00:00,21 July,2019,Sunday,Weekend 1,Techno
2219,Martin Solveig & Friends,Freedom,Me Time,12:00 - 13:00,21 July,2019,Sunday,Weekend 1,Unknown
2220,Martin Solveig & Friends,Freedom,Dave Lambert,13:00 - 14:00,21 July,2019,Sunday,Weekend 1,Traditional House
2221,Martin Solveig & Friends,Freedom,Boston Bun,14:00 - 15:00,21 July,2019,Sunday,Weekend 1,Unknown
2222,Martin Solveig & Friends,Freedom,Watermät,15:00 - 16:00,21 July,2019,Sunday,Weekend 1,Pop House
2223,Martin Solveig & Friends,Freedom,Curtis Alto,16:00 - 17:00,21 July,2019,Sunday,Weekend 1,Unknown
2224,Martin Solveig & Friends,Freedom,Michael Calfan,17:00 - 18:00,21 July,2019,Sunday,Weekend 1,Traditional House
2225,Footworxx,Cage,Garra,17:00 - 18:00,21 July,2019,Sunday,Weekend 1,Unknown
2226,Martin Solveig & Friends,Freedom,Henri PFR,19:00 - 20:30,21 July,2019,Sunday,Weekend 1,"Commercial Dance, Electronica, Traditional House"
2227,Martin Solveig & Friends,Freedom,Martin Solveig & Jax Jones Present: Europa,20:30 - 22:00,21 July,2019,Sunday,Weekend 1,Unknown
2228,Martin Solveig & Friends,Freedom,Kungs,22:00 - 23:00,21 July,2019,Sunday,Weekend 1,"Tech House, Traditional House"
2229,Martin Solveig & Friends,Freedom,Bakermat,23:00 - 00:00,21 July,2019,Sunday,Weekend 1,Deep House
2230,ANTS,Garden of Madness,Paradise City Soundsystem,12:00 - 14:00,21 July,2019,Sunday,Weekend 1,Unknown
2231,ANTS,Garden of Madness,La Fleur,14:00 - 16:00,21 July,2019,Sunday,Weekend 1,"Traditional House, Techno"
2232,ANTS,Garden of Madness,ANOTR,16:00 - 17:30,21 July,2019,Sunday,Weekend 1,Techno
2233,ANTS,Garden of Madness,Andhim,17:30 - 19:00,21 July,2019,Sunday,Weekend 1,"Progressive House, Tech House"
2234,ANTS,Garden of Madness,Fisher,19:00 - 20:30,21 July,2019,Sunday,Weekend 1,"Commercial Dance, Electro House, Tech House, Traditional House"
2235,ANTS,Garden of Madness,Andrea Oliva,20:30 - 22:00,21 July,2019,Sunday,Weekend 1,"Minimal, Tech House"
2236,ANTS,Garden of Madness,Joris Voorn,22:00 - 23:50,21 July,2019,Sunday,Weekend 1,"Tech House, Techno"
2237,Radio Ultra Modern,Harbour House,Frederico ft. Lotte Feyen,13:00 - 15:00,21 July,2019,Sunday,Weekend 1,Unknown
2238,Radio Ultra Modern,Harbour House,Rakka,15:00 - 17:00,21 July,2019,Sunday,Weekend 1,Unknown
2239,Radio Ultra Modern,Harbour House,Team DAMP,17:00 - 19:00,21 July,2019,Sunday,Weekend 1,"Electronic, Dance, House"
2240,Radio Ultra Modern,Harbour House,DJ Flash,21:00 - 00:00,21 July,2019,Sunday,Weekend 1,"Electronic, Dance, House"
2241,Alteza,Kara Savi,Firaga,12:30 - 14:00,21 July,2019,Sunday,Weekend 1,Psytrance
2242,Alteza,Kara Savi,Coexist,14:00 - 15:00,21 July,2019,Sunday,Weekend 1,Unknown
2243,Alteza,Kara Savi,Day Din,15:00 - 16:00,21 July,2019,Sunday,Weekend 1,Unknown
2244,Alteza,Kara Savi,Phanatic,16:00 - 17:00,21 July,2019,Sunday,Weekend 1,Unknown
2245,Alteza,Kara Savi,WHITENO1SE,17:00 - 18:00,21 July,2019,Sunday,Weekend 1,Psytrance
2246,Alteza,Kara Savi,Reality Test,18:00 - 19:00,21 July,2019,Sunday,Weekend 1,Unknown
2247,Alteza,Kara Savi,Animato,19:00 - 20:00,21 July,2019,Sunday,Weekend 1,Unknown
2248,Alteza,Kara Savi,Vini Vici,20:00 - 21:30,21 July,2019,Sunday,Weekend 1,"Psychedelic Trance, Trance"
2249,Alteza,Kara Savi,Infected Mushroom - Retro Live Show,21:30 - 23:00,21 July,2019,Sunday,Weekend 1,Unknown
2250,Martin Solveig & Friends,Freedom,Symphony of Unity,18:00 - 19:00,21 July,2019,Sunday,Weekend 1,"Classical, Orchestral"
2251,Rampage,L'Orangerie,Radar Records Soundsystem,12:30 - 13:30,21 July,2019,Sunday,Weekend 1,Unknown
2252,Rampage,L'Orangerie,Bare Up,13:30 - 14:30,21 July,2019,Sunday,Weekend 1,Unknown
2253,Rampage,L'Orangerie,Maduk & MC Mota,14:30 - 15:30,21 July,2019,Sunday,Weekend 1,Unknown
2254,Rampage,L'Orangerie,Emalkay b2b Subscape,15:30 - 16:30,21 July,2019,Sunday,Weekend 1,Unknown
2255,Rampage,L'Orangerie,Hype & Hazard,16:30 - 17:30,21 July,2019,Sunday,Weekend 1,Unknown
2256,Rampage,L'Orangerie,Pegboard Nerds,17:30 - 18:30,21 July,2019,Sunday,Weekend 1,Dubstep
2257,Rampage,L'Orangerie,Flux Pavilion,18:30 - 19:30,21 July,2019,Sunday,Weekend 1,Dubstep
2258,Rampage,L'Orangerie,Murdock & MC Mota,19:30 - 20:30,21 July,2019,Sunday,Weekend 1,Unknown
2259,Rampage,L'Orangerie,Delta Heavy & MC Mota,20:30 - 21:30,21 July,2019,Sunday,Weekend 1,Unknown
2260,Rampage,L'Orangerie,Roni Size & MC Dynamite,21:30 - 22:45,21 July,2019,Sunday,Weekend 1,Unknown
2261,Rampage,L'Orangerie,Barely Alive b2b PhaseOne b2b Virtual Riot,22:45 - 00:00,21 July,2019,Sunday,Weekend 1,Unknown
2262,Café Mambo,Leaf,Dominico,12:30 - 14:00,21 July,2019,Sunday,Weekend 1,Tech House
2263,Café Mambo,Leaf,Danny Howard,14:00 - 15:30,21 July,2019,Sunday,Weekend 1,Commercial Dance
2264,Café Mambo,Leaf,Harry Romero,15:30 - 17:00,21 July,2019,Sunday,Weekend 1,Tech House
2265,Café Mambo,Leaf,Lovely Laura & Ben Santiago,17:00 - 18:00,21 July,2019,Sunday,Weekend 1,Unknown
2266,Café Mambo,Leaf,Mambo Brothers,18:00 - 20:00,21 July,2019,Sunday,Weekend 1,House
2267,Café Mambo,Leaf,Doorly,20:00 - 22:00,21 July,2019,Sunday,Weekend 1,"Dubstep, Tech House"
2268,Café Mambo,Leaf,Yamo,22:00 - 23:30,21 July,2019,Sunday,Weekend 1,"Electronic, Experimental"
2269,Smash The House,Lotus,Odssey,12:00 - 13:00,21 July,2019,Sunday,Weekend 1,Deep House
2270,Smash The House,Lotus,D'Angello & Francis b2b MAD M.A.C,13:00 - 14:00,21 July,2019,Sunday,Weekend 1,Unknown
2271,Smash The House,Lotus,Matt Medved,14:00 - 15:00,21 July,2019,Sunday,Weekend 1,Unknown
2272,Smash The House,Lotus,Tom & Collins b2b Mr. Pig,15:00 - 16:00,21 July,2019,Sunday,Weekend 1,Unknown
2273,Smash The House,Lotus,Angemi,16:00 - 17:00,21 July,2019,Sunday,Weekend 1,"Electronic, Dance"
2274,Smash The House,Lotus,Lil Kleine,16:30 - 17:00,21 July,2019,Sunday,Weekend 1,Unknown
2275,Alteza,Kara Savi,Blastoyz,23:00 - 00:00,21 July,2019,Sunday,Weekend 1,Psytrance
2276,Smash The House,Lotus,Quintino,18:15 - 19:15,21 July,2019,Sunday,Weekend 1,Electro House
2277,Smash The House,Lotus,J Balvin,19:30 - 20:25,21 July,2019,Sunday,Weekend 1,Reggaeton
2278,Smash The House,Lotus,Nicky Romero,20:30 - 21:30,21 July,2019,Sunday,Weekend 1,Progressive House
2279,Smash The House,Lotus,Dimitri Vegas & Like Mike,21:30 - 22:30,21 July,2019,Sunday,Weekend 1,Electro House
2280,Smash The House,Lotus,Wolfpack,22:30 - 23:30,21 July,2019,Sunday,Weekend 1,"Commercial Dance, Electro House, Progressive House"
2281,Mainstage,Mainstage,Cosmic Gate,12:30 - 14:20,21 July,2019,Sunday,Weekend 1,"Progressive House, Trance"
2282,Mainstage,Mainstage,MaRLo,14:20 - 15:20,21 July,2019,Sunday,Weekend 1,Trance
2283,Mainstage,Mainstage,Fedde Le Grand,15:20 - 16:20,21 July,2019,Sunday,Weekend 1,Progressive House
2284,Mainstage,Mainstage,Bassjackers,16:20 - 17:20,21 July,2019,Sunday,Weekend 1,Electro House
2285,Mainstage,Mainstage,Laidback Luke,17:20 - 18:20,21 July,2019,Sunday,Weekend 1,Electro House
2286,Mainstage,Mainstage,Robin Schulz,18:20 - 19:20,21 July,2019,Sunday,Weekend 1,Commercial Dance
2287,Mainstage,Mainstage,Timmy Trumpet,19:20 - 20:20,21 July,2019,Sunday,Weekend 1,Progressive House
2288,Mainstage,Mainstage,Afrojack,20:20 - 21:20,21 July,2019,Sunday,Weekend 1,"Electro House, Progressive House"
2289,Mainstage,Mainstage,Kölsch,21:20 - 22:20,21 July,2019,Sunday,Weekend 1,Commercial Dance
2290,Mainstage,Mainstage,Steve Aoki & Dimitri Vegas & Like Mike,22:20 - 23:50,21 July,2019,Sunday,Weekend 1,Unknown
2291,Moosebar,Moosebar,Jeroen Visser,14:00 - 16:00,21 July,2019,Sunday,Weekend 1,"Electronic, Dance, House"
2292,Moosebar,Moosebar,Thierry von der Warth,16:00 - 19:00,21 July,2019,Sunday,Weekend 1,Unknown
2293,Moosebar,Moosebar,Viktor & Kobe,19:00 - 20:00,21 July,2019,Sunday,Weekend 1,"Electronic, Dance"
2294,Moosebar,Moosebar,Frank Mellermans,20:00 - 22:00,21 July,2019,Sunday,Weekend 1,Unknown
2295,Moosebar,Moosebar,Jan V,22:00 - 00:00,21 July,2019,Sunday,Weekend 1,"Electronic, Techno"
2296,Q-Dance presents: Sunday Funday,Q-Dance Stage,Ransom,13:00 - 14:00,21 July,2019,Sunday,Weekend 1,Unknown
2297,Q-Dance presents: Sunday Funday,Q-Dance Stage,Zany,14:00 - 15:00,21 July,2019,Sunday,Weekend 1,Hardcore Techno
2298,Q-Dance presents: Sunday Funday,Q-Dance Stage,Outsiders,15:00 - 16:00,21 July,2019,Sunday,Weekend 1,Hard Dance
2299,Q-Dance presents: Sunday Funday,Q-Dance Stage,Ruthless & The Darkraver,16:00 - 17:00,21 July,2019,Sunday,Weekend 1,Unknown
2300,Smash The House,Lotus,Paris Hilton,17:30 - 18:15,21 July,2019,Sunday,Weekend 1,"Electronic, Dance"
2301,Q-Dance presents: Sunday Funday,Q-Dance Stage,Pat B,18:00 - 18:30,21 July,2019,Sunday,Weekend 1,Rock
2302,Q-Dance presents: Sunday Funday,Q-Dance Stage,Tweekacore & Darren Styles,18:30 - 19:30,21 July,2019,Sunday,Weekend 1,Unknown
2303,Q-Dance presents: Sunday Funday,Q-Dance Stage,LNY TNZ,19:30 - 20:30,21 July,2019,Sunday,Weekend 1,Hard Dance
2304,Q-Dance presents: Sunday Funday,Q-Dance Stage,Mark with a K & Warface & MC Chucky,20:30 - 21:00,21 July,2019,Sunday,Weekend 1,Unknown
2305,Q-Dance presents: Sunday Funday,Q-Dance Stage,Coone,21:00 - 22:00,21 July,2019,Sunday,Weekend 1,Hard Dance
2306,Q-Dance presents: Sunday Funday,Q-Dance Stage,Korsakoff,22:00 - 23:00,21 July,2019,Sunday,Weekend 1,"Hardcore Techno, Psychedelic Trance"
2307,GOOSE DJ's & FRIENDS,The Rave Cave,Tom Sea,13:00 - 14:00,21 July,2019,Sunday,Weekend 1,Unknown
2308,GOOSE DJ's & FRIENDS,The Rave Cave,B,14:00 - 15:00,21 July,2019,Sunday,Weekend 1,Commercial Dance
2309,GOOSE DJ's & FRIENDS,The Rave Cave,Palmbomen II,15:00 - 17:00,21 July,2019,Sunday,Weekend 1,"Deep House, Acid House, Techno, Eperimental"
2310,GOOSE DJ's & FRIENDS,The Rave Cave,Cellini b2b Goose,17:00 - 18:30,21 July,2019,Sunday,Weekend 1,Unknown
2311,GOOSE DJ's & FRIENDS,The Rave Cave,GOOSE DJ,18:30 - 19:30,21 July,2019,Sunday,Weekend 1,Unknown
2312,GOOSE DJ's & FRIENDS,The Rave Cave,Surprise,19:30 - 20:15,21 July,2019,Sunday,Weekend 1,Unknown
2313,GOOSE DJ's & FRIENDS,The Rave Cave,John Noseda,21:15 - 22:30,21 July,2019,Sunday,Weekend 1,Unknown
2314,GOOSE DJ's & FRIENDS,The Rave Cave,LXNGTN,22:30 - 00:00,21 July,2019,Sunday,Weekend 1,Unknown
2315,Masquerade,The Rose Garden,Two Pauz,12:30 - 14:00,21 July,2019,Sunday,Weekend 1,Unknown
2316,Masquerade,The Rose Garden,Siege,14:00 - 15:00,21 July,2019,Sunday,Weekend 1,"House, Techno"
2317,Masquerade,The Rose Garden,Lars Moston,15:00 - 16:30,21 July,2019,Sunday,Weekend 1,Commercial Dance
2318,Masquerade,The Rose Garden,Riva Starr,16:30 - 18:00,21 July,2019,Sunday,Weekend 1,Tech House
2319,Masquerade,The Rose Garden,Tensnake,18:00 - 19:30,21 July,2019,Sunday,Weekend 1,Disco House
2320,Masquerade,The Rose Garden,Purple Disco Machine,19:30 - 21:00,21 July,2019,Sunday,Weekend 1,"Deep House, Funk House, Disco House"
2321,Masquerade,The Rose Garden,Claptone,21:00 - 22:30,21 July,2019,Sunday,Weekend 1,"Electro House, Tech House, Techno, Traditional House"
2322,Masquerade,The Rose Garden,Sonny Fodera,22:30 - 00:00,21 July,2019,Sunday,Weekend 1,Traditional House
2323,Nervo Nation,Youphoria,Myma,12:30 - 14:00,21 July,2019,Sunday,Weekend 1,Unknown
2324,Nervo Nation,Youphoria,Sem Thomasson,14:00 - 15:00,21 July,2019,Sunday,Weekend 1,Progressive House
2325,Q-Dance presents: Sunday Funday,Q-Dance Stage,MANDY,17:00 - 18:00,21 July,2019,Sunday,Weekend 1,Hard Dance
2326,Nervo Nation,Youphoria,Mike Williams,16:00 - 17:00,21 July,2019,Sunday,Weekend 1,"Commercial Dance, Drum & Bass, Electronica, Progressive House, Traditional House"
2327,Nervo Nation,Youphoria,Danny Avila,17:00 - 18:00,21 July,2019,Sunday,Weekend 1,Electro House
2328,Nervo Nation,Youphoria,Sofi Tukker,18:00 - 19:00,21 July,2019,Sunday,Weekend 1,Commercial Dance
2329,Nervo Nation,Youphoria,Tinie Tempah,20:00 - 21:00,21 July,2019,Sunday,Weekend 1,Unknown
2330,Nervo Nation,Youphoria,Nervo,21:00 - 22:00,21 July,2019,Sunday,Weekend 1,"Electro House, Progressive House"
2331,Nervo Nation,Youphoria,Dannic b2b Sem Vox,22:00 - 23:00,21 July,2019,Sunday,Weekend 1,Unknown
2332,Nervo Nation,Youphoria,Eastblock Bitches b2b Firebeatz,23:00 - 23:50,21 July,2019,Sunday,Weekend 1,Unknown
2333,The Gathering,The Gathering,W&W,00:15 - 01:00,25 July,2019,Thursday,Weekend 2,Trance
2334,The Gathering,The Gathering,Shiver,13:00 - 14:00,25 July,2019,Thursday,Weekend 2,"Progressive House, Trance"
2335,The Gathering,The Gathering,Odssey,14:00 - 15:00,25 July,2019,Thursday,Weekend 2,Deep House
2336,The Gathering,The Gathering,Jeroen Delodder,15:00 - 15:45,25 July,2019,Thursday,Weekend 2,"Electronic, Dance, House"
2337,The Gathering,The Gathering,Prinz,15:45 - 16:30,25 July,2019,Thursday,Weekend 2,Techno
2338,The Gathering,The Gathering,Michael Amani,16:30 - 17:15,25 July,2019,Thursday,Weekend 2,"House, Techno"
2339,The Gathering,The Gathering,Curtis Alto,17:15 - 18:00,25 July,2019,Thursday,Weekend 2,Unknown
2340,The Gathering,The Gathering,Mystique B2B Makaso,18:00 - 18:45,25 July,2019,Thursday,Weekend 2,Unknown
2341,The Gathering,The Gathering,DJ Licious,18:45 - 19:30,25 July,2019,Thursday,Weekend 2,House
2342,The Gathering,The Gathering,Yves Deruyter,19:30 - 20:30,25 July,2019,Thursday,Weekend 2,Trance
2343,The Gathering,The Gathering,MANDY,20:30 - 21:15,25 July,2019,Thursday,Weekend 2,Hard Dance
2344,The Gathering,The Gathering,Robert Falcon,21:15 - 22:00,25 July,2019,Thursday,Weekend 2,Unknown
2345,The Gathering,The Gathering,Netsky,22:00 - 22:45,25 July,2019,Thursday,Weekend 2,Drum & Bass
2346,The Gathering,The Gathering,Regi vs Yves V,22:45 - 23:30,25 July,2019,Thursday,Weekend 2,Unknown
2347,The Gathering,The Gathering,Sunnery James & Ryan Marciano,23:30 - 00:15,25 July,2019,Thursday,Weekend 2,Electro House
2348,Carl Cox invites Space Ibiza,Atmosphere,Joyhauser,12:30 - 14:00,26 July,2019,Friday,Weekend 2,"Commercial Dance, Electronica, Techno, Trance"
2349,Carl Cox invites Space Ibiza,Atmosphere,UNER,14:00 - 15:30,26 July,2019,Friday,Weekend 2,Tech House
2350,Nervo Nation,Youphoria,Throttle,15:00 - 16:00,21 July,2019,Sunday,Weekend 1,"Commercial Dance, Electronica"
2351,Carl Cox invites Space Ibiza,Atmosphere,Monika Kruse,17:00 - 19:00,26 July,2019,Friday,Weekend 2,"Tech House, Techno"
2352,Carl Cox invites Space Ibiza,Atmosphere,Amelie Lens,19:00 - 21:00,26 July,2019,Friday,Weekend 2,"Electronica, Techno, Trance"
2353,Carl Cox invites Space Ibiza,Atmosphere,Pan-Pot,21:00 - 23:00,26 July,2019,Friday,Weekend 2,"Minimal, Techno"
2354,Carl Cox invites Space Ibiza,Atmosphere,Carl Cox,23:00 - 01:00,26 July,2019,Friday,Weekend 2,"Tech House, Techno"
2355,Onraad,Cage,Double U Jay,13:00 - 14:30,26 July,2019,Friday,Weekend 2,Unknown
2356,Onraad,Cage,TWR72,14:30 - 16:00,26 July,2019,Friday,Weekend 2,Unknown
2357,Onraad,Cage,PTTRN,16:00 - 17:30,26 July,2019,Friday,Weekend 2,Unknown
2358,Onraad,Cage,Himperson,17:30 - 19:00,26 July,2019,Friday,Weekend 2,Electronic
2359,Onraad,Cage,Gary Beck,19:00 - 20:30,26 July,2019,Friday,Weekend 2,"Tech House, Techno"
2360,Onraad,Cage,O/V/R,20:30 - 22:30,26 July,2019,Friday,Weekend 2,Unknown
2361,Onraad,Cage,Lewis Fautzi,22:30 - 00:00,26 July,2019,Friday,Weekend 2,"Techno, Tech House, Deep House"
2362,Sirkus,Casa Corona,Pudde b2b Simon Dobbs,12:30 - 14:30,26 July,2019,Friday,Weekend 2,Unknown
2363,Sirkus,Casa Corona,Michael Sanchez,14:30 - 15:30,26 July,2019,Friday,Weekend 2,Unknown
2364,Sirkus,Casa Corona,Nader Razdar,15:30 - 16:30,26 July,2019,Friday,Weekend 2,Unknown
2365,Sirkus,Casa Corona,Artslaves,16:30 - 18:00,26 July,2019,Friday,Weekend 2,Unknown
2366,Sirkus,Casa Corona,Tini Gessler b2b Toni Varga,18:00 - 19:30,26 July,2019,Friday,Weekend 2,Unknown
2367,Sirkus,Casa Corona,Nukov & Yelmet,19:30 - 21:00,26 July,2019,Friday,Weekend 2,Unknown
2368,Sirkus,Casa Corona,Crazy Sirkus b2b2b2b2b,21:00 - 22:00,26 July,2019,Friday,Weekend 2,Unknown
2369,Nico Morano & Friends,Core,Tom Zeta,12:30 - 14:00,26 July,2019,Friday,Weekend 2,Unknown
2370,Nico Morano & Friends,Core,Timmerman,14:00 - 15:30,26 July,2019,Friday,Weekend 2,Unknown
2371,Nico Morano & Friends,Core,Animal Trainer,15:30 - 17:00,26 July,2019,Friday,Weekend 2,Commercial Dance
2372,Nico Morano & Friends,Core,Jan Blomqvist,17:00 - 18:30,26 July,2019,Friday,Weekend 2,"Techno, Progressive House, Deep House"
2373,Nico Morano & Friends,Core,Nico Morano,18:30 - 20:30,26 July,2019,Friday,Weekend 2,"House, Techno"
2374,Nico Morano & Friends,Core,Eelke Kleijn,20:30 - 22:00,26 July,2019,Friday,Weekend 2,Progressive House
2375,Carl Cox invites Space Ibiza,Atmosphere,ANNA,15:30 - 17:00,26 July,2019,Friday,Weekend 2,Techno
2376,Nico Morano & Friends,Core,Edu Imbernon b2b Nico Morano,23:30 - 01:00,26 July,2019,Friday,Weekend 2,Unknown
2377,Eric Prydz presents Holosphere,Freedom,Goldfox,12:00 - 13:30,26 July,2019,Friday,Weekend 2,"Electronic, Dance"
2378,Eric Prydz presents Holosphere,Freedom,Neon,13:30 - 15:00,26 July,2019,Friday,Weekend 2,Electronic
2379,Eric Prydz presents Holosphere,Freedom,Rebuke,15:00 - 16:30,26 July,2019,Friday,Weekend 2,Unknown
2380,Eric Prydz presents Holosphere,Freedom,Maya Jane Coles,16:30 - 18:00,26 July,2019,Friday,Weekend 2,Tech House
2381,Eric Prydz presents Holosphere,Freedom,2manyDJ's,18:00 - 19:30,26 July,2019,Friday,Weekend 2,Unknown
2382,Eric Prydz presents Holosphere,Freedom,Peggy Gou,19:30 - 21:00,26 July,2019,Friday,Weekend 2,"Commercial Dance, Electro House, Electronica, Techno, Traditional House"
2383,Eric Prydz presents Holosphere,Freedom,Adam Beyer b2b Ida Engberg,21:00 - 23:00,26 July,2019,Friday,Weekend 2,Unknown
2384,Eric Prydz presents Holosphere,Freedom,Eric Prydz,23:00 - 01:00,26 July,2019,Friday,Weekend 2,Progressive House
2385,V Sessions vs. Freak Show,Garden of Madness,Danko,12:30 - 13:30,26 July,2019,Friday,Weekend 2,Unknown
2386,V Sessions vs. Freak Show,Garden of Madness,Brian Cross vs Jerry Davila & DJ Pelos,13:30 - 14:30,26 July,2019,Friday,Weekend 2,Unknown
2387,V Sessions vs. Freak Show,Garden of Madness,Robert Falcon,14:30 - 15:30,26 July,2019,Friday,Weekend 2,Unknown
2388,V Sessions vs. Freak Show,Garden of Madness,Mariana Bo,15:30 - 16:30,26 July,2019,Friday,Weekend 2,"Dubstep, Hard Dance, Hardcore Techno, Psychedelic Trance, Traditional House"
2389,V Sessions vs. Freak Show,Garden of Madness,Sevenn,16:30 - 17:30,26 July,2019,Friday,Weekend 2,Bass Music
2390,V Sessions vs. Freak Show,Garden of Madness,Carta,17:30 - 18:30,26 July,2019,Friday,Weekend 2,"Electronica, Hard Dance, Tech House, Techno"
2391,V Sessions vs. Freak Show,Garden of Madness,Blasterjaxx,18:30 - 19:30,26 July,2019,Friday,Weekend 2,Commercial Dance
2392,V Sessions vs. Freak Show,Garden of Madness,Regi,19:30 - 20:30,26 July,2019,Friday,Weekend 2,"Trance, Big Room House"
2393,V Sessions vs. Freak Show,Garden of Madness,Laidback Luke,20:30 - 21:30,26 July,2019,Friday,Weekend 2,Electro House
2394,V Sessions vs. Freak Show,Garden of Madness,Yves V,21:30 - 22:30,26 July,2019,Friday,Weekend 2,Progressive House
2395,V Sessions vs. Freak Show,Garden of Madness,Timmy Trumpet,22:30 - 23:30,26 July,2019,Friday,Weekend 2,Progressive House
2396,V Sessions vs. Freak Show,Garden of Madness,Brennan Heart,23:30 - 00:30,26 July,2019,Friday,Weekend 2,Hard Dance
2397,Radio Ultra Modern,Harbour House,NESSA SOW,13:00 - 15:00,26 July,2019,Friday,Weekend 2,Unknown
2398,Radio Ultra Modern,Harbour House,B-KAY,15:00 - 17:00,26 July,2019,Friday,Weekend 2,"Electronic, Dance, House"
2399,Radio Ultra Modern,Harbour House,Bart & Baker,17:00 - 19:00,26 July,2019,Friday,Weekend 2,"Electronic, Dance, House, Swing"
2400,Nico Morano & Friends,Core,Denis Horvat,22:00 - 23:30,26 July,2019,Friday,Weekend 2,"Techno, Techno"
2401,Radio Ultra Modern,Harbour House,Rakesh aka Blackjack9000,21:00 - 23:00,26 July,2019,Friday,Weekend 2,House
2402,Radio Ultra Modern,Harbour House,MegaMen vs. Antoine Simar,23:00 - 01:00,26 July,2019,Friday,Weekend 2,Unknown
2403,Shaqs Fun House,Kara Savi,DJ Q-La Lane,13:00 - 14:30,26 July,2019,Friday,Weekend 2,Unknown
2404,Shaqs Fun House,Kara Savi,Kid Noize,14:30 - 16:00,26 July,2019,Friday,Weekend 2,Unknown
2405,Shaqs Fun House,Kara Savi,Codeko,16:00 - 17:00,26 July,2019,Friday,Weekend 2,"Future Bass, Trap, Midtempo Bass, Dubstep"
2406,Shaqs Fun House,Kara Savi,Nitti Gritti,17:00 - 18:00,26 July,2019,Friday,Weekend 2,"Commercial Dance, Electronica"
2407,Shaqs Fun House,Kara Savi,Spag Heddy,18:00 - 19:00,26 July,2019,Friday,Weekend 2,"Drum & Bass, Dubstep, Electronica, Hip-Hop"
2408,Shaqs Fun House,Kara Savi,The Jillionaire,19:00 - 20:00,26 July,2019,Friday,Weekend 2,Unknown
2409,Shaqs Fun House,Kara Savi,Whipped Cream,20:00 - 21:00,26 July,2019,Friday,Weekend 2,"Bass Music, Trap, Club Music"
2410,Shaqs Fun House,Kara Savi,Kayzo,21:00 - 22:00,26 July,2019,Friday,Weekend 2,Commercial Dance
2411,Shaqs Fun House,Kara Savi,DJ Diesel,22:00 - 23:00,26 July,2019,Friday,Weekend 2,"Electronic, Dance"
2412,Shaqs Fun House,Kara Savi,Carnage,23:00 - 00:00,26 July,2019,Friday,Weekend 2,"Dubstep, Hip-Hop, Trap"
2413,Heldeep,L'Orangerie,Mad Teeth,12:30 - 14:00,26 July,2019,Friday,Weekend 2,Unknown
2414,Heldeep,L'Orangerie,CID,14:00 - 15:30,26 July,2019,Friday,Weekend 2,Rap
2415,Heldeep,L'Orangerie,Toby Green,15:30 - 17:00,26 July,2019,Friday,Weekend 2,Commercial Dance
2416,Heldeep,L'Orangerie,Ofenbach,17:00 - 18:00,26 July,2019,Friday,Weekend 2,"Deep House, Electro House"
2417,Heldeep,L'Orangerie,Fedde Le Grand,18:00 - 19:00,26 July,2019,Friday,Weekend 2,Progressive House
2418,Heldeep,L'Orangerie,Disciples,19:00 - 20:30,26 July,2019,Friday,Weekend 2,"Electronica, Traditional House"
2419,Heldeep,L'Orangerie,Felix Jaehn,20:30 - 22:00,26 July,2019,Friday,Weekend 2,"Deep House, Tech House"
2420,Heldeep,L'Orangerie,Oliver Heldens,22:00 - 23:30,26 July,2019,Friday,Weekend 2,"Electro House, Electronica, Techno"
2421,Heldeep,L'Orangerie,ALOK,23:30 - 00:50,26 July,2019,Friday,Weekend 2,Commercial Dance
2422,Do Not Sit On The Furniture,Leaf,Akira,12:30 - 14:00,26 July,2019,Friday,Weekend 2,Trance
2423,Do Not Sit On The Furniture,Leaf,Modd,14:00 - 15:30,26 July,2019,Friday,Weekend 2,Unknown
2424,Do Not Sit On The Furniture,Leaf,Kora,15:30 - 17:30,26 July,2019,Friday,Weekend 2,"Deep House, Tech House"
2425,Radio Ultra Modern,Harbour House,Crazy Sir-G,19:00 - 21:00,26 July,2019,Friday,Weekend 2,Unknown
2426,Do Not Sit On The Furniture,Leaf,Behrouz,19:30 - 21:30,26 July,2019,Friday,Weekend 2,Traditional House
2427,Do Not Sit On The Furniture,Leaf,WhoMadeWho,21:30 - 23:30,26 July,2019,Friday,Weekend 2,Commercial Dance
2428,Hexagon,Lotus,Russian Roulette,00:15 - 01:00,26 July,2019,Friday,Weekend 2,Unknown
2429,Hexagon,Lotus,Jennifer Cooke,12:30 - 14:00,26 July,2019,Friday,Weekend 2,Unknown
2430,Hexagon,Lotus,JLV,14:00 - 15:00,26 July,2019,Friday,Weekend 2,Unknown
2431,Hexagon,Lotus,RetroVision,15:00 - 16:00,26 July,2019,Friday,Weekend 2,Unknown
2432,Hexagon,Lotus,DJ Licious,16:00 - 17:00,26 July,2019,Friday,Weekend 2,House
2433,Hexagon,Lotus,Henri PFR,17:00 - 18:00,26 July,2019,Friday,Weekend 2,"Commercial Dance, Electronica, Traditional House"
2434,Hexagon,Lotus,Zonderling,18:00 - 19:00,26 July,2019,Friday,Weekend 2,Commercial Dance
2435,Hexagon,Lotus,Tchami & Malaa,19:00 - 20:00,26 July,2019,Friday,Weekend 2,Unknown
2436,Hexagon,Lotus,Don Diablo,20:00 - 22:00,26 July,2019,Friday,Weekend 2,Progressive House
2437,Hexagon,Lotus,Hexagon All Stars,22:00 - 23:00,26 July,2019,Friday,Weekend 2,Unknown
2438,Hexagon,Lotus,Martin Solveig Live,23:15 - 00:15,26 July,2019,Friday,Weekend 2,Unknown
2439,Mainstage,Mainstage,15Y Spectacle,00:50 - 01:00,26 July,2019,Friday,Weekend 2,Unknown
2440,Mainstage,Mainstage,Kölsch,12:00 - 14:50,26 July,2019,Friday,Weekend 2,Commercial Dance
2441,Mainstage,Mainstage,Boris Brejcha,14:50 - 15:50,26 July,2019,Friday,Weekend 2,"Minimal, Techno"
2442,Mainstage,Mainstage,Mark With a K & Mc Chucky,15:50 - 16:50,26 July,2019,Friday,Weekend 2,"Jumpstyle, Hardstyle"
2443,Mainstage,Mainstage,Mike Williams,16:50 - 17:50,26 July,2019,Friday,Weekend 2,"Commercial Dance, Drum & Bass, Electronica, Progressive House, Traditional House"
2444,Mainstage,Mainstage,Kungs,17:50 - 18:50,26 July,2019,Friday,Weekend 2,"Tech House, Traditional House"
2445,Mainstage,Mainstage,Sunnery James & Ryan Marciano,18:50 - 19:50,26 July,2019,Friday,Weekend 2,Electro House
2446,Mainstage,Mainstage,Charlotte de Witte,19:50 - 20:50,26 July,2019,Friday,Weekend 2,Techno
2447,Mainstage,Mainstage,Nicky Romero,20:50 - 21:50,26 July,2019,Friday,Weekend 2,Progressive House
2448,Mainstage,Mainstage,Alesso,21:50 - 22:50,26 July,2019,Friday,Weekend 2,Progressive House
2449,Mainstage,Mainstage,Armin Van Buuren,22:50 - 23:50,26 July,2019,Friday,Weekend 2,Trance
2450,Do Not Sit On The Furniture,Leaf,Seth Schwarz,17:30 - 19:30,26 July,2019,Friday,Weekend 2,"Tech House, Progressive House"
2451,Moosebar,Moosebar,Lareunt Wery,14:00 - 16:00,26 July,2019,Friday,Weekend 2,Unknown
2452,Moosebar,Moosebar,Freest DJ Lucki Luc,16:00 - 18:00,26 July,2019,Friday,Weekend 2,Unknown
2453,Moosebar,Moosebar,DJ Funkhauser,18:00 - 20:00,26 July,2019,Friday,Weekend 2,Unknown
2454,Moosebar,Moosebar,Tom Cosyns,20:00 - 21:00,26 July,2019,Friday,Weekend 2,"Electronic, Dance, House"
2455,Moosebar,Moosebar,Jelle DK,21:00 - 23:00,26 July,2019,Friday,Weekend 2,"Electronic, Dance, House"
2456,Moosebar,Moosebar,DJ Mr. E,23:00 - 00:30,26 July,2019,Friday,Weekend 2,Unknown
2457,Q-Dance Invites: Get Wack!,Q-Dance Stage,Zany,12:30 - 14:00,26 July,2019,Friday,Weekend 2,Hardcore Techno
2458,Q-Dance Invites: Get Wack!,Q-Dance Stage,Sephyx,14:00 - 15:00,26 July,2019,Friday,Weekend 2,Hard Dance
2459,Q-Dance Invites: Get Wack!,Q-Dance Stage,LNY TNZ,15:00 - 16:00,26 July,2019,Friday,Weekend 2,Hard Dance
2460,Q-Dance Invites: Get Wack!,Q-Dance Stage,Wildstylez,16:00 - 17:00,26 July,2019,Friday,Weekend 2,Hard Dance
2461,Q-Dance Invites: Get Wack!,Q-Dance Stage,Bass Chaserz & Degos & Re-done,17:00 - 17:45,26 July,2019,Friday,Weekend 2,Unknown
2462,Q-Dance Invites: Get Wack!,Q-Dance Stage,Frequencerz presents Get Wack!,17:45 - 18:30,26 July,2019,Friday,Weekend 2,Unknown
2463,Q-Dance Invites: Get Wack!,Q-Dance Stage,Frequencerz & Ran-D,18:30 - 19:30,26 July,2019,Friday,Weekend 2,Unknown
2464,Q-Dance Invites: Get Wack!,Q-Dance Stage,D-Block & S-te-Fan,19:30 - 20:30,26 July,2019,Friday,Weekend 2,"Hard Dance, Hardcore Techno"
2465,Q-Dance Invites: Get Wack!,Q-Dance Stage,Frequencerz & Rejecta,20:30 - 21:15,26 July,2019,Friday,Weekend 2,Hard Dance
2466,Q-Dance Invites: Get Wack!,Q-Dance Stage,Phuture Noize,21:15 - 22:00,26 July,2019,Friday,Weekend 2,Hard Dance
2467,Q-Dance Invites: Get Wack!,Q-Dance Stage,Adaro & B-Front,22:00 - 23:00,26 July,2019,Friday,Weekend 2,Unknown
2468,Q-Dance Invites: Get Wack!,Q-Dance Stage,Dr. Peacock,23:00 - 00:00,26 July,2019,Friday,Weekend 2,Unknown
2469,Winterclubbing,The Rave Cave,Winterclubbing All Stars,00:30 - 01:00,26 July,2019,Friday,Weekend 2,"Electronic, Dance"
2470,Winterclubbing,The Rave Cave,Louis XIV vs Michael Amani,13:00 - 14:00,26 July,2019,Friday,Weekend 2,Unknown
2471,Winterclubbing,The Rave Cave,PartyShakerz,14:00 - 15:00,26 July,2019,Friday,Weekend 2,"Electronic, Dance"
2472,Winterclubbing,The Rave Cave,Bram Delux,15:00 - 16:30,26 July,2019,Friday,Weekend 2,House
2473,Winterclubbing,The Rave Cave,Foncky Time,16:30 - 17:30,26 July,2019,Friday,Weekend 2,Unknown
2474,Winterclubbing,The Rave Cave,Robert Abigail,17:30 - 18:30,26 July,2019,Friday,Weekend 2,Traditional House
2475,Mainstage,Mainstage,The Chainsmokers,23:50 - 00:50,26 July,2019,Friday,Weekend 2,Commercial Dance
2476,Winterclubbing,The Rave Cave,Double-U b2b DJ Luk,19:30 - 20:00,26 July,2019,Friday,Weekend 2,Unknown
2477,Winterclubbing,The Rave Cave,Double-U,20:00 - 21:00,26 July,2019,Friday,Weekend 2,Electronic
2478,Winterclubbing,The Rave Cave,Dimitri Wouters,21:00 - 22:30,26 July,2019,Friday,Weekend 2,House
2479,Winterclubbing,The Rave Cave,5napback & Funk D,22:30 - 23:30,26 July,2019,Friday,Weekend 2,Unknown
2480,Winterclubbing,The Rave Cave,Deve & Matizz,23:30 - 00:30,26 July,2019,Friday,Weekend 2,Unknown
2481,Generation Smash,The Rose Garden,Bassjackers,00:00 - 01:00,26 July,2019,Friday,Weekend 2,Electro House
2482,Generation Smash,The Rose Garden,Mr Black,12:30 - 13:30,26 July,2019,Friday,Weekend 2,Unknown
2483,Generation Smash,The Rose Garden,Vito Mendez,13:30 - 14:30,26 July,2019,Friday,Weekend 2,Unknown
2484,Generation Smash,The Rose Garden,Diego Miranda,14:30 - 15:30,26 July,2019,Friday,Weekend 2,Traditional House
2485,Generation Smash,The Rose Garden,Pep & Rash,15:30 - 16:30,26 July,2019,Friday,Weekend 2,"Electronica, Tech House, Traditional House"
2486,Generation Smash,The Rose Garden,Chuckie,16:30 - 17:30,26 July,2019,Friday,Weekend 2,Electro House
2487,Generation Smash,The Rose Garden,Afro Bros,17:30 - 18:30,26 July,2019,Friday,Weekend 2,"Moombahton, Latin House"
2488,Generation Smash,The Rose Garden,D-Wayne b2b Skemaddox,18:30 - 19:30,26 July,2019,Friday,Weekend 2,Unknown
2489,Generation Smash,The Rose Garden,Kristian Nairn,19:30 - 20:30,26 July,2019,Friday,Weekend 2,Deep House
2490,Generation Smash,The Rose Garden,Tony Junior b2b Sidney Samson,20:30 - 21:30,26 July,2019,Friday,Weekend 2,Unknown
2491,Generation Smash,The Rose Garden,Frenna,21:30 - 22:00,26 July,2019,Friday,Weekend 2,Unknown
2492,Generation Smash,The Rose Garden,Wolfpack,22:00 - 23:00,26 July,2019,Friday,Weekend 2,"Commercial Dance, Electro House, Progressive House"
2493,Generation Smash,The Rose Garden,Ummet Ozcan,23:00 - 00:00,26 July,2019,Friday,Weekend 2,Trance
2494,Paradise,Youphoria,DJaxx,12:30 - 14:00,26 July,2019,Friday,Weekend 2,Unknown
2495,Paradise,Youphoria,Niels Feijen,14:00 - 15:30,26 July,2019,Friday,Weekend 2,Unknown
2496,Paradise,Youphoria,Richy Ahmed,15:30 - 17:30,26 July,2019,Friday,Weekend 2,Tech House
2497,Paradise,Youphoria,Patrick Topping,17:30 - 19:00,26 July,2019,Friday,Weekend 2,Commercial Dance
2498,Paradise,Youphoria,Hot Since 82,19:00 - 21:00,26 July,2019,Friday,Weekend 2,Commercial Dance
2499,Paradise,Youphoria,Loco Dice,21:00 - 23:00,26 July,2019,Friday,Weekend 2,"Tech House, Techno"
2500,Winterclubbing,The Rave Cave,DJ Luk,18:30 - 19:30,26 July,2019,Friday,Weekend 2,Electronic
2501,Afterlife,Atmosphere,Cellini,12:00 - 14:30,27 July,2019,Saturday,Weekend 2,Techno
2502,Afterlife,Atmosphere,Mathame,14:30 - 16:00,27 July,2019,Saturday,Weekend 2,Techno
2503,Afterlife,Atmosphere,Adriatique,16:00 - 18:00,27 July,2019,Saturday,Weekend 2,"Electronica, Tech House, Techno"
2504,Afterlife,Atmosphere,Rødhåd,18:00 - 20:00,27 July,2019,Saturday,Weekend 2,"Minimal, Techno"
2505,Afterlife,Atmosphere,Recondite,20:00 - 21:00,27 July,2019,Saturday,Weekend 2,Commercial Dance
2506,Afterlife,Atmosphere,Âme,21:00 - 23:00,27 July,2019,Saturday,Weekend 2,Minimal
2507,Afterlife,Atmosphere,Tale Of Us,23:00 - 01:00,27 July,2019,Saturday,Weekend 2,Tech House
2508,Star Warz presents Critical Music,Cage,La Junta,14:00 - 15:00,27 July,2019,Saturday,Weekend 2,Unknown
2509,Star Warz presents Critical Music,Cage,One87,15:00 - 16:00,27 July,2019,Saturday,Weekend 2,Drum & Bass
2510,Star Warz presents Critical Music,Cage,Bredren,16:00 - 17:00,27 July,2019,Saturday,Weekend 2,Unknown
2511,Star Warz presents Critical Music,Cage,Bassdubbers,17:00 - 18:00,27 July,2019,Saturday,Weekend 2,Unknown
2512,Star Warz presents Critical Music,Cage,Space Pirate Recordings Crew,18:00 - 19:00,27 July,2019,Saturday,Weekend 2,Unknown
2513,Star Warz presents Critical Music,Cage,QZB,19:00 - 20:00,27 July,2019,Saturday,Weekend 2,Unknown
2514,Star Warz presents Critical Music,Cage,Kasra,20:00 - 21:00,27 July,2019,Saturday,Weekend 2,Unknown
2515,Star Warz presents Critical Music,Cage,Mefjus ft. MC Maksim,21:00 - 22:00,27 July,2019,Saturday,Weekend 2,Unknown
2516,Star Warz presents Critical Music,Cage,Enei,22:00 - 23:00,27 July,2019,Saturday,Weekend 2,Drum & Bass
2517,Star Warz presents Critical Music,Cage,Emperor,23:00 - 00:00,27 July,2019,Saturday,Weekend 2,Eperimental
2518,Floorfiller,Casa Corona,Amare,12:30 - 14:00,27 July,2019,Saturday,Weekend 2,Unknown
2519,Floorfiller,Casa Corona,Naethan,14:00 - 15:00,27 July,2019,Saturday,Weekend 2,"Electronic, Dance"
2520,Floorfiller,Casa Corona,DJumaa b2b Vertier,15:00 - 16:00,27 July,2019,Saturday,Weekend 2,Unknown
2521,Floorfiller,Casa Corona,Alwys Late,16:00 - 17:30,27 July,2019,Saturday,Weekend 2,Unknown
2522,Floorfiller,Casa Corona,Arado,17:30 - 19:00,27 July,2019,Saturday,Weekend 2,Commercial Dance
2523,Floorfiller,Casa Corona,Klaps,19:00 - 20:30,27 July,2019,Saturday,Weekend 2,"House, Techno"
2524,Floorfiller,Casa Corona,Unclesand b2b Jeroen Meertens,20:30 - 22:00,27 July,2019,Saturday,Weekend 2,Unknown
2525,Paradise,Youphoria,Jamie Jones,23:00 - 00:50,26 July,2019,Friday,Weekend 2,Tech House
2526,Spectrum,Core,Kiani & His Legion,14:00 - 15:30,27 July,2019,Saturday,Weekend 2,Unknown
2527,Spectrum,Core,La Fleur,15:30 - 17:30,27 July,2019,Saturday,Weekend 2,"Traditional House, Techno"
2528,Spectrum,Core,Mind Against,17:30 - 19:30,27 July,2019,Saturday,Weekend 2,Commercial Dance
2529,Spectrum,Core,Agoria,19:30 - 21:00,27 July,2019,Saturday,Weekend 2,Techno
2530,Spectrum,Core,Patrice Bäumel,21:00 - 23:00,27 July,2019,Saturday,Weekend 2,Tech House
2531,Spectrum,Core,Joris Voorn,23:00 - 01:00,27 July,2019,Saturday,Weekend 2,"Tech House, Techno"
2532,Axtone,Freedom,Jack Wins,12:30 - 13:30,27 July,2019,Saturday,Weekend 2,Unknown
2533,Axtone,Freedom,Magnificence,13:30 - 14:30,27 July,2019,Saturday,Weekend 2,Unknown
2534,Axtone,Freedom,Chocolate Puma,14:30 - 15:30,27 July,2019,Saturday,Weekend 2,Traditional House
2535,Axtone,Freedom,Kryder,15:30 - 16:30,27 July,2019,Saturday,Weekend 2,"Progressive House, Tech House"
2536,Axtone,Freedom,Shapov,16:30 - 17:30,27 July,2019,Saturday,Weekend 2,"Commercial Dance, Electro House, Electronica, Progressive House, Trance"
2537,Axtone,Freedom,D.O.D,17:30 - 18:30,27 July,2019,Saturday,Weekend 2,Electro House
2538,Axtone,Freedom,Benny Benassi,18:30 - 19:30,27 July,2019,Saturday,Weekend 2,Electro House
2539,Axtone,Freedom,Axwell,19:30 - 21:00,27 July,2019,Saturday,Weekend 2,Progressive House
2540,Axtone,Freedom,Bob Sinclar,21:00 - 22:30,27 July,2019,Saturday,Weekend 2,Traditional House
2541,Axtone,Freedom,Tom Staar,22:30 - 00:00,27 July,2019,Saturday,Weekend 2,Commercial Dance
2542,DIYNAMIC,Garden of Madness,Bollen & Fichtner,12:30 - 14:00,27 July,2019,Saturday,Weekend 2,Unknown
2543,DIYNAMIC,Garden of Madness,Andy Bros,14:00 - 16:00,27 July,2019,Saturday,Weekend 2,Unknown
2544,DIYNAMIC,Garden of Madness,Lehar & Musumeci,16:00 - 18:00,27 July,2019,Saturday,Weekend 2,Unknown
2545,DIYNAMIC,Garden of Madness,Magdalena,18:00 - 20:00,27 July,2019,Saturday,Weekend 2,"Tech House, Deep House"
2546,DIYNAMIC,Garden of Madness,Johannes Brecht,20:00 - 21:00,27 July,2019,Saturday,Weekend 2,Unknown
2547,DIYNAMIC,Garden of Madness,Adana Twins,21:00 - 22:55,27 July,2019,Saturday,Weekend 2,Tech House
2548,DIYNAMIC,Garden of Madness,Solomun,22:55 - 00:55,27 July,2019,Saturday,Weekend 2,Tech House
2549,Radio Ultra Modern,Harbour House,Eagl,13:00 - 15:00,27 July,2019,Saturday,Weekend 2,Techno
2550,Spectrum,Core,Bocain,12:30 - 14:00,27 July,2019,Saturday,Weekend 2,Unknown
2551,Radio Ultra Modern,Harbour House,Jesse,17:00 - 19:00,27 July,2019,Saturday,Weekend 2,Pop
2552,Radio Ultra Modern,Harbour House,DJ Policy,19:00 - 21:00,27 July,2019,Saturday,Weekend 2,Unknown
2553,Radio Ultra Modern,Harbour House,Daddy K,21:00 - 23:00,27 July,2019,Saturday,Weekend 2,"Hip-Hop, Rap"
2554,Radio Ultra Modern,Harbour House,Rakesh aka Blackjack9000,23:00 - 01:00,27 July,2019,Saturday,Weekend 2,House
2555,Future Sound Of Egypt,Kara Savi,Philippe el Sisi vs Omar Sherif,00:00 - 01:00,27 July,2019,Saturday,Weekend 2,Unknown
2556,Future Sound Of Egypt,Kara Savi,Aly & Fila (UV Progressive Set),12:30 - 14:00,27 July,2019,Saturday,Weekend 2,Unknown
2557,Future Sound Of Egypt,Kara Savi,Gai Barone,14:00 - 15:00,27 July,2019,Saturday,Weekend 2,Progressive House
2558,Future Sound Of Egypt,Kara Savi,John 00 Fleming vs Paul Thomas,15:00 - 16:00,27 July,2019,Saturday,Weekend 2,Unknown
2559,Future Sound Of Egypt,Kara Savi,Monoverse,16:00 - 17:00,27 July,2019,Saturday,Weekend 2,Trance
2560,Future Sound Of Egypt,Kara Savi,Roger Shah,17:00 - 18:00,27 July,2019,Saturday,Weekend 2,Trance
2561,Future Sound Of Egypt,Kara Savi,Ferry Corsten,18:00 - 19:00,27 July,2019,Saturday,Weekend 2,Trance
2562,Future Sound Of Egypt,Kara Savi,Aly & Fila,19:00 - 21:00,27 July,2019,Saturday,Weekend 2,Trance
2563,Future Sound Of Egypt,Kara Savi,M.I.K.E. Push,21:00 - 22:00,27 July,2019,Saturday,Weekend 2,Trance
2564,Future Sound Of Egypt,Kara Savi,Ferry Tayle vs Dan Stone,22:00 - 23:00,27 July,2019,Saturday,Weekend 2,Unknown
2565,Future Sound Of Egypt,Kara Savi,James Dymond vs Sneijder,23:00 - 00:00,27 July,2019,Saturday,Weekend 2,Unknown
2566,Psygathering,L'Orangerie,R'Deem,12:30 - 14:00,27 July,2019,Saturday,Weekend 2,Unknown
2567,Psygathering,L'Orangerie,Jackie White,14:00 - 15:00,27 July,2019,Saturday,Weekend 2,Unknown
2568,Psygathering,L'Orangerie,Somnia,15:00 - 16:30,27 July,2019,Saturday,Weekend 2,Unknown
2569,Psygathering,L'Orangerie,Upgrade,16:30 - 17:30,27 July,2019,Saturday,Weekend 2,Unknown
2570,Psygathering,L'Orangerie,Ace Ventura,17:30 - 18:30,27 July,2019,Saturday,Weekend 2,Commercial Dance
2571,Psygathering,L'Orangerie,WHITENO1SE,18:30 - 19:30,27 July,2019,Saturday,Weekend 2,Psytrance
2572,Psygathering,L'Orangerie,Firaga,19:30 - 20:30,27 July,2019,Saturday,Weekend 2,Psytrance
2573,Psygathering,L'Orangerie,Alpha Portal,20:30 - 21:30,27 July,2019,Saturday,Weekend 2,Unknown
2574,Psygathering,L'Orangerie,Astrix,21:30 - 22:30,27 July,2019,Saturday,Weekend 2,Psychedelic Trance
2575,Radio Ultra Modern,Harbour House,Nicki Sanchez,15:00 - 17:00,27 July,2019,Saturday,Weekend 2,"Electronic, Dance, House"
2576,Psygathering,L'Orangerie,BLiSS,23:30 - 00:50,27 July,2019,Saturday,Weekend 2,Techno
2577,FLOW,Leaf,Mr. Joy,12:30 - 14:00,27 July,2019,Saturday,Weekend 2,Unknown
2578,FLOW,Leaf,Jasper Fioole,14:00 - 15:30,27 July,2019,Saturday,Weekend 2,Unknown
2579,FLOW,Leaf,Toman,15:30 - 17:00,27 July,2019,Saturday,Weekend 2,Band
2580,FLOW,Leaf,Luuk Van Dijk,17:00 - 18:30,27 July,2019,Saturday,Weekend 2,Unknown
2581,FLOW,Leaf,Michael Bibi,18:30 - 20:00,27 July,2019,Saturday,Weekend 2,"Indie / Underground, Traditional House"
2582,FLOW,Leaf,Franky Rizardo,20:00 - 22:00,27 July,2019,Saturday,Weekend 2,Commercial Dance
2583,FLOW,Leaf,Heckman,22:00 - 23:30,27 July,2019,Saturday,Weekend 2,"Electronic, Techno"
2584,Oscar and The Wolf presents Infinity,Lotus,Peter Luts,13:00 - 15:00,27 July,2019,Saturday,Weekend 2,Commercial Dance
2585,Oscar and The Wolf presents Infinity,Lotus,Dave Lambert,15:00 - 17:00,27 July,2019,Saturday,Weekend 2,Traditional House
2586,Oscar and The Wolf presents Infinity,Lotus,Loud Luxury,17:00 - 18:30,27 July,2019,Saturday,Weekend 2,"Progressive House, Tech House, Traditional House"
2587,Oscar and The Wolf presents Infinity,Lotus,Dom Dolla,18:30 - 20:00,27 July,2019,Saturday,Weekend 2,"Future House, Electro House, Funky House"
2588,Oscar and The Wolf presents Infinity,Lotus,Vitalic,20:15 - 21:15,27 July,2019,Saturday,Weekend 2,"Electronica, Indie / Underground"
2589,Oscar and The Wolf presents Infinity,Lotus,Skepta,21:30 - 22:30,27 July,2019,Saturday,Weekend 2,Unknown
2590,Oscar and The Wolf presents Infinity,Lotus,Oscar & The Wolf,22:45 - 23:45,27 July,2019,Saturday,Weekend 2,Unknown
2591,Oscar and The Wolf presents Infinity,Lotus,Armand Van Helden,23:50 - 00:50,27 July,2019,Saturday,Weekend 2,Traditional House
2592,Mainstage,Mainstage,15Y Spectacle,00:50 - 01:00,27 July,2019,Saturday,Weekend 2,Unknown
2593,Mainstage,Mainstage,Claptone,12:00 - 14:50,27 July,2019,Saturday,Weekend 2,"Electro House, Tech House, Techno, Traditional House"
2594,Mainstage,Mainstage,JLS,14:50 - 15:50,27 July,2019,Saturday,Weekend 2,Unknown
2595,Mainstage,Mainstage,Deorro,15:50 - 16:50,27 July,2019,Saturday,Weekend 2,Electro House
2596,Mainstage,Mainstage,Quintino,16:50 - 17:50,27 July,2019,Saturday,Weekend 2,Electro House
2597,Mainstage,Mainstage,Sam Feldt,17:50 - 18:50,27 July,2019,Saturday,Weekend 2,Traditional House
2598,Mainstage,Mainstage,Salvatore Ganacci,18:50 - 19:50,27 July,2019,Saturday,Weekend 2,"Electro House, Big Room, Pop House"
2599,Mainstage,Mainstage,Fisher,19:50 - 20:50,27 July,2019,Saturday,Weekend 2,"Commercial Dance, Electro House, Tech House, Traditional House"
2600,Psygathering,L'Orangerie,Skazi,22:30 - 23:30,27 July,2019,Saturday,Weekend 2,Trance
2601,Mainstage,Mainstage,David Guetta,21:50 - 22:50,27 July,2019,Saturday,Weekend 2,Electro House
2602,Mainstage,Mainstage,Dimitri Vegas & Like Mike,22:50 - 23:50,27 July,2019,Saturday,Weekend 2,Electro House
2603,Mainstage,Mainstage,DJ Snake,23:50 - 00:50,27 July,2019,Saturday,Weekend 2,"Electronica, Hard Dance, Trap"
2604,Moosebar,Moosebar,Jelle DK,14:00 - 16:00,27 July,2019,Saturday,Weekend 2,"Electronic, Dance, House"
2605,Moosebar,Moosebar,The Bobmeister,16:00 - 17:00,27 July,2019,Saturday,Weekend 2,"Electronic, Dance"
2606,Moosebar,Moosebar,Les Mecs,17:00 - 18:00,27 July,2019,Saturday,Weekend 2,Unknown
2607,Moosebar,Moosebar,Die Freddies,18:00 - 19:00,27 July,2019,Saturday,Weekend 2,Unknown
2608,Moosebar,Moosebar,Viktor & Kobe,19:00 - 20:00,27 July,2019,Saturday,Weekend 2,"Electronic, Dance"
2609,Moosebar,Moosebar,Dorothee Vegas & Like Maarten,20:00 - 21:00,27 July,2019,Saturday,Weekend 2,"Dance, Party"
2610,Moosebar,Moosebar,The Bobmeister,21:00 - 22:00,27 July,2019,Saturday,Weekend 2,"Electronic, Dance"
2611,Moosebar,Moosebar,Michael More,22:00 - 00:30,27 July,2019,Saturday,Weekend 2,"Electronic, Dance, House"
2612,Q-Dance,Q-Dance Stage,Lost Identity,13:00 - 14:00,27 July,2019,Saturday,Weekend 2,Unknown
2613,Q-Dance,Q-Dance Stage,Toneshifterz,14:00 - 15:00,27 July,2019,Saturday,Weekend 2,Hard Dance
2614,Q-Dance,Q-Dance Stage,MANDY,15:00 - 16:00,27 July,2019,Saturday,Weekend 2,Hard Dance
2615,Q-Dance,Q-Dance Stage,KELTEK,16:00 - 17:00,27 July,2019,Saturday,Weekend 2,Hard Dance
2616,Q-Dance,Q-Dance Stage,Code Black,17:00 - 18:00,27 July,2019,Saturday,Weekend 2,"Electronica, Hard Dance"
2617,Q-Dance,Q-Dance Stage,Coone,18:00 - 19:00,27 July,2019,Saturday,Weekend 2,Hard Dance
2618,Q-Dance,Q-Dance Stage,Audiofreq,19:00 - 20:00,27 July,2019,Saturday,Weekend 2,Hard Dance
2619,Q-Dance,Q-Dance Stage,Brennan Heart,20:00 - 21:00,27 July,2019,Saturday,Weekend 2,Hard Dance
2620,Q-Dance,Q-Dance Stage,Atmozfears,21:00 - 22:00,27 July,2019,Saturday,Weekend 2,"Hardcore Techno, Techno, Traditional House, Trance"
2621,Q-Dance,Q-Dance Stage,Radical Redemption,22:00 - 23:00,27 July,2019,Saturday,Weekend 2,"Electronica, Hard Dance, Hardcore Techno, Techno, Trance"
2622,Q-Dance,Q-Dance Stage,Partyraiser,23:00 - 23:50,27 July,2019,Saturday,Weekend 2,Hard Dance
2623,Q-Dance,Q-Dance Stage,Q-Dance Endshow,23:50 - 00:00,27 July,2019,Saturday,Weekend 2,Unknown
2624,Crystal,The Rave Cave,Go'Yie,13:00 - 14:00,27 July,2019,Saturday,Weekend 2,Unknown
2625,Mainstage,Mainstage,Vini Vici,20:50 - 21:50,27 July,2019,Saturday,Weekend 2,"Psychedelic Trance, Trance"
2626,Crystal,The Rave Cave,Masari & Sample,15:30 - 17:00,27 July,2019,Saturday,Weekend 2,Unknown
2627,Crystal,The Rave Cave,Monta,17:00 - 19:00,27 July,2019,Saturday,Weekend 2,Electronic
2628,Crystal,The Rave Cave,Soulcity,19:00 - 21:00,27 July,2019,Saturday,Weekend 2,Electronic
2629,Crystal,The Rave Cave,Himperson,21:00 - 23:00,27 July,2019,Saturday,Weekend 2,Electronic
2630,Crystal,The Rave Cave,Deuxfwa,23:00 - 01:00,27 July,2019,Saturday,Weekend 2,Electronic
2631,Bonzai,The Rose Garden,Nico Parisi,13:00 - 14:00,27 July,2019,Saturday,Weekend 2,Progressive House
2632,Bonzai,The Rose Garden,DJ Jan,14:00 - 15:30,27 July,2019,Saturday,Weekend 2,"Hard Trance, Techno"
2633,Bonzai,The Rose Garden,Airwave,15:30 - 17:00,27 July,2019,Saturday,Weekend 2,"Progressive House, Psychedelic Trance"
2634,Bonzai,The Rose Garden,Franky Jones,17:00 - 18:00,27 July,2019,Saturday,Weekend 2,"Techno, Acid"
2635,Bonzai,The Rose Garden,Bountyhunter,18:00 - 19:00,27 July,2019,Saturday,Weekend 2,"Hardcore, Gabber, Electronic"
2636,Bonzai,The Rose Garden,DJ Ghost,19:00 - 20:00,27 July,2019,Saturday,Weekend 2,"Hard Trance, Techno"
2637,Bonzai,The Rose Garden,Jan Vervloet,20:00 - 21:00,27 July,2019,Saturday,Weekend 2,Progressive House
2638,Bonzai,The Rose Garden,Franky Kloeck,21:00 - 22:30,27 July,2019,Saturday,Weekend 2,"Techno, Hard Trance"
2639,Bonzai,The Rose Garden,Yves Deruyter,22:30 - 23:30,27 July,2019,Saturday,Weekend 2,Trance
2640,Bonzai,The Rose Garden,Bonzai All Stars,23:30 - 01:00,27 July,2019,Saturday,Weekend 2,"Techno, Trance"
2641,GV & Friends,Youphoria,B'Elle,12:30 - 14:00,27 July,2019,Saturday,Weekend 2,Unknown
2642,GV & Friends,Youphoria,Cham,14:00 - 15:00,27 July,2019,Saturday,Weekend 2,Eperimental
2643,GV & Friends,Youphoria,Tropkillaz,15:00 - 16:00,27 July,2019,Saturday,Weekend 2,Commercial Dance
2644,GV & Friends,Youphoria,Takagi & Ketra,16:00 - 17:00,27 July,2019,Saturday,Weekend 2,Unknown
2645,GV & Friends,Youphoria,Afro Bros,17:00 - 18:00,27 July,2019,Saturday,Weekend 2,"Moombahton, Latin House"
2646,GV & Friends,Youphoria,Gianluca Vacchi,18:00 - 21:00,27 July,2019,Saturday,Weekend 2,Commercial Dance
2647,GV & Friends,Youphoria,Anitta,21:00 - 21:40,27 July,2019,Saturday,Weekend 2,Unknown
2648,GV & Friends,Youphoria,Kris Kross Amsterdam,21:40 - 23:00,27 July,2019,Saturday,Weekend 2,"Electronic, Pop"
2649,GV & Friends,Youphoria,Ghali,23:00 - 00:00,27 July,2019,Saturday,Weekend 2,Unknown
2650,Crystal,The Rave Cave,Cassie,14:00 - 15:30,27 July,2019,Saturday,Weekend 2,"Techno, Acid Techno, Electronic"
2651,Drumcode,Atmosphere,Layton Giordani,14:30 - 16:00,28 July,2019,Sunday,Weekend 2,Techno
2652,Drumcode,Atmosphere,Ida Engberg,16:00 - 17:30,28 July,2019,Sunday,Weekend 2,Techno
2653,Drumcode,Atmosphere,Enrico Sangiuliano,17:30 - 19:00,28 July,2019,Sunday,Weekend 2,"Electronica, Techno"
2654,Drumcode,Atmosphere,Cirez D,19:00 - 20:30,28 July,2019,Sunday,Weekend 2,"Tech House, Progressive House"
2655,Drumcode,Atmosphere,Richie Hawtin,20:30 - 22:00,28 July,2019,Sunday,Weekend 2,"Tech House, Techno"
2656,Drumcode,Atmosphere,Adam Beyer,22:00 - 00:00,28 July,2019,Sunday,Weekend 2,Techno
2657,Footworxx,Cage,Al Twisted vs Rob Da Rhythm,12:30 - 13:30,28 July,2019,Sunday,Weekend 2,Unknown
2658,Footworxx,Cage,The Punisher,13:30 - 14:30,28 July,2019,Sunday,Weekend 2,Unknown
2659,Footworxx,Cage,Deterrent Man vs Blaster,14:30 - 15:30,28 July,2019,Sunday,Weekend 2,Unknown
2660,Footworxx,Cage,Goetia,15:30 - 16:15,28 July,2019,Sunday,Weekend 2,Unknown
2661,Footworxx,Cage,eDUB,16:15 - 17:00,28 July,2019,Sunday,Weekend 2,Hardcore
2662,Footworxx,Cage,Sandy Warez,17:00 - 17:45,28 July,2019,Sunday,Weekend 2,Commercial Dance
2663,Footworxx,Cage,Detest,17:45 - 18:30,28 July,2019,Sunday,Weekend 2,Commercial Dance
2664,Footworxx,Cage,Hatred,18:30 - 19:30,28 July,2019,Sunday,Weekend 2,Metal
2665,Footworxx,Cage,Rooler,19:30 - 20:30,28 July,2019,Sunday,Weekend 2,Unknown
2666,Footworxx,Cage,Mad Dog,20:30 - 21:30,28 July,2019,Sunday,Weekend 2,Hardcore
2667,Footworxx,Cage,D-Fence,21:30 - 22:30,28 July,2019,Sunday,Weekend 2,Unknown
2668,Footworxx,Cage,Lady Dammage,22:30 - 23:30,28 July,2019,Sunday,Weekend 2,Hardcore
2669,Footworxx,Cage,GPF - Greazy Puzzy Fuckerz,23:30 - 00:00,28 July,2019,Sunday,Weekend 2,Unknown
2670,SHOMI,Casa Corona,Elenore,12:30 - 14:00,28 July,2019,Sunday,Weekend 2,House
2671,SHOMI,Casa Corona,JackJazz,14:00 - 15:30,28 July,2019,Sunday,Weekend 2,Unknown
2672,SHOMI,Casa Corona,Ferreck Dawn,15:30 - 17:00,28 July,2019,Sunday,Weekend 2,Commercial Dance
2673,SHOMI,Casa Corona,DJ Licious,17:00 - 18:30,28 July,2019,Sunday,Weekend 2,House
2674,SHOMI,Casa Corona,Vato Gonzalez,18:30 - 20:00,28 July,2019,Sunday,Weekend 2,"Dubstep, Traditional House"
2675,Drumcode,Atmosphere,Ramon Tapia,12:30 - 14:30,28 July,2019,Sunday,Weekend 2,"Tech House, Techno"
2676,ELLUM,Core,SHDDR,12:30 - 14:30,28 July,2019,Sunday,Weekend 2,"Electronic, Techno"
2677,ELLUM,Core,Renaat Vandepapeliere,14:30 - 16:30,28 July,2019,Sunday,Weekend 2,Unknown
2678,ELLUM,Core,Dino Lenny,16:30 - 18:00,28 July,2019,Sunday,Weekend 2,"Commercial Dance, Electronica, Progressive House, Techno, Traditional House"
2679,ELLUM,Core,Brame & Hamo,18:00 - 19:00,28 July,2019,Sunday,Weekend 2,Unknown
2680,ELLUM,Core,Ellen Allien,19:00 - 21:00,28 July,2019,Sunday,Weekend 2,Techno
2681,ELLUM,Core,Maceo Plex,21:00 - 22:45,28 July,2019,Sunday,Weekend 2,Tech House
2682,ELLUM,Core,Stephan Bodzin,22:45 - 00:00,28 July,2019,Sunday,Weekend 2,"Electro House, Techno"
2683,A State Of Trance,Freedom,Fast Distance,12:00 - 13:00,28 July,2019,Sunday,Weekend 2,"Chill Out, Trance"
2684,A State Of Trance,Freedom,Maor Levi,13:00 - 14:00,28 July,2019,Sunday,Weekend 2,Trance
2685,A State Of Trance,Freedom,Ruben de Ronde b2b Estiva,14:00 - 15:00,28 July,2019,Sunday,Weekend 2,Unknown
2686,A State Of Trance,Freedom,MaRLo,15:00 - 16:00,28 July,2019,Sunday,Weekend 2,Trance
2687,A State Of Trance,Freedom,Andrew Rayel,16:00 - 17:00,28 July,2019,Sunday,Weekend 2,Trance
2688,A State Of Trance,Freedom,Symphony of Unity,17:00 - 18:00,28 July,2019,Sunday,Weekend 2,"Classical, Orchestral"
2689,A State Of Trance,Freedom,Cosmic Gate,18:00 - 19:00,28 July,2019,Sunday,Weekend 2,"Progressive House, Trance"
2690,A State Of Trance,Freedom,NWYR,19:00 - 20:00,28 July,2019,Sunday,Weekend 2,"Commercial Dance, Electronica, Progressive House, Trance, Trap"
2691,A State Of Trance,Freedom,Armin Van Buuren,20:00 - 22:00,28 July,2019,Sunday,Weekend 2,Trance
2692,A State Of Trance,Freedom,Gareth Emery,22:00 - 23:00,28 July,2019,Sunday,Weekend 2,Trance
2693,A State Of Trance,Freedom,Markus Schulz,23:00 - 00:00,28 July,2019,Sunday,Weekend 2,"Progressive House, Trance"
2694,ANTS,Garden of Madness,Tofke,12:00 - 14:00,28 July,2019,Sunday,Weekend 2,Tech House
2695,ANTS,Garden of Madness,Maxim Lany,14:00 - 16:00,28 July,2019,Sunday,Weekend 2,"House, Deep House"
2696,ANTS,Garden of Madness,Francisco Allendes,16:00 - 17:30,28 July,2019,Sunday,Weekend 2,Tech House
2697,ANTS,Garden of Madness,Andhim,17:30 - 19:00,28 July,2019,Sunday,Weekend 2,"Progressive House, Tech House"
2698,ANTS,Garden of Madness,Solardo,19:00 - 20:30,28 July,2019,Sunday,Weekend 2,"Electro House, Tech House, Traditional House"
2699,ANTS,Garden of Madness,Camelphat,20:30 - 22:00,28 July,2019,Sunday,Weekend 2,"Electronica, Tech House, Traditional House"
2700,SHOMI,Casa Corona,Gee vs Delafino,20:00 - 22:00,28 July,2019,Sunday,Weekend 2,Unknown
2701,Radio Ultra Modern,Harbour House,Cham,13:00 - 15:00,28 July,2019,Sunday,Weekend 2,Eperimental
2702,Radio Ultra Modern,Harbour House,Dany Neville,15:00 - 16:00,28 July,2019,Sunday,Weekend 2,Unknown
2703,Radio Ultra Modern,Harbour House,Lady S,16:00 - 18:00,28 July,2019,Sunday,Weekend 2,"Electronic, Dance, House"
2704,Radio Ultra Modern,Harbour House,Rakka,18:00 - 20:00,28 July,2019,Sunday,Weekend 2,Unknown
2705,Radio Ultra Modern,Harbour House,Bubba,20:00 - 22:00,28 July,2019,Sunday,Weekend 2,"Electronic, House, Techno"
2706,Radio Ultra Modern,Harbour House,Rakesh aka Blackjack9000,22:00 - 00:00,28 July,2019,Sunday,Weekend 2,House
2707,Potion,Kara Savi,Lady S,12:00 - 14:00,28 July,2019,Sunday,Weekend 2,"Electronic, Dance, House"
2708,Potion,Kara Savi,The Aston Shuffle,14:00 - 15:30,28 July,2019,Sunday,Weekend 2,Commercial Dance
2709,Potion,Kara Savi,Riton,15:30 - 17:00,28 July,2019,Sunday,Weekend 2,Commercial Dance
2710,Potion,Kara Savi,SG Lewis,17:00 - 18:30,28 July,2019,Sunday,Weekend 2,R&B
2711,Potion,Kara Savi,MK,18:30 - 20:30,28 July,2019,Sunday,Weekend 2,Commercial Dance
2712,Potion,Kara Savi,The Magician,20:30 - 22:30,28 July,2019,Sunday,Weekend 2,Indie / Underground
2713,Potion,Kara Savi,Chris Lake,22:30 - 00:00,28 July,2019,Sunday,Weekend 2,Electro House
2714,Age Of Love,L'Orangerie,Olivier Pieters,12:30 - 13:30,28 July,2019,Sunday,Weekend 2,Unknown
2715,Age Of Love,L'Orangerie,Marko de La Rocca & Phi Phi,13:30 - 15:00,28 July,2019,Sunday,Weekend 2,Unknown
2716,Age Of Love,L'Orangerie,Mr. Sam,15:00 - 16:00,28 July,2019,Sunday,Weekend 2,Unknown
2717,Age Of Love,L'Orangerie,Quincy,16:00 - 17:00,28 July,2019,Sunday,Weekend 2,Unknown
2718,Age Of Love,L'Orangerie,Sven Van Hees,17:00 - 18:00,28 July,2019,Sunday,Weekend 2,"Chill Out, Traditional House"
2719,Age Of Love,L'Orangerie,Youri Parker,18:00 - 19:00,28 July,2019,Sunday,Weekend 2,Unknown
2720,Age Of Love,L'Orangerie,Insider aka Tyrome Live,19:00 - 20:00,28 July,2019,Sunday,Weekend 2,Unknown
2721,Age Of Love,L'Orangerie,Jam & Spoon,20:00 - 21:00,28 July,2019,Sunday,Weekend 2,Commercial Dance
2722,Age Of Love,L'Orangerie,Zolex Live,21:00 - 22:00,28 July,2019,Sunday,Weekend 2,Unknown
2723,Age Of Love,L'Orangerie,Jaydee,22:00 - 23:50,28 July,2019,Sunday,Weekend 2,"Progressive House, Tech House"
2724,Cycle Four,Leaf,Deer Jade,12:30 - 14:00,28 July,2019,Sunday,Weekend 2,"Deep House, Playa Tech"
2725,ANTS,Garden of Madness,Andrea Oliva,22:00 - 23:50,28 July,2019,Sunday,Weekend 2,"Minimal, Tech House"
2726,Cycle Four,Leaf,Kiasmos,15:30 - 17:30,28 July,2019,Sunday,Weekend 2,"Minimal, Techno"
2727,Cycle Four,Leaf,Cellini,17:30 - 19:30,28 July,2019,Sunday,Weekend 2,Techno
2728,Cycle Four,Leaf,Hunter/Game,19:30 - 21:30,28 July,2019,Sunday,Weekend 2,"Deep House, Tech House"
2729,Cycle Four,Leaf,Massimo Mephisto,21:30 - 23:30,28 July,2019,Sunday,Weekend 2,Unknown
2730,Smash The House,Lotus,Lost Stories b2b Zaeden,12:30 - 14:00,28 July,2019,Sunday,Weekend 2,Unknown
2731,Smash The House,Lotus,Le Twins,14:00 - 15:00,28 July,2019,Sunday,Weekend 2,"Big Room House, Brazilian Bass"
2732,Smash The House,Lotus,Ariel Vromen,15:00 - 16:00,28 July,2019,Sunday,Weekend 2,Unknown
2733,Smash The House,Lotus,Lucas & Steve,16:00 - 17:00,28 July,2019,Sunday,Weekend 2,"Commercial Dance, Hard Dance, Traditional House"
2734,Smash The House,Lotus,Lil Kleine,17:00 - 17:30,28 July,2019,Sunday,Weekend 2,Unknown
2735,Smash The House,Lotus,Bassjackers,17:30 - 18:30,28 July,2019,Sunday,Weekend 2,Electro House
2736,Smash The House,Lotus,MATTN,18:30 - 19:30,28 July,2019,Sunday,Weekend 2,"Commercial Dance, Traditional House"
2737,Smash The House,Lotus,Afrojack,19:30 - 20:30,28 July,2019,Sunday,Weekend 2,"Electro House, Progressive House"
2738,Smash The House,Lotus,J Balvin,20:45 - 21:30,28 July,2019,Sunday,Weekend 2,Reggaeton
2739,Smash The House,Lotus,Dimitri Vegas & Like Mike,21:30 - 22:30,28 July,2019,Sunday,Weekend 2,Electro House
2740,Mainstage,Mainstage,Yves Deruyter,12:30 - 14:20,28 July,2019,Sunday,Weekend 2,Trance
2741,Mainstage,Mainstage,Ben Nicky,14:20 - 15:20,28 July,2019,Sunday,Weekend 2,"Progressive House, Trance"
2742,Mainstage,Mainstage,Garmiani,15:20 - 16:20,28 July,2019,Sunday,Weekend 2,Unknown
2743,Mainstage,Mainstage,Dynoro,16:20 - 17:20,28 July,2019,Sunday,Weekend 2,Unknown
2744,Mainstage,Mainstage,Jax Jones,17:20 - 18:20,28 July,2019,Sunday,Weekend 2,Traditional House
2745,Mainstage,Mainstage,Nervo,18:20 - 19:20,28 July,2019,Sunday,Weekend 2,"Electro House, Progressive House"
2746,Mainstage,Mainstage,Netsky,19:20 - 20:20,28 July,2019,Sunday,Weekend 2,Drum & Bass
2747,Mainstage,Mainstage,Solomun,20:20 - 21:20,28 July,2019,Sunday,Weekend 2,Tech House
2748,Mainstage,Mainstage,Lost Frequencies,21:20 - 22:20,28 July,2019,Sunday,Weekend 2,"Electro House, Electronica, Traditional House"
2749,Mainstage,Mainstage,Armin Van Buuren,22:20 - 22:50,28 July,2019,Sunday,Weekend 2,Trance
2750,Cycle Four,Leaf,Gusta-vo,14:00 - 15:30,28 July,2019,Sunday,Weekend 2,Unknown
2751,Mainstage,Mainstage,15Y Spectacle,23:50 - 00:00,28 July,2019,Sunday,Weekend 2,Unknown
2752,Moosebar,Moosebar,Feest DJ Lucki Luke,14:00 - 17:00,28 July,2019,Sunday,Weekend 2,Unknown
2753,Moosebar,Moosebar,Jelle DK,17:00 - 19:00,28 July,2019,Sunday,Weekend 2,"Electronic, Dance, House"
2754,Moosebar,Moosebar,Vincenzo Frenzo,19:00 - 20:00,28 July,2019,Sunday,Weekend 2,Unknown
2755,Moosebar,Moosebar,Frank Mellemanz,20:00 - 22:00,28 July,2019,Sunday,Weekend 2,Unknown
2756,Moosebar,Moosebar,Laurent Wery,22:00 - 00:00,28 July,2019,Sunday,Weekend 2,"Electronic, Dance, House"
2757,Q-Dance presents: Sunday Funday,Q-Dance Stage,Ransom & Dr. Rude,13:00 - 14:00,28 July,2019,Sunday,Weekend 2,Unknown
2758,Q-Dance presents: Sunday Funday,Q-Dance Stage,Bass Modulators,14:00 - 15:00,28 July,2019,Sunday,Weekend 2,"Commercial Dance, Electronica"
2759,Q-Dance presents: Sunday Funday,Q-Dance Stage,Outsiders & The Partysquad,15:00 - 16:00,28 July,2019,Sunday,Weekend 2,Unknown
2760,Q-Dance presents: Sunday Funday,Q-Dance Stage,Mark With a K & Mc Chucky,16:00 - 17:00,28 July,2019,Sunday,Weekend 2,"Jumpstyle, Hardstyle"
2761,Q-Dance presents: Sunday Funday,Q-Dance Stage,DUNE,17:00 - 17:45,28 July,2019,Sunday,Weekend 2,Rock
2762,Q-Dance presents: Sunday Funday,Q-Dance Stage,Psyko Punkz,17:45 - 18:15,28 July,2019,Sunday,Weekend 2,Hardcore Techno
2763,Q-Dance presents: Sunday Funday,Q-Dance Stage,Da Tweekaz,18:15 - 19:00,28 July,2019,Sunday,Weekend 2,Hardcore Techno
2764,Q-Dance presents: Sunday Funday,Q-Dance Stage,Sub Zero Project,19:00 - 20:00,28 July,2019,Sunday,Weekend 2,"Hard Dance, Hardcore Techno, Psychedelic Trance"
2765,Q-Dance presents: Sunday Funday,Q-Dance Stage,Ran-D,20:00 - 21:00,28 July,2019,Sunday,Weekend 2,Hardcore Techno
2766,Q-Dance presents: Sunday Funday,Q-Dance Stage,Warface,21:00 - 22:00,28 July,2019,Sunday,Weekend 2,"Dubstep, Electronica, Hard Dance, Hardcore Techno, Techno"
2767,Q-Dance presents: Sunday Funday,Q-Dance Stage,Charly Lownoise & Mental Theo,22:00 - 23:00,28 July,2019,Sunday,Weekend 2,Unknown
2768,Coincidence,The Rave Cave,Alec,12:00 - 13:30,28 July,2019,Sunday,Weekend 2,"Progressive House, Tech House"
2769,Coincidence,The Rave Cave,JNO,13:30 - 15:00,28 July,2019,Sunday,Weekend 2,"Commercial Dance, Trap"
2770,Coincidence,The Rave Cave,Tom Dazing,15:00 - 16:30,28 July,2019,Sunday,Weekend 2,Commercial Dance
2771,Coincidence,The Rave Cave,Steve Cop,16:30 - 18:00,28 July,2019,Sunday,Weekend 2,Unknown
2772,Coincidence,The Rave Cave,Amekmar,18:00 - 19:30,28 July,2019,Sunday,Weekend 2,"Electronic, Dance"
2773,Coincidence,The Rave Cave,Insolate,19:30 - 21:00,28 July,2019,Sunday,Weekend 2,Techno
2774,Coincidence,The Rave Cave,Trixy,21:00 - 22:30,28 July,2019,Sunday,Weekend 2,"Hardstyle, Rawstyle, Electronic"
2775,Mainstage,Mainstage,"Dimitri Vegas & Like Mike, Steve Aoki",22:50 - 23:50,28 July,2019,Sunday,Weekend 2,Unknown
2776,Robin Schulz & Friends,The Rose Garden,Kenn Colt,12:30 - 13:30,28 July,2019,Sunday,Weekend 2,"Electro House, Progressive House"
2777,Robin Schulz & Friends,The Rose Garden,Plastik Funk,13:30 - 14:30,28 July,2019,Sunday,Weekend 2,Electro House
2778,Robin Schulz & Friends,The Rose Garden,Deepend,14:30 - 15:30,28 July,2019,Sunday,Weekend 2,"Tech House, Traditional House"
2779,Robin Schulz & Friends,The Rose Garden,LOVRA,15:30 - 16:30,28 July,2019,Sunday,Weekend 2,Unknown
2780,Robin Schulz & Friends,The Rose Garden,Nick Martin,16:30 - 17:30,28 July,2019,Sunday,Weekend 2,Commercial Dance
2781,Robin Schulz & Friends,The Rose Garden,Cedric Gervais,17:30 - 18:30,28 July,2019,Sunday,Weekend 2,Tech House
2782,Robin Schulz & Friends,The Rose Garden,Klingande,18:30 - 20:00,28 July,2019,Sunday,Weekend 2,"Deep House, Tropical House"
2783,Robin Schulz & Friends,The Rose Garden,Hugel,20:00 - 21:30,28 July,2019,Sunday,Weekend 2,Big Room House
2784,Robin Schulz & Friends,The Rose Garden,Alle Farben,21:30 - 23:00,28 July,2019,Sunday,Weekend 2,"Tech House, Techno, Deep House"
2785,Robin Schulz & Friends,The Rose Garden,Robin Schulz,23:00 - 00:00,28 July,2019,Sunday,Weekend 2,Commercial Dance
2786,Barong Family,Youphoria,CORSAK,12:30 - 13:15,28 July,2019,Sunday,Weekend 2,Unknown
2787,Barong Family,Youphoria,SIHK,13:15 - 14:00,28 July,2019,Sunday,Weekend 2,Unknown
2788,Barong Family,Youphoria,Bellorum,14:00 - 14:50,28 July,2019,Sunday,Weekend 2,Unknown
2789,Barong Family,Youphoria,Nonsens,14:50 - 15:50,28 July,2019,Sunday,Weekend 2,Electro House
2790,Barong Family,Youphoria,RayRay,15:50 - 16:50,28 July,2019,Sunday,Weekend 2,Unknown
2791,Barong Family,Youphoria,DOLF,16:50 - 17:50,28 July,2019,Sunday,Weekend 2,"Electro House, Progressive House, Tribal"
2792,Barong Family,Youphoria,Psycho Boys Club: Juyen Sebulba x Stoltenhoff,17:50 - 18:50,28 July,2019,Sunday,Weekend 2,Unknown
2793,Barong Family,Youphoria,Moksi,18:50 - 19:50,28 July,2019,Sunday,Weekend 2,"Pop House, Electro House"
2794,Barong Family,Youphoria,Slushii,19:50 - 20:50,28 July,2019,Sunday,Weekend 2,"Dubstep, Electro House, Electronica, Progressive House, Trap"
2795,Barong Family,Youphoria,Yellow Claw,20:50 - 21:50,28 July,2019,Sunday,Weekend 2,"Electro House, Electronica, Hip-Hop, Traditional House, Trap"
2796,Barong Family,Youphoria,Radical Redemption,21:50 - 22:50,28 July,2019,Sunday,Weekend 2,"Electronica, Hard Dance, Hardcore Techno, Techno, Trance"
2797,Barong Family,Youphoria,Lil Texas x Dither,22:50 - 23:50,28 July,2019,Sunday,Weekend 2,Unknown
2798,The Gathering,The Gathering,Afrojack,00:15 - 01:00,19 July,2018,Thursday,Weekend 1,"Electro House, Progressive House"
2799,The Gathering,The Gathering,Proudmich,13:00 - 14:00,19 July,2018,Thursday,Weekend 1,Unknown
2800,Coincidence,The Rave Cave,Psytox,22:30 - 00:00,28 July,2019,Sunday,Weekend 2,"Hardstyle, Rawstyle, Electronic"
2801,The Gathering,The Gathering,Alex Germys,15:00 - 15:45,19 July,2018,Thursday,Weekend 1,Unknown
2802,The Gathering,The Gathering,Mademoiselle Luna,15:45 - 16:30,19 July,2018,Thursday,Weekend 1,House
2803,The Gathering,The Gathering,Prinz,16:30 - 17:15,19 July,2018,Thursday,Weekend 1,Techno
2804,The Gathering,The Gathering,Goldfox,17:15 - 18:00,19 July,2018,Thursday,Weekend 1,"Electronic, Dance"
2805,The Gathering,The Gathering,Curtis Alto,18:00 - 18:30,19 July,2018,Thursday,Weekend 1,Unknown
2806,The Gathering,The Gathering,DiMaro & Violinvasion,18:30 - 19:15,19 July,2018,Thursday,Weekend 1,Unknown
2807,The Gathering,The Gathering,Mystique b2b Makasi,19:15 - 20:15,19 July,2018,Thursday,Weekend 1,Unknown
2808,The Gathering,The Gathering,Romeo Blanco,20:15 - 21:00,19 July,2018,Thursday,Weekend 1,Commercial Dance
2809,The Gathering,The Gathering,Double Pleasure,21:00 - 21:45,19 July,2018,Thursday,Weekend 1,House
2810,The Gathering,The Gathering,MATTN,21:45 - 22:30,19 July,2018,Thursday,Weekend 1,"Commercial Dance, Traditional House"
2811,The Gathering,The Gathering,Cherry Moon Trax,22:30 - 23:00,19 July,2018,Thursday,Weekend 1,Unknown
2812,The Gathering,The Gathering,Mark With a K & Mc Chucky,23:00 - 23:30,19 July,2018,Thursday,Weekend 1,"Jumpstyle, Hardstyle"
2813,The Gathering,The Gathering,Yves V & Regi,23:30 - 00:15,19 July,2018,Thursday,Weekend 1,"Big Room House, Progressive House"
2814,Age Of Love,Arch,Mr. Sam,12:30 - 14:00,20 July,2018,Friday,Weekend 1,Unknown
2815,Age Of Love,Arch,Olivier Pieters,14:00 - 15:30,20 July,2018,Friday,Weekend 1,Unknown
2816,Age Of Love,Arch,Youri Parker,15:30 - 17:00,20 July,2018,Friday,Weekend 1,Unknown
2817,Age Of Love,Arch,Quincy,17:00 - 18:30,20 July,2018,Friday,Weekend 1,Unknown
2818,Age Of Love,Arch,M.I.K.E. Push,18:30 - 19:30,20 July,2018,Friday,Weekend 1,Trance
2819,Age Of Love,Arch,Jam & Spoon,19:30 - 21:00,20 July,2018,Friday,Weekend 1,Commercial Dance
2820,Age Of Love,Arch,Yves Deruyter,21:00 - 22:00,20 July,2018,Friday,Weekend 1,Trance
2821,Age Of Love,Arch,Insider (Live),22:00 - 23:30,20 July,2018,Friday,Weekend 1,Unknown
2822,Age Of Love,Arch,Zolex,23:30 - 00:50,20 July,2018,Friday,Weekend 1,Unknown
2823,Drumcode,Atmosphere,Michael Thoelen,12:00 - 13:30,20 July,2018,Friday,Weekend 1,Unknown
2824,Drumcode,Atmosphere,Enrico Sangiuliano,13:30 - 15:00,20 July,2018,Friday,Weekend 1,"Electronica, Techno"
2825,The Gathering,The Gathering,OH-G,14:00 - 15:00,19 July,2018,Thursday,Weekend 1,Unknown
2826,Drumcode,Atmosphere,Ida Engberg,17:00 - 18:30,20 July,2018,Friday,Weekend 1,Techno
2827,Drumcode,Atmosphere,Sam Paganini,18:30 - 20:00,20 July,2018,Friday,Weekend 1,Techno
2828,Drumcode,Atmosphere,Ben Klock,20:00 - 21:30,20 July,2018,Friday,Weekend 1,Techno
2829,Drumcode,Atmosphere,Richie Hawtin,21:30 - 23:00,20 July,2018,Friday,Weekend 1,"Tech House, Techno"
2830,Drumcode,Atmosphere,Adam Beyer,23:00 - 01:00,20 July,2018,Friday,Weekend 1,Techno
2831,Forma.T x Ed Banger,Cage,CYRK (Live),13:00 - 14:00,20 July,2018,Friday,Weekend 1,Unknown
2832,Forma.T x Ed Banger,Cage,DC Salas,14:00 - 15:30,20 July,2018,Friday,Weekend 1,"Electronic, Techno"
2833,Forma.T x Ed Banger,Cage,Surfing Leons,15:30 - 17:30,20 July,2018,Friday,Weekend 1,Unknown
2834,Forma.T x Ed Banger,Cage,Myd,17:30 - 19:30,20 July,2018,Friday,Weekend 1,Commercial Dance
2835,Forma.T x Ed Banger,Cage,Boston Bun,19:30 - 21:30,20 July,2018,Friday,Weekend 1,Unknown
2836,Forma.T x Ed Banger,Cage,Breakbot & Irfane,21:30 - 23:30,20 July,2018,Friday,Weekend 1,Unknown
2837,Forma.T x Ed Banger,Cage,Busy P,23:30 - 01:00,20 July,2018,Friday,Weekend 1,Indie / Underground
2838,Paradise,Core,Xavier Shimtshack,12:30 - 14:00,20 July,2018,Friday,Weekend 1,Unknown
2839,Paradise,Core,Flashmob,14:00 - 15:30,20 July,2018,Friday,Weekend 1,Unknown
2840,Paradise,Core,Marco Faraone,15:30 - 17:30,20 July,2018,Friday,Weekend 1,"Tech House, Techno"
2841,Paradise,Core,Patrick Topping,17:30 - 19:30,20 July,2018,Friday,Weekend 1,Commercial Dance
2842,Paradise,Core,Detlef,19:30 - 20:00,20 July,2018,Friday,Weekend 1,Tech House
2843,Paradise,Core,Richy Ahmed,20:00 - 21:30,20 July,2018,Friday,Weekend 1,Tech House
2844,Paradise,Core,Nicole Moudaber,21:30 - 23:00,20 July,2018,Friday,Weekend 1,Tech House
2845,Paradise,Core,Jamie Jones,23:00 - 01:00,20 July,2018,Friday,Weekend 1,Tech House
2846,Musical Freedom,Freedom,Lost Stories x ZAEDEN,12:30 - 14:00,20 July,2018,Friday,Weekend 1,Unknown
2847,Musical Freedom,Freedom,Julian Calor,14:00 - 15:00,20 July,2018,Friday,Weekend 1,Unknown
2848,Musical Freedom,Freedom,Robert Falcon,15:00 - 16:00,20 July,2018,Friday,Weekend 1,Unknown
2849,Musical Freedom,Freedom,Mike Williams,16:00 - 17:00,20 July,2018,Friday,Weekend 1,"Commercial Dance, Drum & Bass, Electronica, Progressive House, Traditional House"
2850,Drumcode,Atmosphere,Dense & Pika,15:00 - 17:00,20 July,2018,Friday,Weekend 1,"Techno, Techno"
2851,Musical Freedom,Freedom,k?d,18:00 - 19:00,20 July,2018,Friday,Weekend 1,Electronica
2852,Musical Freedom,Freedom,Jauz,19:00 - 20:00,20 July,2018,Friday,Weekend 1,"Drum & Bass, Dubstep, Electronica, Traditional House, Trap"
2853,Musical Freedom,Freedom,Oliver Heldens,20:00 - 21:30,20 July,2018,Friday,Weekend 1,"Electro House, Electronica, Techno"
2854,Musical Freedom,Freedom,Don Diablo,21:30 - 23:00,20 July,2018,Friday,Weekend 1,Progressive House
2855,Musical Freedom,Freedom,Tiesto,23:00 - 01:00,20 July,2018,Friday,Weekend 1,"Commercial Dance, Big Room"
2856,Anjunabeats,Garden of Madness,Ilan Bluestone,00:00 - 00:55,20 July,2018,Friday,Weekend 1,"Dubstep, Trance"
2857,Anjunabeats,Garden of Madness,Amy Wiles,12:00 - 14:00,20 July,2018,Friday,Weekend 1,Techno
2858,Anjunabeats,Garden of Madness,Tinlicker,14:00 - 15:00,20 July,2018,Friday,Weekend 1,"Progressive House, Techno"
2859,Anjunabeats,Garden of Madness,Genix & Sunny Lax,15:00 - 16:00,20 July,2018,Friday,Weekend 1,Unknown
2860,Anjunabeats,Garden of Madness,Spencer Brown,16:00 - 17:00,20 July,2018,Friday,Weekend 1,Progressive House
2861,Anjunabeats,Garden of Madness,Oliver Smith,17:00 - 18:00,20 July,2018,Friday,Weekend 1,"Progressive House, Trance"
2862,Anjunabeats,Garden of Madness,Jason Ross,18:00 - 19:00,20 July,2018,Friday,Weekend 1,Progressive House
2863,Anjunabeats,Garden of Madness,Gabriel & Dresden,19:00 - 20:00,20 July,2018,Friday,Weekend 1,"Progressive House, Trance"
2864,Anjunabeats,Garden of Madness,Andrew Bayer,20:00 - 21:00,20 July,2018,Friday,Weekend 1,"Progressive House, Techno"
2865,Anjunabeats,Garden of Madness,Grum,21:00 - 22:00,20 July,2018,Friday,Weekend 1,"Progressive House, Electro House, Tech House"
2866,Anjunabeats,Garden of Madness,Above & Beyond,22:00 - 00:00,20 July,2018,Friday,Weekend 1,Trance
2867,Radio Ultra Modern,Harbour House,Rakesh aka Blackjack9,13:00 - 16:00,20 July,2018,Friday,Weekend 1,Unknown
2868,Radio Ultra Modern,Harbour House,Lady S,16:00 - 18:00,20 July,2018,Friday,Weekend 1,"Electronic, Dance, House"
2869,Radio Ultra Modern,Harbour House,DRIGAO & IAMGUNZ,18:00 - 20:00,20 July,2018,Friday,Weekend 1,Unknown
2870,Radio Ultra Modern,Harbour House,Crack-T,20:00 - 22:00,20 July,2018,Friday,Weekend 1,"Electronic, Dance, House"
2871,Radio Ultra Modern,Harbour House,B-Kay,22:00 - 01:00,20 July,2018,Friday,Weekend 1,"Electronic, Dance, House"
2872,We Play House,House of Mask by Cubanisto,Kiani & His Legion b2b Konna,13:00 - 16:00,20 July,2018,Friday,Weekend 1,Unknown
2873,We Play House,House of Mask by Cubanisto,Red D,16:00 - 18:00,20 July,2018,Friday,Weekend 1,"Bass Music, Dubstep"
2874,We Play House,House of Mask by Cubanisto,San Soda,18:00 - 20:00,20 July,2018,Friday,Weekend 1,Commercial Dance
2875,Musical Freedom,Freedom,Brohug,17:00 - 18:00,20 July,2018,Friday,Weekend 1,"Drum & Bass, Electronica, Tech House, Traditional House"
2876,All Day I Dream,Leaf,Boatman,12:30 - 14:30,20 July,2018,Friday,Weekend 1,Unknown
2877,All Day I Dream,Leaf,Gorje Hewek & Izhevski,14:30 - 17:30,20 July,2018,Friday,Weekend 1,Unknown
2878,All Day I Dream,Leaf,YokoO,17:30 - 20:30,20 July,2018,Friday,Weekend 1,"Deep House, Tech House"
2879,All Day I Dream,Leaf,Lee Burridge,20:30 - 23:30,20 July,2018,Friday,Weekend 1,"Progressive House, Techno"
2880,Mainstage,Mainstage,Carl Cox,12:00 - 14:50,20 July,2018,Friday,Weekend 1,"Tech House, Techno"
2881,Mainstage,Mainstage,Charlotte de Witte,14:50 - 15:50,20 July,2018,Friday,Weekend 1,Techno
2882,Mainstage,Mainstage,San Holo,15:50 - 16:50,20 July,2018,Friday,Weekend 1,"Drum & Bass, Electronica, Trap"
2883,Mainstage,Mainstage,Vini Vici,16:50 - 17:50,20 July,2018,Friday,Weekend 1,"Psychedelic Trance, Trance"
2884,Mainstage,Mainstage,Bonzai All Stars feat. Airwave,17:50 - 18:50,20 July,2018,Friday,Weekend 1,Unknown
2885,Mainstage,Mainstage,Alan Walker,18:50 - 19:50,20 July,2018,Friday,Weekend 1,"Commercial Dance, Electro House, Electronica, Progressive House, Traditional House"
2886,Mainstage,Mainstage,Joris Voorn,19:50 - 20:50,20 July,2018,Friday,Weekend 1,"Tech House, Techno"
2887,Mainstage,Mainstage,Netsky,20:50 - 21:50,20 July,2018,Friday,Weekend 1,Drum & Bass
2888,Mainstage,Mainstage,Hardwell,21:50 - 22:50,20 July,2018,Friday,Weekend 1,"Electro House, Progressive House"
2889,Mainstage,Mainstage,Axwell & Ingrosso,22:50 - 23:50,20 July,2018,Friday,Weekend 1,Unknown
2890,Mainstage,Mainstage,Steve Aoki,23:50 - 00:50,20 July,2018,Friday,Weekend 1,"Electro House, Indie / Underground"
2891,Organ of Harmony,Organ of Harmony,Sem Thomasson,12:00 - 13:00,20 July,2018,Friday,Weekend 1,Progressive House
2892,Organ of Harmony,Organ of Harmony,Peter Luts,13:00 - 14:00,20 July,2018,Friday,Weekend 1,Commercial Dance
2893,Organ of Harmony,Organ of Harmony,Dave Lambert,14:00 - 15:00,20 July,2018,Friday,Weekend 1,Traditional House
2894,Organ of Harmony,Organ of Harmony,SCARLXRD,15:00 - 16:00,20 July,2018,Friday,Weekend 1,Rap
2895,Organ of Harmony,Organ of Harmony,Ekali,16:00 - 17:00,20 July,2018,Friday,Weekend 1,"Commercial Dance, Electronica"
2896,Organ of Harmony,Organ of Harmony,Lil Kleine,17:00 - 17:30,20 July,2018,Friday,Weekend 1,Unknown
2897,Organ of Harmony,Organ of Harmony,Coely,17:45 - 19:00,20 July,2018,Friday,Weekend 1,Unknown
2898,Organ of Harmony,Organ of Harmony,Chuckie,19:00 - 20:00,20 July,2018,Friday,Weekend 1,Electro House
2899,Organ of Harmony,Organ of Harmony,Lil Pump,20:00 - 20:45,20 July,2018,Friday,Weekend 1,Rap
2900,We Play House,House of Mask by Cubanisto,Fabrice Lig,20:00 - 22:00,20 July,2018,Friday,Weekend 1,Unknown
2901,Organ of Harmony,Organ of Harmony,DJ Jazzy Jeff,22:45 - 23:45,20 July,2018,Friday,Weekend 1,Unknown
2902,Organ of Harmony,Organ of Harmony,French Montana,23:45 - 00:45,20 July,2018,Friday,Weekend 1,Rap
2903,Winterclubbing,The Rave Cave,Winterclubbing All Stars,00:00 - 01:00,20 July,2018,Friday,Weekend 1,"Electronic, Dance"
2904,Winterclubbing,The Rave Cave,PartyShakerz,13:00 - 14:00,20 July,2018,Friday,Weekend 1,"Electronic, Dance"
2905,Winterclubbing,The Rave Cave,Bram Delux,14:00 - 15:00,20 July,2018,Friday,Weekend 1,House
2906,Winterclubbing,The Rave Cave,Foncky Time,15:00 - 16:00,20 July,2018,Friday,Weekend 1,Unknown
2907,Winterclubbing,The Rave Cave,Double-U ft Eugene,16:00 - 17:00,20 July,2018,Friday,Weekend 1,Unknown
2908,Winterclubbing,The Rave Cave,Structure,17:00 - 18:00,20 July,2018,Friday,Weekend 1,"House, Techno"
2909,Winterclubbing,The Rave Cave,DJ Luk,18:00 - 19:30,20 July,2018,Friday,Weekend 1,Electronic
2910,Winterclubbing,The Rave Cave,5napback b2b Freaquency,19:30 - 20:30,20 July,2018,Friday,Weekend 1,Unknown
2911,Winterclubbing,The Rave Cave,Dimitri Wouters,20:30 - 22:00,20 July,2018,Friday,Weekend 1,House
2912,Winterclubbing,The Rave Cave,Deve & Matizz,22:00 - 23:00,20 July,2018,Friday,Weekend 1,Unknown
2913,Winterclubbing,The Rave Cave,Funk D,23:00 - 00:00,20 July,2018,Friday,Weekend 1,"House, Techno"
2914,Monstercat,The Rose Garden,Seven Lions,00:00 - 01:00,20 July,2018,Friday,Weekend 1,Dubstep
2915,Monstercat,The Rose Garden,Grant,12:30 - 14:00,20 July,2018,Friday,Weekend 1,Minimal
2916,Monstercat,The Rose Garden,Myrne,14:00 - 15:00,20 July,2018,Friday,Weekend 1,"Trap, Bass Music"
2917,Monstercat,The Rose Garden,Tokyo Machine,15:00 - 16:00,20 July,2018,Friday,Weekend 1,Unknown
2918,Monstercat,The Rose Garden,Dion Timmer,16:00 - 17:00,20 July,2018,Friday,Weekend 1,"Dubstep, Trap, Electro House"
2919,Monstercat,The Rose Garden,Lowriderz,17:00 - 18:00,20 July,2018,Friday,Weekend 1,Unknown
2920,Monstercat,The Rose Garden,Pegboard Nerds,18:00 - 19:00,20 July,2018,Friday,Weekend 1,Dubstep
2921,Monstercat,The Rose Garden,KAYZO,19:00 - 20:00,20 July,2018,Friday,Weekend 1,Commercial Dance
2922,Monstercat,The Rose Garden,Ookay,20:00 - 21:00,20 July,2018,Friday,Weekend 1,Commercial Dance
2923,Monstercat,The Rose Garden,REZZ,21:00 - 22:00,20 July,2018,Friday,Weekend 1,"Electronica, Techno"
2924,Monstercat,The Rose Garden,NGHTMRE & SLANDER Present: Gud Vibrations,22:00 - 00:00,20 July,2018,Friday,Weekend 1,Unknown
2925,Organ of Harmony,Organ of Harmony,Black Coffee,20:45 - 22:45,20 July,2018,Friday,Weekend 1,"Funk / R&B, Traditional House"
2926,Pussy Lounge,Theatre Formidable,Ransom,14:30 - 15:30,20 July,2018,Friday,Weekend 1,Unknown
2927,Pussy Lounge,Theatre Formidable,Dr Rude,15:30 - 16:30,20 July,2018,Friday,Weekend 1,Unknown
2928,Pussy Lounge,Theatre Formidable,Mark With a K,16:30 - 17:30,20 July,2018,Friday,Weekend 1,Hard Dance
2929,Pussy Lounge,Theatre Formidable,The Darkraver,17:00 - 19:00,20 July,2018,Friday,Weekend 1,"Commercial Dance, Electronica, Techno"
2930,Pussy Lounge,Theatre Formidable,Technoboy,18:30 - 19:30,20 July,2018,Friday,Weekend 1,Hardcore Techno
2931,Pussy Lounge,Theatre Formidable,Ruthless,19:30 - 21:00,20 July,2018,Friday,Weekend 1,Hardcore Techno
2932,Pussy Lounge,Theatre Formidable,Paul Elstak,20:30 - 21:30,20 July,2018,Friday,Weekend 1,Hardcore Techno
2933,Pussy Lounge,Theatre Formidable,DJ The Prophet,21:30 - 22:30,20 July,2018,Friday,Weekend 1,Hard Dance
2934,Pussy Lounge,Theatre Formidable,The Viper,22:30 - 23:30,20 July,2018,Friday,Weekend 1,Band
2935,Pussy Lounge,Theatre Formidable,DJ Mad Dog,23:30 - 01:00,20 July,2018,Friday,Weekend 1,Unknown
2936,Cafeina,Tulip,Bastin.,12:30 - 13:30,20 July,2018,Friday,Weekend 1,Unknown
2937,Cafeina,Tulip,Alec & Phill Da Cunha,13:30 - 14:45,20 July,2018,Friday,Weekend 1,Unknown
2938,Cafeina,Tulip,B2B Soundsystem & Delafino,14:45 - 16:00,20 July,2018,Friday,Weekend 1,Unknown
2939,Cafeina,Tulip,Cemode & Philip,16:00 - 17:30,20 July,2018,Friday,Weekend 1,Unknown
2940,Cafeina,Tulip,Mr Grammy & DJ Licious,17:30 - 18:30,20 July,2018,Friday,Weekend 1,Unknown
2941,Cafeina,Tulip,Sam Divine,18:30 - 19:30,20 July,2018,Friday,Weekend 1,Techno
2942,Cafeina,Tulip,Mambo Brothers,19:30 - 21:00,20 July,2018,Friday,Weekend 1,House
2943,Cafeina,Tulip,Edu Imbernon,21:00 - 22:30,20 July,2018,Friday,Weekend 1,Tech House
2944,Cafeina,Tulip,Roma,22:30 - 23:30,20 July,2018,Friday,Weekend 1,"Electronic, Dance"
2945,Cafeina,Tulip,Disco Dasco,23:30 - 00:55,20 July,2018,Friday,Weekend 1,"Electronic, House"
2946,Jacked,Youphoria,Cesqeaux,00:00 - 00:50,20 July,2018,Friday,Weekend 1,"Electro House, Electronica, Trap"
2947,Jacked,Youphoria,Michael Amani,12:30 - 14:00,20 July,2018,Friday,Weekend 1,"House, Techno"
2948,Jacked,Youphoria,Kiida,14:00 - 15:00,20 July,2018,Friday,Weekend 1,Unknown
2949,Jacked,Youphoria,Dubvision,15:00 - 16:00,20 July,2018,Friday,Weekend 1,"Electro House, Progressive House, Traditional House"
2950,Pussy Lounge,Theatre Formidable,Rät N FrikK,12:30 - 14:30,20 July,2018,Friday,Weekend 1,Unknown
2951,Jacked,Youphoria,Laidback Luke,17:00 - 18:00,20 July,2018,Friday,Weekend 1,Electro House
2952,Jacked,Youphoria,Ummet Ozcan,18:00 - 19:00,20 July,2018,Friday,Weekend 1,Trance
2953,Jacked,Youphoria,Ravitez,19:00 - 20:00,20 July,2018,Friday,Weekend 1,Unknown
2954,Jacked,Youphoria,Afrojack,20:00 - 22:00,20 July,2018,Friday,Weekend 1,"Electro House, Progressive House"
2955,Jacked,Youphoria,Jewelz & Sparks,22:00 - 23:00,20 July,2018,Friday,Weekend 1,Unknown
2956,Jacked,Youphoria,Bassjackers,23:00 - 00:00,20 July,2018,Friday,Weekend 1,Electro House
2957,Psygathering,Arch,Yannick Thiry,12:30 - 14:00,21 July,2018,Saturday,Weekend 1,Unknown
2958,Psygathering,Arch,Vertical Mode,14:00 - 15:00,21 July,2018,Saturday,Weekend 1,Unknown
2959,Psygathering,Arch,Liquid Soul,15:00 - 16:00,21 July,2018,Saturday,Weekend 1,Trance
2960,Psygathering,Arch,Ace Ventura,16:00 - 17:00,21 July,2018,Saturday,Weekend 1,Commercial Dance
2961,Psygathering,Arch,Vibe Trive,17:00 - 18:00,21 July,2018,Saturday,Weekend 1,Unknown
2962,Psygathering,Arch,WHITENO1SE,18:00 - 19:00,21 July,2018,Saturday,Weekend 1,Psytrance
2963,Psygathering,Arch,WAIO,19:00 - 20:00,21 July,2018,Saturday,Weekend 1,Psychedelic Trance
2964,Psygathering,Arch,Firaga vs SynSUN,20:00 - 21:30,21 July,2018,Saturday,Weekend 1,Unknown
2965,Psygathering,Arch,Avalon,21:30 - 22:30,21 July,2018,Saturday,Weekend 1,Commercial Dance
2966,Psygathering,Arch,BLiSS,22:30 - 23:30,21 July,2018,Saturday,Weekend 1,Techno
2967,Psygathering,Arch,Infected Mushroom,23:30 - 00:45,21 July,2018,Saturday,Weekend 1,"Psychedelic Trance, Trance"
2968,Q-Dance,Atmosphere,Unsenses,12:00 - 13:00,21 July,2018,Saturday,Weekend 1,Unknown
2969,Q-Dance,Atmosphere,Demi Kanon,13:00 - 14:00,21 July,2018,Saturday,Weekend 1,Hardstyle
2970,Q-Dance,Atmosphere,Mandy & Adrenalize,14:00 - 15:00,21 July,2018,Saturday,Weekend 1,Unknown
2971,Q-Dance,Atmosphere,Audiotricz,15:00 - 16:00,21 July,2018,Saturday,Weekend 1,Hard Dance
2972,Q-Dance,Atmosphere,Da Tweekaz,16:00 - 17:00,21 July,2018,Saturday,Weekend 1,Hardcore Techno
2973,Q-Dance,Atmosphere,Wildstylez,17:00 - 18:00,21 July,2018,Saturday,Weekend 1,Hard Dance
2974,Q-Dance,Atmosphere,Brennan Heart,18:00 - 19:00,21 July,2018,Saturday,Weekend 1,Hard Dance
2975,Jacked,Youphoria,Moksi,16:00 - 17:00,20 July,2018,Friday,Weekend 1,"Pop House, Electro House"
2976,Q-Dance,Atmosphere,Zatox,20:00 - 21:00,21 July,2018,Saturday,Weekend 1,Hard Dance
2977,Q-Dance,Atmosphere,Ran-D,21:00 - 22:00,21 July,2018,Saturday,Weekend 1,Hardcore Techno
2978,Q-Dance,Atmosphere,Sub Zero Project,22:00 - 23:00,21 July,2018,Saturday,Weekend 1,"Hard Dance, Hardcore Techno, Psychedelic Trance"
2979,Q-Dance,Atmosphere,Korsakoff,23:00 - 00:00,21 July,2018,Saturday,Weekend 1,"Hardcore Techno, Psychedelic Trance"
2980,Glitterbox,Cage,Sheridan,13:00 - 14:30,21 July,2018,Saturday,Weekend 1,Commercial Dance
2981,Glitterbox,Cage,FCL feat. Lady Linn,14:30 - 16:30,21 July,2018,Saturday,Weekend 1,Unknown
2982,Glitterbox,Cage,Simon Dunmore,16:30 - 18:30,21 July,2018,Saturday,Weekend 1,Unknown
2983,Glitterbox,Cage,The Shapeshifters,18:30 - 20:30,21 July,2018,Saturday,Weekend 1,Unknown
2984,Glitterbox,Cage,Purple Disco Machine,20:30 - 22:00,21 July,2018,Saturday,Weekend 1,"Deep House, Funk House, Disco House"
2985,Glitterbox,Cage,Todd Terry,22:00 - 23:30,21 July,2018,Saturday,Weekend 1,Traditional House
2986,Glitterbox,Cage,Roger Sanchez,23:30 - 01:00,21 July,2018,Saturday,Weekend 1,Traditional House
2987,kozzmozz,Core,Spacid b2b Pilose,12:00 - 15:00,21 July,2018,Saturday,Weekend 1,Unknown
2988,kozzmozz,Core,Kr!z b2b Pfirter,15:00 - 17:00,21 July,2018,Saturday,Weekend 1,Unknown
2989,kozzmozz,Core,Monika Kruse b2b Anna,17:00 - 18:55,21 July,2018,Saturday,Weekend 1,Unknown
2990,kozzmozz,Core,MULTIPLES (Speedy J & Surgeon),19:00 - 21:55,21 July,2018,Saturday,Weekend 1,Unknown
2991,kozzmozz,Core,Ben Klock b2b Marcel Dettmann,22:00 - 01:00,21 July,2018,Saturday,Weekend 1,Unknown
2992,Axtone,Freedom,Kryder,00:00 - 01:00,21 July,2018,Saturday,Weekend 1,"Progressive House, Tech House"
2993,Axtone,Freedom,Jack Wins,12:30 - 13:30,21 July,2018,Saturday,Weekend 1,Unknown
2994,Axtone,Freedom,WILL K vs Dave Winnel,13:30 - 14:30,21 July,2018,Saturday,Weekend 1,Unknown
2995,Axtone,Freedom,NEW_ID,14:30 - 15:30,21 July,2018,Saturday,Weekend 1,Unknown
2996,Axtone,Freedom,D.O.D,15:30 - 16:30,21 July,2018,Saturday,Weekend 1,Electro House
2997,Axtone,Freedom,Shapov,16:30 - 17:30,21 July,2018,Saturday,Weekend 1,"Commercial Dance, Electro House, Electronica, Progressive House, Trance"
2998,Axtone,Freedom,Tom Staar,17:30 - 18:45,21 July,2018,Saturday,Weekend 1,Commercial Dance
2999,Axtone,Freedom,Benny Benassi,18:45 - 20:00,21 July,2018,Saturday,Weekend 1,Electro House
3000,Q-Dance,Atmosphere,Atmozfears,19:00 - 20:00,21 July,2018,Saturday,Weekend 1,"Hardcore Techno, Techno, Traditional House, Trance"
3001,Axtone,Freedom,Galantis,21:15 - 22:30,21 July,2018,Saturday,Weekend 1,Commercial Dance
3002,Axtone,Freedom,Fatboy Slim,22:30 - 00:00,21 July,2018,Saturday,Weekend 1,"Electronica, Traditional House"
3003,DIYNAMIC,Garden of Madness,DkA LIVE,12:00 - 14:00,21 July,2018,Saturday,Weekend 1,Unknown
3004,DIYNAMIC,Garden of Madness,Karmon,14:00 - 15:30,21 July,2018,Saturday,Weekend 1,Electronica
3005,DIYNAMIC,Garden of Madness,Magdalena,15:30 - 17:00,21 July,2018,Saturday,Weekend 1,"Tech House, Deep House"
3006,DIYNAMIC,Garden of Madness,HOSH,17:00 - 18:30,21 July,2018,Saturday,Weekend 1,"Electronica, Tech House, Techno"
3007,DIYNAMIC,Garden of Madness,Lehar,18:30 - 20:00,21 July,2018,Saturday,Weekend 1,Unknown
3008,DIYNAMIC,Garden of Madness,Adriatique,20:00 - 21:30,21 July,2018,Saturday,Weekend 1,"Electronica, Tech House, Techno"
3009,DIYNAMIC,Garden of Madness,Solomun,21:30 - 23:30,21 July,2018,Saturday,Weekend 1,Tech House
3010,DIYNAMIC,Garden of Madness,Kollektiv Turmstrasse,23:30 - 00:55,21 July,2018,Saturday,Weekend 1,Tech House
3011,Radio Ultra Modern,Harbour House,Rakesh aka Blackjack9000,13:00 - 16:00,21 July,2018,Saturday,Weekend 1,House
3012,Radio Ultra Modern,Harbour House,Lady S,16:00 - 18:00,21 July,2018,Saturday,Weekend 1,"Electronic, Dance, House"
3013,Radio Ultra Modern,Harbour House,DRIGAO & IAMGUNZ,18:00 - 20:00,21 July,2018,Saturday,Weekend 1,Unknown
3014,Radio Ultra Modern,Harbour House,Crack-T,20:00 - 22:00,21 July,2018,Saturday,Weekend 1,"Electronic, Dance, House"
3015,Radio Ultra Modern,Harbour House,B-Kay,22:00 - 01:00,21 July,2018,Saturday,Weekend 1,"Electronic, Dance, House"
3016,Nico Morano & Friends,House of Mask by Cubanisto,Heckman,13:00 - 15:00,21 July,2018,Saturday,Weekend 1,"Electronic, Techno"
3017,Nico Morano & Friends,House of Mask by Cubanisto,Axel Haube,15:00 - 16:30,21 July,2018,Saturday,Weekend 1,"Techno, Minimal Techno"
3018,Nico Morano & Friends,House of Mask by Cubanisto,Miss Melera,16:30 - 18:00,21 July,2018,Saturday,Weekend 1,Commercial Dance
3019,Nico Morano & Friends,House of Mask by Cubanisto,Eelke Kleijn,18:00 - 19:00,21 July,2018,Saturday,Weekend 1,Progressive House
3020,Nico Morano & Friends,House of Mask by Cubanisto,Nico Morano,19:00 - 20:30,21 July,2018,Saturday,Weekend 1,"House, Techno"
3021,Nico Morano & Friends,House of Mask by Cubanisto,Alex Niggemann,20:30 - 22:00,21 July,2018,Saturday,Weekend 1,Traditional House
3022,Abracadabra,Leaf,Dauw & Schemering,12:30 - 15:30,21 July,2018,Saturday,Weekend 1,Unknown
3023,Abracadabra,Leaf,Bloem,15:30 - 17:30,21 July,2018,Saturday,Weekend 1,Unknown
3024,Abracadabra,Leaf,Monolink,17:30 - 19:00,21 July,2018,Saturday,Weekend 1,"Electronica, Techno, Traditional House"
3025,Axtone,Freedom,Axwell,20:00 - 21:15,21 July,2018,Saturday,Weekend 1,Progressive House
3026,Abracadabra,Leaf,Behrouz,21:00 - 23:30,21 July,2018,Saturday,Weekend 1,Traditional House
3027,Mainstage,Mainstage,Nora En Pure,12:00 - 14:50,21 July,2018,Saturday,Weekend 1,Commercial Dance
3028,Mainstage,Mainstage,Curtis Alto,14:50 - 15:50,21 July,2018,Saturday,Weekend 1,Unknown
3029,Mainstage,Mainstage,Salvatore Ganacci,15:50 - 16:50,21 July,2018,Saturday,Weekend 1,"Electro House, Big Room, Pop House"
3030,Mainstage,Mainstage,Alison Wonderland,16:50 - 17:50,21 July,2018,Saturday,Weekend 1,Commercial Dance
3031,Mainstage,Mainstage,Lucas & Steve,17:50 - 18:50,21 July,2018,Saturday,Weekend 1,"Commercial Dance, Hard Dance, Traditional House"
3032,Mainstage,Mainstage,Sunnery James & Ryan Marciano,18:50 - 19:50,21 July,2018,Saturday,Weekend 1,Electro House
3033,Mainstage,Mainstage,Nicky Romero,19:50 - 20:50,21 July,2018,Saturday,Weekend 1,Progressive House
3034,Mainstage,Mainstage,Yellow Claw,20:50 - 21:50,21 July,2018,Saturday,Weekend 1,"Electro House, Electronica, Hip-Hop, Traditional House, Trap"
3035,Mainstage,Mainstage,Armin Van Buuren,21:50 - 22:50,21 July,2018,Saturday,Weekend 1,Trance
3036,Mainstage,Mainstage,Dimitri Vegas & Like Mike,22:50 - 23:50,21 July,2018,Saturday,Weekend 1,Electro House
3037,Mainstage,Mainstage,Alesso,23:50 - 00:50,21 July,2018,Saturday,Weekend 1,Progressive House
3038,STMPD RCRDS,Organ of Harmony,Hermanos,12:00 - 13:00,21 July,2018,Saturday,Weekend 1,Unknown
3039,STMPD RCRDS,Organ of Harmony,Justin Mylo,13:00 - 14:00,21 July,2018,Saturday,Weekend 1,"Electro House, Electronica, Progressive House, Tech House, Traditional House"
3040,STMPD RCRDS,Organ of Harmony,TV Noise,14:00 - 15:00,21 July,2018,Saturday,Weekend 1,Electro House
3041,STMPD RCRDS,Organ of Harmony,Blinders,15:00 - 16:00,21 July,2018,Saturday,Weekend 1,"Commercial Dance, Electro House, Electronica"
3042,STMPD RCRDS,Organ of Harmony,CMC$,16:00 - 17:00,21 July,2018,Saturday,Weekend 1,Unknown
3043,STMPD RCRDS,Organ of Harmony,Ytram,17:00 - 18:00,21 July,2018,Saturday,Weekend 1,Unknown
3044,STMPD RCRDS,Organ of Harmony,Tchami x Malaa,18:00 - 19:00,21 July,2018,Saturday,Weekend 1,"Future House, G-House"
3045,STMPD RCRDS,Organ of Harmony,Matisse & Sadko,19:00 - 20:00,21 July,2018,Saturday,Weekend 1,Progressive House
3046,STMPD RCRDS,Organ of Harmony,Brooks,20:00 - 21:00,21 July,2018,Saturday,Weekend 1,"Progressive House, Tech House"
3047,STMPD RCRDS,Organ of Harmony,Jonas Blue,21:00 - 22:00,21 July,2018,Saturday,Weekend 1,"Pop House, Tropical House"
3048,STMPD RCRDS,Organ of Harmony,Dua Lipa,22:30 - 23:15,21 July,2018,Saturday,Weekend 1,Unknown
3049,STMPD RCRDS,Organ of Harmony,Martin Garrix,23:30 - 01:00,21 July,2018,Saturday,Weekend 1,Electro House
3050,Abracadabra,Leaf,Blond:ish,19:00 - 21:00,21 July,2018,Saturday,Weekend 1,Traditional House
3051,Woody Weekend,The Rave Cave,Bouncing Rhytms,13:00 - 14:00,21 July,2018,Saturday,Weekend 1,Unknown
3052,Woody Weekend,The Rave Cave,Maximo,14:00 - 15:00,21 July,2018,Saturday,Weekend 1,House
3053,Woody Weekend,The Rave Cave,Jackless & The Fox,15:00 - 16:00,21 July,2018,Saturday,Weekend 1,Techno
3054,Woody Weekend,The Rave Cave,Samyn,16:00 - 17:00,21 July,2018,Saturday,Weekend 1,Unknown
3055,Woody Weekend,The Rave Cave,Que 9,17:00 - 18:00,21 July,2018,Saturday,Weekend 1,Unknown
3056,Woody Weekend,The Rave Cave,Thim,18:00 - 19:00,21 July,2018,Saturday,Weekend 1,House
3057,Woody Weekend,The Rave Cave,Greg Lamore vs Jay Lee Hudson,19:00 - 20:00,21 July,2018,Saturday,Weekend 1,Unknown
3058,Woody Weekend,The Rave Cave,Basement Sounds,20:00 - 21:00,21 July,2018,Saturday,Weekend 1,Unknown
3059,Woody Weekend,The Rave Cave,Wezlee,21:00 - 22:00,21 July,2018,Saturday,Weekend 1,Unknown
3060,Woody Weekend,The Rave Cave,Seelen,22:00 - 23:00,21 July,2018,Saturday,Weekend 1,Electronic
3061,Woody Weekend,The Rave Cave,Orb,23:00 - 00:00,21 July,2018,Saturday,Weekend 1,Commercial Dance
3062,Bonzai,The Rose Garden,DJ Fire,13:00 - 14:00,21 July,2018,Saturday,Weekend 1,Electronic
3063,Bonzai,The Rose Garden,Airwave,14:00 - 15:30,21 July,2018,Saturday,Weekend 1,"Progressive House, Psychedelic Trance"
3064,Bonzai,The Rose Garden,Oliver Lieb,15:30 - 17:00,21 July,2018,Saturday,Weekend 1,"Tech House, Techno"
3065,Bonzai,The Rose Garden,Franky Jones,17:00 - 18:00,21 July,2018,Saturday,Weekend 1,"Techno, Acid"
3066,Bonzai,The Rose Garden,Bountyhunter,18:00 - 19:00,21 July,2018,Saturday,Weekend 1,"Hardcore, Gabber, Electronic"
3067,Bonzai,The Rose Garden,Jan Vervloet,19:00 - 20:00,21 July,2018,Saturday,Weekend 1,Progressive House
3068,Bonzai,The Rose Garden,DJ Ghost,20:00 - 21:00,21 July,2018,Saturday,Weekend 1,"Hard Trance, Techno"
3069,Bonzai,The Rose Garden,Franky Kloeck,21:00 - 22:30,21 July,2018,Saturday,Weekend 1,"Techno, Hard Trance"
3070,Bonzai,The Rose Garden,Yves Deruyter,22:30 - 23:30,21 July,2018,Saturday,Weekend 1,Trance
3071,Bonzai,The Rose Garden,Bonzai All Stars,23:30 - 01:00,21 July,2018,Saturday,Weekend 1,"Techno, Trance"
3072,Theatre Formidable,Theatre Formidable,Leesa,12:00 - 14:00,21 July,2018,Saturday,Weekend 1,Unknown
3073,Theatre Formidable,Theatre Formidable,Prinz,14:00 - 15:30,21 July,2018,Saturday,Weekend 1,Techno
3074,Theatre Formidable,Theatre Formidable,Bontan,15:30 - 17:00,21 July,2018,Saturday,Weekend 1,Commercial Dance
3075,Woody Weekend,The Rave Cave,Many Moore,00:00 - 01:00,21 July,2018,Saturday,Weekend 1,House
3076,Theatre Formidable,Theatre Formidable,Eats Everything,19:00 - 21:00,21 July,2018,Saturday,Weekend 1,Traditional House
3077,Theatre Formidable,Theatre Formidable,Dubfire,21:00 - 23:00,21 July,2018,Saturday,Weekend 1,Techno
3078,Theatre Formidable,Theatre Formidable,Luciano,23:00 - 01:00,21 July,2018,Saturday,Weekend 1,"Minimal, Techno"
3079,Trance Classic,Tulip,Ton T.B. (Three Drives),12:30 - 14:00,21 July,2018,Saturday,Weekend 1,Unknown
3080,Trance Classic,Tulip,Fred Baker,14:00 - 15:30,21 July,2018,Saturday,Weekend 1,"Techno, Trance"
3081,Trance Classic,Tulip,Jochen Miller,15:30 - 16:30,21 July,2018,Saturday,Weekend 1,Trance
3082,Trance Classic,Tulip,Scott Bond,16:30 - 17:30,21 July,2018,Saturday,Weekend 1,Hard Dance
3083,Trance Classic,Tulip,Marcel Woods,17:30 - 18:30,21 July,2018,Saturday,Weekend 1,"Progressive House, Trance"
3084,Trance Classic,Tulip,Menno de Jong,18:30 - 19:30,21 July,2018,Saturday,Weekend 1,Trance
3085,Trance Classic,Tulip,Rank 1,19:30 - 20:30,21 July,2018,Saturday,Weekend 1,Trance
3086,Trance Classic,Tulip,Johan Gielen Extended Set,20:30 - 22:30,21 July,2018,Saturday,Weekend 1,Unknown
3087,Trance Classic,Tulip,Talla 2XLC,22:30 - 23:30,21 July,2018,Saturday,Weekend 1,"Progressive House, Trance"
3088,Trance Classic,Tulip,Mark Sherry,23:30 - 00:55,21 July,2018,Saturday,Weekend 1,Trance
3089,Nervo Nation,Youphoria,Tim Arisu,12:30 - 14:00,21 July,2018,Saturday,Weekend 1,Unknown
3090,Nervo Nation,Youphoria,Stadiumx,14:00 - 15:00,21 July,2018,Saturday,Weekend 1,"Electro House, Electronica, Progressive House, Tech House"
3091,Nervo Nation,Youphoria,THRDL!FE,15:00 - 16:00,21 July,2018,Saturday,Weekend 1,Unknown
3092,Nervo Nation,Youphoria,The Him,16:00 - 17:00,21 July,2018,Saturday,Weekend 1,Electronica
3093,Nervo Nation,Youphoria,Throttle,17:00 - 18:00,21 July,2018,Saturday,Weekend 1,"Commercial Dance, Electronica"
3094,Nervo Nation,Youphoria,Matoma,18:00 - 19:00,21 July,2018,Saturday,Weekend 1,"Electronica, Funk / R&B, Traditional House"
3095,Nervo Nation,Youphoria,Danny Avila,19:00 - 20:00,21 July,2018,Saturday,Weekend 1,Electro House
3096,Nervo Nation,Youphoria,Quintino,20:00 - 21:00,21 July,2018,Saturday,Weekend 1,Electro House
3097,Nervo Nation,Youphoria,Nervo,21:00 - 22:30,21 July,2018,Saturday,Weekend 1,"Electro House, Progressive House"
3098,Nervo Nation,Youphoria,Chuckie,22:30 - 23:30,21 July,2018,Saturday,Weekend 1,Electro House
3099,Nervo Nation,Youphoria,Krewella,23:30 - 00:45,21 July,2018,Saturday,Weekend 1,Electro House
3100,Theatre Formidable,Theatre Formidable,Skream,17:00 - 19:00,21 July,2018,Saturday,Weekend 1,Commercial Dance
3101,Rampage,Arch,Radar Records Soundsystem ft NCT b,14:00 - 15:00,22 July,2018,Sunday,Weekend 1,Unknown
3102,Rampage,Arch,Fox Stevenson,15:00 - 16:00,22 July,2018,Sunday,Weekend 1,Future Bass
3103,Rampage,Arch,TC,16:00 - 17:00,22 July,2018,Sunday,Weekend 1,Commercial Dance
3104,Rampage,Arch,Murdock,17:00 - 18:00,22 July,2018,Sunday,Weekend 1,Drum & Bass
3105,Rampage,Arch,Barely Alive & PhaseOne & Virtual,18:00 - 19:00,22 July,2018,Sunday,Weekend 1,Unknown
3106,Rampage,Arch,SaSaSaS,19:00 - 20:00,22 July,2018,Sunday,Weekend 1,Drum & Bass
3107,Rampage,Arch,NGHTMRE,20:00 - 21:00,22 July,2018,Sunday,Weekend 1,"Drum & Bass, Dubstep, Electro House, Traditional House, Trap"
3108,Rampage,Arch,Slushii,21:00 - 22:00,22 July,2018,Sunday,Weekend 1,"Dubstep, Electro House, Electronica, Progressive House, Trap"
3109,Rampage,Arch,Ditryphonics,22:00 - 23:00,22 July,2018,Sunday,Weekend 1,Unknown
3110,Rampage,Arch,Pendulum (DJ Set),23:00 - 23:50,22 July,2018,Sunday,Weekend 1,Unknown
3111,Fuse & Dave Clarke,Atmosphere,Downside,12:30 - 14:30,22 July,2018,Sunday,Weekend 1,Unknown
3112,Fuse & Dave Clarke,Atmosphere,Pierre,14:30 - 16:30,22 July,2018,Sunday,Weekend 1,Traditional House
3113,Fuse & Dave Clarke,Atmosphere,Mind Against,16:30 - 18:00,22 July,2018,Sunday,Weekend 1,Commercial Dance
3114,Fuse & Dave Clarke,Atmosphere,Marcel Dettmann,18:00 - 19:30,22 July,2018,Sunday,Weekend 1,Techno
3115,Fuse & Dave Clarke,Atmosphere,Pan-Pot,19:30 - 21:00,22 July,2018,Sunday,Weekend 1,"Minimal, Techno"
3116,Fuse & Dave Clarke,Atmosphere,Len Faki,21:00 - 22:30,22 July,2018,Sunday,Weekend 1,Techno
3117,Fuse & Dave Clarke,Atmosphere,Dave Clarke,22:30 - 00:00,22 July,2018,Sunday,Weekend 1,"Electro House, Techno"
3118,Loudness,Cage,MYST,13:00 - 14:00,22 July,2018,Sunday,Weekend 1,Funk
3119,Loudness,Cage,Clockartz,14:00 - 15:30,22 July,2018,Sunday,Weekend 1,Unknown
3120,Loudness,Cage,Requiem,15:30 - 16:30,22 July,2018,Sunday,Weekend 1,Unknown
3121,Loudness,Cage,Phuture Noize,16:30 - 17:30,22 July,2018,Sunday,Weekend 1,Hard Dance
3122,Loudness,Cage,Bass Chaserz,17:30 - 18:30,22 July,2018,Sunday,Weekend 1,Unknown
3123,Loudness,Cage,Deetox,18:30 - 19:30,22 July,2018,Sunday,Weekend 1,Unknown
3124,Loudness,Cage,B-Front,19:30 - 21:00,22 July,2018,Sunday,Weekend 1,Hardcore Techno
3125,Rampage,Arch,Callie Reiff,12:30 - 14:00,22 July,2018,Sunday,Weekend 1,Unknown
3126,Loudness,Cage,E-Force,22:00 - 23:00,22 July,2018,Sunday,Weekend 1,Commercial Dance
3127,Loudness,Cage,Warface,23:00 - 00:00,22 July,2018,Sunday,Weekend 1,"Dubstep, Electronica, Hard Dance, Hardcore Techno, Techno"
3128,The Masquerade by Claptone,Core,Lars Moston,12:00 - 13:00,22 July,2018,Sunday,Weekend 1,Commercial Dance
3129,The Masquerade by Claptone,Core,Two Pauz,13:00 - 14:30,22 July,2018,Sunday,Weekend 1,Unknown
3130,The Masquerade by Claptone,Core,MAT.Joe,14:30 - 16:00,22 July,2018,Sunday,Weekend 1,Commercial Dance
3131,The Masquerade by Claptone,Core,Dennis Cruz,16:00 - 17:30,22 July,2018,Sunday,Weekend 1,"Commercial Dance, Electronica, Traditional House"
3132,The Masquerade by Claptone,Core,Andhim,17:30 - 19:00,22 July,2018,Sunday,Weekend 1,"Progressive House, Tech House"
3133,The Masquerade by Claptone,Core,Claude VonStroke,19:00 - 20:30,22 July,2018,Sunday,Weekend 1,"Tech House, Techno"
3134,The Masquerade by Claptone,Core,Claptone,20:30 - 22:30,22 July,2018,Sunday,Weekend 1,"Electro House, Tech House, Techno, Traditional House"
3135,The Masquerade by Claptone,Core,Butch,22:30 - 00:00,22 July,2018,Sunday,Weekend 1,Tech House
3136,Smash The House,Freedom,Vito Mendez,12:30 - 13:30,22 July,2018,Sunday,Weekend 1,Unknown
3137,Smash The House,Freedom,D'Angello & Francis,13:30 - 14:30,22 July,2018,Sunday,Weekend 1,Unknown
3138,Smash The House,Freedom,MAD M.A.C.,14:30 - 15:30,22 July,2018,Sunday,Weekend 1,Unknown
3139,Smash The House,Freedom,Henri PFR,15:30 - 16:30,22 July,2018,Sunday,Weekend 1,"Commercial Dance, Electronica, Traditional House"
3140,Smash The House,Freedom,Brennan Heart,16:30 - 17:30,22 July,2018,Sunday,Weekend 1,Hard Dance
3141,Smash The House,Freedom,Ummet Ozcan,17:30 - 18:30,22 July,2018,Sunday,Weekend 1,Trance
3142,Smash The House,Freedom,Quintino,18:30 - 19:30,22 July,2018,Sunday,Weekend 1,Electro House
3143,Smash The House,Freedom,Wolfpack,19:30 - 20:30,22 July,2018,Sunday,Weekend 1,"Commercial Dance, Electro House, Progressive House"
3144,Smash The House,Freedom,W&W,20:30 - 21:30,22 July,2018,Sunday,Weekend 1,Trance
3145,Smash The House,Freedom,MATTN,21:30 - 22:30,22 July,2018,Sunday,Weekend 1,"Commercial Dance, Traditional House"
3146,Smash The House,Freedom,Dimitri Vegas & Like Mike,22:30 - 00:00,22 July,2018,Sunday,Weekend 1,Electro House
3147,ANTS,Garden of Madness,Goldfox,12:00 - 13:30,22 July,2018,Sunday,Weekend 1,"Electronic, Dance"
3148,ANTS,Garden of Madness,Nukov & Yelmet,13:30 - 15:00,22 July,2018,Sunday,Weekend 1,Unknown
3149,ANTS,Garden of Madness,Francisco Allendes,15:00 - 16:30,22 July,2018,Sunday,Weekend 1,Tech House
3150,Loudness,Cage,D-Sturb,21:00 - 22:00,22 July,2018,Sunday,Weekend 1,Hard Dance
3151,ANTS,Garden of Madness,Solardo,18:00 - 19:30,22 July,2018,Sunday,Weekend 1,"Electro House, Tech House, Traditional House"
3152,ANTS,Garden of Madness,wAFF,19:30 - 21:00,22 July,2018,Sunday,Weekend 1,Commercial Dance
3153,ANTS,Garden of Madness,Kölsch,21:00 - 22:30,22 July,2018,Sunday,Weekend 1,Commercial Dance
3154,ANTS,Garden of Madness,Andrea Oliva,22:30 - 23:50,22 July,2018,Sunday,Weekend 1,"Minimal, Tech House"
3155,Radio Ultra Modern,Harbour House,Dosschy,13:00 - 15:00,22 July,2018,Sunday,Weekend 1,Unknown
3156,Radio Ultra Modern,Harbour House,Rakka,15:00 - 17:00,22 July,2018,Sunday,Weekend 1,Unknown
3157,Radio Ultra Modern,Harbour House,Veepee,17:00 - 18:00,22 July,2018,Sunday,Weekend 1,Unknown
3158,Radio Ultra Modern,Harbour House,Rakesh aka Blackjack9000,18:00 - 21:00,22 July,2018,Sunday,Weekend 1,House
3159,Radio Ultra Modern,Harbour House,Discobaar A Moeder,21:00 - 23:00,22 July,2018,Sunday,Weekend 1,Dance
3160,Radio Ultra Modern,Harbour House,The Knightriders,23:00 - 00:00,22 July,2018,Sunday,Weekend 1,"Electronic, Dance, House"
3161,High on House,House of Mask by Cubanisto,Dimitri Delava,13:00 - 14:00,22 July,2018,Sunday,Weekend 1,Unknown
3162,High on House,House of Mask by Cubanisto,Tom Smeyers,14:00 - 15:00,22 July,2018,Sunday,Weekend 1,Unknown
3163,High on House,House of Mask by Cubanisto,Lunoize & LYA,15:00 - 16:00,22 July,2018,Sunday,Weekend 1,Unknown
3164,High on House,House of Mask by Cubanisto,Jacky,16:00 - 17:30,22 July,2018,Sunday,Weekend 1,"Hard Dance, Hardcore Techno"
3165,High on House,House of Mask by Cubanisto,Niels Feijen,17:30 - 18:30,22 July,2018,Sunday,Weekend 1,Unknown
3166,High on House,House of Mask by Cubanisto,DJaxx,18:30 - 19:30,22 July,2018,Sunday,Weekend 1,Unknown
3167,High on House,House of Mask by Cubanisto,Bocain,19:30 - 20:30,22 July,2018,Sunday,Weekend 1,Unknown
3168,High on House,House of Mask by Cubanisto,Flashmob,20:30 - 22:00,22 July,2018,Sunday,Weekend 1,Unknown
3169,Lost & Found,Leaf,Akira,12:30 - 14:00,22 July,2018,Sunday,Weekend 1,Trance
3170,Lost & Found,Leaf,Budakid,14:00 - 15:30,22 July,2018,Sunday,Weekend 1,Unknown
3171,Lost & Found,Leaf,Luca Bacchetti,15:30 - 17:00,22 July,2018,Sunday,Weekend 1,"Tech House, Techno"
3172,Lost & Found,Leaf,Guy Mantzur,17:00 - 18:30,22 July,2018,Sunday,Weekend 1,Techno
3173,Lost & Found,Leaf,Guy J,18:30 - 20:00,22 July,2018,Sunday,Weekend 1,"Tech House, Techno"
3174,Lost & Found,Leaf,Chicola,20:00 - 22:00,22 July,2018,Sunday,Weekend 1,Unknown
3175,ANTS,Garden of Madness,Camelphat,16:30 - 18:00,22 July,2018,Sunday,Weekend 1,"Electronica, Tech House, Traditional House"
3176,Mainstage,Mainstage,Paul Oakenfold,12:00 - 14:50,22 July,2018,Sunday,Weekend 1,Trance
3177,Mainstage,Mainstage,Andrew Rayel,14:50 - 15:50,22 July,2018,Sunday,Weekend 1,Trance
3178,Mainstage,Mainstage,Fedde Le Grand,15:50 - 16:50,22 July,2018,Sunday,Weekend 1,Progressive House
3179,Mainstage,Mainstage,Timmy Trumpet,16:50 - 17:50,22 July,2018,Sunday,Weekend 1,Progressive House
3180,Mainstage,Mainstage,Coone,17:50 - 18:50,22 July,2018,Sunday,Weekend 1,Hard Dance
3181,Mainstage,Mainstage,Yves V,18:50 - 19:50,22 July,2018,Sunday,Weekend 1,Progressive House
3182,Mainstage,Mainstage,Paul Kalkbrenner,19:50 - 20:50,22 July,2018,Sunday,Weekend 1,Techno
3183,Mainstage,Mainstage,Lost Frequencies,20:50 - 21:50,22 July,2018,Sunday,Weekend 1,"Electro House, Electronica, Traditional House"
3184,Mainstage,Mainstage,Steve Angello,21:50 - 22:50,22 July,2018,Sunday,Weekend 1,Progressive House
3185,Mainstage,Mainstage,Martin Garrix,22:50 - 23:50,22 July,2018,Sunday,Weekend 1,Electro House
3186,My House,Organ of Harmony,Yamo,12:00 - 13:30,22 July,2018,Sunday,Weekend 1,"Electronic, Experimental"
3187,My House,Organ of Harmony,Coco Cole,13:30 - 15:00,22 July,2018,Sunday,Weekend 1,Unknown
3188,My House,Organ of Harmony,Michael Calfan,15:00 - 16:30,22 July,2018,Sunday,Weekend 1,Traditional House
3189,My House,Organ of Harmony,The Magician,16:30 - 18:00,22 July,2018,Sunday,Weekend 1,Indie / Underground
3190,My House,Organ of Harmony,Kungs,18:00 - 19:30,22 July,2018,Sunday,Weekend 1,"Tech House, Traditional House"
3191,My House,Organ of Harmony,Jax Jones,19:30 - 21:00,22 July,2018,Sunday,Weekend 1,Traditional House
3192,My House,Organ of Harmony,2mandyDJs (DJ Set),21:00 - 22:30,22 July,2018,Sunday,Weekend 1,Unknown
3193,My House,Organ of Harmony,Martin Solveig,22:30 - 00:00,22 July,2018,Sunday,Weekend 1,Electro House
3194,Crystal Events,The Rave Cave,Karl,12:00 - 13:30,22 July,2018,Sunday,Weekend 1,Techno
3195,Crystal Events,The Rave Cave,White Noise,13:30 - 15:00,22 July,2018,Sunday,Weekend 1,Unknown
3196,Crystal Events,The Rave Cave,Monta,15:00 - 16:30,22 July,2018,Sunday,Weekend 1,Electronic
3197,Crystal Events,The Rave Cave,Monta,15:00 - 16:30,22 July,2018,Sunday,Weekend 1,Electronic
3198,Crystal Events,The Rave Cave,Arno Stolz,16:30 - 18:00,22 July,2018,Sunday,Weekend 1,Unknown
3199,Crystal Events,The Rave Cave,That's Who,18:00 - 19:30,22 July,2018,Sunday,Weekend 1,Unknown
3200,Lost & Found,Leaf,Khen,22:00 - 23:30,22 July,2018,Sunday,Weekend 1,Unknown
3201,Crystal Events,The Rave Cave,Deuxfwa,21:00 - 22:30,22 July,2018,Sunday,Weekend 1,Electronic
3202,Crystal Events,The Rave Cave,Himperson,22:30 - 00:00,22 July,2018,Sunday,Weekend 1,Electronic
3203,Robin Schulz & Friends,The Rose Garden,Plastik Funk,12:30 - 13:30,22 July,2018,Sunday,Weekend 1,Electro House
3204,Robin Schulz & Friends,The Rose Garden,LOVRA,13:30 - 14:30,22 July,2018,Sunday,Weekend 1,Unknown
3205,Robin Schulz & Friends,The Rose Garden,Sylvain Armand,14:30 - 15:30,22 July,2018,Sunday,Weekend 1,Commercial Dance
3206,Robin Schulz & Friends,The Rose Garden,Alle Farben,15:30 - 16:30,22 July,2018,Sunday,Weekend 1,"Tech House, Techno, Deep House"
3207,Robin Schulz & Friends,The Rose Garden,Hugel,16:30 - 17:30,22 July,2018,Sunday,Weekend 1,Big Room House
3208,Robin Schulz & Friends,The Rose Garden,Cheat Codes,17:30 - 18:30,22 July,2018,Sunday,Weekend 1,"Commercial Dance, Electronica"
3209,Robin Schulz & Friends,The Rose Garden,Deepend,18:30 - 20:00,22 July,2018,Sunday,Weekend 1,"Tech House, Traditional House"
3210,Robin Schulz & Friends,The Rose Garden,Feder,20:00 - 21:30,22 July,2018,Sunday,Weekend 1,"Commercial Dance, Electronica, Reggae"
3211,Robin Schulz & Friends,The Rose Garden,Robin Schulz,21:30 - 23:00,22 July,2018,Sunday,Weekend 1,Commercial Dance
3212,Robin Schulz & Friends,The Rose Garden,Klingande,23:00 - 00:00,22 July,2018,Sunday,Weekend 1,"Deep House, Tropical House"
3213,Trance Energy,Theatre Formidable,Fast Distance,14:00 - 15:00,22 July,2018,Sunday,Weekend 1,"Chill Out, Trance"
3214,Trance Energy,Theatre Formidable,Jordan Suckley,15:00 - 16:00,22 July,2018,Sunday,Weekend 1,Techno
3215,Trance Energy,Theatre Formidable,Alpha9,16:00 - 17:00,22 July,2018,Sunday,Weekend 1,Trance
3216,Trance Energy,Theatre Formidable,Ben Nicky,17:00 - 18:00,22 July,2018,Sunday,Weekend 1,"Progressive House, Trance"
3217,Trance Energy,Theatre Formidable,John O'Callaghan,18:00 - 19:00,22 July,2018,Sunday,Weekend 1,Trance
3218,Trance Energy,Theatre Formidable,Cosmic Gate,19:00 - 20:00,22 July,2018,Sunday,Weekend 1,"Progressive House, Trance"
3219,Trance Energy,Theatre Formidable,Markus Schulz,20:00 - 21:00,22 July,2018,Sunday,Weekend 1,"Progressive House, Trance"
3220,Trance Energy,Theatre Formidable,Aly & Filla,21:00 - 22:30,22 July,2018,Sunday,Weekend 1,Unknown
3221,Trance Energy,Theatre Formidable,Paul Van Dyk,22:30 - 00:00,22 July,2018,Sunday,Weekend 1,Trance
3222,Thunderdome,Tulip,Kristof,12:30 - 14:00,22 July,2018,Sunday,Weekend 1,Country
3223,Thunderdome,Tulip,Buzz Fuzz,14:00 - 15:00,22 July,2018,Sunday,Weekend 1,Tech House
3224,Thunderdome,Tulip,Rob fr. MC Joe,15:00 - 16:00,22 July,2018,Sunday,Weekend 1,Unknown
3225,Crystal Events,The Rave Cave,Soulcity,19:30 - 21:00,22 July,2018,Sunday,Weekend 1,Electronic
3226,Thunderdome,Tulip,Promo,17:00 - 18:00,22 July,2018,Sunday,Weekend 1,Trance
3227,Thunderdome,Tulip,Tommyknocker,18:00 - 19:00,22 July,2018,Sunday,Weekend 1,Hardcore Techno
3228,Thunderdome,Tulip,Neophyte,19:00 - 20:00,22 July,2018,Sunday,Weekend 1,Unknown
3229,Thunderdome,Tulip,N-Vitral,20:00 - 21:00,22 July,2018,Sunday,Weekend 1,Commercial Dance
3230,Thunderdome,Tulip,Nosferatu,21:00 - 22:00,22 July,2018,Sunday,Weekend 1,Hardcore Techno
3231,Thunderdome,Tulip,Noize Suppressor,22:00 - 23:00,22 July,2018,Sunday,Weekend 1,Hardcore Techno
3232,Thunderdome,Tulip,Unexist,23:00 - 00:00,22 July,2018,Sunday,Weekend 1,Hardcore
3233,Cocoon x CDA,Youphoria,Joyhauser,12:30 - 14:00,22 July,2018,Sunday,Weekend 1,"Commercial Dance, Electronica, Techno, Trance"
3234,Cocoon x CDA,Youphoria,Dana Ruh,14:00 - 15:30,22 July,2018,Sunday,Weekend 1,Commercial Dance
3235,Cocoon x CDA,Youphoria,Ilario Alicante,15:30 - 17:00,22 July,2018,Sunday,Weekend 1,"Tech House, Techno"
3236,Cocoon x CDA,Youphoria,Ricardo Villalobos,17:00 - 19:00,22 July,2018,Sunday,Weekend 1,"Minimal, Techno"
3237,Cocoon x CDA,Youphoria,Dixon,19:00 - 21:00,22 July,2018,Sunday,Weekend 1,Techno
3238,Cocoon x CDA,Youphoria,Sven Väth,21:00 - 23:50,22 July,2018,Sunday,Weekend 1,Techno
3239,The Gathering,The Gathering,Armin Van Buuren,00:15 - 01:00,26 July,2018,Thursday,Weekend 2,Trance
3240,The Gathering,The Gathering,DJ Ever-L,13:00 - 14:00,26 July,2018,Thursday,Weekend 2,Unknown
3241,The Gathering,The Gathering,JackJazz,14:00 - 15:00,26 July,2018,Thursday,Weekend 2,Unknown
3242,The Gathering,The Gathering,Axel Haube,15:00 - 16:00,26 July,2018,Thursday,Weekend 2,"Techno, Minimal Techno"
3243,The Gathering,The Gathering,Dominico,16:00 - 16:45,26 July,2018,Thursday,Weekend 2,Tech House
3244,The Gathering,The Gathering,Hermanos,16:45 - 17:30,26 July,2018,Thursday,Weekend 2,Unknown
3245,The Gathering,The Gathering,Prinz,17:30 - 18:15,26 July,2018,Thursday,Weekend 2,Techno
3246,The Gathering,The Gathering,Lowriderz,18:15 - 18:45,26 July,2018,Thursday,Weekend 2,Unknown
3247,The Gathering,The Gathering,Mandy,18:45 - 19:15,26 July,2018,Thursday,Weekend 2,Hard Dance
3248,The Gathering,The Gathering,Kid Noize,19:15 - 19:45,26 July,2018,Thursday,Weekend 2,Unknown
3249,The Gathering,The Gathering,Henri PFR,19:45 - 20:30,26 July,2018,Thursday,Weekend 2,"Commercial Dance, Electronica, Traditional House"
3250,Thunderdome,Tulip,Panic,16:00 - 17:00,22 July,2018,Sunday,Weekend 1,"Hardcore Techno, Psychedelic Trance"
3251,The Gathering,The Gathering,Bonzai All Stars,21:00 - 21:45,26 July,2018,Thursday,Weekend 2,"Techno, Trance"
3252,The Gathering,The Gathering,Regi,21:45 - 22:45,26 July,2018,Thursday,Weekend 2,"Trance, Big Room House"
3253,The Gathering,The Gathering,Lost Frequencies,22:45 - 23:30,26 July,2018,Thursday,Weekend 2,"Electro House, Electronica, Traditional House"
3254,The Gathering,The Gathering,Netsky,23:30 - 00:15,26 July,2018,Thursday,Weekend 2,Drum & Bass
3255,Heldeep,Arch,Aevion,12:30 - 14:00,27 July,2018,Friday,Weekend 2,Unknown
3256,Heldeep,Arch,Neon,14:00 - 15:30,27 July,2018,Friday,Weekend 2,Electronic
3257,Heldeep,Arch,Punctual,15:30 - 17:00,27 July,2018,Friday,Weekend 2,Unknown
3258,Heldeep,Arch,Chocolate Puma,17:00 - 18:30,27 July,2018,Friday,Weekend 2,Traditional House
3259,Heldeep,Arch,Anna Lunoe,18:30 - 19:30,27 July,2018,Friday,Weekend 2,"Commercial Dance, Electronica, Traditional House"
3260,Heldeep,Arch,Disciples,19:30 - 21:00,27 July,2018,Friday,Weekend 2,"Electronica, Traditional House"
3261,Heldeep,Arch,Jax Jones,21:00 - 22:00,27 July,2018,Friday,Weekend 2,Traditional House
3262,Heldeep,Arch,Oliver Heldens,22:00 - 23:30,27 July,2018,Friday,Weekend 2,"Electro House, Electronica, Techno"
3263,Heldeep,Arch,Duke Dumont,23:30 - 01:00,27 July,2018,Friday,Weekend 2,Electronica
3264,PRYDA,Atmosphere,Broux,12:30 - 14:00,27 July,2018,Friday,Weekend 2,Unknown
3265,PRYDA,Atmosphere,Frankyeffe,14:00 - 15:30,27 July,2018,Friday,Weekend 2,Unknown
3266,PRYDA,Atmosphere,Cristoph,15:30 - 17:00,27 July,2018,Friday,Weekend 2,Unknown
3267,PRYDA,Atmosphere,Dubfire,17:00 - 19:00,27 July,2018,Friday,Weekend 2,Techno
3268,PRYDA,Atmosphere,Sasha,19:00 - 21:00,27 July,2018,Friday,Weekend 2,"Tech House, Techno"
3269,PRYDA,Atmosphere,Adam Beyer,21:00 - 23:00,27 July,2018,Friday,Weekend 2,Techno
3270,PRYDA,Atmosphere,Eric Prydz,23:00 - 01:00,27 July,2018,Friday,Weekend 2,Progressive House
3271,Onraad,Cage,Dave Brody,13:00 - 14:00,27 July,2018,Friday,Weekend 2,Unknown
3272,Onraad,Cage,Double u jay,14:00 - 15:00,27 July,2018,Friday,Weekend 2,Unknown
3273,Onraad,Cage,Arkline,15:00 - 16:00,27 July,2018,Friday,Weekend 2,Unknown
3274,Onraad,Cage,TWR72,16:00 - 17:30,27 July,2018,Friday,Weekend 2,Unknown
3275,The Gathering,The Gathering,Robert Falcon,20:30 - 21:00,26 July,2018,Thursday,Weekend 2,Unknown
3276,Onraad,Cage,Gary Beck,19:00 - 21:00,27 July,2018,Friday,Weekend 2,"Tech House, Techno"
3277,Onraad,Cage,Marcel Fengler,21:00 - 23:00,27 July,2018,Friday,Weekend 2,Techno
3278,Onraad,Cage,Oscar Mulero,23:00 - 01:00,27 July,2018,Friday,Weekend 2,Techno
3279,Spectrum,Core,Nick Bril,12:30 - 14:00,27 July,2018,Friday,Weekend 2,"House, Techno"
3280,Spectrum,Core,Flapjackers,14:00 - 15:30,27 July,2018,Friday,Weekend 2,Unknown
3281,Spectrum,Core,Yotto,15:30 - 17:00,27 July,2018,Friday,Weekend 2,"Progressive House, Traditional House"
3282,Spectrum,Core,Konstantin Sibold,17:00 - 18:30,27 July,2018,Friday,Weekend 2,Unknown
3283,Spectrum,Core,Maya Jane Coles,18:30 - 19:45,27 July,2018,Friday,Weekend 2,Tech House
3284,Spectrum,Core,Tiga,19:45 - 21:15,27 July,2018,Friday,Weekend 2,"Electro House, Indie / Underground"
3285,Spectrum,Core,Rødhåd B2B Âme DJ,21:15 - 23:00,27 July,2018,Friday,Weekend 2,Unknown
3286,Spectrum,Core,Joris Voorn,23:00 - 01:00,27 July,2018,Friday,Weekend 2,"Tech House, Techno"
3287,A State Of Trance,Freedom,MaRLo,00:00 - 01:00,27 July,2018,Friday,Weekend 2,Trance
3288,A State Of Trance,Freedom,Estiva,13:00 - 14:30,27 July,2018,Friday,Weekend 2,Trance
3289,A State Of Trance,Freedom,Ruben de Ronde,14:30 - 15:30,27 July,2018,Friday,Weekend 2,"Progressive House, Trance"
3290,A State Of Trance,Freedom,Super8 & Tab,15:30 - 16:30,27 July,2018,Friday,Weekend 2,Trance
3291,A State Of Trance,Freedom,David Gravell,16:30 - 17:30,27 July,2018,Friday,Weekend 2,Commercial Dance
3292,A State Of Trance,Freedom,Vini Vici,17:30 - 18:30,27 July,2018,Friday,Weekend 2,"Psychedelic Trance, Trance"
3293,A State Of Trance,Freedom,Cosmic Gate,18:30 - 19:30,27 July,2018,Friday,Weekend 2,"Progressive House, Trance"
3294,A State Of Trance,Freedom,Armin Van Buuren,19:30 - 22:00,27 July,2018,Friday,Weekend 2,Trance
3295,A State Of Trance,Freedom,Andrew Rayel,22:00 - 23:00,27 July,2018,Friday,Weekend 2,Trance
3296,A State Of Trance,Freedom,Ben Nicky,23:00 - 00:00,27 July,2018,Friday,Weekend 2,"Progressive House, Trance"
3297,Sexy By Nature,Garden of Madness,Siege,12:30 - 13:30,27 July,2018,Friday,Weekend 2,"House, Techno"
3298,Sexy By Nature,Garden of Madness,Bruno Martini,13:30 - 14:30,27 July,2018,Friday,Weekend 2,"Commercial Dance, House"
3299,Sexy By Nature,Garden of Madness,Double Pleasure,14:30 - 15:30,27 July,2018,Friday,Weekend 2,House
3300,Onraad,Cage,Himperson,17:30 - 19:00,27 July,2018,Friday,Weekend 2,Electronic
3301,Sexy By Nature,Garden of Madness,Cédric Gervais,16:30 - 17:30,27 July,2018,Friday,Weekend 2,Tech House
3302,Sexy By Nature,Garden of Madness,Laidback Luke,17:30 - 18:30,27 July,2018,Friday,Weekend 2,Electro House
3303,Sexy By Nature,Garden of Madness,Sunnery James & Ryan Marciano,19:30 - 21:30,27 July,2018,Friday,Weekend 2,Electro House
3304,Sexy By Nature,Garden of Madness,Fedde Le Grand,21:30 - 22:30,27 July,2018,Friday,Weekend 2,Progressive House
3305,Sexy By Nature,Garden of Madness,Sander Van Doorn,22:30 - 23:45,27 July,2018,Friday,Weekend 2,Trance
3306,Sexy By Nature,Garden of Madness,Burak Yeter,23:45 - 00:45,27 July,2018,Friday,Weekend 2,Progressive House
3307,Radio Ultra Modern,Harbour House,Nitsa,13:00 - 15:00,27 July,2018,Friday,Weekend 2,Unknown
3308,Radio Ultra Modern,Harbour House,Rakesh aka Blackjack9000,15:00 - 18:00,27 July,2018,Friday,Weekend 2,House
3309,Radio Ultra Modern,Harbour House,Jesse,18:00 - 20:00,27 July,2018,Friday,Weekend 2,Pop
3310,Radio Ultra Modern,Harbour House,B-Kay,20:00 - 22:00,27 July,2018,Friday,Weekend 2,"Electronic, Dance, House"
3311,Radio Ultra Modern,Harbour House,Bubba,22:00 - 01:00,27 July,2018,Friday,Weekend 2,"Electronic, House, Techno"
3312,HushHush,House of Mask by Cubanisto,The Whatevers,13:00 - 14:00,27 July,2018,Friday,Weekend 2,Unknown
3313,HushHush,House of Mask by Cubanisto,Hush,14:00 - 15:00,27 July,2018,Friday,Weekend 2,Traditional House
3314,HushHush,House of Mask by Cubanisto,Blackout Boy,15:00 - 16:00,27 July,2018,Friday,Weekend 2,Unknown
3315,HushHush,House of Mask by Cubanisto,Jaël,16:00 - 17:30,27 July,2018,Friday,Weekend 2,Unknown
3316,HushHush,House of Mask by Cubanisto,Hush Hefner,17:30 - 19:30,27 July,2018,Friday,Weekend 2,Unknown
3317,HushHush,House of Mask by Cubanisto,Wantigga,19:30 - 20:30,27 July,2018,Friday,Weekend 2,Unknown
3318,HushHush,House of Mask by Cubanisto,TLP,20:30 - 22:00,27 July,2018,Friday,Weekend 2,Unknown
3319,All Day I Dream,Leaf,Gab Rhome,12:30 - 14:30,27 July,2018,Friday,Weekend 2,"Progressive House, Techno"
3320,All Day I Dream,Leaf,Öona Dahl,14:30 - 17:30,27 July,2018,Friday,Weekend 2,"Tech House, Progressive House, Deep House"
3321,All Day I Dream,Leaf,Lost Desert,17:30 - 20:30,27 July,2018,Friday,Weekend 2,Unknown
3322,All Day I Dream,Leaf,Powel,20:30 - 23:30,27 July,2018,Friday,Weekend 2,House
3323,Mainstage,Mainstage,Paul Kalkbrenner,12:00 - 14:50,27 July,2018,Friday,Weekend 2,Techno
3324,Mainstage,Mainstage,Nico Morano,14:50 - 15:50,27 July,2018,Friday,Weekend 2,"House, Techno"
3325,Sexy By Nature,Garden of Madness,DJ Licious,15:30 - 16:30,27 July,2018,Friday,Weekend 2,House
3326,Mainstage,Mainstage,Slushii,16:50 - 17:50,27 July,2018,Friday,Weekend 2,"Dubstep, Electro House, Electronica, Progressive House, Trap"
3327,Mainstage,Mainstage,Cherry Moon Traxx,17:50 - 18:50,27 July,2018,Friday,Weekend 2,Unknown
3328,Mainstage,Mainstage,Henri PFR,18:50 - 19:50,27 July,2018,Friday,Weekend 2,"Commercial Dance, Electronica, Traditional House"
3329,Mainstage,Mainstage,Kölsch,19:50 - 20:50,27 July,2018,Friday,Weekend 2,Commercial Dance
3330,Mainstage,Mainstage,W&W,20:50 - 21:50,27 July,2018,Friday,Weekend 2,Trance
3331,Mainstage,Mainstage,Tiesto,21:50 - 22:50,27 July,2018,Friday,Weekend 2,"Commercial Dance, Big Room"
3332,Mainstage,Mainstage,Axwell & Ingrosso,22:50 - 23:50,27 July,2018,Friday,Weekend 2,Unknown
3333,Mainstage,Mainstage,Hardwell,23:50 - 00:50,27 July,2018,Friday,Weekend 2,"Electro House, Progressive House"
3334,Harmony Live,Organ of Harmony,Underworld,00:00 - 01:00,27 July,2018,Friday,Weekend 2,Electronica
3335,Harmony Live,Organ of Harmony,Dave Lambert,12:00 - 13:30,27 July,2018,Friday,Weekend 2,Traditional House
3336,Harmony Live,Organ of Harmony,Buscemi & MC TD Rankin,13:30 - 14:30,27 July,2018,Friday,Weekend 2,Unknown
3337,Harmony Live,Organ of Harmony,Youngr,14:30 - 15:30,27 July,2018,Friday,Weekend 2,"Commercial Dance, Funk / R&B"
3338,Harmony Live,Organ of Harmony,Curtis Alto,15:45 - 16:45,27 July,2018,Friday,Weekend 2,Unknown
3339,Harmony Live,Organ of Harmony,Klingande (Live),17:00 - 18:00,27 July,2018,Friday,Weekend 2,Unknown
3340,Harmony Live,Organ of Harmony,Coely,18:15 - 19:15,27 July,2018,Friday,Weekend 2,Unknown
3341,Harmony Live,Organ of Harmony,Craig David presents TS5,19:30 - 20:30,27 July,2018,Friday,Weekend 2,Unknown
3342,Harmony Live,Organ of Harmony,Push (Live),20:30 - 21:30,27 July,2018,Friday,Weekend 2,Unknown
3343,Harmony Live,Organ of Harmony,The Bloody Beetroots (Live),22:15 - 23:15,27 July,2018,Friday,Weekend 2,Unknown
3344,Krankenhaus,The Rave Cave,Krankenhaus Selektion,13:00 - 14:00,27 July,2018,Friday,Weekend 2,Unknown
3345,Krankenhaus,The Rave Cave,Kimman,14:00 - 15:30,27 July,2018,Friday,Weekend 2,Unknown
3346,Krankenhaus,The Rave Cave,Bjeor,15:30 - 17:00,27 July,2018,Friday,Weekend 2,Unknown
3347,Krankenhaus,The Rave Cave,Jensen,17:00 - 18:30,27 July,2018,Friday,Weekend 2,"Techno, Electro"
3348,Krankenhaus,The Rave Cave,Karawane,18:30 - 20:00,27 July,2018,Friday,Weekend 2,Unknown
3349,Krankenhaus,The Rave Cave,Bafana,20:00 - 21:30,27 July,2018,Friday,Weekend 2,Unknown
3350,Mainstage,Mainstage,Jonas Blue,15:50 - 16:50,27 July,2018,Friday,Weekend 2,"Pop House, Tropical House"
3351,Krankenhaus,The Rave Cave,Goldfox,23:00 - 01:00,27 July,2018,Friday,Weekend 2,"Electronic, Dance"
3352,Netsky & Friends,The Rose Garden,Jauz,00:00 - 01:00,27 July,2018,Friday,Weekend 2,"Drum & Bass, Dubstep, Electronica, Traditional House, Trap"
3353,Netsky & Friends,The Rose Garden,Matt Medved,12:30 - 13:30,27 July,2018,Friday,Weekend 2,Unknown
3354,Netsky & Friends,The Rose Garden,Codeko,13:30 - 14:30,27 July,2018,Friday,Weekend 2,"Future Bass, Trap, Midtempo Bass, Dubstep"
3355,Netsky & Friends,The Rose Garden,Qrion,14:30 - 15:30,27 July,2018,Friday,Weekend 2,"Funky House, Progressive House"
3356,Netsky & Friends,The Rose Garden,Holy Goof,15:30 - 16:30,27 July,2018,Friday,Weekend 2,"Electro House, Bass House"
3357,Netsky & Friends,The Rose Garden,Fox Stevenson,16:30 - 18:00,27 July,2018,Friday,Weekend 2,Future Bass
3358,Netsky & Friends,The Rose Garden,DJ Marky feat. Mc GQ,18:00 - 19:00,27 July,2018,Friday,Weekend 2,Unknown
3359,Netsky & Friends,The Rose Garden,San Holo,19:00 - 20:00,27 July,2018,Friday,Weekend 2,"Drum & Bass, Electronica, Trap"
3360,Netsky & Friends,The Rose Garden,Ookay,20:00 - 21:30,27 July,2018,Friday,Weekend 2,Commercial Dance
3361,Netsky & Friends,The Rose Garden,Alison Wonderland,21:30 - 22:30,27 July,2018,Friday,Weekend 2,Commercial Dance
3362,Netsky & Friends,The Rose Garden,Netsky,22:30 - 00:00,27 July,2018,Friday,Weekend 2,Drum & Bass
3363,Pussy Lounge,Theatre Formidable,François,12:30 - 13:45,27 July,2018,Friday,Weekend 2,Unknown
3364,Pussy Lounge,Theatre Formidable,Dark-E,13:45 - 14:45,27 July,2018,Friday,Weekend 2,Unknown
3365,Pussy Lounge,Theatre Formidable,Pat B,14:45 - 15:45,27 July,2018,Friday,Weekend 2,Rock
3366,Pussy Lounge,Theatre Formidable,Lowriderz,15:45 - 17:00,27 July,2018,Friday,Weekend 2,Unknown
3367,Pussy Lounge,Theatre Formidable,Lords of TEK,17:00 - 17:30,27 July,2018,Friday,Weekend 2,Unknown
3368,Pussy Lounge,Theatre Formidable,Ruthless,17:30 - 18:45,27 July,2018,Friday,Weekend 2,Hardcore Techno
3369,Pussy Lounge,Theatre Formidable,Deepack,18:45 - 19:45,27 July,2018,Friday,Weekend 2,Hardcore Techno
3370,Pussy Lounge,Theatre Formidable,The Darkraver,19:45 - 20:30,27 July,2018,Friday,Weekend 2,"Commercial Dance, Electronica, Techno"
3371,Pussy Lounge,Theatre Formidable,Rob ft. MC Joe,20:30 - 21:30,27 July,2018,Friday,Weekend 2,Unknown
3372,Pussy Lounge,Theatre Formidable,Paul Elstak,21:30 - 22:30,27 July,2018,Friday,Weekend 2,Hardcore Techno
3373,Pussy Lounge,Theatre Formidable,Korsakoff,22:30 - 23:45,27 July,2018,Friday,Weekend 2,"Hardcore Techno, Psychedelic Trance"
3374,Pussy Lounge,Theatre Formidable,The Viper,23:45 - 01:00,27 July,2018,Friday,Weekend 2,Band
3375,Krankenhaus,The Rave Cave,JP Enfant,21:30 - 23:00,27 July,2018,Friday,Weekend 2,Unknown
3376,AnjunaDeep,Tulip,Compuphonic,14:30 - 16:00,27 July,2018,Friday,Weekend 2,Traditional House
3377,AnjunaDeep,Tulip,Jody Wisternoff & James Grant,16:00 - 17:30,27 July,2018,Friday,Weekend 2,Unknown
3378,AnjunaDeep,Tulip,Eli & Fur,17:30 - 19:00,27 July,2018,Friday,Weekend 2,House
3379,AnjunaDeep,Tulip,16 Bit Lolitas,19:00 - 20:30,27 July,2018,Friday,Weekend 2,Progressive House
3380,AnjunaDeep,Tulip,Yotto,20:30 - 22:00,27 July,2018,Friday,Weekend 2,"Progressive House, Traditional House"
3381,AnjunaDeep,Tulip,Lane 8,22:00 - 23:30,27 July,2018,Friday,Weekend 2,Commercial Dance
3382,AnjunaDeep,Tulip,Luttrel,23:30 - 01:00,27 July,2018,Friday,Weekend 2,Progressive House
3383,V Sessions,Youphoria,Megamen vs R-wan,12:30 - 13:30,27 July,2018,Friday,Weekend 2,Unknown
3384,V Sessions,Youphoria,BLR,13:30 - 14:30,27 July,2018,Friday,Weekend 2,Unknown
3385,V Sessions,Youphoria,Breathe Carolina,14:30 - 15:30,27 July,2018,Friday,Weekend 2,"Electro House, Electronica"
3386,V Sessions,Youphoria,Dannic,15:30 - 16:30,27 July,2018,Friday,Weekend 2,Progressive House
3387,V Sessions,Youphoria,Florian Picasso,16:30 - 17:30,27 July,2018,Friday,Weekend 2,Electro House
3388,V Sessions,Youphoria,Sevenn,17:30 - 18:30,27 July,2018,Friday,Weekend 2,Bass Music
3389,V Sessions,Youphoria,ALOK,18:30 - 19:30,27 July,2018,Friday,Weekend 2,Commercial Dance
3390,V Sessions,Youphoria,Kura,19:30 - 20:30,27 July,2018,Friday,Weekend 2,Progressive House
3391,V Sessions,Youphoria,Yves V,20:30 - 21:30,27 July,2018,Friday,Weekend 2,Progressive House
3392,V Sessions,Youphoria,Timmy Trumpet,21:30 - 22:30,27 July,2018,Friday,Weekend 2,Progressive House
3393,V Sessions,Youphoria,Regi,22:30 - 23:30,27 July,2018,Friday,Weekend 2,"Trance, Big Room House"
3394,V Sessions,Youphoria,Brian Cross,23:30 - 00:45,27 July,2018,Friday,Weekend 2,"Tech House, Trance"
3395,KNTXT,Arch,One Track Brain b2b Ogenn,12:30 - 14:00,28 July,2018,Saturday,Weekend 2,Unknown
3396,KNTXT,Arch,Nastia Reigel,14:00 - 15:30,28 July,2018,Saturday,Weekend 2,Unknown
3397,KNTXT,Arch,SHDW & Obscure Shape,15:30 - 17:00,28 July,2018,Saturday,Weekend 2,Unknown
3398,KNTXT,Arch,Cleric,17:00 - 18:30,28 July,2018,Saturday,Weekend 2,Techno
3399,KNTXT,Arch,Keith Carnal,18:30 - 20:00,28 July,2018,Saturday,Weekend 2,Unknown
3400,AnjunaDeep,Tulip,Ben Böhmer,12:30 - 14:30,27 July,2018,Friday,Weekend 2,"Progressive House, Techno"
3401,KNTXT,Arch,Rebekah,21:30 - 23:30,28 July,2018,Saturday,Weekend 2,Techno
3402,KNTXT,Arch,DVS1,23:30 - 00:50,28 July,2018,Saturday,Weekend 2,Hard Dance
3403,Q-Dance,Atmosphere,Ransom,12:00 - 13:00,28 July,2018,Saturday,Weekend 2,Unknown
3404,Q-Dance,Atmosphere,Refuzion,13:00 - 14:00,28 July,2018,Saturday,Weekend 2,Hard Dance
3405,Q-Dance,Atmosphere,Sound Rush,14:00 - 15:00,28 July,2018,Saturday,Weekend 2,Hardstyle
3406,Q-Dance,Atmosphere,Wasted Penguinz,15:00 - 16:00,28 July,2018,Saturday,Weekend 2,Hard Dance
3407,Q-Dance,Atmosphere,Mark With a K & Mc Chucky,16:00 - 17:00,28 July,2018,Saturday,Weekend 2,"Jumpstyle, Hardstyle"
3408,Q-Dance,Atmosphere,Bass Modulators,17:00 - 18:00,28 July,2018,Saturday,Weekend 2,"Commercial Dance, Electronica"
3409,Q-Dance,Atmosphere,Code Black,18:00 - 19:00,28 July,2018,Saturday,Weekend 2,"Electronica, Hard Dance"
3410,Q-Dance,Atmosphere,Noisecontrollers,19:00 - 20:00,28 July,2018,Saturday,Weekend 2,Hardcore Techno
3411,Q-Dance,Atmosphere,Psyko Punkz,20:00 - 21:00,28 July,2018,Saturday,Weekend 2,Hardcore Techno
3412,Q-Dance,Atmosphere,Frequencerz,21:00 - 22:00,28 July,2018,Saturday,Weekend 2,Hard Dance
3413,Q-Dance,Atmosphere,B-Front,22:00 - 23:00,28 July,2018,Saturday,Weekend 2,Hardcore Techno
3414,Q-Dance,Atmosphere,Partyraiser,23:00 - 00:00,28 July,2018,Saturday,Weekend 2,Hard Dance
3415,Star Warz presents Shogun Audio,Cage,S.P.Y,00:00 - 01:00,28 July,2018,Saturday,Weekend 2,Commercial Dance
3416,Star Warz presents Shogun Audio,Cage,SVB,14:00 - 15:00,28 July,2018,Saturday,Weekend 2,Drum & Bass
3417,Star Warz presents Shogun Audio,Cage,One87 ft. Mc Mush,15:00 - 16:00,28 July,2018,Saturday,Weekend 2,Unknown
3418,Star Warz presents Shogun Audio,Cage,Cedex & Higher Underground fea,16:00 - 17:00,28 July,2018,Saturday,Weekend 2,Unknown
3419,Star Warz presents Shogun Audio,Cage,M&T ft. Mc Seko,17:00 - 18:00,28 July,2018,Saturday,Weekend 2,Unknown
3420,Star Warz presents Shogun Audio,Cage,Doctrine,18:00 - 19:00,28 July,2018,Saturday,Weekend 2,Unknown
3421,Star Warz presents Shogun Audio,Cage,Pamb & Harsh feat Mc Swift,19:00 - 20:00,28 July,2018,Saturday,Weekend 2,Unknown
3422,Star Warz presents Shogun Audio,Cage,Ed:it b2b Pola & Bryson,20:00 - 21:00,28 July,2018,Saturday,Weekend 2,Unknown
3423,Star Warz presents Shogun Audio,Cage,Fourward,21:00 - 22:00,28 July,2018,Saturday,Weekend 2,Commercial Dance
3424,Star Warz presents Shogun Audio,Cage,Friction & Linguistics,22:00 - 23:00,28 July,2018,Saturday,Weekend 2,Unknown
3425,KNTXT,Arch,Charlotte de Witte,20:00 - 21:30,28 July,2018,Saturday,Weekend 2,Techno
3426,Crosstownrebels present Get Lost,Core,Raw District,12:00 - 13:30,28 July,2018,Saturday,Weekend 2,Unknown
3427,Crosstownrebels present Get Lost,Core,Magit Cacoon,13:30 - 15:00,28 July,2018,Saturday,Weekend 2,"Deep House, Techno, Techno"
3428,Crosstownrebels present Get Lost,Core,Serge DeVant,15:00 - 16:30,28 July,2018,Saturday,Weekend 2,"Progressive House, Trance"
3429,Crosstownrebels present Get Lost,Core,Patrice Bäumel,16:30 - 18:00,28 July,2018,Saturday,Weekend 2,Tech House
3430,Crosstownrebels present Get Lost,Core,Bedouin,18:00 - 19:30,28 July,2018,Saturday,Weekend 2,Commercial Dance
3431,Crosstownrebels present Get Lost,Core,&me,19:30 - 21:00,28 July,2018,Saturday,Weekend 2,Commercial Dance
3432,Crosstownrebels present Get Lost,Core,Dixon,21:00 - 23:00,28 July,2018,Saturday,Weekend 2,Techno
3433,Crosstownrebels present Get Lost,Core,Damian Lazarus,23:00 - 01:00,28 July,2018,Saturday,Weekend 2,"Tech House, Techno"
3434,Freedom,Freedom,Mathy,12:00 - 13:00,28 July,2018,Saturday,Weekend 2,Unknown
3435,Freedom,Freedom,Kenn Colt,13:00 - 14:00,28 July,2018,Saturday,Weekend 2,"Electro House, Progressive House"
3436,Freedom,Freedom,Sem Thomasson,14:00 - 15:00,28 July,2018,Saturday,Weekend 2,Progressive House
3437,Freedom,Freedom,Lost Identity,15:00 - 16:00,28 July,2018,Saturday,Weekend 2,Unknown
3438,Freedom,Freedom,Garmiani,16:00 - 17:00,28 July,2018,Saturday,Weekend 2,Unknown
3439,Freedom,Freedom,Otto Knows,17:00 - 18:00,28 July,2018,Saturday,Weekend 2,Traditional House
3440,Freedom,Freedom,Salvatore Ganacci,18:00 - 19:00,28 July,2018,Saturday,Weekend 2,"Electro House, Big Room, Pop House"
3441,Freedom,Freedom,Sebastian Ingrosso,19:00 - 20:00,28 July,2018,Saturday,Weekend 2,Progressive House
3442,Freedom,Freedom,Alesso,20:00 - 22:00,28 July,2018,Saturday,Weekend 2,Progressive House
3443,Freedom,Freedom,Virtual Self,22:00 - 23:30,28 July,2018,Saturday,Weekend 2,"Synthpop, House, Electro, Trance"
3444,Freedom,Freedom,Fatboy Slim,23:30 - 01:00,28 July,2018,Saturday,Weekend 2,"Electronica, Traditional House"
3445,Garden of Madness,Garden of Madness,Amare,12:00 - 13:30,28 July,2018,Saturday,Weekend 2,Unknown
3446,Garden of Madness,Garden of Madness,Hunter/Game,13:30 - 15:00,28 July,2018,Saturday,Weekend 2,"Deep House, Tech House"
3447,Garden of Madness,Garden of Madness,Capoon,15:00 - 17:00,28 July,2018,Saturday,Weekend 2,Techno
3448,Garden of Madness,Garden of Madness,Vaal,17:00 - 18:30,28 July,2018,Saturday,Weekend 2,Unknown
3449,Garden of Madness,Garden of Madness,Kollektiv Turmstrasse,18:30 - 20:00,28 July,2018,Saturday,Weekend 2,Tech House
3450,Star Warz presents Shogun Audio,Cage,Icicle b2b Ulterior Motive,23:00 - 00:00,28 July,2018,Saturday,Weekend 2,Unknown
3451,Garden of Madness,Garden of Madness,Recondite (live),22:00 - 23:00,28 July,2018,Saturday,Weekend 2,Unknown
3452,Garden of Madness,Garden of Madness,Tale Of Us,23:00 - 00:55,28 July,2018,Saturday,Weekend 2,Tech House
3453,Radio Ultra Modern,Harbour House,Nicki sanchez,13:00 - 15:00,28 July,2018,Saturday,Weekend 2,"Electronic, Dance, House"
3454,Radio Ultra Modern,Harbour House,Uneak,15:00 - 18:00,28 July,2018,Saturday,Weekend 2,Unknown
3455,Radio Ultra Modern,Harbour House,Daddy K,18:00 - 20:00,28 July,2018,Saturday,Weekend 2,"Hip-Hop, Rap"
3456,Radio Ultra Modern,Harbour House,Bart & Baker,20:00 - 22:00,28 July,2018,Saturday,Weekend 2,"Electronic, Dance, House, Swing"
3457,Radio Ultra Modern,Harbour House,Rakesh aka Blackjack9000,22:00 - 01:00,28 July,2018,Saturday,Weekend 2,House
3458,Trybe,House of Mask by Cubanisto,Franco Y Gael,13:00 - 14:30,28 July,2018,Saturday,Weekend 2,Unknown
3459,Trybe,House of Mask by Cubanisto,Denis Horvat,14:30 - 16:00,28 July,2018,Saturday,Weekend 2,"Techno, Techno"
3460,Trybe,House of Mask by Cubanisto,Cellini,16:00 - 17:30,28 July,2018,Saturday,Weekend 2,Techno
3461,Trybe,House of Mask by Cubanisto,Eagles & Butterflies,17:30 - 19:00,28 July,2018,Saturday,Weekend 2,"Electro House, Electronica"
3462,Trybe,House of Mask by Cubanisto,Traumer,19:00 - 21:00,28 July,2018,Saturday,Weekend 2,Commercial Dance
3463,Trybe,House of Mask by Cubanisto,Mandana,21:00 - 22:00,28 July,2018,Saturday,Weekend 2,Unknown
3464,Abracadabra,Leaf,Daoud,12:30 - 15:30,28 July,2018,Saturday,Weekend 2,"Electronic, Dance, House"
3465,Abracadabra,Leaf,Bloem,15:30 - 17:30,28 July,2018,Saturday,Weekend 2,Unknown
3466,Abracadabra,Leaf,Maga,17:30 - 19:00,28 July,2018,Saturday,Weekend 2,Traditional House
3467,Abracadabra,Leaf,Blond:ish,19:00 - 21:00,28 July,2018,Saturday,Weekend 2,Traditional House
3468,Abracadabra,Leaf,Audiofly,21:00 - 23:30,28 July,2018,Saturday,Weekend 2,"Tech House, Techno"
3469,Mainstage,Mainstage,Erick Morillo,12:00 - 14:50,28 July,2018,Saturday,Weekend 2,Traditional House
3470,Mainstage,Mainstage,Sigala,14:50 - 15:50,28 July,2018,Saturday,Weekend 2,Pop House
3471,Mainstage,Mainstage,Angemi,15:50 - 16:50,28 July,2018,Saturday,Weekend 2,"Electronic, Dance"
3472,Mainstage,Mainstage,Bassjackers,16:50 - 17:50,28 July,2018,Saturday,Weekend 2,Electro House
3473,Mainstage,Mainstage,Sunnery James & Ryan Marciano,17:50 - 18:50,28 July,2018,Saturday,Weekend 2,Electro House
3474,Mainstage,Mainstage,Nervo,18:50 - 19:50,28 July,2018,Saturday,Weekend 2,"Electro House, Progressive House"
3475,Garden of Madness,Garden of Madness,Mind Against,20:00 - 22:00,28 July,2018,Saturday,Weekend 2,Commercial Dance
3476,Mainstage,Mainstage,Afrojack,20:50 - 21:50,28 July,2018,Saturday,Weekend 2,"Electro House, Progressive House"
3477,Mainstage,Mainstage,Armin Van Buuren,21:50 - 22:50,28 July,2018,Saturday,Weekend 2,Trance
3478,Mainstage,Mainstage,Dimitri Vegas & Like Mike,22:50 - 23:50,28 July,2018,Saturday,Weekend 2,Electro House
3479,Mainstage,Mainstage,Above & Beyond,23:50 - 00:50,28 July,2018,Saturday,Weekend 2,Trance
3480,Lost Frequencies,Organ of Harmony,Toolate Groove,12:00 - 13:30,28 July,2018,Saturday,Weekend 2,House
3481,Lost Frequencies,Organ of Harmony,LIMITS,13:30 - 15:00,28 July,2018,Saturday,Weekend 2,Unknown
3482,Lost Frequencies,Organ of Harmony,Mr. Belt & Wezol,15:00 - 16:00,28 July,2018,Saturday,Weekend 2,Unknown
3483,Lost Frequencies,Organ of Harmony,Throttle,16:00 - 17:00,28 July,2018,Saturday,Weekend 2,"Commercial Dance, Electronica"
3484,Lost Frequencies,Organ of Harmony,EDX,17:00 - 18:00,28 July,2018,Saturday,Weekend 2,Progressive House
3485,Lost Frequencies,Organ of Harmony,Zonderling,18:00 - 19:00,28 July,2018,Saturday,Weekend 2,Commercial Dance
3486,Lost Frequencies,Organ of Harmony,Ofenbach,19:00 - 20:00,28 July,2018,Saturday,Weekend 2,"Deep House, Electro House"
3487,Lost Frequencies,Organ of Harmony,Nora En Pure,20:00 - 21:00,28 July,2018,Saturday,Weekend 2,Commercial Dance
3488,Lost Frequencies,Organ of Harmony,Lost Frequencies,21:10 - 22:25,28 July,2018,Saturday,Weekend 2,"Electro House, Electronica, Traditional House"
3489,Lost Frequencies,Organ of Harmony,Armand Van Helden,22:30 - 23:30,28 July,2018,Saturday,Weekend 2,Traditional House
3490,Lost Frequencies,Organ of Harmony,2manyDJs (DJ Set),23:30 - 01:00,28 July,2018,Saturday,Weekend 2,Unknown
3491,Sirkus,The Rave Cave,Reus & Cékes,13:00 - 14:00,28 July,2018,Saturday,Weekend 2,Unknown
3492,Sirkus,The Rave Cave,Simon Dobbs & Benji,14:00 - 15:30,28 July,2018,Saturday,Weekend 2,Unknown
3493,Sirkus,The Rave Cave,Adeline,15:30 - 17:00,28 July,2018,Saturday,Weekend 2,Techno
3494,Sirkus,The Rave Cave,Federico Grazzini,17:00 - 19:00,28 July,2018,Saturday,Weekend 2,Hard Dance
3495,Sirkus,The Rave Cave,Nukov & Yelmet,19:00 - 21:00,28 July,2018,Saturday,Weekend 2,Unknown
3496,Sirkus,The Rave Cave,Arado,21:00 - 23:00,28 July,2018,Saturday,Weekend 2,Commercial Dance
3497,Sirkus,The Rave Cave,Tolstoi & Andsan,23:00 - 01:00,28 July,2018,Saturday,Weekend 2,Unknown
3498,Bonzai,The Rose Garden,DJ Jan,13:00 - 14:00,28 July,2018,Saturday,Weekend 2,"Hard Trance, Techno"
3499,Bonzai,The Rose Garden,Airwave,14:00 - 15:30,28 July,2018,Saturday,Weekend 2,"Progressive House, Psychedelic Trance"
3500,Mainstage,Mainstage,Don Diablo,19:50 - 20:50,28 July,2018,Saturday,Weekend 2,Progressive House
3501,Bonzai,The Rose Garden,Franky Jones,17:00 - 18:00,28 July,2018,Saturday,Weekend 2,"Techno, Acid"
3502,Bonzai,The Rose Garden,Bountyhunter,18:00 - 19:00,28 July,2018,Saturday,Weekend 2,"Hardcore, Gabber, Electronic"
3503,Bonzai,The Rose Garden,Jan Vervloet,19:00 - 20:00,28 July,2018,Saturday,Weekend 2,Progressive House
3504,Bonzai,The Rose Garden,DJ Ghost,20:00 - 21:00,28 July,2018,Saturday,Weekend 2,"Hard Trance, Techno"
3505,Bonzai,The Rose Garden,Franky Kloeck,21:00 - 22:30,28 July,2018,Saturday,Weekend 2,"Techno, Hard Trance"
3506,Bonzai,The Rose Garden,Yves Deruyter,22:30 - 23:30,28 July,2018,Saturday,Weekend 2,Trance
3507,Bonzai,The Rose Garden,Bonzai All Stars,23:30 - 01:00,28 July,2018,Saturday,Weekend 2,"Techno, Trance"
3508,Theatre Formidable,Theatre Formidable,Tofke,12:00 - 14:00,28 July,2018,Saturday,Weekend 2,Tech House
3509,Theatre Formidable,Theatre Formidable,Maxim Lany,14:00 - 15:30,28 July,2018,Saturday,Weekend 2,"House, Deep House"
3510,Theatre Formidable,Theatre Formidable,Melé,15:30 - 17:00,28 July,2018,Saturday,Weekend 2,Traditional House
3511,Theatre Formidable,Theatre Formidable,Alan Fitzpatrick,17:00 - 19:00,28 July,2018,Saturday,Weekend 2,Techno
3512,Theatre Formidable,Theatre Formidable,Jamie Jones,19:00 - 21:00,28 July,2018,Saturday,Weekend 2,Tech House
3513,Theatre Formidable,Theatre Formidable,Nicole Moudaber,21:00 - 23:00,28 July,2018,Saturday,Weekend 2,Tech House
3514,Theatre Formidable,Theatre Formidable,Paco Osuna,23:00 - 01:00,28 July,2018,Saturday,Weekend 2,"Tech House, Techno"
3515,Future Sound,Tulip,Stoneface & Terminal,00:00 - 01:00,28 July,2018,Saturday,Weekend 2,Trance
3516,Future Sound,Tulip,Hazem Beltagui (Deep Set),12:30 - 13:45,28 July,2018,Saturday,Weekend 2,Unknown
3517,Future Sound,Tulip,Paul Thomas,13:45 - 15:00,28 July,2018,Saturday,Weekend 2,Traditional House
3518,Future Sound,Tulip,Ciaran McAuley,15:00 - 16:00,28 July,2018,Saturday,Weekend 2,Unknown
3519,Future Sound,Tulip,Alessandra Roncone,16:00 - 17:00,28 July,2018,Saturday,Weekend 2,Unknown
3520,Future Sound,Tulip,Ahmed Romel,17:00 - 18:00,28 July,2018,Saturday,Weekend 2,Unknown
3521,Future Sound,Tulip,A & Z vs Omar Sherif,18:00 - 19:00,28 July,2018,Saturday,Weekend 2,Unknown
3522,Future Sound,Tulip,Giuseppe Ottaviani Live 2.0,19:00 - 20:00,28 July,2018,Saturday,Weekend 2,Unknown
3523,Future Sound,Tulip,Aly & Fila,20:00 - 22:00,28 July,2018,Saturday,Weekend 2,Trance
3524,Future Sound,Tulip,Cold Blue,22:00 - 23:00,28 July,2018,Saturday,Weekend 2,Trance
3525,Bonzai,The Rose Garden,Oliver Lieb,15:30 - 17:00,28 July,2018,Saturday,Weekend 2,"Tech House, Techno"
3526,Barong Family,Youphoria,RayRay,12:00 - 13:00,28 July,2018,Saturday,Weekend 2,Unknown
3527,Barong Family,Youphoria,Lowriderz,13:00 - 14:00,28 July,2018,Saturday,Weekend 2,Unknown
3528,Barong Family,Youphoria,Slowbody,14:00 - 14:50,28 July,2018,Saturday,Weekend 2,Unknown
3529,Barong Family,Youphoria,PKCZ®,14:50 - 15:50,28 July,2018,Saturday,Weekend 2,Unknown
3530,Barong Family,Youphoria,Kalibwoy,15:50 - 16:10,28 July,2018,Saturday,Weekend 2,Unknown
3531,Barong Family,Youphoria,Crisis Era,16:10 - 17:10,28 July,2018,Saturday,Weekend 2,Hard Dance
3532,Barong Family,Youphoria,Lil Debbie (Live),17:10 - 17:30,28 July,2018,Saturday,Weekend 2,Unknown
3533,Barong Family,Youphoria,Stoltenhoff b2b Bellorum,17:30 - 18:30,28 July,2018,Saturday,Weekend 2,Unknown
3534,Barong Family,Youphoria,ANBU (Live),18:30 - 18:50,28 July,2018,Saturday,Weekend 2,Unknown
3535,Barong Family,Youphoria,Menasa b2b Tsunano,18:50 - 19:50,28 July,2018,Saturday,Weekend 2,Unknown
3536,Barong Family,Youphoria,DOLF,19:50 - 20:50,28 July,2018,Saturday,Weekend 2,"Electro House, Progressive House, Tribal"
3537,Barong Family,Youphoria,Cesqeaux b2b Aazar,20:50 - 21:50,28 July,2018,Saturday,Weekend 2,Unknown
3538,Barong Family,Youphoria,Wiwek b2b Juyen Sebulba,21:50 - 22:50,28 July,2018,Saturday,Weekend 2,Unknown
3539,Barong Family,Youphoria,Moksi,22:50 - 23:50,28 July,2018,Saturday,Weekend 2,"Pop House, Electro House"
3540,Barong Family,Youphoria,Yellow Claw,23:50 - 00:50,28 July,2018,Saturday,Weekend 2,"Electro House, Electronica, Hip-Hop, Traditional House, Trap"
3541,VII,Arch,Alex Di Stefano,12:00 - 14:30,29 July,2018,Sunday,Weekend 2,Techno
3542,VII,Arch,Sean Tyas (Live),14:30 - 16:30,29 July,2018,Sunday,Weekend 2,Unknown
3543,VII,Arch,John Askew,16:30 - 18:30,29 July,2018,Sunday,Weekend 2,Trance
3544,VII,Arch,Simon Patterson,18:30 - 20:00,29 July,2018,Sunday,Weekend 2,"Psychedelic Trance, Trance"
3545,VII,Arch,Astrix,20:00 - 21:30,29 July,2018,Sunday,Weekend 2,Psychedelic Trance
3546,VII,Arch,Freedom Fighters,21:30 - 22:45,29 July,2018,Sunday,Weekend 2,Unknown
3547,VII,Arch,Will Atkinson,22:45 - 00:00,29 July,2018,Sunday,Weekend 2,Trance
3548,Atmosphere,Atmosphere,Fred Hush vs Nakadia,12:30 - 14:30,29 July,2018,Sunday,Weekend 2,Unknown
3549,Atmosphere,Atmosphere,Rob Hes,14:30 - 16:00,29 July,2018,Sunday,Weekend 2,Unknown
3550,Future Sound,Tulip,Ferry Corsten,23:00 - 00:00,28 July,2018,Saturday,Weekend 2,Trance
3551,Atmosphere,Atmosphere,Len Faki,17:30 - 19:00,29 July,2018,Sunday,Weekend 2,Techno
3552,Atmosphere,Atmosphere,Sven Väth,19:00 - 21:00,29 July,2018,Sunday,Weekend 2,Techno
3553,Atmosphere,Atmosphere,Richie Hawtin,21:00 - 22:30,29 July,2018,Sunday,Weekend 2,"Tech House, Techno"
3554,Atmosphere,Atmosphere,Nina Kraviz,22:30 - 00:00,29 July,2018,Sunday,Weekend 2,Tech House
3555,Footworxx,Cage,Blaster vs Richie Gee,13:00 - 14:00,29 July,2018,Sunday,Weekend 2,Unknown
3556,Footworxx,Cage,Tymon (Live),14:00 - 14:30,29 July,2018,Sunday,Weekend 2,Unknown
3557,Footworxx,Cage,Sei2ure,14:30 - 15:30,29 July,2018,Sunday,Weekend 2,Unknown
3558,Footworxx,Cage,D-Fence,15:30 - 16:30,29 July,2018,Sunday,Weekend 2,Unknown
3559,Footworxx,Cage,Hatred vs The Punisher,16:30 - 17:45,29 July,2018,Sunday,Weekend 2,Unknown
3560,Footworxx,Cage,Miss K8,17:45 - 18:45,29 July,2018,Sunday,Weekend 2,Hard Dance
3561,Footworxx,Cage,Detest vs eDUB,18:45 - 20:00,29 July,2018,Sunday,Weekend 2,Hardcore
3562,Footworxx,Cage,Warface,20:00 - 21:00,29 July,2018,Sunday,Weekend 2,"Dubstep, Electronica, Hard Dance, Hardcore Techno, Techno"
3563,Footworxx,Cage,Sandy Warez vs Goetia,21:00 - 22:00,29 July,2018,Sunday,Weekend 2,Unknown
3564,Footworxx,Cage,Vandal,22:00 - 23:00,29 July,2018,Sunday,Weekend 2,Commercial Dance
3565,Footworxx,Cage,Dr. Peacock,23:00 - 00:00,29 July,2018,Sunday,Weekend 2,Unknown
3566,Potion,Core,Neon,12:00 - 13:30,29 July,2018,Sunday,Weekend 2,Electronic
3567,Potion,Core,The Aston Shuffle,13:30 - 14:30,29 July,2018,Sunday,Weekend 2,Commercial Dance
3568,Potion,Core,Boston Bun,14:30 - 15:30,29 July,2018,Sunday,Weekend 2,Unknown
3569,Potion,Core,Hamza,15:30 - 16:30,29 July,2018,Sunday,Weekend 2,Commercial Dance
3570,Potion,Core,Idris Elba,16:30 - 18:00,29 July,2018,Sunday,Weekend 2,Unknown
3571,Potion,Core,Pete Tong,18:00 - 19:30,29 July,2018,Sunday,Weekend 2,Traditional House
3572,Potion,Core,MK,19:30 - 21:00,29 July,2018,Sunday,Weekend 2,Commercial Dance
3573,Potion,Core,The Magician,21:00 - 22:30,29 July,2018,Sunday,Weekend 2,Indie / Underground
3574,Potion,Core,Claptone,22:30 - 00:00,29 July,2018,Sunday,Weekend 2,"Electro House, Tech House, Techno, Traditional House"
3575,Atmosphere,Atmosphere,Boris Brejcha,16:00 - 17:30,29 July,2018,Sunday,Weekend 2,"Minimal, Techno"
3576,Coone & The Gang,Freedom,Sephyx,13:00 - 14:00,29 July,2018,Sunday,Weekend 2,Hard Dance
3577,Coone & The Gang,Freedom,Crisis Era,14:00 - 15:00,29 July,2018,Sunday,Weekend 2,Hard Dance
3578,Coone & The Gang,Freedom,LNY TNZ,15:00 - 16:00,29 July,2018,Sunday,Weekend 2,Hard Dance
3579,Coone & The Gang,Freedom,Da Tweekaz,16:00 - 17:00,29 July,2018,Sunday,Weekend 2,Hardcore Techno
3580,Coone & The Gang,Freedom,Wildstylez,17:00 - 18:00,29 July,2018,Sunday,Weekend 2,Hard Dance
3581,Coone & The Gang,Freedom,Coone,18:00 - 19:00,29 July,2018,Sunday,Weekend 2,Hard Dance
3582,Coone & The Gang,Freedom,Pablo Discobar,19:00 - 19:30,29 July,2018,Sunday,Weekend 2,Unknown
3583,Coone & The Gang,Freedom,Darren Styles,19:30 - 20:15,29 July,2018,Sunday,Weekend 2,Commercial Dance
3584,Coone & The Gang,Freedom,Zatox,20:15 - 21:15,29 July,2018,Sunday,Weekend 2,Hard Dance
3585,Coone & The Gang,Freedom,Coone vs Hard Driver,21:15 - 22:15,29 July,2018,Sunday,Weekend 2,Unknown
3586,Coone & The Gang,Freedom,Gunz for Hire,22:15 - 23:00,29 July,2018,Sunday,Weekend 2,Commercial Dance
3587,ANTS,Garden of Madness,Iris Menza,12:00 - 14:00,29 July,2018,Sunday,Weekend 2,Unknown
3588,ANTS,Garden of Madness,Bollen & Fichtner,14:00 - 16:00,29 July,2018,Sunday,Weekend 2,Unknown
3589,ANTS,Garden of Madness,ANOTR,16:00 - 17:30,29 July,2018,Sunday,Weekend 2,Techno
3590,ANTS,Garden of Madness,Andhim,17:30 - 19:00,29 July,2018,Sunday,Weekend 2,"Progressive House, Tech House"
3591,ANTS,Garden of Madness,Matthias Tanzmann,19:00 - 20:30,29 July,2018,Sunday,Weekend 2,Tech House
3592,ANTS,Garden of Madness,Andrea Oliva,20:30 - 22:00,29 July,2018,Sunday,Weekend 2,"Minimal, Tech House"
3593,ANTS,Garden of Madness,Joris Voorn,22:00 - 23:50,29 July,2018,Sunday,Weekend 2,"Tech House, Techno"
3594,Radio Ultra Modern,Harbour House,Bart & Baker,13:00 - 15:00,29 July,2018,Sunday,Weekend 2,"Electronic, Dance, House, Swing"
3595,Radio Ultra Modern,Harbour House,Rakesh aka Blackjack9000,15:00 - 18:00,29 July,2018,Sunday,Weekend 2,House
3596,Radio Ultra Modern,Harbour House,Rakka,18:00 - 20:00,29 July,2018,Sunday,Weekend 2,Unknown
3597,Radio Ultra Modern,Harbour House,Bubba,20:00 - 22:00,29 July,2018,Sunday,Weekend 2,"Electronic, House, Techno"
3598,Radio Ultra Modern,Harbour House,Zeen & Myer,22:00 - 00:00,29 July,2018,Sunday,Weekend 2,Unknown
3599,Floorfiller,House of Mask by Cubanisto,Vertier,13:00 - 14:00,29 July,2018,Sunday,Weekend 2,Unknown
3600,Coone & The Gang,Freedom,Mandy,12:00 - 13:00,29 July,2018,Sunday,Weekend 2,Hard Dance
3601,Floorfiller,House of Mask by Cubanisto,Deltano,15:30 - 17:00,29 July,2018,Sunday,Weekend 2,Commercial Dance
3602,Floorfiller,House of Mask by Cubanisto,Deecoy x Jerrymore,17:00 - 19:00,29 July,2018,Sunday,Weekend 2,Unknown
3603,Floorfiller,House of Mask by Cubanisto,Dominik Eulberg,19:00 - 20:30,29 July,2018,Sunday,Weekend 2,Electro House
3604,Floorfiller,House of Mask by Cubanisto,Renaat Vandepapeliere,20:30 - 22:30,29 July,2018,Sunday,Weekend 2,Unknown
3605,Café Mambo,Leaf,Until Dawn,12:30 - 14:00,29 July,2018,Sunday,Weekend 2,Unknown
3606,Café Mambo,Leaf,Sven Van Hees,14:00 - 15:30,29 July,2018,Sunday,Weekend 2,"Chill Out, Traditional House"
3607,Café Mambo,Leaf,Jose Maria Ramon,15:30 - 17:00,29 July,2018,Sunday,Weekend 2,Unknown
3608,Café Mambo,Leaf,UNER,17:00 - 18:30,29 July,2018,Sunday,Weekend 2,Tech House
3609,Café Mambo,Leaf,Franky Rizardo,18:30 - 20:00,29 July,2018,Sunday,Weekend 2,Commercial Dance
3610,Café Mambo,Leaf,Mambo Brothers,20:00 - 22:00,29 July,2018,Sunday,Weekend 2,House
3611,Café Mambo,Leaf,Lovely Laura & Ben Santiago,22:00 - 23:30,29 July,2018,Sunday,Weekend 2,Unknown
3612,Mainstage,Mainstage,Markus Schulz,12:00 - 14:50,29 July,2018,Sunday,Weekend 2,"Progressive House, Trance"
3613,Mainstage,Mainstage,Kungs,14:50 - 15:50,29 July,2018,Sunday,Weekend 2,"Tech House, Traditional House"
3614,Mainstage,Mainstage,Quintino,15:50 - 16:50,29 July,2018,Sunday,Weekend 2,Electro House
3615,Mainstage,Mainstage,Ummet Ozcan,16:50 - 17:50,29 July,2018,Sunday,Weekend 2,Trance
3616,Mainstage,Mainstage,METAFO4R (Firebeatz vs Dubvisi,17:50 - 18:50,29 July,2018,Sunday,Weekend 2,Unknown
3617,Mainstage,Mainstage,Robin Schulz,18:50 - 19:50,29 July,2018,Sunday,Weekend 2,Commercial Dance
3618,Mainstage,Mainstage,Solomun,19:50 - 20:50,29 July,2018,Sunday,Weekend 2,Tech House
3619,Mainstage,Mainstage,Steve Angello,20:50 - 21:50,29 July,2018,Sunday,Weekend 2,Progressive House
3620,Mainstage,Mainstage,David Guetta,21:50 - 22:50,29 July,2018,Sunday,Weekend 2,Electro House
3621,Mainstage,Mainstage,Martin Garrix,22:50 - 23:50,29 July,2018,Sunday,Weekend 2,Electro House
3622,Smash The House,Organ of Harmony,Diego Miranda,12:00 - 13:00,29 July,2018,Sunday,Weekend 2,Traditional House
3623,Smash The House,Organ of Harmony,Warriors,13:00 - 14:00,29 July,2018,Sunday,Weekend 2,Commercial Dance
3624,Smash The House,Organ of Harmony,Mr Pig & Jamis,14:00 - 15:00,29 July,2018,Sunday,Weekend 2,Unknown
3625,Floorfiller,House of Mask by Cubanisto,Unclesand,14:00 - 15:30,29 July,2018,Sunday,Weekend 2,Unknown
3626,Smash The House,Organ of Harmony,Virgil Abloh,16:00 - 17:00,29 July,2018,Sunday,Weekend 2,"Hip-Hop, Grime"
3627,Smash The House,Organ of Harmony,MATTN,17:00 - 18:00,29 July,2018,Sunday,Weekend 2,"Commercial Dance, Traditional House"
3628,Smash The House,Organ of Harmony,Bassjackers,18:00 - 19:00,29 July,2018,Sunday,Weekend 2,Electro House
3629,Smash The House,Organ of Harmony,Nicky Romero,19:00 - 20:00,29 July,2018,Sunday,Weekend 2,Progressive House
3630,Smash The House,Organ of Harmony,KSHMR,20:00 - 21:00,29 July,2018,Sunday,Weekend 2,"Electro House, Electronica, Indie / Underground, Progressive House, Tech House"
3631,Smash The House,Organ of Harmony,Steve Aoki,21:00 - 22:00,29 July,2018,Sunday,Weekend 2,"Electro House, Indie / Underground"
3632,Smash The House,Organ of Harmony,Dimitri Vegas & Like Mike,22:00 - 23:30,29 July,2018,Sunday,Weekend 2,Electro House
3633,Smash The House,Organ of Harmony,3 Are Legend,23:30 - 00:00,29 July,2018,Sunday,Weekend 2,"Commercial Dance, Electro House, Electronica, Hard Dance, Techno"
3634,Coincidence,The Rave Cave,Rupert Harvey & JLN,12:00 - 13:30,29 July,2018,Sunday,Weekend 2,Unknown
3635,Coincidence,The Rave Cave,Amekmar,13:30 - 15:00,29 July,2018,Sunday,Weekend 2,"Electronic, Dance"
3636,Coincidence,The Rave Cave,Seba Lecompte,15:00 - 16:30,29 July,2018,Sunday,Weekend 2,Unknown
3637,Coincidence,The Rave Cave,Psytox,16:30 - 18:00,29 July,2018,Sunday,Weekend 2,"Hardstyle, Rawstyle, Electronic"
3638,Coincidence,The Rave Cave,Tom Hades,18:00 - 19:30,29 July,2018,Sunday,Weekend 2,Techno
3639,Coincidence,The Rave Cave,Trixy,19:30 - 21:00,29 July,2018,Sunday,Weekend 2,"Hardstyle, Rawstyle, Electronic"
3640,Coincidence,The Rave Cave,Stranger,21:00 - 22:30,29 July,2018,Sunday,Weekend 2,Commercial Dance
3641,Coincidence,The Rave Cave,Twan,22:30 - 00:00,29 July,2018,Sunday,Weekend 2,Unknown
3642,Spinnin',The Rose Garden,LVNDSCAPE,12:30 - 14:00,29 July,2018,Sunday,Weekend 2,"Progressive House, Traditional House"
3643,Spinnin',The Rose Garden,Trobi,14:00 - 15:00,29 July,2018,Sunday,Weekend 2,Tropical House
3644,Spinnin',The Rose Garden,Deepend,15:00 - 16:00,29 July,2018,Sunday,Weekend 2,"Tech House, Traditional House"
3645,Spinnin',The Rose Garden,Carta,16:00 - 17:00,29 July,2018,Sunday,Weekend 2,"Electronica, Hard Dance, Tech House, Techno"
3646,Spinnin',The Rose Garden,Jay Hardway,17:00 - 18:00,29 July,2018,Sunday,Weekend 2,Commercial Dance
3647,Spinnin',The Rose Garden,Kris Kross Amsterdam,18:00 - 19:00,29 July,2018,Sunday,Weekend 2,"Electronic, Pop"
3648,Spinnin',The Rose Garden,Mike Williams,19:00 - 20:00,29 July,2018,Sunday,Weekend 2,"Commercial Dance, Drum & Bass, Electronica, Progressive House, Traditional House"
3649,Spinnin',The Rose Garden,Lucas & Steve,20:00 - 21:00,29 July,2018,Sunday,Weekend 2,"Commercial Dance, Hard Dance, Traditional House"
3650,Smash The House,Organ of Harmony,Kristian Nairn,15:00 - 16:00,29 July,2018,Sunday,Weekend 2,Deep House
3651,Spinnin',The Rose Garden,Blasterjaxx,22:00 - 23:00,29 July,2018,Sunday,Weekend 2,Commercial Dance
3652,Spinnin',The Rose Garden,Tujamo,23:00 - 00:00,29 July,2018,Sunday,Weekend 2,Traditional House
3653,I Love The 90's,Theatre Formidable,Ward,13:00 - 16:30,29 July,2018,Sunday,Weekend 2,"Disco, Funk, House"
3654,I Love The 90's,Theatre Formidable,Laurent Wery,16:30 - 17:30,29 July,2018,Sunday,Weekend 2,"Electronic, Dance, House"
3655,I Love The 90's,Theatre Formidable,Wout,17:30 - 18:30,29 July,2018,Sunday,Weekend 2,House
3656,I Love The 90's,Theatre Formidable,DJ F.R.A.N.K,18:30 - 19:30,29 July,2018,Sunday,Weekend 2,Unknown
3657,I Love The 90's,Theatre Formidable,DJ Jean,19:30 - 20:30,29 July,2018,Sunday,Weekend 2,Unknown
3658,I Love The 90's,Theatre Formidable,Sash!,20:30 - 21:30,29 July,2018,Sunday,Weekend 2,"Traditional House, Trance"
3659,I Love The 90's,Theatre Formidable,Dune,21:30 - 22:30,29 July,2018,Sunday,Weekend 2,Rock
3660,I Love The 90's,Theatre Formidable,Ward vs Party Crasher,22:30 - 23:00,29 July,2018,Sunday,Weekend 2,Unknown
3661,I Love The 90's,Theatre Formidable,Back In Time,23:00 - 00:00,29 July,2018,Sunday,Weekend 2,Unknown
3662,Ketaloco,Tulip,Kagge & Bowen,12:30 - 14:30,29 July,2018,Sunday,Weekend 2,Unknown
3663,Ketaloco,Tulip,Caspar,14:30 - 16:00,29 July,2018,Sunday,Weekend 2,Unknown
3664,Ketaloco,Tulip,Hernan Cattaneo,16:00 - 19:00,29 July,2018,Sunday,Weekend 2,"Progressive House, Tech House"
3665,Ketaloco,Tulip,Don Cabron,19:00 - 20:30,29 July,2018,Sunday,Weekend 2,Unknown
3666,Ketaloco,Tulip,Gui Boratto (Live),20:30 - 22:30,29 July,2018,Sunday,Weekend 2,Unknown
3667,Ketaloco,Tulip,Nico Morano,22:30 - 00:00,29 July,2018,Sunday,Weekend 2,"House, Techno"
3668,Mosaic,Youphoria,Smos,12:30 - 14:30,29 July,2018,Sunday,Weekend 2,Band
3669,Mosaic,Youphoria,Dino Lenny,14:30 - 16:30,29 July,2018,Sunday,Weekend 2,"Commercial Dance, Electronica, Progressive House, Techno, Traditional House"
3670,Mosaic,Youphoria,Kiasmos DJ,16:30 - 18:00,29 July,2018,Sunday,Weekend 2,Unknown
3671,Mosaic,Youphoria,Peggy Gou,18:00 - 19:00,29 July,2018,Sunday,Weekend 2,"Commercial Dance, Electro House, Electronica, Techno, Traditional House"
3672,Mosaic,Youphoria,Jennifer Cardini,19:00 - 20:45,29 July,2018,Sunday,Weekend 2,Commercial Dance
3673,Mosaic,Youphoria,Maceo Plex,20:45 - 22:45,29 July,2018,Sunday,Weekend 2,Tech House
3674,Mosaic,Youphoria,Stephan Bodzin (Live),22:45 - 00:00,29 July,2018,Sunday,Weekend 2,Unknown
3675,Spinnin',The Rose Garden,Curbi,21:00 - 22:00,29 July,2018,Sunday,Weekend 2,"Commercial Dance, Electronica"
3676,The Gathering,The Gathering,NRuth,13:00 - 14:00,20 July,2017,Thursday,Weekend 1,Unknown
3677,The Gathering,The Gathering,Studio Brussels' Contest Winner,14:00 - 14:45,20 July,2017,Thursday,Weekend 1,Unknown
3678,The Gathering,The Gathering,Jules Dime,14:45 - 15:30,20 July,2017,Thursday,Weekend 1,Unknown
3679,The Gathering,The Gathering,Thang,15:30 - 16:15,20 July,2017,Thursday,Weekend 1,Psychedelic Trance
3680,The Gathering,The Gathering,Daniel Bovie,16:15 - 17:00,20 July,2017,Thursday,Weekend 1,Traditional House
3681,The Gathering,The Gathering,Mathy,17:00 - 17:45,20 July,2017,Thursday,Weekend 1,Unknown
3682,The Gathering,The Gathering,Goldfox,17:45 - 18:30,20 July,2017,Thursday,Weekend 1,"Electronic, Dance"
3683,The Gathering,The Gathering,Prinz,18:30 - 19:15,20 July,2017,Thursday,Weekend 1,Techno
3684,The Gathering,The Gathering,Discobar Galaxie,19:15 - 20:00,20 July,2017,Thursday,Weekend 1,Unknown
3685,The Gathering,The Gathering,Neon,20:00 - 20:45,20 July,2017,Thursday,Weekend 1,Electronic
3686,The Gathering,The Gathering,Mystique,20:45 - 21:30,20 July,2017,Thursday,Weekend 1,Hardstyle
3687,The Gathering,The Gathering,Romeo Blanco,21:30 - 22:15,20 July,2017,Thursday,Weekend 1,Commercial Dance
3688,The Gathering,The Gathering,Sem Thomasson,22:15 - 23:15,20 July,2017,Thursday,Weekend 1,Progressive House
3689,The Gathering,The Gathering,Afrojack,23:15 - 00:15,20 July,2017,Thursday,Weekend 1,"Electro House, Progressive House"
3690,Super You & Me,Arch,Moksi,00:00 - 01:00,21 July,2017,Friday,Weekend 1,"Pop House, Electro House"
3691,Super You & Me,Arch,Pyrodox,12:00 - 13:00,21 July,2017,Friday,Weekend 1,Unknown
3692,Super You & Me,Arch,Mark Villa,13:00 - 14:00,21 July,2017,Friday,Weekend 1,Unknown
3693,Super You & Me,Arch,Curbi,14:00 - 15:00,21 July,2017,Friday,Weekend 1,"Commercial Dance, Electronica"
3694,Super You & Me,Arch,Mike Hawkins,15:00 - 16:00,21 July,2017,Friday,Weekend 1,Traditional House
3695,Super You & Me,Arch,Florian Picasso,16:00 - 17:00,21 July,2017,Friday,Weekend 1,Electro House
3696,Super You & Me,Arch,GTA,17:00 - 18:00,21 July,2017,Friday,Weekend 1,Electro House
3697,Super You & Me,Arch,Dannic,18:00 - 19:00,21 July,2017,Friday,Weekend 1,Progressive House
3698,Super You & Me,Arch,Will Sparks,19:00 - 20:00,21 July,2017,Friday,Weekend 1,Commercial Dance
3699,Super You & Me,Arch,DVBBS,20:00 - 21:00,21 July,2017,Friday,Weekend 1,Commercial Dance
3700,The Gathering,The Gathering,Yves V,00:15 - 01:00,20 July,2017,Thursday,Weekend 1,Progressive House
3701,Super You & Me,Arch,Laidback Luke B2B Afrojack,22:00 - 22:30,21 July,2017,Friday,Weekend 1,Unknown
3702,Super You & Me,Arch,Blasterjaxx,22:30 - 00:00,21 July,2017,Friday,Weekend 1,Commercial Dance
3703,The Sound of Belgium,Cage,Jozef Devillé,13:00 - 14:30,21 July,2017,Friday,Weekend 1,Unknown
3704,The Sound of Belgium,Cage,Quincy,14:30 - 16:00,21 July,2017,Friday,Weekend 1,Unknown
3705,The Sound of Belgium,Cage,Sven Van Hees,16:00 - 18:00,21 July,2017,Friday,Weekend 1,"Chill Out, Traditional House"
3706,The Sound of Belgium,Cage,Steve Cop,18:00 - 20:00,21 July,2017,Friday,Weekend 1,Unknown
3707,The Sound of Belgium,Cage,Joey Beltram,20:00 - 22:00,21 July,2017,Friday,Weekend 1,Techno
3708,The Sound of Belgium,Cage,Olivier Abbeloos aka T99,22:00 - 23:30,21 July,2017,Friday,Weekend 1,Unknown
3709,The Sound of Belgium,Cage,Mike Thompson,23:30 - 01:00,21 July,2017,Friday,Weekend 1,Unknown
3710,Drumcode,Core,Stereo For Two,13:00 - 14:30,21 July,2017,Friday,Weekend 1,Tech House
3711,Drumcode,Core,B.Traits,14:30 - 16:00,21 July,2017,Friday,Weekend 1,Commercial Dance
3712,Drumcode,Core,Amelie Lens,16:00 - 17:30,21 July,2017,Friday,Weekend 1,"Electronica, Techno, Trance"
3713,Drumcode,Core,Marco Faraone,17:30 - 19:00,21 July,2017,Friday,Weekend 1,"Tech House, Techno"
3714,Drumcode,Core,Pan-Pot,19:00 - 20:30,21 July,2017,Friday,Weekend 1,"Minimal, Techno"
3715,Drumcode,Core,Joseph Capriati,20:30 - 22:00,21 July,2017,Friday,Weekend 1,"Traditional House, Techno"
3716,Drumcode,Core,Adam Beyer,22:00 - 23:30,21 July,2017,Friday,Weekend 1,Techno
3717,Drumcode,Core,Eric Prydz pr. Cirez D,23:30 - 01:00,21 July,2017,Friday,Weekend 1,Unknown
3718,Trance Energy,Freedom,Fred Baker,12:30 - 13:30,21 July,2017,Friday,Weekend 1,"Techno, Trance"
3719,Trance Energy,Freedom,ReOrder,13:30 - 14:30,21 July,2017,Friday,Weekend 1,Trance
3720,Trance Energy,Freedom,Marco V,14:30 - 15:30,21 July,2017,Friday,Weekend 1,"Progressive House, Trance"
3721,Trance Energy,Freedom,Ben Nicky,15:30 - 16:30,21 July,2017,Friday,Weekend 1,"Progressive House, Trance"
3722,Trance Energy,Freedom,Cosmic Gate,16:30 - 17:30,21 July,2017,Friday,Weekend 1,"Progressive House, Trance"
3723,Trance Energy,Freedom,Johan Gielen,17:30 - 19:00,21 July,2017,Friday,Weekend 1,Trance
3724,Trance Energy,Freedom,Sander Van Doorn pr. Purple Haze,19:00 - 20:00,21 July,2017,Friday,Weekend 1,Unknown
3725,Super You & Me,Arch,Laidback Luke,21:00 - 22:00,21 July,2017,Friday,Weekend 1,Electro House
3726,Trance Energy,Freedom,Svenson & Gielen (Live),21:00 - 21:30,21 July,2017,Friday,Weekend 1,Unknown
3727,Trance Energy,Freedom,Gareth Emery,21:30 - 22:30,21 July,2017,Friday,Weekend 1,Trance
3728,Trance Energy,Freedom,Markus Schulz,22:30 - 23:30,21 July,2017,Friday,Weekend 1,"Progressive House, Trance"
3729,Trance Energy,Freedom,Paul Van Dyk,23:30 - 01:00,21 July,2017,Friday,Weekend 1,Trance
3730,My House,Garden of Madness,Curtis Alto (live),12:00 - 13:30,21 July,2017,Friday,Weekend 1,Unknown
3731,My House,Garden of Madness,Coco Cole,13:30 - 14:30,21 July,2017,Friday,Weekend 1,Unknown
3732,My House,Garden of Madness,Billy Kenny,14:30 - 15:30,21 July,2017,Friday,Weekend 1,"Tech House, Traditional House"
3733,My House,Garden of Madness,Hook n Sling,15:30 - 16:30,21 July,2017,Friday,Weekend 1,Electro House
3734,My House,Garden of Madness,Michael Calfan,16:30 - 17:30,21 July,2017,Friday,Weekend 1,Traditional House
3735,My House,Garden of Madness,Hannah Wants,17:30 - 18:30,21 July,2017,Friday,Weekend 1,"Drum & Bass, Electro House, Traditional House"
3736,My House,Garden of Madness,Kungs,18:30 - 19:30,21 July,2017,Friday,Weekend 1,"Tech House, Traditional House"
3737,My House,Garden of Madness,Alison Wonderland,19:30 - 20:30,21 July,2017,Friday,Weekend 1,Commercial Dance
3738,My House,Garden of Madness,The Magician,20:30 - 22:00,21 July,2017,Friday,Weekend 1,Indie / Underground
3739,My House,Garden of Madness,Duke Dumont,22:00 - 23:30,21 July,2017,Friday,Weekend 1,Electronica
3740,My House,Garden of Madness,Martin Solveig,23:30 - 00:55,21 July,2017,Friday,Weekend 1,Electro House
3741,Radio Ultra Modern,Harbour House,Lady S,13:00 - 15:00,21 July,2017,Friday,Weekend 1,"Electronic, Dance, House"
3742,Radio Ultra Modern,Harbour House,Rakesh aka Blackjack9000,15:00 - 17:00,21 July,2017,Friday,Weekend 1,House
3743,Radio Ultra Modern,Harbour House,Groove Merchant,17:00 - 20:00,21 July,2017,Friday,Weekend 1,Unknown
3744,Radio Ultra Modern,Harbour House,Cookies and Cream & The Retronettes,20:00 - 20:40,21 July,2017,Friday,Weekend 1,Unknown
3745,Radio Ultra Modern,Harbour House,Rakesh aka Blackjack9000,20:40 - 22:00,21 July,2017,Friday,Weekend 1,House
3746,Radio Ultra Modern,Harbour House,Bubba,22:00 - 01:00,21 July,2017,Friday,Weekend 1,"Electronic, House, Techno"
3747,V Sessions,House of Books,Swanky Tunes,00:00 - 00:50,21 July,2017,Friday,Weekend 1,"Electro House, Progressive House"
3748,V Sessions,House of Books,MegaMen,12:30 - 14:00,21 July,2017,Friday,Weekend 1,Unknown
3749,V Sessions,House of Books,Skytech & Fafaq,14:00 - 15:00,21 July,2017,Friday,Weekend 1,Unknown
3750,Trance Energy,Freedom,Ferry Corsten,20:00 - 21:00,21 July,2017,Friday,Weekend 1,Trance
3751,V Sessions,House of Books,Breathe Carolina,16:00 - 17:00,21 July,2017,Friday,Weekend 1,"Electro House, Electronica"
3752,V Sessions,House of Books,Third Party,17:00 - 18:00,21 July,2017,Friday,Weekend 1,Progressive House
3753,V Sessions,House of Books,Quintino,18:00 - 19:00,21 July,2017,Friday,Weekend 1,Electro House
3754,V Sessions,House of Books,Cedric Gervais,19:00 - 20:00,21 July,2017,Friday,Weekend 1,Tech House
3755,V Sessions,House of Books,ALOK,20:00 - 21:00,21 July,2017,Friday,Weekend 1,Commercial Dance
3756,V Sessions,House of Books,Yves V,21:00 - 22:00,21 July,2017,Friday,Weekend 1,Progressive House
3757,V Sessions,House of Books,Regi,22:00 - 23:00,21 July,2017,Friday,Weekend 1,"Trance, Big Room House"
3758,V Sessions,House of Books,Kura,23:00 - 00:00,21 July,2017,Friday,Weekend 1,Progressive House
3759,Cubanisto,House of Mask by Cubanisto,Greg Bouvin,13:00 - 14:00,21 July,2017,Friday,Weekend 1,Unknown
3760,Cubanisto,House of Mask by Cubanisto,Amare,14:00 - 15:00,21 July,2017,Friday,Weekend 1,Unknown
3761,Cubanisto,House of Mask by Cubanisto,Compuphonic,15:00 - 16:00,21 July,2017,Friday,Weekend 1,Traditional House
3762,Cubanisto,House of Mask by Cubanisto,LIMITS,16:00 - 17:00,21 July,2017,Friday,Weekend 1,Unknown
3763,Cubanisto,House of Mask by Cubanisto,Mainro,17:00 - 18:00,21 July,2017,Friday,Weekend 1,Unknown
3764,Cubanisto,House of Mask by Cubanisto,Solemn Eye b2b Eran Aviner,18:00 - 19:30,21 July,2017,Friday,Weekend 1,Unknown
3765,Cubanisto,House of Mask by Cubanisto,Fabio Montana,19:30 - 21:00,21 July,2017,Friday,Weekend 1,Unknown
3766,Cubanisto,House of Mask by Cubanisto,Peo Watson,21:00 - 22:00,21 July,2017,Friday,Weekend 1,Unknown
3767,RITUEL Record,Leaf,Daoud,12:30 - 14:00,21 July,2017,Friday,Weekend 1,"Electronic, Dance, House"
3768,RITUEL Record,Leaf,José Noventa,14:00 - 15:30,21 July,2017,Friday,Weekend 1,Unknown
3769,RITUEL Record,Leaf,Kanan K7,15:30 - 17:00,21 July,2017,Friday,Weekend 1,Unknown
3770,RITUEL Record,Leaf,David Mears,17:00 - 18:30,21 July,2017,Friday,Weekend 1,"Progressive House, Techno"
3771,RITUEL Record,Leaf,Birds of Mind,18:30 - 20:00,21 July,2017,Friday,Weekend 1,Unknown
3772,RITUEL Record,Leaf,Parra for Cuva,20:00 - 22:00,21 July,2017,Friday,Weekend 1,Unknown
3773,RITUEL Record,Leaf,Emmanuel Russ,22:00 - 23:30,21 July,2017,Friday,Weekend 1,Unknown
3774,Mainstage,Mainstage,Steve Aoki,00:00 - 01:00,21 July,2017,Friday,Weekend 1,"Electro House, Indie / Underground"
3775,V Sessions,House of Books,Brian Cross,15:00 - 16:00,21 July,2017,Friday,Weekend 1,"Tech House, Trance"
3776,Mainstage,Mainstage,Lucas & Steve,15:00 - 16:00,21 July,2017,Friday,Weekend 1,"Commercial Dance, Hard Dance, Traditional House"
3777,Mainstage,Mainstage,Chace,16:00 - 17:00,21 July,2017,Friday,Weekend 1,Unknown
3778,Mainstage,Mainstage,Sunnery James & Ryan Marciano,17:00 - 18:00,21 July,2017,Friday,Weekend 1,Electro House
3779,Mainstage,Mainstage,Jauz,18:00 - 19:00,21 July,2017,Friday,Weekend 1,"Drum & Bass, Dubstep, Electronica, Traditional House, Trap"
3780,Mainstage,Mainstage,R3HAB,19:00 - 20:00,21 July,2017,Friday,Weekend 1,"Electro House, Progressive House"
3781,Mainstage,Mainstage,Marshmello,20:00 - 21:00,21 July,2017,Friday,Weekend 1,"Electronica, Progressive House, Trap"
3782,Mainstage,Mainstage,Eric Prydz,21:00 - 22:00,21 July,2017,Friday,Weekend 1,Progressive House
3783,Mainstage,Mainstage,Tiesto,22:00 - 23:00,21 July,2017,Friday,Weekend 1,"Commercial Dance, Big Room"
3784,Mainstage,Mainstage,Axwell & Ingrosso,23:00 - 00:00,21 July,2017,Friday,Weekend 1,Unknown
3785,elrow,Organ of Harmony,Bastian Bux,12:30 - 14:00,21 July,2017,Friday,Weekend 1,Unknown
3786,elrow,Organ of Harmony,George Privatti,14:00 - 15:30,21 July,2017,Friday,Weekend 1,"Tech House, Techno"
3787,elrow,Organ of Harmony,wAFF,15:30 - 17:00,21 July,2017,Friday,Weekend 1,Commercial Dance
3788,elrow,Organ of Harmony,De La Swing,17:00 - 18:30,21 July,2017,Friday,Weekend 1,Techno
3789,elrow,Organ of Harmony,Edu Imbernon,18:30 - 20:00,21 July,2017,Friday,Weekend 1,Tech House
3790,elrow,Organ of Harmony,Marc Maya,20:00 - 21:30,21 July,2017,Friday,Weekend 1,Unknown
3791,elrow,Organ of Harmony,Art Department,21:30 - 23:00,21 July,2017,Friday,Weekend 1,Tech House
3792,elrow,Organ of Harmony,Joris Voorn,23:00 - 01:00,21 July,2017,Friday,Weekend 1,"Tech House, Techno"
3793,The Sound of Tomorrow,Sound of Tomorrow Island,Odssey,12:30 - 14:00,21 July,2017,Friday,Weekend 1,Deep House
3794,The Sound of Tomorrow,Sound of Tomorrow Island,Tom & Hills,14:00 - 15:30,21 July,2017,Friday,Weekend 1,Unknown
3795,The Sound of Tomorrow,Sound of Tomorrow Island,Barry Fore,15:30 - 16:30,21 July,2017,Friday,Weekend 1,Commercial Dance
3796,The Sound of Tomorrow,Sound of Tomorrow Island,Tom Tyger,16:30 - 18:00,21 July,2017,Friday,Weekend 1,Unknown
3797,The Sound of Tomorrow,Sound of Tomorrow Island,Dr. Shiver,18:00 - 19:00,21 July,2017,Friday,Weekend 1,Unknown
3798,The Sound of Tomorrow,Sound of Tomorrow Island,Michael Feiner,19:00 - 20:30,21 July,2017,Friday,Weekend 1,Unknown
3799,The Sound of Tomorrow,Sound of Tomorrow Island,Justin Oh,20:30 - 22:00,21 July,2017,Friday,Weekend 1,"Electro House, Progressive House, Trance"
3800,Mainstage,Mainstage,Carl Cox,12:00 - 15:00,21 July,2017,Friday,Weekend 1,"Tech House, Techno"
3801,The Sound of Tomorrow,Sound of Tomorrow Island,Bali Bandits,23:00 - 00:00,21 July,2017,Friday,Weekend 1,Unknown
3802,Winterclubbing,The Rave Cave,WinterClubbing All Stars,00:30 - 01:00,21 July,2017,Friday,Weekend 1,"Electronic, Dance"
3803,Winterclubbing,The Rave Cave,Partyshakerz,13:00 - 14:00,21 July,2017,Friday,Weekend 1,"Electronic, Dance"
3804,Winterclubbing,The Rave Cave,Jean De Gand,14:00 - 15:00,21 July,2017,Friday,Weekend 1,Unknown
3805,Winterclubbing,The Rave Cave,Laurent Wery,15:00 - 16:00,21 July,2017,Friday,Weekend 1,"Electronic, Dance, House"
3806,Winterclubbing,The Rave Cave,Thierry von der Warth,16:00 - 17:00,21 July,2017,Friday,Weekend 1,Unknown
3807,Winterclubbing,The Rave Cave,Steve Rush,17:00 - 18:00,21 July,2017,Friday,Weekend 1,Unknown
3808,Winterclubbing,The Rave Cave,DJ Luk,18:00 - 19:00,21 July,2017,Friday,Weekend 1,Electronic
3809,Winterclubbing,The Rave Cave,Double-u ft. Eugene,19:00 - 20:30,21 July,2017,Friday,Weekend 1,Unknown
3810,Winterclubbing,The Rave Cave,Dimitri Wouters,20:30 - 22:00,21 July,2017,Friday,Weekend 1,House
3811,Winterclubbing,The Rave Cave,Funk D,22:00 - 23:00,21 July,2017,Friday,Weekend 1,"House, Techno"
3812,Winterclubbing,The Rave Cave,Deve & Matizz,23:00 - 00:30,21 July,2017,Friday,Weekend 1,Unknown
3813,Monstercat,The Rose Garden,Seven Lions,00:00 - 01:00,21 July,2017,Friday,Weekend 1,Dubstep
3814,Monstercat,The Rose Garden,WRLD,12:30 - 14:00,21 July,2017,Friday,Weekend 1,Rap
3815,Monstercat,The Rose Garden,Unlike Pluto,14:00 - 15:00,21 July,2017,Friday,Weekend 1,"Trap, Future Bass"
3816,Monstercat,The Rose Garden,Conro,15:00 - 16:00,21 July,2017,Friday,Weekend 1,Unknown
3817,Monstercat,The Rose Garden,DROELOE,16:00 - 17:00,21 July,2017,Friday,Weekend 1,"Commercial Dance, Drum & Bass, Electronica"
3818,Monstercat,The Rose Garden,Pegboard Nerds,17:00 - 18:00,21 July,2017,Friday,Weekend 1,Dubstep
3819,Monstercat,The Rose Garden,San Holo,18:00 - 19:00,21 July,2017,Friday,Weekend 1,"Drum & Bass, Electronica, Trap"
3820,Monstercat,The Rose Garden,Slushii,19:00 - 20:00,21 July,2017,Friday,Weekend 1,"Dubstep, Electro House, Electronica, Progressive House, Trap"
3821,Monstercat,The Rose Garden,Snails,20:00 - 21:00,21 July,2017,Friday,Weekend 1,Trap
3822,Monstercat,The Rose Garden,Getter,21:00 - 22:00,21 July,2017,Friday,Weekend 1,Dubstep
3823,Monstercat,The Rose Garden,Krewella,22:00 - 23:00,21 July,2017,Friday,Weekend 1,Electro House
3824,Monstercat,The Rose Garden,Special Guest,23:00 - 00:00,21 July,2017,Friday,Weekend 1,Unknown
3825,The Sound of Tomorrow,Sound of Tomorrow Island,Pitchback,22:00 - 23:00,21 July,2017,Friday,Weekend 1,Unknown
3826,Toolroom Live,Tulip,Camelphat,14:00 - 15:30,21 July,2017,Friday,Weekend 1,"Electronica, Tech House, Traditional House"
3827,Toolroom Live,Tulip,Dosem,15:30 - 17:00,21 July,2017,Friday,Weekend 1,"Electronica, Techno"
3828,Toolroom Live,Tulip,Chus & Ceballos,17:00 - 18:30,21 July,2017,Friday,Weekend 1,Traditional House
3829,Toolroom Live,Tulip,Prok & Fitch,18:30 - 20:00,21 July,2017,Friday,Weekend 1,Traditional House
3830,Toolroom Live,Tulip,Technasia,20:00 - 21:30,21 July,2017,Friday,Weekend 1,Commercial Dance
3831,Toolroom Live,Tulip,Umek,21:30 - 23:00,21 July,2017,Friday,Weekend 1,"Tech House, Techno"
3832,Toolroom Live,Tulip,Mark Knight,23:00 - 01:00,21 July,2017,Friday,Weekend 1,Tech House
3833,Global Hardcore Nation,Wind Stage,Partyraiser,00:00 - 01:00,21 July,2017,Friday,Weekend 1,Hard Dance
3834,Global Hardcore Nation,Wind Stage,Yves,12:30 - 14:00,21 July,2017,Friday,Weekend 1,Trance
3835,Global Hardcore Nation,Wind Stage,Panic,14:00 - 15:30,21 July,2017,Friday,Weekend 1,"Hardcore Techno, Psychedelic Trance"
3836,Global Hardcore Nation,Wind Stage,Rob ft. MC Joe,15:30 - 16:30,21 July,2017,Friday,Weekend 1,Unknown
3837,Global Hardcore Nation,Wind Stage,Marc Acardipane,16:30 - 17:30,21 July,2017,Friday,Weekend 1,Unknown
3838,Global Hardcore Nation,Wind Stage,Javi Boss,17:30 - 18:30,21 July,2017,Friday,Weekend 1,Unknown
3839,Global Hardcore Nation,Wind Stage,Promo,18:30 - 19:30,21 July,2017,Friday,Weekend 1,Trance
3840,Global Hardcore Nation,Wind Stage,Art of Fighters vs. The Stunned Guys,19:30 - 21:00,21 July,2017,Friday,Weekend 1,Unknown
3841,Global Hardcore Nation,Wind Stage,Tha Playah,21:00 - 22:00,21 July,2017,Friday,Weekend 1,Hardcore Techno
3842,Global Hardcore Nation,Wind Stage,Angerfist,22:00 - 23:00,21 July,2017,Friday,Weekend 1,"Hardcore Techno, Psychedelic Trance"
3843,Global Hardcore Nation,Wind Stage,Tieum,23:00 - 00:00,21 July,2017,Friday,Weekend 1,Unknown
3844,Q-Dance,Arch,Ransom,12:00 - 13:00,22 July,2017,Saturday,Weekend 1,Unknown
3845,Q-Dance,Arch,Audiotricz,13:00 - 14:00,22 July,2017,Saturday,Weekend 1,Hard Dance
3846,Q-Dance,Arch,Atmozfears,14:00 - 15:00,22 July,2017,Saturday,Weekend 1,"Hardcore Techno, Techno, Traditional House, Trance"
3847,Q-Dance,Arch,Da Tweekaz,15:00 - 16:00,22 July,2017,Saturday,Weekend 1,Hardcore Techno
3848,Q-Dance,Arch,Wildstylez,16:00 - 17:00,22 July,2017,Saturday,Weekend 1,Hard Dance
3849,Q-Dance,Arch,NCBM,17:00 - 18:00,22 July,2017,Saturday,Weekend 1,Unknown
3850,Toolroom Live,Tulip,Bollen & Fichtner,12:30 - 14:00,21 July,2017,Friday,Weekend 1,Unknown
3851,Q-Dance,Arch,Charly Lownoise & Mental Theo,19:00 - 20:00,22 July,2017,Saturday,Weekend 1,Unknown
3852,Q-Dance,Arch,Coone,20:00 - 21:00,22 July,2017,Saturday,Weekend 1,Hard Dance
3853,Q-Dance,Arch,Brennan Heart,21:00 - 22:00,22 July,2017,Saturday,Weekend 1,Hard Dance
3854,Q-Dance,Arch,Zatox,22:00 - 23:00,22 July,2017,Saturday,Weekend 1,Hard Dance
3855,Q-Dance,Arch,Evil Activities,23:00 - 00:00,22 July,2017,Saturday,Weekend 1,Hardcore Techno
3856,Forma.T & Hungry Music,Cage,Elska,13:00 - 14:30,22 July,2017,Saturday,Weekend 1,Unknown
3857,Forma.T & Hungry Music,Cage,Raw District,14:30 - 16:30,22 July,2017,Saturday,Weekend 1,Unknown
3858,Forma.T & Hungry Music,Cage,Stereoclip,16:30 - 18:00,22 July,2017,Saturday,Weekend 1,Unknown
3859,Forma.T & Hungry Music,Cage,Rodriguez JR,18:00 - 19:00,22 July,2017,Saturday,Weekend 1,"Tech House, Techno"
3860,Forma.T & Hungry Music,Cage,Joachim Pastor,19:00 - 20:30,22 July,2017,Saturday,Weekend 1,Techno
3861,Forma.T & Hungry Music,Cage,N'To,20:30 - 22:00,22 July,2017,Saturday,Weekend 1,"Electronica, Hip-Hop, Minimal, Techno"
3862,Forma.T & Hungry Music,Cage,Worakls,22:00 - 23:30,22 July,2017,Saturday,Weekend 1,"Electronica, Funk / R&B, Traditional House"
3863,Forma.T & Hungry Music,Cage,Surfing Lions,23:30 - 01:00,22 July,2017,Saturday,Weekend 1,Unknown
3864,Paradise,Core,Nukov & Yelmet,12:30 - 13:30,22 July,2017,Saturday,Weekend 1,Unknown
3865,Paradise,Core,Igor Vicente,13:30 - 14:30,22 July,2017,Saturday,Weekend 1,"House, Techno"
3866,Paradise,Core,Seth Troxler,14:30 - 16:30,22 July,2017,Saturday,Weekend 1,"Tech House, Techno"
3867,Paradise,Core,Route 94,16:30 - 18:00,22 July,2017,Saturday,Weekend 1,Deep House
3868,Paradise,Core,Richy Ahmed,18:00 - 20:00,22 July,2017,Saturday,Weekend 1,Tech House
3869,Paradise,Core,Patrick Topping,20:00 - 21:30,22 July,2017,Saturday,Weekend 1,Commercial Dance
3870,Paradise,Core,Nicole Moudaber,21:30 - 23:00,22 July,2017,Saturday,Weekend 1,Tech House
3871,Paradise,Core,Jamie Jones,23:00 - 01:00,22 July,2017,Saturday,Weekend 1,Tech House
3872,REFUNE,Freedom,Nicholas Meich & Batmax,12:30 - 13:30,22 July,2017,Saturday,Weekend 1,Unknown
3873,REFUNE,Freedom,Mr. Tophat,13:30 - 15:00,22 July,2017,Saturday,Weekend 1,Unknown
3874,REFUNE,Freedom,M-22,15:00 - 16:30,22 July,2017,Saturday,Weekend 1,Unknown
3875,Q-Dance,Arch,Psyko Punkz,18:00 - 19:00,22 July,2017,Saturday,Weekend 1,Hardcore Techno
3876,REFUNE,Freedom,KO:YU,17:30 - 18:30,22 July,2017,Saturday,Weekend 1,Unknown
3877,REFUNE,Freedom,ALOK,18:30 - 19:30,22 July,2017,Saturday,Weekend 1,Commercial Dance
3878,REFUNE,Freedom,Otto Knows,19:30 - 20:30,22 July,2017,Saturday,Weekend 1,Traditional House
3879,REFUNE,Freedom,Sebastian Ingrosso,20:30 - 21:30,22 July,2017,Saturday,Weekend 1,Progressive House
3880,REFUNE,Freedom,Salvatore Ganacci,21:30 - 22:30,22 July,2017,Saturday,Weekend 1,"Electro House, Big Room, Pop House"
3881,REFUNE,Freedom,Tommy Trash,22:30 - 23:45,22 July,2017,Saturday,Weekend 1,"Electro House, Progressive House"
3882,REFUNE,Freedom,Garmiani,23:45 - 01:00,22 July,2017,Saturday,Weekend 1,Unknown
3883,DIYNAMIC,Garden of Madness,Kaiserr,12:30 - 13:30,22 July,2017,Saturday,Weekend 1,Unknown
3884,DIYNAMIC,Garden of Madness,Fred Hush,13:30 - 14:30,22 July,2017,Saturday,Weekend 1,Unknown
3885,DIYNAMIC,Garden of Madness,Musumeci,14:30 - 16:00,22 July,2017,Saturday,Weekend 1,"Electro, House, Techno"
3886,DIYNAMIC,Garden of Madness,Lehar,16:00 - 17:30,22 July,2017,Saturday,Weekend 1,Unknown
3887,DIYNAMIC,Garden of Madness,H.O.S.H.,17:30 - 19:00,22 July,2017,Saturday,Weekend 1,Commercial Dance
3888,DIYNAMIC,Garden of Madness,Karmon,19:00 - 20:30,22 July,2017,Saturday,Weekend 1,Electronica
3889,DIYNAMIC,Garden of Madness,Solomun,20:30 - 22:00,22 July,2017,Saturday,Weekend 1,Tech House
3890,DIYNAMIC,Garden of Madness,Kollektiv Turmstrasse,22:00 - 23:30,22 July,2017,Saturday,Weekend 1,Tech House
3891,DIYNAMIC,Garden of Madness,Adriatique,23:30 - 00:55,22 July,2017,Saturday,Weekend 1,"Electronica, Tech House, Techno"
3892,Radio Ultra Modern,Harbour House,Uneak,13:00 - 15:00,22 July,2017,Saturday,Weekend 1,Unknown
3893,Radio Ultra Modern,Harbour House,Rakesh aka Blackjack9000,15:00 - 18:00,22 July,2017,Saturday,Weekend 1,House
3894,Radio Ultra Modern,Harbour House,Veepee & friends,18:00 - 19:00,22 July,2017,Saturday,Weekend 1,Unknown
3895,Radio Ultra Modern,Harbour House,Pierre Elitair,19:00 - 21:00,22 July,2017,Saturday,Weekend 1,Unknown
3896,Radio Ultra Modern,Harbour House,B-Kay,21:00 - 23:00,22 July,2017,Saturday,Weekend 1,"Electronic, Dance, House"
3897,Radio Ultra Modern,Harbour House,Bubba,23:00 - 01:00,22 July,2017,Saturday,Weekend 1,"Electronic, House, Techno"
3898,Jacked,House of Books,Wiwek,00:00 - 00:50,22 July,2017,Saturday,Weekend 1,"Commercial Dance, Drum & Bass, Electronica, Traditional House"
3899,Jacked,House of Books,Rui,12:00 - 13:00,22 July,2017,Saturday,Weekend 1,Rock
3900,REFUNE,Freedom,Bottai,16:30 - 17:30,22 July,2017,Saturday,Weekend 1,Unknown
3901,Jacked,House of Books,Oliver Rosa,14:00 - 15:00,22 July,2017,Saturday,Weekend 1,Unknown
3902,Jacked,House of Books,Kiida,15:00 - 16:00,22 July,2017,Saturday,Weekend 1,Unknown
3903,Jacked,House of Books,D-wayne,16:00 - 17:00,22 July,2017,Saturday,Weekend 1,Commercial Dance
3904,Jacked,House of Books,Valentino Khan,17:00 - 18:00,22 July,2017,Saturday,Weekend 1,"Dubstep, Electro House"
3905,Jacked,House of Books,Craig David pr. TS5,18:00 - 19:00,22 July,2017,Saturday,Weekend 1,Unknown
3906,Jacked,House of Books,Bassjackers,19:00 - 20:00,22 July,2017,Saturday,Weekend 1,Electro House
3907,Jacked,House of Books,Afrojack B2B D.O.D. B2B Ravitez,20:00 - 23:00,22 July,2017,Saturday,Weekend 1,Unknown
3908,Jacked,House of Books,The Jillionaire,23:00 - 00:00,22 July,2017,Saturday,Weekend 1,Unknown
3909,Cubanisto presents Hush Hush,House of Mask by Cubanisto,Villion,13:00 - 14:30,22 July,2017,Saturday,Weekend 1,Unknown
3910,Cubanisto presents Hush Hush,House of Mask by Cubanisto,Hush,14:30 - 15:30,22 July,2017,Saturday,Weekend 1,Traditional House
3911,Cubanisto presents Hush Hush,House of Mask by Cubanisto,Vic Crezée,15:30 - 16:30,22 July,2017,Saturday,Weekend 1,Unknown
3912,Cubanisto presents Hush Hush,House of Mask by Cubanisto,Hush Hefner,16:30 - 18:00,22 July,2017,Saturday,Weekend 1,Unknown
3913,Cubanisto presents Hush Hush,House of Mask by Cubanisto,Blackout Boy,18:00 - 19:00,22 July,2017,Saturday,Weekend 1,Unknown
3914,Cubanisto presents Hush Hush,House of Mask by Cubanisto,The Whatevers,19:00 - 20:30,22 July,2017,Saturday,Weekend 1,Unknown
3915,Cubanisto presents Hush Hush,House of Mask by Cubanisto,TLP,20:30 - 22:00,22 July,2017,Saturday,Weekend 1,Unknown
3916,All Day I Dream,Leaf,Gorje Hewek & Izhevski,13:30 - 17:00,22 July,2017,Saturday,Weekend 1,Unknown
3917,All Day I Dream,Leaf,Akira,17:00 - 21:30,22 July,2017,Saturday,Weekend 1,Trance
3918,All Day I Dream,Leaf,YokoO,21:30 - 23:20,22 July,2017,Saturday,Weekend 1,"Deep House, Tech House"
3919,Mainstage,Mainstage,Alesso,00:00 - 01:00,22 July,2017,Saturday,Weekend 1,Progressive House
3920,Mainstage,Mainstage,Nora En Pure,12:00 - 15:00,22 July,2017,Saturday,Weekend 1,Commercial Dance
3921,Mainstage,Mainstage,Double Pleasure,15:00 - 16:00,22 July,2017,Saturday,Weekend 1,House
3922,Mainstage,Mainstage,Henri PFR,16:00 - 17:00,22 July,2017,Saturday,Weekend 1,"Commercial Dance, Electronica, Traditional House"
3923,Mainstage,Mainstage,Angemi,17:00 - 18:00,22 July,2017,Saturday,Weekend 1,"Electronic, Dance"
3924,Mainstage,Mainstage,Timmy Trumpet,18:00 - 19:00,22 July,2017,Saturday,Weekend 1,Progressive House
3925,Jacked,House of Books,Ricky Breaker,13:00 - 14:00,22 July,2017,Saturday,Weekend 1,Unknown
3926,Mainstage,Mainstage,Yves V,20:00 - 21:00,22 July,2017,Saturday,Weekend 1,Progressive House
3927,Mainstage,Mainstage,Netsky DJ set + MC Script,21:00 - 22:00,22 July,2017,Saturday,Weekend 1,Unknown
3928,Mainstage,Mainstage,Armin Van Buuren,22:00 - 23:00,22 July,2017,Saturday,Weekend 1,Trance
3929,Mainstage,Mainstage,Dimitri Vegas & Like Mike,23:00 - 00:00,22 July,2017,Saturday,Weekend 1,Electro House
3930,STMPD RCRDS,Organ of Harmony,Estaw,13:00 - 14:00,22 July,2017,Saturday,Weekend 1,Unknown
3931,STMPD RCRDS,Organ of Harmony,CMC$,14:00 - 15:00,22 July,2017,Saturday,Weekend 1,Unknown
3932,STMPD RCRDS,Organ of Harmony,Justin Mylo,15:00 - 16:00,22 July,2017,Saturday,Weekend 1,"Electro House, Electronica, Progressive House, Tech House, Traditional House"
3933,STMPD RCRDS,Organ of Harmony,Matisse & Sadko,16:00 - 17:00,22 July,2017,Saturday,Weekend 1,Progressive House
3934,STMPD RCRDS,Organ of Harmony,Dyro,17:00 - 18:00,22 July,2017,Saturday,Weekend 1,Progressive House
3935,STMPD RCRDS,Organ of Harmony,Ytram,18:00 - 19:00,22 July,2017,Saturday,Weekend 1,Unknown
3936,STMPD RCRDS,Organ of Harmony,Cassius,19:00 - 20:00,22 July,2017,Saturday,Weekend 1,Indie / Underground
3937,STMPD RCRDS,Organ of Harmony,Riton,20:00 - 21:00,22 July,2017,Saturday,Weekend 1,Commercial Dance
3938,STMPD RCRDS,Organ of Harmony,Don Diablo,21:00 - 22:00,22 July,2017,Saturday,Weekend 1,Progressive House
3939,STMPD RCRDS,Organ of Harmony,Steve Angello,22:00 - 23:00,22 July,2017,Saturday,Weekend 1,Progressive House
3940,STMPD RCRDS,Organ of Harmony,Martin Garrix,23:00 - 01:00,22 July,2017,Saturday,Weekend 1,Electro House
3941,The Sound of Tomorrow,Sound of Tomorrow Island,DJ Q-La Lane,12:30 - 14:00,22 July,2017,Saturday,Weekend 1,Unknown
3942,The Sound of Tomorrow,Sound of Tomorrow Island,Dux n Bass,14:00 - 15:00,22 July,2017,Saturday,Weekend 1,Unknown
3943,The Sound of Tomorrow,Sound of Tomorrow Island,ReauBeau,15:00 - 16:30,22 July,2017,Saturday,Weekend 1,Unknown
3944,The Sound of Tomorrow,Sound of Tomorrow Island,Tavi Castro,16:30 - 17:30,22 July,2017,Saturday,Weekend 1,Unknown
3945,The Sound of Tomorrow,Sound of Tomorrow Island,SLOWBØDY,17:30 - 19:00,22 July,2017,Saturday,Weekend 1,Unknown
3946,The Sound of Tomorrow,Sound of Tomorrow Island,Snavs,19:00 - 20:30,22 July,2017,Saturday,Weekend 1,"Dubstep, Trap"
3947,The Sound of Tomorrow,Sound of Tomorrow Island,Sikdope,20:30 - 22:00,22 July,2017,Saturday,Weekend 1,"Commercial Dance, Electronica"
3948,The Sound of Tomorrow,Sound of Tomorrow Island,Apashe,22:00 - 23:00,22 July,2017,Saturday,Weekend 1,"Dubstep, Electro House, Electronica, Trap"
3949,The Sound of Tomorrow,Sound of Tomorrow Island,Dark Drake,23:00 - 00:00,22 July,2017,Saturday,Weekend 1,Unknown
3950,Mainstage,Mainstage,Nervo,19:00 - 20:00,22 July,2017,Saturday,Weekend 1,"Electro House, Progressive House"
3951,Crystal Events,The Rave Cave,White Noise,14:00 - 15:00,22 July,2017,Saturday,Weekend 1,Unknown
3952,Crystal Events,The Rave Cave,Kwallah,15:00 - 16:00,22 July,2017,Saturday,Weekend 1,Unknown
3953,Crystal Events,The Rave Cave,Pierre & Cassie,16:00 - 17:30,22 July,2017,Saturday,Weekend 1,Unknown
3954,Crystal Events,The Rave Cave,That's Who,17:30 - 19:00,22 July,2017,Saturday,Weekend 1,Unknown
3955,Crystal Events,The Rave Cave,Shredding Sounds,19:00 - 20:30,22 July,2017,Saturday,Weekend 1,Unknown
3956,Crystal Events,The Rave Cave,Soulcity,20:30 - 22:00,22 July,2017,Saturday,Weekend 1,Electronic
3957,Crystal Events,The Rave Cave,Deuxfwa,22:00 - 23:30,22 July,2017,Saturday,Weekend 1,Electronic
3958,Crystal Events,The Rave Cave,Himperson,23:30 - 01:00,22 July,2017,Saturday,Weekend 1,Electronic
3959,Bonzai,The Rose Garden,Airwave,13:00 - 14:30,22 July,2017,Saturday,Weekend 1,"Progressive House, Psychedelic Trance"
3960,Bonzai,The Rose Garden,Franky Jones,14:30 - 15:30,22 July,2017,Saturday,Weekend 1,"Techno, Acid"
3961,Bonzai,The Rose Garden,Bountyhunter,15:30 - 16:30,22 July,2017,Saturday,Weekend 1,"Hardcore, Gabber, Electronic"
3962,Bonzai,The Rose Garden,DJ Ghost,16:30 - 17:30,22 July,2017,Saturday,Weekend 1,"Hard Trance, Techno"
3963,Bonzai,The Rose Garden,Jan Vervloet,17:30 - 19:00,22 July,2017,Saturday,Weekend 1,Progressive House
3964,Bonzai,The Rose Garden,Franky Kloeck,19:00 - 20:30,22 July,2017,Saturday,Weekend 1,"Techno, Hard Trance"
3965,Bonzai,The Rose Garden,Talla 2XLC,20:30 - 22:00,22 July,2017,Saturday,Weekend 1,"Progressive House, Trance"
3966,Bonzai,The Rose Garden,Yves Deruyter,22:00 - 23:00,22 July,2017,Saturday,Weekend 1,Trance
3967,Bonzai,The Rose Garden,Push (Live),23:00 - 23:30,22 July,2017,Saturday,Weekend 1,Unknown
3968,Bonzai,The Rose Garden,Bonzai All-Stars,23:30 - 01:00,22 July,2017,Saturday,Weekend 1,Unknown
3969,Future Sound Of Egypt,Tulip,Mark Sherry vs. Marco V,00:00 - 01:00,22 July,2017,Saturday,Weekend 1,Unknown
3970,Future Sound Of Egypt,Tulip,Mohamed Raga vs. Monoverse,12:30 - 14:00,22 July,2017,Saturday,Weekend 1,Unknown
3971,Future Sound Of Egypt,Tulip,Fady & Mina,14:00 - 15:00,22 July,2017,Saturday,Weekend 1,Commercial Dance
3972,Future Sound Of Egypt,Tulip,Factor B,15:00 - 16:00,22 July,2017,Saturday,Weekend 1,"Trance, Uplifting Trance"
3973,Future Sound Of Egypt,Tulip,Arctic Moon,16:00 - 17:00,22 July,2017,Saturday,Weekend 1,Trance
3974,Future Sound Of Egypt,Tulip,Darren Porter vs. James Dymond,17:00 - 18:00,22 July,2017,Saturday,Weekend 1,Unknown
3975,Crystal Events,The Rave Cave,Jemaniax,13:00 - 14:00,22 July,2017,Saturday,Weekend 1,Unknown
3976,Future Sound Of Egypt,Tulip,Ferry Tayle vs. Dan Stone,19:00 - 20:00,22 July,2017,Saturday,Weekend 1,Unknown
3977,Future Sound Of Egypt,Tulip,Aly & Fila,20:00 - 22:00,22 July,2017,Saturday,Weekend 1,Trance
3978,Future Sound Of Egypt,Tulip,The Thrillseekers,22:00 - 23:00,22 July,2017,Saturday,Weekend 1,"Progressive House, Trance"
3979,Future Sound Of Egypt,Tulip,Ferry Corsten pres. Gouryella,23:00 - 00:00,22 July,2017,Saturday,Weekend 1,Unknown
3980,I Love Techno,Wind Stage,Baba Stiltz,12:30 - 14:30,22 July,2017,Saturday,Weekend 1,"Deep House, Funky House, Jackin House"
3981,I Love Techno,Wind Stage,Charlotte de Witte b2b One Track Brain,14:30 - 16:30,22 July,2017,Saturday,Weekend 1,Unknown
3982,I Love Techno,Wind Stage,Boys Noize,16:30 - 18:00,22 July,2017,Saturday,Weekend 1,"Electro House, Indie / Underground"
3983,I Love Techno,Wind Stage,Paul Kalkbrenner,18:00 - 20:00,22 July,2017,Saturday,Weekend 1,Techno
3984,I Love Techno,Wind Stage,The Belleville Three,20:00 - 23:00,22 July,2017,Saturday,Weekend 1,Unknown
3985,I Love Techno,Wind Stage,Nina Kravitz,23:00 - 01:00,22 July,2017,Saturday,Weekend 1,Unknown
3986,Dave Clarke,Arch,Fabrice Lig,12:30 - 14:00,23 July,2017,Sunday,Weekend 1,Unknown
3987,Dave Clarke,Arch,Blade & Beard,14:00 - 15:00,23 July,2017,Sunday,Weekend 1,Unknown
3988,Dave Clarke,Arch,Rebekah,15:00 - 16:30,23 July,2017,Sunday,Weekend 1,Techno
3989,Dave Clarke,Arch,Charlotte de Witte,16:30 - 18:00,23 July,2017,Sunday,Weekend 1,Techno
3990,Dave Clarke,Arch,Ken Ishii,18:00 - 19:30,23 July,2017,Sunday,Weekend 1,"Tech House, Techno"
3991,Dave Clarke,Arch,Ben Klock,19:30 - 21:00,23 July,2017,Sunday,Weekend 1,Techno
3992,Dave Clarke,Arch,Len Faki,21:00 - 22:30,23 July,2017,Sunday,Weekend 1,Techno
3993,Dave Clarke,Arch,Dave Clarke,22:30 - 00:00,23 July,2017,Sunday,Weekend 1,"Electro House, Techno"
3994,Footworxx,Cage,Masters Of Noise vs. Richie Gee,13:00 - 14:00,23 July,2017,Sunday,Weekend 1,Unknown
3995,Footworxx,Cage,Negative Warz vs. Stolen Cult,14:00 - 15:00,23 July,2017,Sunday,Weekend 1,Unknown
3996,Footworxx,Cage,Detest vs. Tymon,15:00 - 16:00,23 July,2017,Sunday,Weekend 1,Unknown
3997,Footworxx,Cage,Sei2ure vs. eDUB,16:00 - 17:00,23 July,2017,Sunday,Weekend 1,Unknown
3998,Footworxx,Cage,F.Noize vs. Detterent Man vs. Insane S,17:00 - 18:15,23 July,2017,Sunday,Weekend 1,Unknown
3999,Footworxx,Cage,Sandy Warez vs. Section Grabuge vs. A-Kriv aka FOOTWORXX MILIT,18:15 - 19:30,23 July,2017,Sunday,Weekend 1,Unknown
4000,Future Sound Of Egypt,Tulip,M.I.K.E. Push,18:00 - 19:00,22 July,2017,Saturday,Weekend 1,Trance
4001,Footworxx,Cage,Vandalism vs. Hardbouncer,21:00 - 22:15,23 July,2017,Sunday,Weekend 1,Unknown
4002,Footworxx,Cage,Goetia vs. Miss Enemy,22:15 - 23:15,23 July,2017,Sunday,Weekend 1,Unknown
4003,Footworxx,Cage,Drokz,23:15 - 00:00,23 July,2017,Sunday,Weekend 1,Unknown
4004,The Masquerade by Claptone,Core,Siege,13:00 - 14:30,23 July,2017,Sunday,Weekend 1,"House, Techno"
4005,The Masquerade by Claptone,Core,MAT.Joe,14:30 - 15:30,23 July,2017,Sunday,Weekend 1,Commercial Dance
4006,The Masquerade by Claptone,Core,Eli & Fur,15:30 - 16:30,23 July,2017,Sunday,Weekend 1,House
4007,The Masquerade by Claptone,Core,Pete Tong,16:30 - 18:00,23 July,2017,Sunday,Weekend 1,Traditional House
4008,The Masquerade by Claptone,Core,Black Coffee,18:00 - 19:30,23 July,2017,Sunday,Weekend 1,"Funk / R&B, Traditional House"
4009,The Masquerade by Claptone,Core,Booka Shade,19:30 - 20:30,23 July,2017,Sunday,Weekend 1,"Electro House, Tech House"
4010,The Masquerade by Claptone,Core,Claptone,20:30 - 22:30,23 July,2017,Sunday,Weekend 1,"Electro House, Tech House, Techno, Traditional House"
4011,The Masquerade by Claptone,Core,Claude VonStroke,22:30 - 00:00,23 July,2017,Sunday,Weekend 1,"Tech House, Techno"
4012,Smash The House,Freedom,Magic Wand,12:30 - 13:30,23 July,2017,Sunday,Weekend 1,Pop
4013,Smash The House,Freedom,Ummet Ozcan,13:30 - 14:30,23 July,2017,Sunday,Weekend 1,Trance
4014,Smash The House,Freedom,PKCZ,14:30 - 15:30,23 July,2017,Sunday,Weekend 1,Unknown
4015,Smash The House,Freedom,Angemi,15:30 - 16:30,23 July,2017,Sunday,Weekend 1,"Electronic, Dance"
4016,Smash The House,Freedom,MATTN,16:30 - 17:30,23 July,2017,Sunday,Weekend 1,"Commercial Dance, Traditional House"
4017,Smash The House,Freedom,Wolfpack,17:30 - 18:30,23 July,2017,Sunday,Weekend 1,"Commercial Dance, Electro House, Progressive House"
4018,Smash The House,Freedom,Nicky Romero,18:30 - 19:30,23 July,2017,Sunday,Weekend 1,Progressive House
4019,Smash The House,Freedom,KSHMR,19:30 - 20:45,23 July,2017,Sunday,Weekend 1,"Electro House, Electronica, Indie / Underground, Progressive House, Tech House"
4020,Smash The House,Freedom,W&W,20:45 - 22:00,23 July,2017,Sunday,Weekend 1,Trance
4021,Smash The House,Freedom,Oscar & The Wolf (Live),22:00 - 23:00,23 July,2017,Sunday,Weekend 1,Unknown
4022,Smash The House,Freedom,Dimitri Vegas & Like Mike,23:00 - 00:00,23 July,2017,Sunday,Weekend 1,Electro House
4023,ANTS,Garden of Madness,Nick Bril,12:00 - 13:30,23 July,2017,Sunday,Weekend 1,"House, Techno"
4024,ANTS,Garden of Madness,Iris Menza,13:30 - 15:00,23 July,2017,Sunday,Weekend 1,Unknown
4025,Footworxx,Cage,Noize Suppressor vs. Mad Dog vs. AniMe,19:30 - 21:00,23 July,2017,Sunday,Weekend 1,Unknown
4026,ANTS,Garden of Madness,Tube & Berger,16:30 - 18:00,23 July,2017,Sunday,Weekend 1,Tech House
4027,ANTS,Garden of Madness,Matthias Tanzmann,18:00 - 19:30,23 July,2017,Sunday,Weekend 1,Tech House
4028,ANTS,Garden of Madness,Eats Everything,19:30 - 21:00,23 July,2017,Sunday,Weekend 1,Traditional House
4029,ANTS,Garden of Madness,Andrea Oliva,21:00 - 22:30,23 July,2017,Sunday,Weekend 1,"Minimal, Tech House"
4030,ANTS,Garden of Madness,Kölsch,22:30 - 23:55,23 July,2017,Sunday,Weekend 1,Commercial Dance
4031,Radio Ultra Modern,Harbour House,Kisa,13:00 - 15:00,23 July,2017,Sunday,Weekend 1,Unknown
4032,Radio Ultra Modern,Harbour House,Rakesh aka Blackjack9000,15:00 - 17:00,23 July,2017,Sunday,Weekend 1,House
4033,Radio Ultra Modern,Harbour House,Rakka,17:00 - 19:00,23 July,2017,Sunday,Weekend 1,Unknown
4034,Radio Ultra Modern,Harbour House,Kisa,19:00 - 21:30,23 July,2017,Sunday,Weekend 1,Unknown
4035,Radio Ultra Modern,Harbour House,Zeen & Myer,21:30 - 00:00,23 July,2017,Sunday,Weekend 1,Unknown
4036,CDA invites Cocoon,House of Books,Smos b2b Flapjackers,12:30 - 14:00,23 July,2017,Sunday,Weekend 1,Unknown
4037,CDA invites Cocoon,House of Books,Carola Pisaturo,14:00 - 15:30,23 July,2017,Sunday,Weekend 1,Minimal
4038,CDA invites Cocoon,House of Books,Ilario Alicante,15:30 - 17:00,23 July,2017,Sunday,Weekend 1,"Tech House, Techno"
4039,CDA invites Cocoon,House of Books,Dixon,17:00 - 19:00,23 July,2017,Sunday,Weekend 1,Techno
4040,CDA invites Cocoon,House of Books,Ricardo Villalobos,19:00 - 21:00,23 July,2017,Sunday,Weekend 1,"Minimal, Techno"
4041,CDA invites Cocoon,House of Books,Sven Väth,21:00 - 23:50,23 July,2017,Sunday,Weekend 1,Techno
4042,Cubanisto,House of Mask by Cubanisto,Klaps,13:00 - 14:00,23 July,2017,Sunday,Weekend 1,"House, Techno"
4043,Cubanisto,House of Mask by Cubanisto,Vision Machine B2B Natasja,14:00 - 15:00,23 July,2017,Sunday,Weekend 1,Unknown
4044,Cubanisto,House of Mask by Cubanisto,Red D,15:00 - 16:00,23 July,2017,Sunday,Weekend 1,"Bass Music, Dubstep"
4045,Cubanisto,House of Mask by Cubanisto,Goldfox,16:00 - 17:00,23 July,2017,Sunday,Weekend 1,"Electronic, Dance"
4046,Cubanisto,House of Mask by Cubanisto,Gusta-vo,17:00 - 18:00,23 July,2017,Sunday,Weekend 1,Unknown
4047,Cubanisto,House of Mask by Cubanisto,Ten Walls,18:00 - 19:30,23 July,2017,Sunday,Weekend 1,Unknown
4048,Cubanisto,House of Mask by Cubanisto,Renaat Vandepapeliere,19:30 - 21:00,23 July,2017,Sunday,Weekend 1,Unknown
4049,Cubanisto,House of Mask by Cubanisto,Notoir,21:00 - 22:00,23 July,2017,Sunday,Weekend 1,Unknown
4050,ANTS,Garden of Madness,Lauren Lane,15:00 - 16:30,23 July,2017,Sunday,Weekend 1,Tech House
4051,Sanctuary,Leaf,Yazz,14:30 - 16:30,23 July,2017,Sunday,Weekend 1,Unknown
4052,Sanctuary,Leaf,Mimi Love,16:30 - 18:30,23 July,2017,Sunday,Weekend 1,Unknown
4053,Sanctuary,Leaf,Britta Unders,18:30 - 20:30,23 July,2017,Sunday,Weekend 1,"Progressive House, Tech House"
4054,Sanctuary,Leaf,Stavroz,20:30 - 23:00,23 July,2017,Sunday,Weekend 1,"Synthwave, House"
4055,Mainstage,Mainstage,Markus Schulz,12:00 - 15:00,23 July,2017,Sunday,Weekend 1,"Progressive House, Trance"
4056,Mainstage,Mainstage,King Arthur,15:00 - 16:00,23 July,2017,Sunday,Weekend 1,Unknown
4057,Mainstage,Mainstage,Shapov,16:00 - 17:00,23 July,2017,Sunday,Weekend 1,"Commercial Dance, Electro House, Electronica, Progressive House, Trance"
4058,Mainstage,Mainstage,Yellow Claw,17:00 - 18:00,23 July,2017,Sunday,Weekend 1,"Electro House, Electronica, Hip-Hop, Traditional House, Trap"
4059,Mainstage,Mainstage,Oliver Heldens,18:00 - 19:00,23 July,2017,Sunday,Weekend 1,"Electro House, Electronica, Techno"
4060,Mainstage,Mainstage,Solomun,19:00 - 20:00,23 July,2017,Sunday,Weekend 1,Tech House
4061,Mainstage,Mainstage,David Guetta,20:00 - 21:00,23 July,2017,Sunday,Weekend 1,Electro House
4062,Mainstage,Mainstage,Lost Frequencies,21:00 - 22:00,23 July,2017,Sunday,Weekend 1,"Electro House, Electronica, Traditional House"
4063,Mainstage,Mainstage,Steve Angello,22:00 - 23:00,23 July,2017,Sunday,Weekend 1,Progressive House
4064,Mainstage,Mainstage,Martin Garrix,23:00 - 00:00,23 July,2017,Sunday,Weekend 1,Electro House
4065,Versuz,Organ of Harmony,Delafino,12:30 - 14:00,23 July,2017,Sunday,Weekend 1,House
4066,Versuz,Organ of Harmony,Sem Thomasson,14:00 - 15:30,23 July,2017,Sunday,Weekend 1,Progressive House
4067,Versuz,Organ of Harmony,Peter Luts,15:30 - 17:00,23 July,2017,Sunday,Weekend 1,Commercial Dance
4068,Versuz,Organ of Harmony,Joachim Garraud,17:00 - 18:00,23 July,2017,Sunday,Weekend 1,Electro House
4069,Versuz,Organ of Harmony,Dave Lambert,18:00 - 19:30,23 July,2017,Sunday,Weekend 1,Traditional House
4070,Versuz,Organ of Harmony,John Dahlback,19:30 - 21:00,23 July,2017,Sunday,Weekend 1,"Electro House, Progressive House"
4071,Versuz,Organ of Harmony,Fedde Le Grand,21:00 - 22:30,23 July,2017,Sunday,Weekend 1,Progressive House
4072,Versuz,Organ of Harmony,Bob Sinclar,22:30 - 00:00,23 July,2017,Sunday,Weekend 1,Traditional House
4073,The Sound of Tomorrow,Sound of Tomorrow Island,Tim Arisu,12:30 - 14:00,23 July,2017,Sunday,Weekend 1,Unknown
4074,The Sound of Tomorrow,Sound of Tomorrow Island,Alpha Party,14:00 - 15:00,23 July,2017,Sunday,Weekend 1,Unknown
4075,Sanctuary,Leaf,Dauw & Schemering,12:30 - 14:30,23 July,2017,Sunday,Weekend 1,Unknown
4076,The Sound of Tomorrow,Sound of Tomorrow Island,Mathy,16:00 - 17:00,23 July,2017,Sunday,Weekend 1,Unknown
4077,The Sound of Tomorrow,Sound of Tomorrow Island,Lennert Wolfs & Lester Williams,17:00 - 18:00,23 July,2017,Sunday,Weekend 1,Unknown
4078,The Sound of Tomorrow,Sound of Tomorrow Island,Sem Vox,18:00 - 19:00,23 July,2017,Sunday,Weekend 1,Unknown
4079,The Sound of Tomorrow,Sound of Tomorrow Island,Pep & Rash,19:00 - 20:30,23 July,2017,Sunday,Weekend 1,"Electronica, Tech House, Traditional House"
4080,The Sound of Tomorrow,Sound of Tomorrow Island,The Him,20:30 - 22:00,23 July,2017,Sunday,Weekend 1,Electronica
4081,The Sound of Tomorrow,Sound of Tomorrow Island,Hektor Mass,22:00 - 23:00,23 July,2017,Sunday,Weekend 1,Unknown
4082,Feestgedruis,The Rave Cave,Deltano B2B Ishtar,12:00 - 15:00,23 July,2017,Sunday,Weekend 1,Unknown
4083,Feestgedruis,The Rave Cave,Murvin Jay,15:00 - 16:30,23 July,2017,Sunday,Weekend 1,Unknown
4084,Feestgedruis,The Rave Cave,Francesca Lombardo,16:30 - 18:00,23 July,2017,Sunday,Weekend 1,Tech House
4085,Feestgedruis,The Rave Cave,Antonio Ponti,18:00 - 19:30,23 July,2017,Sunday,Weekend 1,Unknown
4086,Feestgedruis,The Rave Cave,Siopis,19:30 - 21:00,23 July,2017,Sunday,Weekend 1,Commercial Dance
4087,Feestgedruis,The Rave Cave,Ode Maen,21:00 - 22:30,23 July,2017,Sunday,Weekend 1,Unknown
4088,Feestgedruis,The Rave Cave,Massaar,22:30 - 00:00,23 July,2017,Sunday,Weekend 1,Unknown
4089,Robin Schulz & Friends,The Rose Garden,Anton Powers,12:30 - 14:00,23 July,2017,Sunday,Weekend 1,Commercial Dance
4090,Robin Schulz & Friends,The Rose Garden,Deepend,14:00 - 15:30,23 July,2017,Sunday,Weekend 1,"Tech House, Traditional House"
4091,Robin Schulz & Friends,The Rose Garden,Hugel,15:30 - 16:30,23 July,2017,Sunday,Weekend 1,Big Room House
4092,Robin Schulz & Friends,The Rose Garden,Sam Feldt,16:30 - 17:30,23 July,2017,Sunday,Weekend 1,Traditional House
4093,Robin Schulz & Friends,The Rose Garden,Digital Farm Animals,17:30 - 18:30,23 July,2017,Sunday,Weekend 1,Unknown
4094,Robin Schulz & Friends,The Rose Garden,Jonas Blue,18:30 - 20:00,23 July,2017,Sunday,Weekend 1,"Pop House, Tropical House"
4095,Robin Schulz & Friends,The Rose Garden,Feder,20:00 - 21:30,23 July,2017,Sunday,Weekend 1,"Commercial Dance, Electronica, Reggae"
4096,Robin Schulz & Friends,The Rose Garden,Robin Schulz,21:30 - 23:00,23 July,2017,Sunday,Weekend 1,Commercial Dance
4097,Robin Schulz & Friends,The Rose Garden,Klingande,23:00 - 00:00,23 July,2017,Sunday,Weekend 1,"Deep House, Tropical House"
4098,Cafeina,Tulip,Joka & Eggi,12:00 - 13:00,23 July,2017,Sunday,Weekend 1,Unknown
4099,Cafeina,Tulip,Alec & Phill De Cunha,13:00 - 14:00,23 July,2017,Sunday,Weekend 1,Unknown
4100,The Sound of Tomorrow,Sound of Tomorrow Island,Dennis Cartier,15:00 - 16:00,23 July,2017,Sunday,Weekend 1,Unknown
4101,Cafeina,Tulip,Alle Farben,15:00 - 16:30,23 July,2017,Sunday,Weekend 1,"Tech House, Techno, Deep House"
4102,Cafeina,Tulip,Nico Morano,16:30 - 17:30,23 July,2017,Sunday,Weekend 1,"House, Techno"
4103,Cafeina,Tulip,Cemode & Philip,17:30 - 18:30,23 July,2017,Sunday,Weekend 1,Unknown
4104,Cafeina,Tulip,Mr. Grammy & DJ Licious,18:30 - 19:30,23 July,2017,Sunday,Weekend 1,Unknown
4105,Cafeina,Tulip,Sonny Fodera,19:30 - 20:30,23 July,2017,Sunday,Weekend 1,Traditional House
4106,Cafeina,Tulip,Franky Rizardo,20:30 - 21:30,23 July,2017,Sunday,Weekend 1,Commercial Dance
4107,Cafeina,Tulip,Roma,21:30 - 22:30,23 July,2017,Sunday,Weekend 1,"Electronic, Dance"
4108,Cafeina,Tulip,Disco Dasco,22:30 - 00:00,23 July,2017,Sunday,Weekend 1,"Electronic, House"
4109,Pussy Lounge,Wind Stage,Orphan,12:30 - 13:30,23 July,2017,Sunday,Weekend 1,Rock
4110,Pussy Lounge,Wind Stage,Bestien,13:30 - 14:30,23 July,2017,Sunday,Weekend 1,Unknown
4111,Pussy Lounge,Wind Stage,Lowriderz,14:30 - 15:30,23 July,2017,Sunday,Weekend 1,Unknown
4112,Pussy Lounge,Wind Stage,Mark with a K,15:30 - 16:30,23 July,2017,Sunday,Weekend 1,Hard Dance
4113,Pussy Lounge,Wind Stage,LNY TNZ,16:30 - 17:30,23 July,2017,Sunday,Weekend 1,Hard Dance
4114,Pussy Lounge,Wind Stage,Ruthless,17:30 - 18:30,23 July,2017,Sunday,Weekend 1,Hardcore Techno
4115,Pussy Lounge,Wind Stage,Luna,18:30 - 19:30,23 July,2017,Sunday,Weekend 1,"Synthpop, Trip Hop, Uk Garage"
4116,Pussy Lounge,Wind Stage,The Darkraver,19:30 - 20:30,23 July,2017,Sunday,Weekend 1,"Commercial Dance, Electronica, Techno"
4117,Pussy Lounge,Wind Stage,Paul Elstak,20:30 - 21:30,23 July,2017,Sunday,Weekend 1,Hardcore Techno
4118,Pussy Lounge,Wind Stage,The Viper,21:30 - 22:30,23 July,2017,Sunday,Weekend 1,Band
4119,Pussy Lounge,Wind Stage,Mental Theo,22:30 - 00:00,23 July,2017,Sunday,Weekend 1,Unknown
4120,The Gathering,The Gathering,Regi,00:00 - 01:00,27 July,2017,Thursday,Weekend 2,"Trance, Big Room House"
4121,The Gathering,The Gathering,Zaman,13:00 - 14:00,27 July,2017,Thursday,Weekend 2,Unknown
4122,The Gathering,The Gathering,Beaver T & Pinch,14:00 - 14:45,27 July,2017,Thursday,Weekend 2,Unknown
4123,The Gathering,The Gathering,JackJazz,14:45 - 15:30,27 July,2017,Thursday,Weekend 2,Unknown
4124,The Gathering,The Gathering,Joyhauser vs. Decoy,15:30 - 16:15,27 July,2017,Thursday,Weekend 2,Unknown
4125,Cafeina,Tulip,B2B Soundsystem,14:00 - 15:00,23 July,2017,Sunday,Weekend 1,Unknown
4126,The Gathering,The Gathering,Kid Noize,17:00 - 17:45,27 July,2017,Thursday,Weekend 2,Unknown
4127,The Gathering,The Gathering,Prinz,17:45 - 18:30,27 July,2017,Thursday,Weekend 2,Techno
4128,The Gathering,The Gathering,Siege,18:30 - 19:15,27 July,2017,Thursday,Weekend 2,"House, Techno"
4129,The Gathering,The Gathering,The Oddword,19:15 - 20:00,27 July,2017,Thursday,Weekend 2,Unknown
4130,The Gathering,The Gathering,Henri PFR,20:00 - 20:45,27 July,2017,Thursday,Weekend 2,"Commercial Dance, Electronica, Traditional House"
4131,The Gathering,The Gathering,Double Pleasure,20:45 - 21:30,27 July,2017,Thursday,Weekend 2,House
4132,The Gathering,The Gathering,Lost Frequencies,21:30 - 22:15,27 July,2017,Thursday,Weekend 2,"Electro House, Electronica, Traditional House"
4133,The Gathering,The Gathering,JETFIRE,22:15 - 23:00,27 July,2017,Thursday,Weekend 2,Unknown
4134,The Gathering,The Gathering,Coone,23:00 - 00:00,27 July,2017,Thursday,Weekend 2,Hard Dance
4135,Dim Mak,Arch,Bad Royale,00:00 - 01:00,28 July,2017,Friday,Weekend 2,"Electro House, Dancehall, Dubstep, Hip-Hop"
4136,Dim Mak,Arch,BOEHM,12:30 - 13:30,28 July,2017,Friday,Weekend 2,Tech House
4137,Dim Mak,Arch,R3LL,13:30 - 14:30,28 July,2017,Friday,Weekend 2,"Jersey Club, Hip-Hop, Trap, Club Music, Breaks, House, R&B"
4138,Dim Mak,Arch,Rain Man,14:30 - 15:30,28 July,2017,Friday,Weekend 2,Electro House
4139,Dim Mak,Arch,Marnik,15:30 - 16:30,28 July,2017,Friday,Weekend 2,"Electronica, Progressive House"
4140,Dim Mak,Arch,Morten,16:30 - 17:30,28 July,2017,Friday,Weekend 2,"Commercial Dance, Dubstep"
4141,Dim Mak,Arch,Stööki Sound,17:30 - 18:30,28 July,2017,Friday,Weekend 2,Commercial Dance
4142,Dim Mak,Arch,Keys N Krates,18:30 - 19:30,28 July,2017,Friday,Weekend 2,"Electronica, Hip-Hop"
4143,Dim Mak,Arch,Borgore,19:30 - 20:30,28 July,2017,Friday,Weekend 2,Dubstep
4144,Dim Mak,Arch,Steve Aoki,20:30 - 22:00,28 July,2017,Friday,Weekend 2,"Electro House, Indie / Underground"
4145,Dim Mak,Arch,Benny Benassi,22:00 - 23:00,28 July,2017,Friday,Weekend 2,Electro House
4146,Dim Mak,Arch,Garmiani,23:00 - 00:00,28 July,2017,Friday,Weekend 2,Unknown
4147,We Play House,Cage,Kong,12:00 - 14:00,28 July,2017,Friday,Weekend 2,Commercial Dance
4148,We Play House,Cage,San Soda,14:00 - 16:30,28 July,2017,Friday,Weekend 2,Commercial Dance
4149,We Play House,Cage,Simon Dunmore,16:30 - 18:30,28 July,2017,Friday,Weekend 2,Unknown
4150,The Gathering,The Gathering,DiMaro LIMITED,16:15 - 17:00,27 July,2017,Thursday,Weekend 2,Unknown
4151,We Play House,Cage,Maxim Lany vs. DJ Licious,22:30 - 01:00,28 July,2017,Friday,Weekend 2,Unknown
4152,kozzmozz,Core,Spacid,12:25 - 15:00,28 July,2017,Friday,Weekend 2,Unknown
4153,kozzmozz,Core,Sigha (Live),15:00 - 16:00,28 July,2017,Friday,Weekend 2,Unknown
4154,kozzmozz,Core,Kr!z,16:00 - 17:30,28 July,2017,Friday,Weekend 2,Unknown
4155,kozzmozz,Core,Ben Sims & James Ruskin,17:30 - 19:00,28 July,2017,Friday,Weekend 2,Unknown
4156,kozzmozz,Core,DVS1,19:00 - 20:30,28 July,2017,Friday,Weekend 2,Hard Dance
4157,kozzmozz,Core,Rødåd,20:30 - 22:00,28 July,2017,Friday,Weekend 2,Unknown
4158,kozzmozz,Core,Alan Fitzpatrick,22:00 - 23:30,28 July,2017,Friday,Weekend 2,Techno
4159,kozzmozz,Core,Len Faki,23:30 - 01:00,28 July,2017,Friday,Weekend 2,Techno
4160,A State Of Trance,Freedom,Vini Vici,00:00 - 01:00,28 July,2017,Friday,Weekend 2,"Psychedelic Trance, Trance"
4161,A State Of Trance,Freedom,Ruben de Ronde b2b Rodg,13:00 - 14:30,28 July,2017,Friday,Weekend 2,Unknown
4162,A State Of Trance,Freedom,Ben Gold,14:30 - 15:30,28 July,2017,Friday,Weekend 2,Trance
4163,A State Of Trance,Freedom,David Gravell,15:30 - 16:30,28 July,2017,Friday,Weekend 2,Commercial Dance
4164,A State Of Trance,Freedom,Orjan Nilsen,16:30 - 17:30,28 July,2017,Friday,Weekend 2,Commercial Dance
4165,A State Of Trance,Freedom,Marlo,17:30 - 18:30,28 July,2017,Friday,Weekend 2,Trance
4166,A State Of Trance,Freedom,Andrew Rayel,18:30 - 19:30,28 July,2017,Friday,Weekend 2,Trance
4167,A State Of Trance,Freedom,Markus Schulz,19:30 - 20:30,28 July,2017,Friday,Weekend 2,"Progressive House, Trance"
4168,A State Of Trance,Freedom,Armin Van Buuren,20:30 - 22:00,28 July,2017,Friday,Weekend 2,Trance
4169,A State Of Trance,Freedom,W&W pres. NWYR,22:00 - 23:00,28 July,2017,Friday,Weekend 2,Unknown
4170,A State Of Trance,Freedom,Aly & Fila,23:00 - 00:00,28 July,2017,Friday,Weekend 2,Trance
4171,Sexy By Nature,Garden of Madness,Raiden,12:30 - 13:30,28 July,2017,Friday,Weekend 2,Unknown
4172,Sexy By Nature,Garden of Madness,Thomas Newson,13:30 - 14:45,28 July,2017,Friday,Weekend 2,Commercial Dance
4173,Sexy By Nature,Garden of Madness,Double Pleasure,14:45 - 16:00,28 July,2017,Friday,Weekend 2,House
4174,Sexy By Nature,Garden of Madness,Cedric Gervais,16:00 - 17:00,28 July,2017,Friday,Weekend 2,Tech House
4175,We Play House,Cage,Kerri Chandler vs. Red D ft. Lady Linn,18:30 - 22:30,28 July,2017,Friday,Weekend 2,Unknown
4176,Sexy By Nature,Garden of Madness,Afrojack b2b Benny Rodrigues,18:30 - 19:30,28 July,2017,Friday,Weekend 2,Unknown
4177,Sexy By Nature,Garden of Madness,Benny Rodrigues,19:30 - 20:30,28 July,2017,Friday,Weekend 2,"Traditional House, Techno"
4178,Sexy By Nature,Garden of Madness,Steve Angello pres. Mescal Kid,20:30 - 22:00,28 July,2017,Friday,Weekend 2,Unknown
4179,Sexy By Nature,Garden of Madness,Sunnery James & Ryan Marciano,22:00 - 23:30,28 July,2017,Friday,Weekend 2,Electro House
4180,Sexy By Nature,Garden of Madness,Sander Van Doorn,23:30 - 00:55,28 July,2017,Friday,Weekend 2,Trance
4181,Radio Ultra Modern,Harbour House,SEp,13:00 - 15:00,28 July,2017,Friday,Weekend 2,Metal
4182,Radio Ultra Modern,Harbour House,Bart & Baker,15:00 - 17:00,28 July,2017,Friday,Weekend 2,"Electronic, Dance, House, Swing"
4183,Radio Ultra Modern,Harbour House,Bubba,17:00 - 19:00,28 July,2017,Friday,Weekend 2,"Electronic, House, Techno"
4184,Radio Ultra Modern,Harbour House,Rakesh aka Blackjack9000,19:00 - 22:00,28 July,2017,Friday,Weekend 2,House
4185,Radio Ultra Modern,Harbour House,Team Damp,22:00 - 23:00,28 July,2017,Friday,Weekend 2,"Electronic, Dance, House"
4186,Radio Ultra Modern,Harbour House,Bubba,23:00 - 01:00,28 July,2017,Friday,Weekend 2,"Electronic, House, Techno"
4187,Spinnin' Sessions,House of Books,Sophie Francis,12:30 - 14:00,28 July,2017,Friday,Weekend 2,Unknown
4188,Spinnin' Sessions,House of Books,Carta B2B Curtis,14:00 - 15:00,28 July,2017,Friday,Weekend 2,Unknown
4189,Spinnin' Sessions,House of Books,Mike Williams,15:00 - 16:00,28 July,2017,Friday,Weekend 2,"Commercial Dance, Drum & Bass, Electronica, Progressive House, Traditional House"
4190,Spinnin' Sessions,House of Books,Kris Kross Amsterdam,16:00 - 17:00,28 July,2017,Friday,Weekend 2,"Electronic, Pop"
4191,Spinnin' Sessions,House of Books,Gregor Salto,17:00 - 18:00,28 July,2017,Friday,Weekend 2,Electro House
4192,Spinnin' Sessions,House of Books,Lucas & Steve,18:00 - 19:30,28 July,2017,Friday,Weekend 2,"Commercial Dance, Hard Dance, Traditional House"
4193,Spinnin' Sessions,House of Books,EDX,19:30 - 20:30,28 July,2017,Friday,Weekend 2,Progressive House
4194,Spinnin' Sessions,House of Books,Sam Feldt,20:30 - 21:30,28 July,2017,Friday,Weekend 2,Traditional House
4195,Spinnin' Sessions,House of Books,Tujamo,21:30 - 22:30,28 July,2017,Friday,Weekend 2,Traditional House
4196,Spinnin' Sessions,House of Books,Firebeatz,22:30 - 23:30,28 July,2017,Friday,Weekend 2,Electro House
4197,Spinnin' Sessions,House of Books,Vinai,23:30 - 00:45,28 July,2017,Friday,Weekend 2,Big Room House
4198,Cubanisto,House of Mask by Cubanisto,Les Enchanted,14:00 - 15:00,28 July,2017,Friday,Weekend 2,Unknown
4199,Cubanisto,House of Mask by Cubanisto,Mike Dem,15:00 - 16:00,28 July,2017,Friday,Weekend 2,Unknown
4200,Sexy By Nature,Garden of Madness,Roger Sanchez,17:00 - 18:30,28 July,2017,Friday,Weekend 2,Traditional House
4201,Cubanisto,House of Mask by Cubanisto,Chantal,17:00 - 18:00,28 July,2017,Friday,Weekend 2,Unknown
4202,Cubanisto,House of Mask by Cubanisto,Gonçalo,18:00 - 19:30,28 July,2017,Friday,Weekend 2,Unknown
4203,Cubanisto,House of Mask by Cubanisto,Arkline,19:30 - 21:00,28 July,2017,Friday,Weekend 2,Unknown
4204,Cubanisto,House of Mask by Cubanisto,Rafi Khan,21:00 - 22:00,28 July,2017,Friday,Weekend 2,Unknown
4205,Leaf by Aperol Spritz,Leaf,Gee & Noski,12:30 - 13:30,28 July,2017,Friday,Weekend 2,Unknown
4206,Leaf by Aperol Spritz,Leaf,Lexx On,13:30 - 14:30,28 July,2017,Friday,Weekend 2,Unknown
4207,Leaf by Aperol Spritz,Leaf,Christian82. & L.Bossa,14:30 - 16:00,28 July,2017,Friday,Weekend 2,Unknown
4208,Leaf by Aperol Spritz,Leaf,Sven Van Hees,16:00 - 17:00,28 July,2017,Friday,Weekend 2,"Chill Out, Traditional House"
4209,Leaf by Aperol Spritz,Leaf,Yamo,17:00 - 18:00,28 July,2017,Friday,Weekend 2,"Electronic, Experimental"
4210,Leaf by Aperol Spritz,Leaf,Delafino & Luna Fino,18:00 - 19:00,28 July,2017,Friday,Weekend 2,Unknown
4211,Leaf by Aperol Spritz,Leaf,Jose Maria Ramon,19:00 - 20:30,28 July,2017,Friday,Weekend 2,Unknown
4212,Leaf by Aperol Spritz,Leaf,Sam Devine,20:30 - 22:00,28 July,2017,Friday,Weekend 2,Unknown
4213,Leaf by Aperol Spritz,Leaf,Luis del Villar,22:00 - 23:00,28 July,2017,Friday,Weekend 2,Commercial Dance
4214,Mainstage,Mainstage,DJ Snake,00:00 - 01:00,28 July,2017,Friday,Weekend 2,"Electronica, Hard Dance, Trap"
4215,Mainstage,Mainstage,Luciano,12:00 - 15:00,28 July,2017,Friday,Weekend 2,"Minimal, Techno"
4216,Mainstage,Mainstage,Stereo Killah,15:00 - 16:00,28 July,2017,Friday,Weekend 2,Unknown
4217,Mainstage,Mainstage,Bassjackers,16:00 - 17:00,28 July,2017,Friday,Weekend 2,Electro House
4218,Mainstage,Mainstage,Regi,17:00 - 18:00,28 July,2017,Friday,Weekend 2,"Trance, Big Room House"
4219,Mainstage,Mainstage,Kaskade,18:00 - 19:00,28 July,2017,Friday,Weekend 2,Progressive House
4220,Mainstage,Mainstage,Martin Solveig,19:00 - 20:00,28 July,2017,Friday,Weekend 2,Electro House
4221,Mainstage,Mainstage,Tchami,20:00 - 21:00,28 July,2017,Friday,Weekend 2,Commercial Dance
4222,Mainstage,Mainstage,Nicky Romero,21:00 - 22:00,28 July,2017,Friday,Weekend 2,Progressive House
4223,Mainstage,Mainstage,Afrojack,22:00 - 23:00,28 July,2017,Friday,Weekend 2,"Electro House, Progressive House"
4224,Mainstage,Mainstage,Axwell & Ingrosso,23:00 - 00:00,28 July,2017,Friday,Weekend 2,Unknown
4225,Cubanisto,House of Mask by Cubanisto,Leesa,16:00 - 17:00,28 July,2017,Friday,Weekend 2,Unknown
4226,elrow,Organ of Harmony,Eddy M,14:00 - 15:30,28 July,2017,Friday,Weekend 2,"Tech House, Techno"
4227,elrow,Organ of Harmony,Edu Imbernon,15:30 - 17:00,28 July,2017,Friday,Weekend 2,Tech House
4228,elrow,Organ of Harmony,Andres Campo,17:00 - 18:30,28 July,2017,Friday,Weekend 2,"Tech House, Techno"
4229,elrow,Organ of Harmony,Toni Varga,18:30 - 20:00,28 July,2017,Friday,Weekend 2,Unknown
4230,elrow,Organ of Harmony,Jackmaster,20:00 - 21:30,28 July,2017,Friday,Weekend 2,Commercial Dance
4231,elrow,Organ of Harmony,The Martinez Brothers,21:30 - 23:00,28 July,2017,Friday,Weekend 2,Tech House
4232,elrow,Organ of Harmony,Seth Troxler,23:00 - 01:00,28 July,2017,Friday,Weekend 2,"Tech House, Techno"
4233,The Sound of Tomorrow,Sound of Tomorrow Island,FlowChief,12:30 - 14:00,28 July,2017,Friday,Weekend 2,Unknown
4234,The Sound of Tomorrow,Sound of Tomorrow Island,DJ EU,14:00 - 15:30,28 July,2017,Friday,Weekend 2,Unknown
4235,The Sound of Tomorrow,Sound of Tomorrow Island,Robert Falcon,15:30 - 16:30,28 July,2017,Friday,Weekend 2,Unknown
4236,The Sound of Tomorrow,Sound of Tomorrow Island,Selectro,16:30 - 18:00,28 July,2017,Friday,Weekend 2,Electro House
4237,The Sound of Tomorrow,Sound of Tomorrow Island,TV Noise,18:00 - 19:00,28 July,2017,Friday,Weekend 2,Electro House
4238,The Sound of Tomorrow,Sound of Tomorrow Island,Olly James,19:00 - 20:00,28 July,2017,Friday,Weekend 2,"Electro House, Progressive House"
4239,The Sound of Tomorrow,Sound of Tomorrow Island,Giocatori,20:00 - 20:45,28 July,2017,Friday,Weekend 2,Unknown
4240,The Sound of Tomorrow,Sound of Tomorrow Island,Vato Gonzalez ft. MC Tjen,20:45 - 22:00,28 July,2017,Friday,Weekend 2,Unknown
4241,The Sound of Tomorrow,Sound of Tomorrow Island,Bali Bandits,22:00 - 23:00,28 July,2017,Friday,Weekend 2,Unknown
4242,The Sound of Tomorrow,Sound of Tomorrow Island,Madison Mars,23:00 - 00:00,28 July,2017,Friday,Weekend 2,"Electro House, Pop House"
4243,Krankenhaus,The Rave Cave,Timmerman,13:00 - 14:00,28 July,2017,Friday,Weekend 2,Unknown
4244,Krankenhaus,The Rave Cave,Solco,14:00 - 15:00,28 July,2017,Friday,Weekend 2,Unknown
4245,Krankenhaus,The Rave Cave,Gullfisk,15:00 - 16:30,28 July,2017,Friday,Weekend 2,Unknown
4246,Krankenhaus,The Rave Cave,Konna,16:30 - 18:00,28 July,2017,Friday,Weekend 2,Unknown
4247,Krankenhaus,The Rave Cave,Nadine ADJani,18:00 - 19:00,28 July,2017,Friday,Weekend 2,Unknown
4248,Krankenhaus,The Rave Cave,Borealis,19:00 - 20:30,28 July,2017,Friday,Weekend 2,Unknown
4249,Krankenhaus,The Rave Cave,Karawane B2B Just Nathan,20:30 - 22:00,28 July,2017,Friday,Weekend 2,Unknown
4250,elrow,Organ of Harmony,Tini Gessler,12:30 - 14:00,28 July,2017,Friday,Weekend 2,Unknown
4251,Krankenhaus,The Rave Cave,No Shit Like Deep,23:30 - 01:00,28 July,2017,Friday,Weekend 2,Unknown
4252,Netsky & Friends,The Rose Garden,Snails,00:00 - 01:00,28 July,2017,Friday,Weekend 2,Trap
4253,Netsky & Friends,The Rose Garden,Hush Hefner,13:00 - 14:30,28 July,2017,Friday,Weekend 2,Unknown
4254,Netsky & Friends,The Rose Garden,Murdock,14:30 - 16:00,28 July,2017,Friday,Weekend 2,Drum & Bass
4255,Netsky & Friends,The Rose Garden,Point Point,16:00 - 17:00,28 July,2017,Friday,Weekend 2,"Future Bass, Trap"
4256,Netsky & Friends,The Rose Garden,Dimension,17:00 - 18:30,28 July,2017,Friday,Weekend 2,Band
4257,Netsky & Friends,The Rose Garden,Camo & Krooked,18:30 - 20:00,28 July,2017,Friday,Weekend 2,Drum & Bass
4258,Netsky & Friends,The Rose Garden,Alison Wonderland,21:00 - 22:00,28 July,2017,Friday,Weekend 2,Commercial Dance
4259,Netsky & Friends,The Rose Garden,Jauz,22:00 - 23:00,28 July,2017,Friday,Weekend 2,"Drum & Bass, Dubstep, Electronica, Traditional House, Trap"
4260,Netsky & Friends,The Rose Garden,Netsky (DJ Set) & Script MC,23:00 - 00:00,28 July,2017,Friday,Weekend 2,Unknown
4261,Age Of Love,Tulip,Vince Nova,12:30 - 14:00,28 July,2017,Friday,Weekend 2,Unknown
4262,Age Of Love,Tulip,Marko De La Rocca,14:00 - 15:30,28 July,2017,Friday,Weekend 2,Unknown
4263,Age Of Love,Tulip,Youri Parker,15:30 - 17:00,28 July,2017,Friday,Weekend 2,Unknown
4264,Age Of Love,Tulip,Quincy,17:00 - 18:30,28 July,2017,Friday,Weekend 2,Unknown
4265,Age Of Love,Tulip,Olivier Pieters,18:30 - 19:30,28 July,2017,Friday,Weekend 2,Unknown
4266,Age Of Love,Tulip,Jaydee,19:30 - 21:00,28 July,2017,Friday,Weekend 2,"Progressive House, Tech House"
4267,Age Of Love,Tulip,M.I.K.E. Push,21:00 - 22:00,28 July,2017,Friday,Weekend 2,Trance
4268,Age Of Love,Tulip,Jam & Spoon,22:00 - 23:30,28 July,2017,Friday,Weekend 2,Commercial Dance
4269,Age Of Love,Tulip,Zolex,23:30 - 01:00,28 July,2017,Friday,Weekend 2,Unknown
4270,Pussy Lounge,Wind Stage,Crude Intentions,12:30 - 14:00,28 July,2017,Friday,Weekend 2,Unknown
4271,Pussy Lounge,Wind Stage,Davoodi,14:00 - 15:00,28 July,2017,Friday,Weekend 2,Unknown
4272,Pussy Lounge,Wind Stage,Lethal MG,15:00 - 16:00,28 July,2017,Friday,Weekend 2,Unknown
4273,Pussy Lounge,Wind Stage,Ruthless,16:00 - 17:00,28 July,2017,Friday,Weekend 2,Hardcore Techno
4274,Pussy Lounge,Wind Stage,The Darkraver,17:00 - 18:30,28 July,2017,Friday,Weekend 2,"Commercial Dance, Electronica, Techno"
4275,Krankenhaus,The Rave Cave,Sandrien,22:00 - 23:30,28 July,2017,Friday,Weekend 2,Commercial Dance
4276,Pussy Lounge,Wind Stage,The Viper,19:30 - 20:30,28 July,2017,Friday,Weekend 2,Band
4277,Pussy Lounge,Wind Stage,Paul Elstak,20:30 - 21:30,28 July,2017,Friday,Weekend 2,Hardcore Techno
4278,Pussy Lounge,Wind Stage,Scott Brown,21:30 - 22:30,28 July,2017,Friday,Weekend 2,Hardcore Techno
4279,Pussy Lounge,Wind Stage,Bass-D,22:30 - 23:30,28 July,2017,Friday,Weekend 2,Unknown
4280,Pussy Lounge,Wind Stage,Korsakoff,23:30 - 01:00,28 July,2017,Friday,Weekend 2,"Hardcore Techno, Psychedelic Trance"
4281,Q-Dance,Arch,Dr. Rude,12:00 - 13:00,29 July,2017,Saturday,Weekend 2,Commercial Dance
4282,Q-Dance,Arch,Rebourne,13:00 - 14:00,29 July,2017,Saturday,Weekend 2,Unknown
4283,Q-Dance,Arch,Sound Rush,14:00 - 15:00,29 July,2017,Saturday,Weekend 2,Hardstyle
4284,Q-Dance,Arch,Adrenalize,15:00 - 16:00,29 July,2017,Saturday,Weekend 2,Unknown
4285,Q-Dance,Arch,D-Block & S-te-Fan,16:00 - 17:00,29 July,2017,Saturday,Weekend 2,"Hard Dance, Hardcore Techno"
4286,Q-Dance,Arch,Bass Modulators,17:00 - 18:00,29 July,2017,Saturday,Weekend 2,"Commercial Dance, Electronica"
4287,Q-Dance,Arch,Wildstylez,18:00 - 19:00,29 July,2017,Saturday,Weekend 2,Hard Dance
4288,Q-Dance,Arch,Brennan Heart,19:00 - 20:00,29 July,2017,Saturday,Weekend 2,Hard Dance
4289,Q-Dance,Arch,Atmozfears,20:00 - 21:00,29 July,2017,Saturday,Weekend 2,"Hardcore Techno, Techno, Traditional House, Trance"
4290,Q-Dance,Arch,Noisecontrollers,21:00 - 22:00,29 July,2017,Saturday,Weekend 2,Hardcore Techno
4291,Q-Dance,Arch,Gunz for Hire,22:00 - 23:00,29 July,2017,Saturday,Weekend 2,Commercial Dance
4292,Q-Dance,Arch,Angerfist,23:00 - 00:00,29 July,2017,Saturday,Weekend 2,"Hardcore Techno, Psychedelic Trance"
4293,B2B,Cage,Skazi,00:00 - 01:00,29 July,2017,Saturday,Weekend 2,Trance
4294,B2B,Cage,Guadaloop vs. Smokonut,13:00 - 15:00,29 July,2017,Saturday,Weekend 2,Unknown
4295,B2B,Cage,Major 7,15:00 - 16:00,29 July,2017,Saturday,Weekend 2,Unknown
4296,B2B,Cage,Digicult,16:00 - 17:00,29 July,2017,Saturday,Weekend 2,Commercial Dance
4297,B2B,Cage,Alien Project,17:00 - 18:00,29 July,2017,Saturday,Weekend 2,Unknown
4298,B2B,Cage,SynSUN,18:00 - 19:00,29 July,2017,Saturday,Weekend 2,Trance
4299,B2B,Cage,Firaga,19:00 - 20:00,29 July,2017,Saturday,Weekend 2,Psytrance
4300,Pussy Lounge,Wind Stage,DJ Isaac,18:30 - 19:30,28 July,2017,Friday,Weekend 2,Hard Dance
4301,B2B,Cage,Outsiders,21:00 - 22:00,29 July,2017,Saturday,Weekend 2,Hard Dance
4302,B2B,Cage,Input Malfunction,22:00 - 23:00,29 July,2017,Saturday,Weekend 2,Unknown
4303,B2B,Cage,Blastoyz,23:00 - 00:00,29 July,2017,Saturday,Weekend 2,Psytrance
4304,PLAYdifferently presents MODEL1,Core,Himperson,12:00 - 13:30,29 July,2017,Saturday,Weekend 2,Electronic
4305,PLAYdifferently presents MODEL2,Core,Fabio Florido,13:30 - 15:00,29 July,2017,Saturday,Weekend 2,Unknown
4306,PLAYdifferently presents MODEL3,Core,Hito,15:00 - 16:30,29 July,2017,Saturday,Weekend 2,"Trap, Hip-Hop, Juke"
4307,PLAYdifferently presents MODEL4,Core,Matador,16:30 - 17:30,29 July,2017,Saturday,Weekend 2,Techno
4308,PLAYdifferently presents MODEL5,Core,Chris Liebing,17:30 - 19:00,29 July,2017,Saturday,Weekend 2,Techno
4309,PLAYdifferently presents MODEL6,Core,Loco Dice,19:00 - 20:30,29 July,2017,Saturday,Weekend 2,"Tech House, Techno"
4310,PLAYdifferently presents MODEL7,Core,Paco Osuna,20:30 - 22:00,29 July,2017,Saturday,Weekend 2,"Tech House, Techno"
4311,PLAYdifferently presents MODEL8,Core,Tale of Us,22:00 - 23:30,29 July,2017,Saturday,Weekend 2,Tech House
4312,PLAYdifferently presents MODEL9,Core,Richie Hawtin,23:30 - 01:00,29 July,2017,Saturday,Weekend 2,"Tech House, Techno"
4313,Axtone,Freedom,KO:YU,00:00 - 01:00,29 July,2017,Saturday,Weekend 2,Unknown
4314,Axtone,Freedom,Kenn Colt,12:30 - 13:30,29 July,2017,Saturday,Weekend 2,"Electro House, Progressive House"
4315,Axtone,Freedom,NEW_ID,13:30 - 14:30,29 July,2017,Saturday,Weekend 2,Unknown
4316,Axtone,Freedom,KLAHR,14:30 - 15:30,29 July,2017,Saturday,Weekend 2,Unknown
4317,Axtone,Freedom,ALOK,15:30 - 16:30,29 July,2017,Saturday,Weekend 2,Commercial Dance
4318,Axtone,Freedom,Tom Staar,16:30 - 17:30,29 July,2017,Saturday,Weekend 2,Commercial Dance
4319,Axtone,Freedom,Kryder,17:30 - 19:00,29 July,2017,Saturday,Weekend 2,"Progressive House, Tech House"
4320,Axtone,Freedom,Axwell,19:00 - 20:30,29 July,2017,Saturday,Weekend 2,Progressive House
4321,Axtone,Freedom,Shapov,20:30 - 22:00,29 July,2017,Saturday,Weekend 2,"Commercial Dance, Electro House, Electronica, Progressive House, Trance"
4322,Axtone,Freedom,D.O.D.,22:00 - 23:00,29 July,2017,Saturday,Weekend 2,"Electro House, Dubstep"
4323,Axtone,Freedom,M.E.G. & N.E.R.A.K.,23:00 - 00:00,29 July,2017,Saturday,Weekend 2,Unknown
4324,DIYNAMIC,Garden of Madness,Mike Tohr,12:30 - 13:30,29 July,2017,Saturday,Weekend 2,Unknown
4325,B2B,Cage,WAIO,20:00 - 21:00,29 July,2017,Saturday,Weekend 2,Psychedelic Trance
4326,DIYNAMIC,Garden of Madness,Undercatt,14:30 - 16:00,29 July,2017,Saturday,Weekend 2,"Chill Out, Techno"
4327,DIYNAMIC,Garden of Madness,Kollektiv Turmstrasse,16:00 - 17:30,29 July,2017,Saturday,Weekend 2,Tech House
4328,DIYNAMIC,Garden of Madness,Magdalena,17:30 - 19:00,29 July,2017,Saturday,Weekend 2,"Tech House, Deep House"
4329,DIYNAMIC,Garden of Madness,H.O.S.H.,19:00 - 20:30,29 July,2017,Saturday,Weekend 2,Commercial Dance
4330,DIYNAMIC,Garden of Madness,Adriatique,20:30 - 22:00,29 July,2017,Saturday,Weekend 2,"Electronica, Tech House, Techno"
4331,DIYNAMIC,Garden of Madness,Solomun,22:00 - 23:45,29 July,2017,Saturday,Weekend 2,Tech House
4332,DIYNAMIC,Garden of Madness,Johannes Brecht,23:45 - 00:55,29 July,2017,Saturday,Weekend 2,Unknown
4333,Radio Ultra Modern,Harbour House,Rakesh aka Blackjack9000,13:00 - 15:00,29 July,2017,Saturday,Weekend 2,House
4334,Radio Ultra Modern,Harbour House,Bubba,15:00 - 17:00,29 July,2017,Saturday,Weekend 2,"Electronic, House, Techno"
4335,Radio Ultra Modern,Harbour House,Alpha Party,17:00 - 18:00,29 July,2017,Saturday,Weekend 2,Unknown
4336,Radio Ultra Modern,Harbour House,Rebelle,18:00 - 20:00,29 July,2017,Saturday,Weekend 2,"House, Techno"
4337,Radio Ultra Modern,Harbour House,Cookies and Cream & The Retronettes,22:20 - 23:00,29 July,2017,Saturday,Weekend 2,Unknown
4338,Radio Ultra Modern,Harbour House,Pierre Elitair,23:00 - 01:00,29 July,2017,Saturday,Weekend 2,Unknown
4339,Barong Family,House of Books,SirOJ,12:00 - 13:00,29 July,2017,Saturday,Weekend 2,Unknown
4340,Barong Family,House of Books,Menasa ft. MC Don't,13:00 - 13:45,29 July,2017,Saturday,Weekend 2,Unknown
4341,Barong Family,House of Books,Stoltenhoff,13:45 - 14:30,29 July,2017,Saturday,Weekend 2,Unknown
4342,Barong Family,House of Books,ANBU (live),14:30 - 14:50,29 July,2017,Saturday,Weekend 2,Unknown
4343,Barong Family,House of Books,The Galaxy,14:50 - 15:50,29 July,2017,Saturday,Weekend 2,Unknown
4344,Barong Family,House of Books,Mightyfools,15:50 - 16:50,29 July,2017,Saturday,Weekend 2,Commercial Dance
4345,Barong Family,House of Books,DOLF,16:50 - 17:50,29 July,2017,Saturday,Weekend 2,"Electro House, Progressive House, Tribal"
4346,Barong Family,House of Books,Cesqeaux,17:50 - 18:50,29 July,2017,Saturday,Weekend 2,"Electro House, Electronica, Trap"
4347,Barong Family,House of Books,San Holo,18:50 - 19:50,29 July,2017,Saturday,Weekend 2,"Drum & Bass, Electronica, Trap"
4348,Barong Family,House of Books,Mike Cervello,19:50 - 20:50,29 July,2017,Saturday,Weekend 2,"Bass House, Electro House"
4349,Barong Family,House of Books,Moski b2b Chace,20:50 - 21:50,29 July,2017,Saturday,Weekend 2,Unknown
4350,DIYNAMIC,Garden of Madness,Nick Bril,13:30 - 14:30,29 July,2017,Saturday,Weekend 2,"House, Techno"
4351,Barong Family,House of Books,Yellow Claw,22:50 - 23:50,29 July,2017,Saturday,Weekend 2,"Electro House, Electronica, Hip-Hop, Traditional House, Trap"
4352,Barong Family,House of Books,Excision,23:50 - 00:50,29 July,2017,Saturday,Weekend 2,Dubstep
4353,Cubanisto presents Ketaloco,House of Mask by Cubanisto,Ra-im,13:00 - 14:30,29 July,2017,Saturday,Weekend 2,Unknown
4354,Cubanisto presents Ketaloco,House of Mask by Cubanisto,Don Cabron,14:30 - 16:00,29 July,2017,Saturday,Weekend 2,Unknown
4355,Cubanisto presents Ketaloco,House of Mask by Cubanisto,Victor Ruiz,16:00 - 17:30,29 July,2017,Saturday,Weekend 2,Commercial Dance
4356,Cubanisto presents Ketaloco,House of Mask by Cubanisto,ATTARI,17:30 - 18:30,29 July,2017,Saturday,Weekend 2,Unknown
4357,Cubanisto presents Ketaloco,House of Mask by Cubanisto,Nico Morano,18:30 - 19:30,29 July,2017,Saturday,Weekend 2,"House, Techno"
4358,Cubanisto presents Ketaloco,House of Mask by Cubanisto,Guy Mantzur,19:30 - 21:00,29 July,2017,Saturday,Weekend 2,Techno
4359,Cubanisto presents Ketaloco,House of Mask by Cubanisto,Caspar,21:00 - 22:00,29 July,2017,Saturday,Weekend 2,Unknown
4360,All Day I Dream,Leaf,Lost Desert,12:30 - 16:30,29 July,2017,Saturday,Weekend 2,Unknown
4361,All Day I Dream,Leaf,Lee Burridge,16:30 - 19:30,29 July,2017,Saturday,Weekend 2,"Progressive House, Techno"
4362,All Day I Dream,Leaf,Bedouin,19:30 - 23:30,29 July,2017,Saturday,Weekend 2,Commercial Dance
4363,Mainstage,Mainstage,Joris Voorn,12:00 - 14:55,29 July,2017,Saturday,Weekend 2,"Tech House, Techno"
4364,Mainstage,Mainstage,DJ Licious,14:55 - 15:55,29 July,2017,Saturday,Weekend 2,House
4365,Mainstage,Mainstage,Wolfpack,15:55 - 16:55,29 July,2017,Saturday,Weekend 2,"Commercial Dance, Electro House, Progressive House"
4366,Mainstage,Mainstage,ALOK,16:55 - 17:55,29 July,2017,Saturday,Weekend 2,Commercial Dance
4367,Mainstage,Mainstage,Sunnery James & Ryan Marciano,17:55 - 18:55,29 July,2017,Saturday,Weekend 2,Electro House
4368,Mainstage,Mainstage,Don Diablo,18:55 - 19:55,29 July,2017,Saturday,Weekend 2,Progressive House
4369,Mainstage,Mainstage,W&W,19:55 - 20:55,29 July,2017,Saturday,Weekend 2,Trance
4370,Mainstage,Mainstage,KSHMR,20:55 - 21:55,29 July,2017,Saturday,Weekend 2,"Electro House, Electronica, Indie / Underground, Progressive House, Tech House"
4371,Mainstage,Mainstage,Armin Van Buuren,21:55 - 22:55,29 July,2017,Saturday,Weekend 2,Trance
4372,Mainstage,Mainstage,Dimitri Vegas & Like Mike,22:55 - 23:55,29 July,2017,Saturday,Weekend 2,Electro House
4373,Mainstage,Mainstage,Alesso,23:55 - 00:55,29 July,2017,Saturday,Weekend 2,Progressive House
4374,Lost Frequencies & Friends,Organ of Harmony,Curtis Alto (live),12:30 - 14:00,29 July,2017,Saturday,Weekend 2,Unknown
4375,Barong Family,House of Books,Flux Pavilion,21:50 - 22:50,29 July,2017,Saturday,Weekend 2,Dubstep
4376,Lost Frequencies & Friends,Organ of Harmony,Mike Perry,15:00 - 16:00,29 July,2017,Saturday,Weekend 2,Unknown
4377,Lost Frequencies & Friends,Organ of Harmony,Thomas Jack,16:00 - 17:00,29 July,2017,Saturday,Weekend 2,"Progressive House, Funky House"
4378,Lost Frequencies & Friends,Organ of Harmony,Sigala,17:00 - 18:00,29 July,2017,Saturday,Weekend 2,Pop House
4379,Lost Frequencies & Friends,Organ of Harmony,Henri PFR,18:00 - 19:00,29 July,2017,Saturday,Weekend 2,"Commercial Dance, Electronica, Traditional House"
4380,Lost Frequencies & Friends,Organ of Harmony,Disciples,19:00 - 20:00,29 July,2017,Saturday,Weekend 2,"Electronica, Traditional House"
4381,Lost Frequencies & Friends,Organ of Harmony,Lost Frequencies,20:00 - 21:30,29 July,2017,Saturday,Weekend 2,"Electro House, Electronica, Traditional House"
4382,Lost Frequencies & Friends,Organ of Harmony,Oscar & The Wolf (live),21:30 - 22:30,29 July,2017,Saturday,Weekend 2,Unknown
4383,Lost Frequencies & Friends,Organ of Harmony,Duke Dumont,22:30 - 23:30,29 July,2017,Saturday,Weekend 2,Electronica
4384,Lost Frequencies & Friends,Organ of Harmony,Fatboy Slim,23:30 - 01:00,29 July,2017,Saturday,Weekend 2,"Electronica, Traditional House"
4385,The Sound of Tomorrow,Sound of Tomorrow Island,Nuroy,12:30 - 14:00,29 July,2017,Saturday,Weekend 2,Unknown
4386,The Sound of Tomorrow,Sound of Tomorrow Island,Xavier Shimshack,14:00 - 15:00,29 July,2017,Saturday,Weekend 2,Unknown
4387,The Sound of Tomorrow,Sound of Tomorrow Island,TND,15:00 - 16:00,29 July,2017,Saturday,Weekend 2,Unknown
4388,The Sound of Tomorrow,Sound of Tomorrow Island,Const,16:00 - 17:00,29 July,2017,Saturday,Weekend 2,"Chiptune, Hardcore, Techno"
4389,The Sound of Tomorrow,Sound of Tomorrow Island,CYA,17:00 - 18:00,29 July,2017,Saturday,Weekend 2,Commercial Dance
4390,The Sound of Tomorrow,Sound of Tomorrow Island,Yall,18:00 - 19:30,29 July,2017,Saturday,Weekend 2,"Traditional House, Techno"
4391,The Sound of Tomorrow,Sound of Tomorrow Island,Codeko,19:30 - 20:30,29 July,2017,Saturday,Weekend 2,"Future Bass, Trap, Midtempo Bass, Dubstep"
4392,The Sound of Tomorrow,Sound of Tomorrow Island,Curbi,20:30 - 22:00,29 July,2017,Saturday,Weekend 2,"Commercial Dance, Electronica"
4393,The Sound of Tomorrow,Sound of Tomorrow Island,Maurice West,22:00 - 23:00,29 July,2017,Saturday,Weekend 2,Unknown
4394,The Sound of Tomorrow,Sound of Tomorrow Island,Maori,23:00 - 00:00,29 July,2017,Saturday,Weekend 2,Unknown
4395,Woody Weekend,The Rave Cave,Maximo,12:00 - 13:00,29 July,2017,Saturday,Weekend 2,House
4396,Woody Weekend,The Rave Cave,Samyn,13:00 - 14:00,29 July,2017,Saturday,Weekend 2,Unknown
4397,Woody Weekend,The Rave Cave,VVM,14:00 - 15:00,29 July,2017,Saturday,Weekend 2,Unknown
4398,Woody Weekend,The Rave Cave,Mathy,15:00 - 16:00,29 July,2017,Saturday,Weekend 2,Unknown
4399,Woody Weekend,The Rave Cave,Que 9,16:00 - 17:00,29 July,2017,Saturday,Weekend 2,Unknown
4400,Lost Frequencies & Friends,Organ of Harmony,Zonderling,14:00 - 15:00,29 July,2017,Saturday,Weekend 2,Commercial Dance
4401,Woody Weekend,The Rave Cave,Basement Sounds,18:00 - 19:00,29 July,2017,Saturday,Weekend 2,Unknown
4402,Woody Weekend,The Rave Cave,Wezlee,19:00 - 20:00,29 July,2017,Saturday,Weekend 2,Unknown
4403,Woody Weekend,The Rave Cave,Thim,20:00 - 21:30,29 July,2017,Saturday,Weekend 2,House
4404,Woody Weekend,The Rave Cave,Greg Lamore vs. Jay Lee Hudson,21:30 - 23:30,29 July,2017,Saturday,Weekend 2,Unknown
4405,Woody Weekend,The Rave Cave,Many Moore,23:30 - 01:00,29 July,2017,Saturday,Weekend 2,House
4406,Bonzai,The Rose Garden,DJ Fire,13:00 - 14:30,29 July,2017,Saturday,Weekend 2,Electronic
4407,Bonzai,The Rose Garden,Phi Phi,14:30 - 16:00,29 July,2017,Saturday,Weekend 2,"Progressive House, Trance"
4408,Bonzai,The Rose Garden,John '00' Fleming,16:00 - 17:30,29 July,2017,Saturday,Weekend 2,Unknown
4409,Bonzai,The Rose Garden,Bountyhunter,17:30 - 18:30,29 July,2017,Saturday,Weekend 2,"Hardcore, Gabber, Electronic"
4410,Bonzai,The Rose Garden,Jan Vervloet,18:30 - 20:00,29 July,2017,Saturday,Weekend 2,Progressive House
4411,Bonzai,The Rose Garden,DJ Ghost,20:00 - 21:00,29 July,2017,Saturday,Weekend 2,"Hard Trance, Techno"
4412,Bonzai,The Rose Garden,Franky Kloeck,21:00 - 22:30,29 July,2017,Saturday,Weekend 2,"Techno, Hard Trance"
4413,Bonzai,The Rose Garden,Yves Deruyter,22:30 - 23:30,29 July,2017,Saturday,Weekend 2,Trance
4414,Bonzai,The Rose Garden,Bonzai All Stars,23:30 - 01:00,29 July,2017,Saturday,Weekend 2,"Techno, Trance"
4415,Generation Smash,Tulip,Nexuz vs. Luka Caro,13:00 - 14:00,29 July,2017,Saturday,Weekend 2,Unknown
4416,Generation Smash,Tulip,Makasi vs. Kaku,14:00 - 15:00,29 July,2017,Saturday,Weekend 2,Unknown
4417,Generation Smash,Tulip,Le Shuuk,15:00 - 16:00,29 July,2017,Saturday,Weekend 2,Unknown
4418,Generation Smash,Tulip,Cheat Codes,16:00 - 17:00,29 July,2017,Saturday,Weekend 2,"Commercial Dance, Electronica"
4419,Generation Smash,Tulip,Julian Jordan,17:00 - 18:00,29 July,2017,Saturday,Weekend 2,Electro House
4420,Generation Smash,Tulip,D'Angello & Francis,18:00 - 19:00,29 July,2017,Saturday,Weekend 2,Unknown
4421,Generation Smash,Tulip,Goldfish & Blink,19:00 - 20:00,29 July,2017,Saturday,Weekend 2,Unknown
4422,Generation Smash,Tulip,MAD M.A.C. vs. Playmen,20:00 - 21:00,29 July,2017,Saturday,Weekend 2,Unknown
4423,Generation Smash,Tulip,Sidney Samson,21:00 - 22:00,29 July,2017,Saturday,Weekend 2,Traditional House
4424,Generation Smash,Tulip,Lost Stories,22:00 - 23:00,29 July,2017,Saturday,Weekend 2,Unknown
4425,Woody Weekend,The Rave Cave,Freaquency,17:00 - 18:00,29 July,2017,Saturday,Weekend 2,Unknown
4426,Tranceaddict,Wind Stage,Simon Patterson,00:00 - 01:00,29 July,2017,Saturday,Weekend 2,"Psychedelic Trance, Trance"
4427,Tranceaddict,Wind Stage,Mike Squillo,12:00 - 13:00,29 July,2017,Saturday,Weekend 2,Unknown
4428,Tranceaddict,Wind Stage,Airwave,13:00 - 14:00,29 July,2017,Saturday,Weekend 2,"Progressive House, Psychedelic Trance"
4429,Tranceaddict,Wind Stage,Indecent Noise,14:00 - 15:00,29 July,2017,Saturday,Weekend 2,Trance
4430,Tranceaddict,Wind Stage,Airscape,15:00 - 16:00,29 July,2017,Saturday,Weekend 2,Unknown
4431,Tranceaddict,Wind Stage,Lange,16:00 - 17:00,29 July,2017,Saturday,Weekend 2,Trance
4432,Tranceaddict,Wind Stage,Alex M.O.R.P.H.,17:00 - 18:00,29 July,2017,Saturday,Weekend 2,"Electro House, Trance"
4433,Tranceaddict,Wind Stage,Paul Oakenfold,18:00 - 19:00,29 July,2017,Saturday,Weekend 2,Trance
4434,Tranceaddict,Wind Stage,Andy Moor,19:00 - 20:00,29 July,2017,Saturday,Weekend 2,Trance
4435,Tranceaddict,Wind Stage,Tenishia,20:00 - 21:00,29 July,2017,Saturday,Weekend 2,"Progressive House, Trance"
4436,Tranceaddict,Wind Stage,Gabriel & Dresden,21:00 - 22:00,29 July,2017,Saturday,Weekend 2,"Progressive House, Trance"
4437,Tranceaddict,Wind Stage,Standerwick,22:00 - 23:00,29 July,2017,Saturday,Weekend 2,Trance
4438,Tranceaddict,Wind Stage,Sean Tyas & Menno de Jong,23:00 - 00:00,29 July,2017,Saturday,Weekend 2,Unknown
4439,I Love The 90's,Arch,Ward,13:00 - 17:00,30 July,2017,Sunday,Weekend 2,"Disco, Funk, House"
4440,I Love The 90's,Arch,Wout,17:00 - 18:30,30 July,2017,Sunday,Weekend 2,House
4441,I Love The 90's,Arch,DJ F.R.A.N.K.,18:30 - 20:00,30 July,2017,Sunday,Weekend 2,Unknown
4442,I Love The 90's,Arch,Pat Krimson,20:00 - 21:00,30 July,2017,Sunday,Weekend 2,"Electronic, Dance"
4443,I Love The 90's,Arch,Darude,21:00 - 22:00,30 July,2017,Sunday,Weekend 2,"Progressive House, Trance"
4444,I Love The 90's,Arch,Ward vs. D-Devils,22:00 - 22:30,30 July,2017,Sunday,Weekend 2,Unknown
4445,I Love The 90's,Arch,Cherry Moon (live),22:30 - 23:00,30 July,2017,Sunday,Weekend 2,Unknown
4446,I Love The 90's,Arch,Charly Lownoise & Mental Theo,23:00 - 00:00,30 July,2017,Sunday,Weekend 2,Unknown
4447,Loudness,Cage,Tartaros,12:30 - 14:00,30 July,2017,Sunday,Weekend 2,Unknown
4448,Loudness,Cage,Alpha2,14:00 - 15:30,30 July,2017,Sunday,Weekend 2,Unknown
4449,Loudness,Cage,Adaro,15:30 - 16:30,30 July,2017,Sunday,Weekend 2,Commercial Dance
4450,Generation Smash,Tulip,Juicy M,23:00 - 00:00,29 July,2017,Saturday,Weekend 2,Progressive House
4451,Loudness,Cage,Phuture Noize,17:30 - 18:30,30 July,2017,Sunday,Weekend 2,Hard Dance
4452,Loudness,Cage,Bass Chaserz,18:30 - 20:00,30 July,2017,Sunday,Weekend 2,Unknown
4453,Loudness,Cage,B-Front,20:00 - 21:00,30 July,2017,Sunday,Weekend 2,Hardcore Techno
4454,Loudness,Cage,Regain,21:00 - 22:00,30 July,2017,Sunday,Weekend 2,Electronica
4455,Loudness,Cage,Delete,22:00 - 23:00,30 July,2017,Sunday,Weekend 2,Traditional House
4456,Loudness,Cage,Jason Payne,23:00 - 00:00,30 July,2017,Sunday,Weekend 2,Unknown
4457,Potion,Core,Bobby Nourmand,12:30 - 13:30,30 July,2017,Sunday,Weekend 2,"Disco House, Deep House"
4458,Potion,Core,DJ Licious,13:30 - 14:30,30 July,2017,Sunday,Weekend 2,House
4459,Potion,Core,Mickey,14:30 - 15:30,30 July,2017,Sunday,Weekend 2,Breakbeats
4460,Potion,Core,The Aston Shuffle,15:30 - 16:30,30 July,2017,Sunday,Weekend 2,Commercial Dance
4461,Potion,Core,Danny Howard,16:30 - 17:30,30 July,2017,Sunday,Weekend 2,Commercial Dance
4462,Potion,Core,Watermät,17:30 - 18:30,30 July,2017,Sunday,Weekend 2,Pop House
4463,Potion,Core,Blonde,18:30 - 19:30,30 July,2017,Sunday,Weekend 2,Commercial Dance
4464,Potion,Core,Jax Jones,19:30 - 20:30,30 July,2017,Sunday,Weekend 2,Traditional House
4465,Potion,Core,Michael Calfan,20:30 - 21:30,30 July,2017,Sunday,Weekend 2,Traditional House
4466,Potion,Core,MK,21:30 - 22:30,30 July,2017,Sunday,Weekend 2,Commercial Dance
4467,Potion,Core,The Magician,22:30 - 00:00,30 July,2017,Sunday,Weekend 2,Indie / Underground
4468,PRYDA,Freedom,Cristoph,13:00 - 14:30,30 July,2017,Sunday,Weekend 2,Unknown
4469,PRYDA,Freedom,Eagles & Butterflies,14:30 - 16:00,30 July,2017,Sunday,Weekend 2,"Electro House, Electronica"
4470,PRYDA,Freedom,Dusky,16:00 - 17:30,30 July,2017,Sunday,Weekend 2,"Deep House, Techno, Tech House"
4471,PRYDA,Freedom,Sasha,17:30 - 19:00,30 July,2017,Sunday,Weekend 2,"Tech House, Techno"
4472,PRYDA,Freedom,Adam Beyer,19:00 - 20:30,30 July,2017,Sunday,Weekend 2,Techno
4473,PRYDA,Freedom,Deadmau5,20:30 - 22:00,30 July,2017,Sunday,Weekend 2,"Electro House, Progressive House"
4474,PRYDA,Freedom,Eric Prydz,22:00 - 00:00,30 July,2017,Sunday,Weekend 2,Progressive House
4475,Loudness,Cage,Prefix & Density,16:30 - 17:30,30 July,2017,Sunday,Weekend 2,Unknown
4476,ANTS,Garden of Madness,Tapesh,13:30 - 15:00,30 July,2017,Sunday,Weekend 2,"Electronica, Traditional House"
4477,ANTS,Garden of Madness,Francisco Allendes,15:00 - 16:30,30 July,2017,Sunday,Weekend 2,Tech House
4478,ANTS,Garden of Madness,Vaal,16:30 - 18:00,30 July,2017,Sunday,Weekend 2,Unknown
4479,ANTS,Garden of Madness,Maya Jane Coles,18:00 - 19:30,30 July,2017,Sunday,Weekend 2,Tech House
4480,ANTS,Garden of Madness,Andrea Oliva,19:30 - 21:00,30 July,2017,Sunday,Weekend 2,"Minimal, Tech House"
4481,ANTS,Garden of Madness,Kölsch,21:00 - 22:30,30 July,2017,Sunday,Weekend 2,Commercial Dance
4482,ANTS,Garden of Madness,Nic Fanciulli,22:30 - 00:00,30 July,2017,Sunday,Weekend 2,Tech House
4483,Radio Ultra Modern,Harbour House,DJ Dosschy,13:00 - 15:00,30 July,2017,Sunday,Weekend 2,Unknown
4484,Radio Ultra Modern,Harbour House,Bubba,17:00 - 20:00,30 July,2017,Sunday,Weekend 2,"Electronic, House, Techno"
4485,Radio Ultra Modern,Harbour House,Discobaar A Moeder,20:00 - 22:00,30 July,2017,Sunday,Weekend 2,Dance
4486,Radio Ultra Modern,Harbour House,Pepe Luvwax,22:00 - 00:00,30 July,2017,Sunday,Weekend 2,Unknown
4487,CDA presents Mosaic,House of Books,Axel Haube & Arno Stolz,12:30 - 14:00,30 July,2017,Sunday,Weekend 2,Unknown
4488,CDA presents Mosaic,House of Books,Michael Thoelen,14:00 - 15:30,30 July,2017,Sunday,Weekend 2,Unknown
4489,CDA presents Mosaic,House of Books,Dino Lenny,15:30 - 16:30,30 July,2017,Sunday,Weekend 2,"Commercial Dance, Electronica, Progressive House, Techno, Traditional House"
4490,CDA presents Mosaic,House of Books,Agents of Time (live),16:30 - 17:30,30 July,2017,Sunday,Weekend 2,Techno
4491,CDA presents Mosaic,House of Books,Fatima Yamaha (live),17:30 - 18:30,30 July,2017,Sunday,Weekend 2,Unknown
4492,CDA presents Mosaic,House of Books,DJ Koze,18:30 - 20:00,30 July,2017,Sunday,Weekend 2,"Techno, Deep House"
4493,CDA presents Mosaic,House of Books,Âme (live),20:00 - 21:00,30 July,2017,Sunday,Weekend 2,Unknown
4494,CDA presents Mosaic,House of Books,Maceo Plex,21:00 - 22:30,30 July,2017,Sunday,Weekend 2,Tech House
4495,CDA presents Mosaic,House of Books,Mano Le Tough,22:30 - 23:50,30 July,2017,Sunday,Weekend 2,Traditional House
4496,Cubanisto,House of Mask by Cubanisto,KHLR,13:00 - 14:00,30 July,2017,Sunday,Weekend 2,Unknown
4497,Cubanisto,House of Mask by Cubanisto,Farrago,14:00 - 15:00,30 July,2017,Sunday,Weekend 2,Techno
4498,Cubanisto,House of Mask by Cubanisto,Tofke,15:00 - 16:00,30 July,2017,Sunday,Weekend 2,Tech House
4499,Cubanisto,House of Mask by Cubanisto,Kipibara,16:00 - 17:00,30 July,2017,Sunday,Weekend 2,Unknown
4500,ANTS,Garden of Madness,Jules Dime,12:00 - 13:30,30 July,2017,Sunday,Weekend 2,Unknown
4501,Cubanisto,House of Mask by Cubanisto,ANOTR,18:00 - 19:30,30 July,2017,Sunday,Weekend 2,Techno
4502,Cubanisto,House of Mask by Cubanisto,Niels Feijen B2B LYA,19:30 - 21:00,30 July,2017,Sunday,Weekend 2,Unknown
4503,Cubanisto,House of Mask by Cubanisto,Ben Remember,21:00 - 22:00,30 July,2017,Sunday,Weekend 2,Unknown
4504,Sanctuary,Leaf,Koodoo & Lamaz,12:30 - 14:30,30 July,2017,Sunday,Weekend 2,Unknown
4505,Sanctuary,Leaf,Miyaguy,14:30 - 16:30,30 July,2017,Sunday,Weekend 2,Unknown
4506,Sanctuary,Leaf,Julie Vazele,16:30 - 18:30,30 July,2017,Sunday,Weekend 2,Unknown
4507,Sanctuary,Leaf,Filipa Lazary,18:30 - 20:30,30 July,2017,Sunday,Weekend 2,Unknown
4508,Sanctuary,Leaf,Be Svendsen,20:30 - 22:30,30 July,2017,Sunday,Weekend 2,"Techno, Tech House"
4509,Mainstage,Mainstage,Aly & Fila,12:00 - 15:00,30 July,2017,Sunday,Weekend 2,Trance
4510,Mainstage,Mainstage,Martin Jensen,15:00 - 16:00,30 July,2017,Sunday,Weekend 2,"Electro House, Traditional House"
4511,Mainstage,Mainstage,MATTN,16:00 - 17:00,30 July,2017,Sunday,Weekend 2,"Commercial Dance, Traditional House"
4512,Mainstage,Mainstage,Alan Walker,17:00 - 18:00,30 July,2017,Sunday,Weekend 2,"Commercial Dance, Electro House, Electronica, Progressive House, Traditional House"
4513,Mainstage,Mainstage,Otto Knows,18:00 - 19:00,30 July,2017,Sunday,Weekend 2,Traditional House
4514,Mainstage,Mainstage,Robin Schulz,19:00 - 20:00,30 July,2017,Sunday,Weekend 2,Commercial Dance
4515,Mainstage,Mainstage,Paul Kalkbrenner,20:00 - 21:00,30 July,2017,Sunday,Weekend 2,Techno
4516,Mainstage,Mainstage,Nervo,21:00 - 22:00,30 July,2017,Sunday,Weekend 2,"Electro House, Progressive House"
4517,Mainstage,Mainstage,David Guetta,22:00 - 23:00,30 July,2017,Sunday,Weekend 2,Electro House
4518,Mainstage,Mainstage,Martin Garrix,23:00 - 00:00,30 July,2017,Sunday,Weekend 2,Electro House
4519,Smash The House,Organ of Harmony,DiMaro,12:30 - 13:30,30 July,2017,Sunday,Weekend 2,House
4520,Smash The House,Organ of Harmony,Futuristic Polar Bears,13:30 - 14:30,30 July,2017,Sunday,Weekend 2,Commercial Dance
4521,Smash The House,Organ of Harmony,Moguai,14:30 - 15:30,30 July,2017,Sunday,Weekend 2,"Electro House, Progressive House"
4522,Smash The House,Organ of Harmony,Diego Miranda,15:30 - 16:30,30 July,2017,Sunday,Weekend 2,Traditional House
4523,Smash The House,Organ of Harmony,Frank Walker,16:30 - 17:30,30 July,2017,Sunday,Weekend 2,"Commercial Dance, Future Bass, Trap"
4524,Smash The House,Organ of Harmony,Quintino,17:30 - 18:30,30 July,2017,Sunday,Weekend 2,Electro House
4525,Cubanisto,House of Mask by Cubanisto,Prinz,17:00 - 18:00,30 July,2017,Sunday,Weekend 2,Techno
4526,Smash The House,Organ of Harmony,Ummet Ozcan,19:30 - 20:30,30 July,2017,Sunday,Weekend 2,Trance
4527,Smash The House,Organ of Harmony,Chuckie,20:30 - 21:30,30 July,2017,Sunday,Weekend 2,Electro House
4528,Smash The House,Organ of Harmony,Smash The House Family,21:30 - 23:00,30 July,2017,Sunday,Weekend 2,Unknown
4529,Smash The House,Organ of Harmony,DVBBS,23:00 - 00:00,30 July,2017,Sunday,Weekend 2,Commercial Dance
4530,The Sound of Tomorrow,Sound of Tomorrow Island,MACHA!,12:30 - 14:00,30 July,2017,Sunday,Weekend 2,Unknown
4531,The Sound of Tomorrow,Sound of Tomorrow Island,Dominico,14:00 - 15:00,30 July,2017,Sunday,Weekend 2,Tech House
4532,The Sound of Tomorrow,Sound of Tomorrow Island,Dante Klein,15:00 - 16:00,30 July,2017,Sunday,Weekend 2,"Electronica, Tech House, Traditional House"
4533,The Sound of Tomorrow,Sound of Tomorrow Island,Bruno Martini,16:00 - 17:00,30 July,2017,Sunday,Weekend 2,"Commercial Dance, House"
4534,The Sound of Tomorrow,Sound of Tomorrow Island,Gestöt aber GeiL,17:00 - 18:00,30 July,2017,Sunday,Weekend 2,Unknown
4535,The Sound of Tomorrow,Sound of Tomorrow Island,LVNDSCAPE,18:00 - 19:00,30 July,2017,Sunday,Weekend 2,"Progressive House, Traditional House"
4536,The Sound of Tomorrow,Sound of Tomorrow Island,Sophie Francis,19:00 - 20:30,30 July,2017,Sunday,Weekend 2,Unknown
4537,The Sound of Tomorrow,Sound of Tomorrow Island,NIVIRO,20:30 - 22:00,30 July,2017,Sunday,Weekend 2,Unknown
4538,The Sound of Tomorrow,Sound of Tomorrow Island,Stereo Palma,22:00 - 23:00,30 July,2017,Sunday,Weekend 2,Traditional House
4539,Coincidence,The Rave Cave,Lena,12:00 - 13:30,30 July,2017,Sunday,Weekend 2,Rock
4540,Coincidence,The Rave Cave,Psytox,13:30 - 15:00,30 July,2017,Sunday,Weekend 2,"Hardstyle, Rawstyle, Electronic"
4541,Coincidence,The Rave Cave,Trinity,15:00 - 16:30,30 July,2017,Sunday,Weekend 2,Unknown
4542,Coincidence,The Rave Cave,Tahko,16:30 - 18:00,30 July,2017,Sunday,Weekend 2,Unknown
4543,Coincidence,The Rave Cave,Tom Dazing,18:00 - 19:00,30 July,2017,Sunday,Weekend 2,Commercial Dance
4544,Coincidence,The Rave Cave,Annie Hall,19:00 - 21:00,30 July,2017,Sunday,Weekend 2,Unknown
4545,Coincidence,The Rave Cave,Trixy,21:00 - 22:00,30 July,2017,Sunday,Weekend 2,"Hardstyle, Rawstyle, Electronic"
4546,Coincidence,The Rave Cave,Pete Howl,22:00 - 23:00,30 July,2017,Sunday,Weekend 2,Unknown
4547,Coincidence,The Rave Cave,Massimo Mephesto,23:00 - 00:00,30 July,2017,Sunday,Weekend 2,Unknown
4548,Heldeep,The Rose Garden,Filatov & Karas,12:30 - 14:00,30 July,2017,Sunday,Weekend 2,Unknown
4549,Heldeep,The Rose Garden,AFSHeeN,14:00 - 15:00,30 July,2017,Sunday,Weekend 2,Unknown
4550,Smash The House,Organ of Harmony,Yves V & Regi,18:30 - 19:30,30 July,2017,Sunday,Weekend 2,"Big Room House, Progressive House"
4551,Heldeep,The Rose Garden,Chris Lake,16:00 - 17:00,30 July,2017,Sunday,Weekend 2,Electro House
4552,Heldeep,The Rose Garden,Chocolate Puma,17:00 - 18:00,30 July,2017,Sunday,Weekend 2,Traditional House
4553,Heldeep,The Rose Garden,Throttle,18:00 - 19:00,30 July,2017,Sunday,Weekend 2,"Commercial Dance, Electronica"
4554,Heldeep,The Rose Garden,Mike Mago,19:00 - 20:00,30 July,2017,Sunday,Weekend 2,Commercial Dance
4555,Heldeep,The Rose Garden,Felix Jaehn,20:00 - 21:30,30 July,2017,Sunday,Weekend 2,"Deep House, Tech House"
4556,Heldeep,The Rose Garden,Oliver Heldens,21:30 - 23:00,30 July,2017,Sunday,Weekend 2,"Electro House, Electronica, Techno"
4557,Heldeep,The Rose Garden,Laidback Luke,23:00 - 00:00,30 July,2017,Sunday,Weekend 2,Electro House
4558,Star Warz invites RAM Records,Tulip,One87 ft. MC Mush,12:00 - 13:00,30 July,2017,Sunday,Weekend 2,Unknown
4559,Star Warz invites RAM Records,Tulip,Bredren,13:00 - 14:00,30 July,2017,Sunday,Weekend 2,Unknown
4560,Star Warz invites RAM Records,Tulip,Baz & Simplistix,14:00 - 15:00,30 July,2017,Sunday,Weekend 2,Unknown
4561,Star Warz invites RAM Records,Tulip,Gunman & Judah,15:00 - 16:00,30 July,2017,Sunday,Weekend 2,Unknown
4562,Star Warz invites RAM Records,Tulip,M&T ft. MC Seko,16:00 - 17:00,30 July,2017,Sunday,Weekend 2,Unknown
4563,Star Warz invites RAM Records,Tulip,James Marvel ft. MC Mota,17:00 - 18:00,30 July,2017,Sunday,Weekend 2,Unknown
4564,Star Warz invites RAM Records,Tulip,Murdock,18:00 - 19:00,30 July,2017,Sunday,Weekend 2,Drum & Bass
4565,Star Warz invites RAM Records,Tulip,Unreal,19:00 - 20:00,30 July,2017,Sunday,Weekend 2,Unknown
4566,Star Warz invites RAM Records,Tulip,Bensley,20:00 - 21:00,30 July,2017,Sunday,Weekend 2,Unknown
4567,Star Warz invites RAM Records,Tulip,June Miller,21:00 - 22:00,30 July,2017,Sunday,Weekend 2,"Drum & Bass, Dubstep"
4568,Star Warz invites RAM Records,Tulip,Wilkinson ft. MC Ad-Apt,22:00 - 23:00,30 July,2017,Sunday,Weekend 2,Unknown
4569,Star Warz invites RAM Records,Tulip,Andy C & Tonn Piper,23:00 - 00:00,30 July,2017,Sunday,Weekend 2,Drum & Bass
4570,Coone & The Gang,Wind Stage,Unsenses,12:00 - 13:30,30 July,2017,Sunday,Weekend 2,Unknown
4571,Coone & The Gang,Wind Stage,Sephyx,13:30 - 14:30,30 July,2017,Sunday,Weekend 2,Hard Dance
4572,Coone & The Gang,Wind Stage,Lowriderz,14:30 - 15:30,30 July,2017,Sunday,Weekend 2,Unknown
4573,Coone & The Gang,Wind Stage,Da Tweekaz,15:30 - 16:30,30 July,2017,Sunday,Weekend 2,Hardcore Techno
4574,Coone & The Gang,Wind Stage,Dirtcaps vs. LNY TNZ,16:30 - 17:30,30 July,2017,Sunday,Weekend 2,Unknown
4575,Heldeep,The Rose Garden,Ferrick Dawn,15:00 - 16:00,30 July,2017,Sunday,Weekend 2,Unknown
4576,Coone & The Gang,Wind Stage,Psyko Punkz,19:00 - 20:00,30 July,2017,Sunday,Weekend 2,Hardcore Techno
4577,Coone & The Gang,Wind Stage,Pablo Discobar's Hitlist,20:00 - 20:30,30 July,2017,Sunday,Weekend 2,Unknown
4578,Coone & The Gang,Wind Stage,Coone & Zatox,20:30 - 21:30,30 July,2017,Sunday,Weekend 2,Unknown
4579,Coone & The Gang,Wind Stage,Frequencerz vs. Hard Driver,21:30 - 22:30,30 July,2017,Sunday,Weekend 2,Unknown
4580,Coone & The Gang,Wind Stage,Sub Zero Project (live),22:30 - 23:00,30 July,2017,Sunday,Weekend 2,Unknown
4581,Coone & The Gang,Wind Stage,Radical Redemption,23:00 - 00:00,30 July,2017,Sunday,Weekend 2,"Electronica, Hard Dance, Hardcore Techno, Techno, Trance"
4582,The Gathering,The Gathering,Tiesto,00:00 - 01:00,21 July,2016,Thursday,Weekend 1,"Commercial Dance, Big Room"
4583,The Gathering,The Gathering,Stu Bru Contest,13:00 - 14:00,21 July,2016,Thursday,Weekend 1,Unknown
4584,The Gathering,The Gathering,Curtis Alto,14:00 - 14:45,21 July,2016,Thursday,Weekend 1,Unknown
4585,The Gathering,The Gathering,Mr. Moustache,14:45 - 15:30,21 July,2016,Thursday,Weekend 1,Unknown
4586,The Gathering,The Gathering,Iris Menza,15:30 - 16:15,21 July,2016,Thursday,Weekend 1,Unknown
4587,The Gathering,The Gathering,Nico Morano,16:15 - 17:00,21 July,2016,Thursday,Weekend 1,"House, Techno"
4588,The Gathering,The Gathering,Caspar & Don Cabron,17:00 - 17:45,21 July,2016,Thursday,Weekend 1,Unknown
4589,The Gathering,The Gathering,Tom Hades,17:45 - 18:30,21 July,2016,Thursday,Weekend 1,Techno
4590,The Gathering,The Gathering,Prinz,18:30 - 19:15,21 July,2016,Thursday,Weekend 1,Techno
4591,The Gathering,The Gathering,Siege,19:15 - 20:00,21 July,2016,Thursday,Weekend 1,"House, Techno"
4592,The Gathering,The Gathering,Double Pleasure,20:00 - 20:45,21 July,2016,Thursday,Weekend 1,House
4593,The Gathering,The Gathering,Julian Cross,20:45 - 21:30,21 July,2016,Thursday,Weekend 1,Unknown
4594,The Gathering,The Gathering,Jetfire,21:30 - 22:15,21 July,2016,Thursday,Weekend 1,Unknown
4595,The Gathering,The Gathering,Romeo Blanco,22:15 - 23:00,21 July,2016,Thursday,Weekend 1,Commercial Dance
4596,The Gathering,The Gathering,Afrojack,23:00 - 00:00,21 July,2016,Thursday,Weekend 1,"Electro House, Progressive House"
4597,Super You & Me,Arch,Sander Van Doorn,00:00 - 01:00,22 July,2016,Friday,Weekend 1,Trance
4598,Super You & Me,Arch,Herve Pagez,12:00 - 13:00,22 July,2016,Friday,Weekend 1,Unknown
4599,Super You & Me,Arch,Mark Villa,13:00 - 14:00,22 July,2016,Friday,Weekend 1,Unknown
4600,Coone & The Gang,Wind Stage,Coone,17:30 - 19:00,30 July,2017,Sunday,Weekend 2,Hard Dance
4601,Super You & Me,Arch,Twoloud,15:00 - 16:00,22 July,2016,Friday,Weekend 1,Commercial Dance
4602,Super You & Me,Arch,Tujamo,16:00 - 17:00,22 July,2016,Friday,Weekend 1,Traditional House
4603,Super You & Me,Arch,Matisse & Sadko,17:00 - 18:00,22 July,2016,Friday,Weekend 1,Progressive House
4604,Super You & Me,Arch,Dannic,18:00 - 19:00,22 July,2016,Friday,Weekend 1,Progressive House
4605,Super You & Me,Arch,Timmy Trumpet,19:00 - 20:00,22 July,2016,Friday,Weekend 1,Progressive House
4606,Super You & Me,Arch,Dyro,20:00 - 21:00,22 July,2016,Friday,Weekend 1,Progressive House
4607,Super You & Me,Arch,Laidback Luke,21:00 - 22:30,22 July,2016,Friday,Weekend 1,Electro House
4608,Super You & Me,Arch,Blasterjaxx,22:30 - 00:00,22 July,2016,Friday,Weekend 1,Commercial Dance
4609,I Love The 90's,Forest,Dune,00:00 - 01:00,22 July,2016,Friday,Weekend 1,Rock
4610,I Love The 90's,Forest,Ward,12:00 - 16:30,22 July,2016,Friday,Weekend 1,"Disco, Funk, House"
4611,I Love The 90's,Forest,DJ F.R.A.N.K.,16:30 - 18:00,22 July,2016,Friday,Weekend 1,Unknown
4612,I Love The 90's,Forest,Wout,18:00 - 19:30,22 July,2016,Friday,Weekend 1,House
4613,I Love The 90's,Forest,DJ Sash!,19:30 - 21:00,22 July,2016,Friday,Weekend 1,Unknown
4614,I Love The 90's,Forest,Ward,21:00 - 22:00,22 July,2016,Friday,Weekend 1,"Disco, Funk, House"
4615,I Love The 90's,Forest,Klubbheads Ft Boozywoozy,22:00 - 23:00,22 July,2016,Friday,Weekend 1,Unknown
4616,I Love The 90's,Forest,"Back In Time (Q-Ic, Lethal Mg & DJ Ghost)",23:00 - 00:00,22 July,2016,Friday,Weekend 1,Unknown
4617,V Sessions,Garden of Madness,Swanky Tunes,00:00 - 01:00,22 July,2016,Friday,Weekend 1,"Electro House, Progressive House"
4618,V Sessions,Garden of Madness,Kenn Colt,12:00 - 13:00,22 July,2016,Friday,Weekend 1,"Electro House, Progressive House"
4619,V Sessions,Garden of Madness,Sem Thomasson,13:00 - 14:00,22 July,2016,Friday,Weekend 1,Progressive House
4620,V Sessions,Garden of Madness,Brian Cross,14:00 - 15:00,22 July,2016,Friday,Weekend 1,"Tech House, Trance"
4621,V Sessions,Garden of Madness,Jack Novak,15:00 - 16:00,22 July,2016,Friday,Weekend 1,Commercial Dance
4622,V Sessions,Garden of Madness,Alan Walker,16:00 - 17:00,22 July,2016,Friday,Weekend 1,"Commercial Dance, Electro House, Electronica, Progressive House, Traditional House"
4623,V Sessions,Garden of Madness,Vinai,17:00 - 18:00,22 July,2016,Friday,Weekend 1,Big Room House
4624,V Sessions,Garden of Madness,Jay Hardway,18:00 - 19:00,22 July,2016,Friday,Weekend 1,Commercial Dance
4625,Super You & Me,Arch,Inpetto,14:00 - 15:00,22 July,2016,Friday,Weekend 1,Progressive House
4626,V Sessions,Garden of Madness,Sidney Samson,20:00 - 21:00,22 July,2016,Friday,Weekend 1,Traditional House
4627,V Sessions,Garden of Madness,Yves V B2B Quintino,21:00 - 22:30,22 July,2016,Friday,Weekend 1,Unknown
4628,V Sessions,Garden of Madness,R3:Ab,22:30 - 00:00,22 July,2016,Friday,Weekend 1,Unknown
4629,Radio Ultra Modern,Harbour House,Sep,Unknown,22 July,2016,Friday,Weekend 1,Metal
4630,Radio Ultra Modern,Harbour House,El Bacha,Unknown,22 July,2016,Friday,Weekend 1,Unknown
4631,Radio Ultra Modern,Harbour House,Davidov,Unknown,22 July,2016,Friday,Weekend 1,Unknown
4632,Radio Ultra Modern,Harbour House,Blackjack 9000,Unknown,22 July,2016,Friday,Weekend 1,Unknown
4633,Radio Ultra Modern,Harbour House,Rakesh Aka,Unknown,22 July,2016,Friday,Weekend 1,Unknown
4634,Radio Ultra Modern,Harbour House,Bubba,Unknown,22 July,2016,Friday,Weekend 1,"Electronic, House, Techno"
4635,Paradise,House of Books,Michael Thoelen,12:00 - 13:30,22 July,2016,Friday,Weekend 1,Unknown
4636,Paradise,House of Books,Nukov & Yelmet,13:30 - 15:00,22 July,2016,Friday,Weekend 1,Unknown
4637,Paradise,House of Books,Denney,15:00 - 16:00,22 July,2016,Friday,Weekend 1,House
4638,Paradise,House of Books,Russ Yallop,16:00 - 17:00,22 July,2016,Friday,Weekend 1,Techno
4639,Paradise,House of Books,Waff,17:00 - 18:00,22 July,2016,Friday,Weekend 1,Commercial Dance
4640,Paradise,House of Books,Matador (Live),18:00 - 19:00,22 July,2016,Friday,Weekend 1,Unknown
4641,Paradise,House of Books,Patrick Topping,19:00 - 20:00,22 July,2016,Friday,Weekend 1,Commercial Dance
4642,Paradise,House of Books,Richy Ahmed,20:00 - 21:30,22 July,2016,Friday,Weekend 1,Tech House
4643,Paradise,House of Books,The Martinez Brothers,21:30 - 23:00,22 July,2016,Friday,Weekend 1,Tech House
4644,Paradise,House of Books,Jamie Jones,23:00 - 01:00,22 July,2016,Friday,Weekend 1,Tech House
4645,House of Mask,House of Mask by Cubanisto,Jules Dime,13:00 - 14:00,22 July,2016,Friday,Weekend 1,Unknown
4646,House of Mask,House of Mask by Cubanisto,DJaxx & Neurotique,14:00 - 15:00,22 July,2016,Friday,Weekend 1,Unknown
4647,House of Mask,House of Mask by Cubanisto,Lopezhouse,15:00 - 16:00,22 July,2016,Friday,Weekend 1,Unknown
4648,House of Mask,House of Mask by Cubanisto,The Golden Boy,16:00 - 17:00,22 July,2016,Friday,Weekend 1,Unknown
4649,House of Mask,House of Mask by Cubanisto,Compuphonic,17:00 - 18:00,22 July,2016,Friday,Weekend 1,Traditional House
4650,V Sessions,Garden of Madness,Kura,19:00 - 20:00,22 July,2016,Friday,Weekend 1,Progressive House
4651,House of Mask,House of Mask by Cubanisto,Igor Vicente,19:30 - 21:00,22 July,2016,Friday,Weekend 1,"House, Techno"
4652,House of Mask,House of Mask by Cubanisto,Niels Feijen B2B Lya,21:00 - 22:00,22 July,2016,Friday,Weekend 1,Unknown
4653,Leaf by Lipton,Leaf,Xavier Shimtshack,12:30 - 14:30,22 July,2016,Friday,Weekend 1,Unknown
4654,Leaf by Lipton,Leaf,Davidov,14:30 - 16:00,22 July,2016,Friday,Weekend 1,Unknown
4655,Leaf by Lipton,Leaf,Jose Maria Ramon,16:00 - 17:30,22 July,2016,Friday,Weekend 1,Unknown
4656,Leaf by Lipton,Leaf,Sven Van Hees,17:30 - 19:00,22 July,2016,Friday,Weekend 1,"Chill Out, Traditional House"
4657,Leaf by Lipton,Leaf,Double Pleasure,19:00 - 20:30,22 July,2016,Friday,Weekend 1,House
4658,Leaf by Lipton,Leaf,Redondo,20:30 - 22:00,22 July,2016,Friday,Weekend 1,Tech House
4659,Leaf by Lipton,Leaf,Yamo,22:00 - 23:30,22 July,2016,Friday,Weekend 1,"Electronic, Experimental"
4660,We Play House,Magical Mirrors,Metrobox,12:00 - 14:00,22 July,2016,Friday,Weekend 1,Unknown
4661,We Play House,Magical Mirrors,Locked Groove,14:00 - 16:00,22 July,2016,Friday,Weekend 1,"Techno, Traditional House"
4662,We Play House,Magical Mirrors,Axel Boman,16:00 - 18:00,22 July,2016,Friday,Weekend 1,Commercial Dance
4663,We Play House,Magical Mirrors,Fcl Ft. Lady Linn,18:00 - 20:30,22 July,2016,Friday,Weekend 1,Unknown
4664,We Play House,Magical Mirrors,Frankey & Sandrino,20:30 - 22:30,22 July,2016,Friday,Weekend 1,Unknown
4665,We Play House,Magical Mirrors,Derrick May,22:30 - 01:00,22 July,2016,Friday,Weekend 1,Techno
4666,Mainstage,Mainstage,Alesso,00:00 - 01:00,22 July,2016,Friday,Weekend 1,Progressive House
4667,Mainstage,Mainstage,Fedde Le Grand,12:00 - 15:00,22 July,2016,Friday,Weekend 1,Progressive House
4668,Mainstage,Mainstage,Dimitri Vangelis & Wyman,15:00 - 16:00,22 July,2016,Friday,Weekend 1,Unknown
4669,Mainstage,Mainstage,Otto Knows,16:00 - 17:00,22 July,2016,Friday,Weekend 1,Traditional House
4670,Mainstage,Mainstage,R3:Ab,17:00 - 18:00,22 July,2016,Friday,Weekend 1,Unknown
4671,Mainstage,Mainstage,Galantis,18:00 - 19:00,22 July,2016,Friday,Weekend 1,Commercial Dance
4672,Mainstage,Mainstage,Dvbbs,19:00 - 20:00,22 July,2016,Friday,Weekend 1,Commercial Dance
4673,Mainstage,Mainstage,W&W,20:00 - 21:00,22 July,2016,Friday,Weekend 1,Trance
4674,Mainstage,Mainstage,David Guetta,21:00 - 22:00,22 July,2016,Friday,Weekend 1,Electro House
4675,House of Mask,House of Mask by Cubanisto,99 Souls,18:00 - 19:30,22 July,2016,Friday,Weekend 1,Unknown
4676,Mainstage,Mainstage,Tiesto,23:00 - 00:00,22 July,2016,Friday,Weekend 1,"Commercial Dance, Big Room"
4677,Sound of Tomorrow Island,Sound of Tomorrow Island,Steve Rush,12:30 - 14:00,22 July,2016,Friday,Weekend 1,Unknown
4678,Sound of Tomorrow Island,Sound of Tomorrow Island,Dominico,14:00 - 15:30,22 July,2016,Friday,Weekend 1,Tech House
4679,Sound of Tomorrow Island,Sound of Tomorrow Island,Bodalia,15:30 - 16:30,22 July,2016,Friday,Weekend 1,Unknown
4680,Sound of Tomorrow Island,Sound of Tomorrow Island,Shaun Frank,16:30 - 18:00,22 July,2016,Friday,Weekend 1,Commercial Dance
4681,Sound of Tomorrow Island,Sound of Tomorrow Island,Miss Ghyss,18:00 - 19:00,22 July,2016,Friday,Weekend 1,Unknown
4682,Sound of Tomorrow Island,Sound of Tomorrow Island,Mike Williams,19:00 - 20:30,22 July,2016,Friday,Weekend 1,"Commercial Dance, Drum & Bass, Electronica, Progressive House, Traditional House"
4683,Sound of Tomorrow Island,Sound of Tomorrow Island,Tigerlily,20:30 - 22:00,22 July,2016,Friday,Weekend 1,Electro House
4684,Sound of Tomorrow Island,Sound of Tomorrow Island,Selectro,22:00 - 23:00,22 July,2016,Friday,Weekend 1,Electro House
4685,Sound of Tomorrow Island,Sound of Tomorrow Island,King Arthur,23:00 - 00:00,22 July,2016,Friday,Weekend 1,Unknown
4686,Dirty Workz 10 Years,Temple,Korsakoff,00:00 - 01:00,22 July,2016,Friday,Weekend 1,"Hardcore Techno, Psychedelic Trance"
4687,Dirty Workz 10 Years,Temple,Sephyx,12:00 - 13:30,22 July,2016,Friday,Weekend 1,Hard Dance
4688,Dirty Workz 10 Years,Temple,Nsclt,13:30 - 15:00,22 July,2016,Friday,Weekend 1,Unknown
4689,Dirty Workz 10 Years,Temple,Wasted Penguinz,15:00 - 16:30,22 July,2016,Friday,Weekend 1,Hard Dance
4690,Dirty Workz 10 Years,Temple,DJ Isaac,16:30 - 18:00,22 July,2016,Friday,Weekend 1,Hard Dance
4691,Dirty Workz 10 Years,Temple,Coone,18:00 - 19:30,22 July,2016,Friday,Weekend 1,Hard Dance
4692,Dirty Workz 10 Years,Temple,Da Tweekaz,19:30 - 21:00,22 July,2016,Friday,Weekend 1,Hardcore Techno
4693,Dirty Workz 10 Years,Temple,Hard Driver,21:00 - 22:30,22 July,2016,Friday,Weekend 1,Hard Dance
4694,Dirty Workz 10 Years,Temple,Sub Zero Project,22:30 - 00:00,22 July,2016,Friday,Weekend 1,"Hard Dance, Hardcore Techno, Psychedelic Trance"
4695,The Winterclubbing Allstars,The Rave Cave,Winterclubbing All Stars,00:30 - 01:00,22 July,2016,Friday,Weekend 1,"Electronic, Dance"
4696,The Winterclubbing Allstars,The Rave Cave,Tall & Small,13:00 - 14:00,22 July,2016,Friday,Weekend 1,Unknown
4697,The Winterclubbing Allstars,The Rave Cave,Jean De Gand,14:00 - 15:00,22 July,2016,Friday,Weekend 1,Unknown
4698,The Winterclubbing Allstars,The Rave Cave,Double-U Ft Eugene Vs DJ Luk,15:00 - 16:30,22 July,2016,Friday,Weekend 1,Unknown
4699,The Winterclubbing Allstars,The Rave Cave,Thierry Von Der Warth Vs Laurent Wery,16:30 - 18:00,22 July,2016,Friday,Weekend 1,Unknown
4700,Mainstage,Mainstage,Armin Van Buuren,22:00 - 23:00,22 July,2016,Friday,Weekend 1,Trance
4701,The Winterclubbing Allstars,The Rave Cave,Dimitri Wouters,19:30 - 20:30,22 July,2016,Friday,Weekend 1,House
4702,The Winterclubbing Allstars,The Rave Cave,Barto Vs DJ Luk,20:30 - 22:00,22 July,2016,Friday,Weekend 1,Unknown
4703,The Winterclubbing Allstars,The Rave Cave,Funk D,22:00 - 23:00,22 July,2016,Friday,Weekend 1,"House, Techno"
4704,The Winterclubbing Allstars,The Rave Cave,Deve & Matizz,23:00 - 00:30,22 July,2016,Friday,Weekend 1,Unknown
4705,HushHush,The Rose Garden,Ookay,00:00 - 01:00,22 July,2016,Friday,Weekend 1,Commercial Dance
4706,HushHush,The Rose Garden,Hush,12:30 - 13:30,22 July,2016,Friday,Weekend 1,Traditional House
4707,HushHush,The Rose Garden,London Future,13:30 - 14:30,22 July,2016,Friday,Weekend 1,Unknown
4708,HushHush,The Rose Garden,The Whatevers,14:30 - 15:30,22 July,2016,Friday,Weekend 1,Unknown
4709,HushHush,The Rose Garden,Blackout Boy,15:30 - 17:00,22 July,2016,Friday,Weekend 1,Unknown
4710,HushHush,The Rose Garden,Hush Hefner,17:00 - 18:30,22 July,2016,Friday,Weekend 1,Unknown
4711,HushHush,The Rose Garden,DJ Diesel Aka Shaq,18:30 - 19:30,22 July,2016,Friday,Weekend 1,Unknown
4712,HushHush,The Rose Garden,Alison Wonderland,19:30 - 21:00,22 July,2016,Friday,Weekend 1,Commercial Dance
4713,HushHush,The Rose Garden,Marshmello,21:00 - 22:00,22 July,2016,Friday,Weekend 1,"Electronica, Progressive House, Trap"
4714,HushHush,The Rose Garden,Snails,22:00 - 23:00,22 July,2016,Friday,Weekend 1,Trap
4715,HushHush,The Rose Garden,Nghtmre B2B Slander,23:00 - 00:00,22 July,2016,Friday,Weekend 1,Unknown
4716,Cafeina,Tulip,Tommy & Alec,12:00 - 13:00,22 July,2016,Friday,Weekend 1,Unknown
4717,Cafeina,Tulip,Khlr & Phill Da Cunha,13:00 - 14:00,22 July,2016,Friday,Weekend 1,Unknown
4718,Cafeina,Tulip,B2B Soundsystem,14:00 - 15:30,22 July,2016,Friday,Weekend 1,Unknown
4719,Cafeina,Tulip,Cemode & Seelen,15:30 - 16:45,22 July,2016,Friday,Weekend 1,Electronic
4720,Cafeina,Tulip,Kolombo,16:45 - 18:00,22 July,2016,Friday,Weekend 1,Commercial Dance
4721,Cafeina,Tulip,Mr Grammy & DJ Licious,18:00 - 19:30,22 July,2016,Friday,Weekend 1,Unknown
4722,Cafeina,Tulip,Disco Dasco,19:30 - 21:00,22 July,2016,Friday,Weekend 1,"Electronic, House"
4723,Cafeina,Tulip,Joeri & Philip,21:00 - 22:15,22 July,2016,Friday,Weekend 1,Unknown
4724,Cafeina,Tulip,Roma,22:15 - 23:30,22 July,2016,Friday,Weekend 1,"Electronic, Dance"
4725,The Winterclubbing Allstars,The Rave Cave,Thunderbuds Vs DJ Luk,18:00 - 19:30,22 July,2016,Friday,Weekend 1,Unknown
4726,Tranceaddict,Wind Stage,Ferry Corsten Pres. Gouryella,00:00 - 01:00,22 July,2016,Friday,Weekend 1,Unknown
4727,Tranceaddict,Wind Stage,Fred Baker,12:00 - 13:00,22 July,2016,Friday,Weekend 1,"Techno, Trance"
4728,Tranceaddict,Wind Stage,Dimension,13:00 - 14:00,22 July,2016,Friday,Weekend 1,Band
4729,Tranceaddict,Wind Stage,Standerwick,14:00 - 15:00,22 July,2016,Friday,Weekend 1,Trance
4730,Tranceaddict,Wind Stage,Ben Gold,15:00 - 16:00,22 July,2016,Friday,Weekend 1,Trance
4731,Tranceaddict,Wind Stage,M.I.K.E Push,16:00 - 17:00,22 July,2016,Friday,Weekend 1,Unknown
4732,Tranceaddict,Wind Stage,Khomha,17:00 - 18:00,22 July,2016,Friday,Weekend 1,"Progressive House, Trance"
4733,Tranceaddict,Wind Stage,Marlo,18:00 - 19:00,22 July,2016,Friday,Weekend 1,Trance
4734,Tranceaddict,Wind Stage,Orjan Nilsen,19:00 - 20:00,22 July,2016,Friday,Weekend 1,Commercial Dance
4735,Tranceaddict,Wind Stage,Gareth Emery,20:00 - 21:00,22 July,2016,Friday,Weekend 1,Trance
4736,Tranceaddict,Wind Stage,Sean Tyas,21:00 - 22:00,22 July,2016,Friday,Weekend 1,Trance
4737,Tranceaddict,Wind Stage,Purenrg (Live),22:00 - 23:00,22 July,2016,Friday,Weekend 1,Unknown
4738,Tranceaddict,Wind Stage,Aly & Fila,23:00 - 00:00,22 July,2016,Friday,Weekend 1,Trance
4739,Q-Dance,Arch,Lowriderz,12:00 - 13:00,23 July,2016,Saturday,Weekend 1,Unknown
4740,Q-Dance,Arch,Cyber,13:00 - 14:00,23 July,2016,Saturday,Weekend 1,"Electro House, Electronica"
4741,Q-Dance,Arch,Code Black,14:00 - 15:00,23 July,2016,Saturday,Weekend 1,"Electronica, Hard Dance"
4742,Q-Dance,Arch,Audiotricz,15:00 - 16:00,23 July,2016,Saturday,Weekend 1,Hard Dance
4743,Q-Dance,Arch,Brennan Heart,16:00 - 17:00,23 July,2016,Saturday,Weekend 1,Hard Dance
4744,Q-Dance,Arch,Bass Modulators,17:00 - 18:00,23 July,2016,Saturday,Weekend 1,"Commercial Dance, Electronica"
4745,Q-Dance,Arch,Wildstylez & Noisecontrollers,18:00 - 19:00,23 July,2016,Saturday,Weekend 1,Unknown
4746,Q-Dance,Arch,Atmozfears,19:00 - 20:00,23 July,2016,Saturday,Weekend 1,"Hardcore Techno, Techno, Traditional House, Trance"
4747,Q-Dance,Arch,Coone,20:00 - 21:00,23 July,2016,Saturday,Weekend 1,Hard Dance
4748,Q-Dance,Arch,Zatox,21:00 - 22:00,23 July,2016,Saturday,Weekend 1,Hard Dance
4749,Q-Dance,Arch,Frequencerz,22:00 - 23:00,23 July,2016,Saturday,Weekend 1,Hard Dance
4750,Cafeina,Tulip,Hot Since 82,23:30 - 01:00,22 July,2016,Friday,Weekend 1,Commercial Dance
4751,Star Warz,Forest,Snap-Ah,12:00 - 13:00,23 July,2016,Saturday,Weekend 1,Unknown
4752,Star Warz,Forest,The Offenders,13:00 - 14:00,23 July,2016,Saturday,Weekend 1,Unknown
4753,Star Warz,Forest,Gunman & Judah,14:00 - 15:00,23 July,2016,Saturday,Weekend 1,Unknown
4754,Star Warz,Forest,Steamteam Ft. 3Xb & Mc Nice,15:00 - 16:00,23 July,2016,Saturday,Weekend 1,Unknown
4755,Star Warz,Forest,M&T Ft. Mc Mota,16:00 - 17:00,23 July,2016,Saturday,Weekend 1,Unknown
4756,Star Warz,Forest,One87 & Phase Ft. Mc Mush,17:00 - 18:00,23 July,2016,Saturday,Weekend 1,Unknown
4757,Star Warz,Forest,Murdock,18:00 - 19:00,23 July,2016,Saturday,Weekend 1,Drum & Bass
4758,Star Warz,Forest,Level 2 (Alibi),19:00 - 20:30,23 July,2016,Saturday,Weekend 1,Unknown
4759,Star Warz,Forest,Culture Shock Ft. Mc Mota,20:30 - 22:00,23 July,2016,Saturday,Weekend 1,Unknown
4760,Star Warz,Forest,S.P.Y. Ft. Mc Mota,22:00 - 23:30,23 July,2016,Saturday,Weekend 1,Unknown
4761,Star Warz,Forest,Calyx & Teebee Ft. Lx One,23:30 - 01:00,23 July,2016,Saturday,Weekend 1,Unknown
4762,Axtone,Garden of Madness,Hard Rock Sofa,00:00 - 01:00,23 July,2016,Saturday,Weekend 1,"Electro House, Progressive House"
4763,Axtone,Garden of Madness,Delafino,12:00 - 13:00,23 July,2016,Saturday,Weekend 1,House
4764,Axtone,Garden of Madness,Peter Luts,13:00 - 14:00,23 July,2016,Saturday,Weekend 1,Commercial Dance
4765,Axtone,Garden of Madness,Klahr,14:00 - 15:00,23 July,2016,Saturday,Weekend 1,Unknown
4766,Axtone,Garden of Madness,M.E.G & N.E.R.A.K,15:00 - 16:00,23 July,2016,Saturday,Weekend 1,Unknown
4767,Axtone,Garden of Madness,New_Id,16:00 - 17:00,23 July,2016,Saturday,Weekend 1,Unknown
4768,Axtone,Garden of Madness,Tomstaar,17:00 - 18:00,23 July,2016,Saturday,Weekend 1,Unknown
4769,Axtone,Garden of Madness,Kryder,18:00 - 19:00,23 July,2016,Saturday,Weekend 1,"Progressive House, Tech House"
4770,Axtone,Garden of Madness,Axwell,19:00 - 20:30,23 July,2016,Saturday,Weekend 1,Progressive House
4771,Axtone,Garden of Madness,Shapov,20:30 - 21:30,23 July,2016,Saturday,Weekend 1,"Commercial Dance, Electro House, Electronica, Progressive House, Trance"
4772,Axtone,Garden of Madness,Dirty South,21:30 - 23:00,23 July,2016,Saturday,Weekend 1,"Electro House, Progressive House"
4773,Axtone,Garden of Madness,Sick Individuals,23:00 - 00:00,23 July,2016,Saturday,Weekend 1,Progressive House
4774,Radio Ultra Modern,Harbour House,Bobbalicious,Unknown,23 July,2016,Saturday,Weekend 1,Unknown
4775,Q-Dance,Arch,Crypsis,23:00 - 00:00,23 July,2016,Saturday,Weekend 1,Unknown
4776,Radio Ultra Modern,Harbour House,Blackjack 9000,Unknown,23 July,2016,Saturday,Weekend 1,Unknown
4777,Radio Ultra Modern,Harbour House,Rakesh Aka,Unknown,23 July,2016,Saturday,Weekend 1,Unknown
4778,Radio Ultra Modern,Harbour House,Rebelle,Unknown,23 July,2016,Saturday,Weekend 1,"House, Techno"
4779,Radio Ultra Modern,Harbour House,Davidov,Unknown,23 July,2016,Saturday,Weekend 1,Unknown
4780,DIYNAMIC,House of Books,Magdalena,12:00 - 14:30,23 July,2016,Saturday,Weekend 1,"Tech House, Deep House"
4781,DIYNAMIC,House of Books,Karmon B2B Ntfo,14:30 - 17:00,23 July,2016,Saturday,Weekend 1,Unknown
4782,DIYNAMIC,House of Books,H.O.S.H.,17:00 - 19:00,23 July,2016,Saturday,Weekend 1,Commercial Dance
4783,DIYNAMIC,House of Books,Johannes Brecht,19:00 - 20:00,23 July,2016,Saturday,Weekend 1,Unknown
4784,DIYNAMIC,House of Books,Adriatique,20:00 - 22:00,23 July,2016,Saturday,Weekend 1,"Electronica, Tech House, Techno"
4785,DIYNAMIC,House of Books,Kollektiv Turmstrasse,22:00 - 23:00,23 July,2016,Saturday,Weekend 1,Tech House
4786,DIYNAMIC,House of Books,Solomun,23:00 - 01:00,23 July,2016,Saturday,Weekend 1,Tech House
4787,House of Mask,House of Mask by Cubanisto,C-Me,13:00 - 14:00,23 July,2016,Saturday,Weekend 1,Unknown
4788,House of Mask,House of Mask by Cubanisto,Bastin Vs Lebawski,14:00 - 15:00,23 July,2016,Saturday,Weekend 1,Unknown
4789,House of Mask,House of Mask by Cubanisto,Vision Machine,15:00 - 16:00,23 July,2016,Saturday,Weekend 1,Unknown
4790,House of Mask,House of Mask by Cubanisto,Iris Menza,16:00 - 17:00,23 July,2016,Saturday,Weekend 1,Unknown
4791,House of Mask,House of Mask by Cubanisto,Tcts,17:00 - 18:30,23 July,2016,Saturday,Weekend 1,Unknown
4792,House of Mask,House of Mask by Cubanisto,Blonde,18:30 - 20:00,23 July,2016,Saturday,Weekend 1,Commercial Dance
4793,House of Mask,House of Mask by Cubanisto,Anotr,20:00 - 21:00,23 July,2016,Saturday,Weekend 1,Techno
4794,House of Mask,House of Mask by Cubanisto,Maxim Lany,21:00 - 22:00,23 July,2016,Saturday,Weekend 1,"House, Deep House"
4795,Leaf by Lipton,Leaf,Dave Lambert,12:30 - 14:30,23 July,2016,Saturday,Weekend 1,Traditional House
4796,Leaf by Lipton,Leaf,Const,14:30 - 16:00,23 July,2016,Saturday,Weekend 1,"Chiptune, Hardcore, Techno"
4797,Leaf by Lipton,Leaf,Magic Wand,16:00 - 17:30,23 July,2016,Saturday,Weekend 1,Pop
4798,Leaf by Lipton,Leaf,Jose Maria Ramon,17:30 - 19:00,23 July,2016,Saturday,Weekend 1,Unknown
4799,Leaf by Lipton,Leaf,Anna Tur,19:00 - 20:30,23 July,2016,Saturday,Weekend 1,Unknown
4800,Radio Ultra Modern,Harbour House,Tlp,Unknown,23 July,2016,Saturday,Weekend 1,Unknown
4801,Leaf by Lipton,Leaf,Franky Rizardo,22:00 - 23:30,23 July,2016,Saturday,Weekend 1,Commercial Dance
4802,Generation Smash,Magical Mirrors,Bassjackers,00:00 - 01:00,23 July,2016,Saturday,Weekend 1,Electro House
4803,Generation Smash,Magical Mirrors,2 Faced Funks,13:00 - 14:00,23 July,2016,Saturday,Weekend 1,Unknown
4804,Generation Smash,Magical Mirrors,Nexuz Vs Luka Caro,14:00 - 15:00,23 July,2016,Saturday,Weekend 1,Unknown
4805,Generation Smash,Magical Mirrors,Makasi Vs Neon,15:00 - 16:00,23 July,2016,Saturday,Weekend 1,Unknown
4806,Generation Smash,Magical Mirrors,Playmen Vs Mad M.A.C,16:00 - 17:00,23 July,2016,Saturday,Weekend 1,Unknown
4807,Generation Smash,Magical Mirrors,Diego Miranda,17:00 - 18:00,23 July,2016,Saturday,Weekend 1,Traditional House
4808,Generation Smash,Magical Mirrors,Mystique Vs Dimaro,18:00 - 19:00,23 July,2016,Saturday,Weekend 1,Unknown
4809,Generation Smash,Magical Mirrors,Fox Stevenson,19:00 - 20:00,23 July,2016,Saturday,Weekend 1,Future Bass
4810,Generation Smash,Magical Mirrors,Julian Jordan,20:00 - 21:00,23 July,2016,Saturday,Weekend 1,Electro House
4811,Generation Smash,Magical Mirrors,Moti,21:00 - 22:00,23 July,2016,Saturday,Weekend 1,"Electro House, Progressive House, Tech House"
4812,Generation Smash,Magical Mirrors,Wolfpack,22:00 - 23:00,23 July,2016,Saturday,Weekend 1,"Commercial Dance, Electro House, Progressive House"
4813,Generation Smash,Magical Mirrors,Firebeatz,23:00 - 00:00,23 July,2016,Saturday,Weekend 1,Electro House
4814,Mainstage,Mainstage,Laidback Luke,12:00 - 14:45,23 July,2016,Saturday,Weekend 1,Electro House
4815,Mainstage,Mainstage,Andrew Rayel,14:45 - 15:45,23 July,2016,Saturday,Weekend 1,Trance
4816,Mainstage,Mainstage,Regi,15:45 - 16:45,23 July,2016,Saturday,Weekend 1,"Trance, Big Room House"
4817,Mainstage,Mainstage,Sunnery James & Ryan Marciano,16:45 - 17:45,23 July,2016,Saturday,Weekend 1,Electro House
4818,Mainstage,Mainstage,Kshmr,17:45 - 18:45,23 July,2016,Saturday,Weekend 1,"Electro House, Electronica, Indie / Underground, Progressive House, Tech House"
4819,Mainstage,Mainstage,The Chainsmokers,18:45 - 19:45,23 July,2016,Saturday,Weekend 1,Commercial Dance
4820,Mainstage,Mainstage,Yves V,19:45 - 20:45,23 July,2016,Saturday,Weekend 1,Progressive House
4821,Mainstage,Mainstage,Nicky Romero,20:45 - 21:45,23 July,2016,Saturday,Weekend 1,Progressive House
4822,Mainstage,Mainstage,Afrojack,21:45 - 22:45,23 July,2016,Saturday,Weekend 1,"Electro House, Progressive House"
4823,Mainstage,Mainstage,Dimitri Vegas & Like Mike,22:45 - 23:45,23 July,2016,Saturday,Weekend 1,Electro House
4824,Mainstage,Mainstage,Axwell ^ Ingrosso,23:45 - 01:00,23 July,2016,Saturday,Weekend 1,Unknown
4825,Leaf by Lipton,Leaf,Ferreck Dawn,20:30 - 22:00,23 July,2016,Saturday,Weekend 1,Commercial Dance
4826,Lost Frequencies & Friends,Opera,Saint Wknd,14:00 - 15:30,23 July,2016,Saturday,Weekend 1,"Deep House, Techno"
4827,Lost Frequencies & Friends,Opera,Lucas & Steve,15:30 - 17:00,23 July,2016,Saturday,Weekend 1,"Commercial Dance, Hard Dance, Traditional House"
4828,Lost Frequencies & Friends,Opera,Feder,17:00 - 18:30,23 July,2016,Saturday,Weekend 1,"Commercial Dance, Electronica, Reggae"
4829,Lost Frequencies & Friends,Opera,Sigala,18:30 - 19:45,23 July,2016,Saturday,Weekend 1,Pop House
4830,Lost Frequencies & Friends,Opera,Ruby Rose,19:45 - 21:15,23 July,2016,Saturday,Weekend 1,Big Room House
4831,Lost Frequencies & Friends,Opera,Lost Frequencies,21:15 - 22:30,23 July,2016,Saturday,Weekend 1,"Electro House, Electronica, Traditional House"
4832,Lost Frequencies & Friends,Opera,Robin Schulz,22:30 - 23:45,23 July,2016,Saturday,Weekend 1,Commercial Dance
4833,Lost Frequencies & Friends,Opera,Felix Jaehn,23:45 - 01:00,23 July,2016,Saturday,Weekend 1,"Deep House, Tech House"
4834,Sound of Tomorrow Island,Sound of Tomorrow Island,Chris Niveda Ft. Mcreign,12:30 - 14:00,23 July,2016,Saturday,Weekend 1,Unknown
4835,Sound of Tomorrow Island,Sound of Tomorrow Island,Frank Caro & Alemany,14:00 - 15:30,23 July,2016,Saturday,Weekend 1,Unknown
4836,Sound of Tomorrow Island,Sound of Tomorrow Island,Paula Serra,15:30 - 16:30,23 July,2016,Saturday,Weekend 1,Unknown
4837,Sound of Tomorrow Island,Sound of Tomorrow Island,Mikael Weermets,16:30 - 18:00,23 July,2016,Saturday,Weekend 1,Progressive House
4838,Sound of Tomorrow Island,Sound of Tomorrow Island,Pat Farrell,18:00 - 19:00,23 July,2016,Saturday,Weekend 1,Unknown
4839,Sound of Tomorrow Island,Sound of Tomorrow Island,Pep & Rash,19:00 - 20:30,23 July,2016,Saturday,Weekend 1,"Electronica, Tech House, Traditional House"
4840,Sound of Tomorrow Island,Sound of Tomorrow Island,John Christian,20:30 - 22:00,23 July,2016,Saturday,Weekend 1,Unknown
4841,Sound of Tomorrow Island,Sound of Tomorrow Island,Jacob Plant,22:00 - 23:00,23 July,2016,Saturday,Weekend 1,Commercial Dance
4842,Sound of Tomorrow Island,Sound of Tomorrow Island,No Mondays,23:00 - 00:00,23 July,2016,Saturday,Weekend 1,Unknown
4843,B2B,Temple,R’Deem,12:00 - 14:00,23 July,2016,Saturday,Weekend 1,Unknown
4844,B2B,Temple,Neelix,14:00 - 15:00,23 July,2016,Saturday,Weekend 1,Psychedelic Trance
4845,B2B,Temple,Liquid Soul,15:00 - 16:30,23 July,2016,Saturday,Weekend 1,Trance
4846,B2B,Temple,Avalon,16:30 - 18:00,23 July,2016,Saturday,Weekend 1,Commercial Dance
4847,B2B,Temple,Talamasca,18:00 - 19:30,23 July,2016,Saturday,Weekend 1,"Psychedelic Trance, Trance"
4848,B2B,Temple,Firaga Vs Synsun,19:30 - 21:30,23 July,2016,Saturday,Weekend 1,Unknown
4849,B2B,Temple,Brain Hunters Vs D-Maniac,21:30 - 23:30,23 July,2016,Saturday,Weekend 1,Unknown
4850,Lost Frequencies & Friends,Opera,Bender,12:30 - 14:00,23 July,2016,Saturday,Weekend 1,Surfgaz
4851,Woody Weekend,The Rave Cave,Many Moore,00:00 - 01:00,23 July,2016,Saturday,Weekend 1,House
4852,Woody Weekend,The Rave Cave,DJ Que 9,12:00 - 13:30,23 July,2016,Saturday,Weekend 1,Unknown
4853,Woody Weekend,The Rave Cave,Maximo Ft. Coin,13:30 - 14:30,23 July,2016,Saturday,Weekend 1,Unknown
4854,Woody Weekend,The Rave Cave,Basement Sounds,14:30 - 15:30,23 July,2016,Saturday,Weekend 1,Unknown
4855,Woody Weekend,The Rave Cave,Wezlee,15:30 - 16:30,23 July,2016,Saturday,Weekend 1,Unknown
4856,Woody Weekend,The Rave Cave,M At H Y,16:30 - 17:30,23 July,2016,Saturday,Weekend 1,Unknown
4857,Woody Weekend,The Rave Cave,Thim,17:30 - 18:30,23 July,2016,Saturday,Weekend 1,House
4858,Woody Weekend,The Rave Cave,Luca Barassii,18:30 - 20:00,23 July,2016,Saturday,Weekend 1,Unknown
4859,Woody Weekend,The Rave Cave,Freaquency,20:00 - 21:00,23 July,2016,Saturday,Weekend 1,Unknown
4860,Woody Weekend,The Rave Cave,DJ Eu,21:00 - 22:00,23 July,2016,Saturday,Weekend 1,Unknown
4861,Woody Weekend,The Rave Cave,Greg Lamore Vs Jay Lee Hudson,22:00 - 00:00,23 July,2016,Saturday,Weekend 1,Unknown
4862,Bonzai,The Rose Garden,Bountyhunter,13:00 - 14:00,23 July,2016,Saturday,Weekend 1,"Hardcore, Gabber, Electronic"
4863,Bonzai,The Rose Garden,DJ Fire,14:00 - 15:00,23 July,2016,Saturday,Weekend 1,Electronic
4864,Bonzai,The Rose Garden,Phi Phi,15:00 - 16:30,23 July,2016,Saturday,Weekend 1,"Progressive House, Trance"
4865,Bonzai,The Rose Garden,Airwav E,16:30 - 18:00,23 July,2016,Saturday,Weekend 1,Unknown
4866,Bonzai,The Rose Garden,Jan Vervloet,18:00 - 19:00,23 July,2016,Saturday,Weekend 1,Progressive House
4867,Bonzai,The Rose Garden,DJ Ghost,19:00 - 20:30,23 July,2016,Saturday,Weekend 1,"Hard Trance, Techno"
4868,Bonzai,The Rose Garden,Franky Kloeck,20:30 - 22:00,23 July,2016,Saturday,Weekend 1,"Techno, Hard Trance"
4869,Bonzai,The Rose Garden,Yves Deruyter,22:00 - 23:30,23 July,2016,Saturday,Weekend 1,Trance
4870,Bonzai,The Rose Garden,Bonzai All Stars,23:30 - 01:00,23 July,2016,Saturday,Weekend 1,"Techno, Trance"
4871,Café D'Anvers,Tulip,Cheap Charly Men,12:00 - 14:00,23 July,2016,Saturday,Weekend 1,Unknown
4872,Café D'Anvers,Tulip,Flapjackers,14:00 - 16:00,23 July,2016,Saturday,Weekend 1,Unknown
4873,Café D'Anvers,Tulip,Smos,16:00 - 18:00,23 July,2016,Saturday,Weekend 1,Band
4874,Café D'Anvers,Tulip,Chantal,18:00 - 20:00,23 July,2016,Saturday,Weekend 1,Unknown
4875,B2B,Temple,Vini Vici,23:30 - 01:00,23 July,2016,Saturday,Weekend 1,"Psychedelic Trance, Trance"
4876,Café D'Anvers,Tulip,Bollen & Fichtner,22:00 - 23:30,23 July,2016,Saturday,Weekend 1,Unknown
4877,Café D'Anvers,Tulip,Agents Of Time,23:30 - 01:00,23 July,2016,Saturday,Weekend 1,"Electronica, Progressive House, Tech House, Techno"
4878,kozzmozz,Wind Stage,Spacid,13:00 - 15:00,23 July,2016,Saturday,Weekend 1,Unknown
4879,kozzmozz,Wind Stage,Len Faki,15:00 - 16:30,23 July,2016,Saturday,Weekend 1,Techno
4880,kozzmozz,Wind Stage,Kr!Z,16:30 - 18:00,23 July,2016,Saturday,Weekend 1,Unknown
4881,kozzmozz,Wind Stage,Jonas Kopp,18:00 - 19:30,23 July,2016,Saturday,Weekend 1,Commercial Dance
4882,kozzmozz,Wind Stage,Marcel Dettmann,19:30 - 21:30,23 July,2016,Saturday,Weekend 1,Techno
4883,kozzmozz,Wind Stage,Adam Beyer,21:30 - 23:15,23 July,2016,Saturday,Weekend 1,Techno
4884,kozzmozz,Wind Stage,Nina Kraviz,23:15 - 01:00,23 July,2016,Saturday,Weekend 1,Tech House
4885,Dave Clarke,Arch,Pierre,13:00 - 15:00,24 July,2016,Sunday,Weekend 1,Traditional House
4886,Dave Clarke,Arch,Marcel Fengler,15:00 - 17:00,24 July,2016,Sunday,Weekend 1,Techno
4887,Dave Clarke,Arch,Scuba,17:00 - 19:00,24 July,2016,Sunday,Weekend 1,"Dubstep, Tech House"
4888,Dave Clarke,Arch,Green Velvet,19:00 - 20:30,24 July,2016,Sunday,Weekend 1,"Traditional House, Techno"
4889,Dave Clarke,Arch,Vitalic,20:30 - 22:15,24 July,2016,Sunday,Weekend 1,"Electronica, Indie / Underground"
4890,Dave Clarke,Arch,Dave Clarke,22:15 - 00:00,24 July,2016,Sunday,Weekend 1,"Electro House, Techno"
4891,Pussy Lounge,Forest,Dark-E,12:00 - 14:00,24 July,2016,Sunday,Weekend 1,Unknown
4892,Pussy Lounge,Forest,Akyra,13:30 - 15:00,24 July,2016,Sunday,Weekend 1,Hardcore
4893,Pussy Lounge,Forest,Davoodi,14:30 - 16:00,24 July,2016,Sunday,Weekend 1,Unknown
4894,Pussy Lounge,Forest,Mark With A K,15:30 - 17:00,24 July,2016,Sunday,Weekend 1,Hard Dance
4895,Pussy Lounge,Forest,Ruthless,16:30 - 18:00,24 July,2016,Sunday,Weekend 1,Hardcore Techno
4896,Pussy Lounge,Forest,Kutski,17:30 - 19:00,24 July,2016,Sunday,Weekend 1,Hardcore Techno
4897,Pussy Lounge,Forest,Da Tweekaz,18:30 - 20:00,24 July,2016,Sunday,Weekend 1,Hardcore Techno
4898,Pussy Lounge,Forest,Darkraver,19:30 - 21:00,24 July,2016,Sunday,Weekend 1,"Electro House, Hard Dance"
4899,Pussy Lounge,Forest,The Viper,20:30 - 22:00,24 July,2016,Sunday,Weekend 1,Band
4900,Café D'Anvers,Tulip,DJ Tennis,20:00 - 22:00,23 July,2016,Saturday,Weekend 1,"Tech House, Deep House"
4901,Pussy Lounge,Forest,Re-Style,22:30 - 00:00,24 July,2016,Sunday,Weekend 1,Unknown
4902,My House,Garden of Madness,Tom Leclercq,12:30 - 13:30,24 July,2016,Sunday,Weekend 1,Unknown
4903,My House,Garden of Madness,Davelambert,13:30 - 14:30,24 July,2016,Sunday,Weekend 1,Unknown
4904,My House,Garden of Madness,Alok,14:30 - 15:30,24 July,2016,Sunday,Weekend 1,Commercial Dance
4905,My House,Garden of Madness,Watermät,15:30 - 16:30,24 July,2016,Sunday,Weekend 1,Pop House
4906,My House,Garden of Madness,G Ta,16:30 - 18:00,24 July,2016,Sunday,Weekend 1,Unknown
4907,My House,Garden of Madness,A-Trak,18:00 - 19:30,24 July,2016,Sunday,Weekend 1,"Electro House, Indie / Underground"
4908,My House,Garden of Madness,Martin Solveig,19:30 - 21:00,24 July,2016,Sunday,Weekend 1,Electro House
4909,My House,Garden of Madness,The Magician,21:00 - 22:30,24 July,2016,Sunday,Weekend 1,Indie / Underground
4910,My House,Garden of Madness,Oliver Heldens,22:30 - 00:00,24 July,2016,Sunday,Weekend 1,"Electro House, Electronica, Techno"
4911,Radio Ultra Modern,Harbour House,Dajobu,Unknown,24 July,2016,Sunday,Weekend 1,Unknown
4912,Radio Ultra Modern,Harbour House,Blackjack 9000,Unknown,24 July,2016,Sunday,Weekend 1,Unknown
4913,Radio Ultra Modern,Harbour House,Rakesh Aka,Unknown,24 July,2016,Sunday,Weekend 1,Unknown
4914,Radio Ultra Modern,Harbour House,Rakka,Unknown,24 July,2016,Sunday,Weekend 1,Unknown
4915,Radio Ultra Modern,Harbour House,Bubba,Unknown,24 July,2016,Sunday,Weekend 1,"Electronic, House, Techno"
4916,Radio Ultra Modern,Harbour House,Groove Merchant,Unknown,24 July,2016,Sunday,Weekend 1,Unknown
4917,Cocoon,House of Books,Fred Hush,12:00 - 13:00,24 July,2016,Sunday,Weekend 1,Unknown
4918,Cocoon,House of Books,Einzelkind,13:00 - 14:30,24 July,2016,Sunday,Weekend 1,Tech House
4919,Cocoon,House of Books,Nastia,14:30 - 16:00,24 July,2016,Sunday,Weekend 1,Commercial Dance
4920,Cocoon,House of Books,Apollonia,16:00 - 18:00,24 July,2016,Sunday,Weekend 1,Commercial Dance
4921,Cocoon,House of Books,Sonja Moonear,18:00 - 19:30,24 July,2016,Sunday,Weekend 1,Tech House
4922,Cocoon,House of Books,Maceo Plex,19:30 - 21:30,24 July,2016,Sunday,Weekend 1,Tech House
4923,Cocoon,House of Books,Sven Väth,21:30 - 00:00,24 July,2016,Sunday,Weekend 1,Techno
4924,House of Mask,House of Mask by Cubanisto,Les Enchanted,13:00 - 14:00,24 July,2016,Sunday,Weekend 1,Unknown
4925,Pussy Lounge,Forest,Paul Elstak,21:30 - 23:00,24 July,2016,Sunday,Weekend 1,Hardcore Techno
4926,House of Mask,House of Mask by Cubanisto,Nick Bril,15:00 - 16:00,24 July,2016,Sunday,Weekend 1,"House, Techno"
4927,House of Mask,House of Mask by Cubanisto,The Oddword,16:00 - 17:00,24 July,2016,Sunday,Weekend 1,Unknown
4928,House of Mask,House of Mask by Cubanisto,Josh Butler,17:00 - 18:00,24 July,2016,Sunday,Weekend 1,Commercial Dance
4929,House of Mask,House of Mask by Cubanisto,Low Steppa,18:00 - 19:30,24 July,2016,Sunday,Weekend 1,"Tech House, Bassline, Uk Garage"
4930,House of Mask,House of Mask by Cubanisto,Camelphat,19:30 - 21:00,24 July,2016,Sunday,Weekend 1,"Electronica, Tech House, Traditional House"
4931,House of Mask,House of Mask by Cubanisto,Les Mecs,21:00 - 22:00,24 July,2016,Sunday,Weekend 1,Unknown
4932,Leaf by Lipton,Leaf,That’S Who,12:30 - 14:00,24 July,2016,Sunday,Weekend 1,Unknown
4933,Leaf by Lipton,Leaf,Licious,14:00 - 15:30,24 July,2016,Sunday,Weekend 1,Traditional House
4934,Leaf by Lipton,Leaf,Delafino,15:30 - 17:00,24 July,2016,Sunday,Weekend 1,House
4935,Leaf by Lipton,Leaf,Luis Del Villar,17:00 - 18:30,24 July,2016,Sunday,Weekend 1,Commercial Dance
4936,Leaf by Lipton,Leaf,Nathan Fix,18:30 - 20:00,24 July,2016,Sunday,Weekend 1,Unknown
4937,Leaf by Lipton,Leaf,Barry Fore,20:00 - 21:30,24 July,2016,Sunday,Weekend 1,Commercial Dance
4938,Leaf by Lipton,Leaf,Joe Stone,21:30 - 23:00,24 July,2016,Sunday,Weekend 1,Unknown
4939,Forma.T invites ED Banger,Magical Mirrors,Dc Salas,13:00 - 15:00,24 July,2016,Sunday,Weekend 1,"Electronic, Techno"
4940,Forma.T invites ED Banger,Magical Mirrors,"Ed Banger House Party Ft. Busy P, Para One, Boston Bun",15:00 - 18:00,24 July,2016,Sunday,Weekend 1,Unknown
4941,Forma.T invites ED Banger,Magical Mirrors,Sebastian,18:00 - 19:30,24 July,2016,Sunday,Weekend 1,Electro House
4942,Forma.T invites ED Banger,Magical Mirrors,Surfing Leons,19:30 - 21:00,24 July,2016,Sunday,Weekend 1,Unknown
4943,Forma.T invites ED Banger,Magical Mirrors,Claude (Aka Fulgeance),21:00 - 22:30,24 July,2016,Sunday,Weekend 1,Unknown
4944,Forma.T invites ED Banger,Magical Mirrors,Partyharders,22:30 - 00:00,24 July,2016,Sunday,Weekend 1,Unknown
4945,Mainstage,Mainstage,Ferry Corsten,12:00 - 15:00,24 July,2016,Sunday,Weekend 1,Trance
4946,Mainstage,Mainstage,Ftampa,15:00 - 16:00,24 July,2016,Sunday,Weekend 1,Electro House
4947,Mainstage,Mainstage,Dada Life,16:00 - 17:00,24 July,2016,Sunday,Weekend 1,"Electro House, Progressive House"
4948,Mainstage,Mainstage,Don Diablo,17:00 - 18:00,24 July,2016,Sunday,Weekend 1,Progressive House
4949,Mainstage,Mainstage,Oliver Heldens,18:00 - 19:00,24 July,2016,Sunday,Weekend 1,"Electro House, Electronica, Techno"
4950,House of Mask,House of Mask by Cubanisto,Himperson,14:00 - 15:00,24 July,2016,Sunday,Weekend 1,Electronic
4951,Mainstage,Mainstage,Steve Aoki,20:00 - 21:15,24 July,2016,Sunday,Weekend 1,"Electro House, Indie / Underground"
4952,Mainstage,Mainstage,Steve Angello,21:15 - 22:30,24 July,2016,Sunday,Weekend 1,Progressive House
4953,Mainstage,Mainstage,Martin Garrix,22:30 - 23:40,24 July,2016,Sunday,Weekend 1,Electro House
4954,Mainstage,Mainstage,Dimitri Vegas & Like Mike,23:40 - 00:00,24 July,2016,Sunday,Weekend 1,Electro House
4955,Smash The House,Opera,Dave Till,12:30 - 13:30,24 July,2016,Sunday,Weekend 1,Unknown
4956,Smash The House,Opera,Rockstarz Vs Boostedkids,13:30 - 14:30,24 July,2016,Sunday,Weekend 1,Unknown
4957,Smash The House,Opera,Anton Power S,14:30 - 15:30,24 July,2016,Sunday,Weekend 1,Unknown
4958,Smash The House,Opera,Danny Howard,15:30 - 16:30,24 July,2016,Sunday,Weekend 1,Commercial Dance
4959,Smash The House,Opera,Angemi,16:30 - 17:30,24 July,2016,Sunday,Weekend 1,"Electronic, Dance"
4960,Smash The House,Opera,MATTN,17:30 - 18:30,24 July,2016,Sunday,Weekend 1,"Commercial Dance, Traditional House"
4961,Smash The House,Opera,Ummet Ozcan,18:30 - 19:45,24 July,2016,Sunday,Weekend 1,Trance
4962,Smash The House,Opera,Nervo,19:45 - 21:00,24 July,2016,Sunday,Weekend 1,"Electro House, Progressive House"
4963,Smash The House,Opera,Smash The House Family,21:00 - 23:00,24 July,2016,Sunday,Weekend 1,Unknown
4964,Smash The House,Opera,Wolfpack,23:00 - 00:00,24 July,2016,Sunday,Weekend 1,"Commercial Dance, Electro House, Progressive House"
4965,Sound of Tomorrow Island,Sound of Tomorrow Island,Masari,12:30 - 14:00,24 July,2016,Sunday,Weekend 1,Unknown
4966,Sound of Tomorrow Island,Sound of Tomorrow Island,Norde,14:00 - 15:00,24 July,2016,Sunday,Weekend 1,Unknown
4967,Sound of Tomorrow Island,Sound of Tomorrow Island,Swift D,15:00 - 16:00,24 July,2016,Sunday,Weekend 1,Unknown
4968,Sound of Tomorrow Island,Sound of Tomorrow Island,Mathy,16:00 - 17:00,24 July,2016,Sunday,Weekend 1,Unknown
4969,Sound of Tomorrow Island,Sound of Tomorrow Island,Throttle,17:00 - 18:00,24 July,2016,Sunday,Weekend 1,"Commercial Dance, Electronica"
4970,Sound of Tomorrow Island,Sound of Tomorrow Island,Kris Kross Amsterdam,18:00 - 19:00,24 July,2016,Sunday,Weekend 1,"Electronic, Pop"
4971,Sound of Tomorrow Island,Sound of Tomorrow Island,Kill The Buzz B2B Thomas Newson,19:00 - 20:30,24 July,2016,Sunday,Weekend 1,Unknown
4972,Sound of Tomorrow Island,Sound of Tomorrow Island,Edo Denova,20:30 - 22:00,24 July,2016,Sunday,Weekend 1,Unknown
4973,Sound of Tomorrow Island,Sound of Tomorrow Island,This Is Crob,22:00 - 23:00,24 July,2016,Sunday,Weekend 1,Unknown
4974,Footworxx,Temple,Vandal!Sm Vs Spitnoise,12:00 - 13:15,24 July,2016,Sunday,Weekend 1,Unknown
4975,Mainstage,Mainstage,Paul Kalkbrenner,19:00 - 20:00,24 July,2016,Sunday,Weekend 1,Techno
4976,Footworxx,Temple,Lenny Dee,14:30 - 15:30,24 July,2016,Sunday,Weekend 1,"Hardcore Techno, Techno"
4977,Footworxx,Temple,Detest Vs I:Gor,15:30 - 16:30,24 July,2016,Sunday,Weekend 1,Unknown
4978,Footworxx,Temple,Sei2Ure Vs N-Vitral,16:30 - 17:30,24 July,2016,Sunday,Weekend 1,Unknown
4979,Footworxx,Temple,Da Mouth Of Madness,17:30 - 18:00,24 July,2016,Sunday,Weekend 1,Unknown
4980,Footworxx,Temple,A-Kriv Vs Bartoch,18:00 - 19:15,24 July,2016,Sunday,Weekend 1,Unknown
4981,Footworxx,Temple,Sandy Warez Vs Section Grabuge,19:15 - 20:30,24 July,2016,Sunday,Weekend 1,Unknown
4982,Footworxx,Temple,Angerfist Vs Miss K8,20:30 - 21:45,24 July,2016,Sunday,Weekend 1,Unknown
4983,Footworxx,Temple,Deterrent Man Vs Miss Enemy,21:45 - 23:00,24 July,2016,Sunday,Weekend 1,Unknown
4984,Footworxx,Temple,Goetia,23:00 - 00:00,24 July,2016,Sunday,Weekend 1,Unknown
4985,Coincidence,The Rave Cave,Didier Beydts,12:00 - 13:30,24 July,2016,Sunday,Weekend 1,Unknown
4986,Coincidence,The Rave Cave,Rupert Harvey & Jln,13:30 - 15:00,24 July,2016,Sunday,Weekend 1,Unknown
4987,Coincidence,The Rave Cave,Rafi Khan,15:00 - 16:30,24 July,2016,Sunday,Weekend 1,Unknown
4988,Coincidence,The Rave Cave,Tom Dazing,16:30 - 18:00,24 July,2016,Sunday,Weekend 1,Commercial Dance
4989,Coincidence,The Rave Cave,Nicole Rosie,18:00 - 19:30,24 July,2016,Sunday,Weekend 1,Unknown
4990,Coincidence,The Rave Cave,Jeff Rushin,19:30 - 21:00,24 July,2016,Sunday,Weekend 1,Unknown
4991,Coincidence,The Rave Cave,Amelie Lens,21:00 - 22:30,24 July,2016,Sunday,Weekend 1,"Electronica, Techno, Trance"
4992,Coincidence,The Rave Cave,Massimo Mephisto,22:30 - 00:00,24 July,2016,Sunday,Weekend 1,Unknown
4993,Bakermat & Friends,The Rose Garden,Deepend,12:30 - 13:30,24 July,2016,Sunday,Weekend 1,"Tech House, Traditional House"
4994,Bakermat & Friends,The Rose Garden,Mike Mago,13:30 - 15:00,24 July,2016,Sunday,Weekend 1,Commercial Dance
4995,Bakermat & Friends,The Rose Garden,Jonas Blue Ft. Dakota,15:00 - 16:00,24 July,2016,Sunday,Weekend 1,Unknown
4996,Bakermat & Friends,The Rose Garden,Matoma,16:00 - 17:00,24 July,2016,Sunday,Weekend 1,"Electronica, Funk / R&B, Traditional House"
4997,Bakermat & Friends,The Rose Garden,Sam Feldt,17:00 - 18:15,24 July,2016,Sunday,Weekend 1,Traditional House
4998,Bakermat & Friends,The Rose Garden,Klingande,18:15 - 19:30,24 July,2016,Sunday,Weekend 1,"Deep House, Tropical House"
4999,Bakermat & Friends,The Rose Garden,Thomas Jack,19:30 - 21:00,24 July,2016,Sunday,Weekend 1,"Progressive House, Funky House"
5000,Footworxx,Temple,System Overload Vs Darkcontroller,13:15 - 14:30,24 July,2016,Sunday,Weekend 1,Unknown
5001,Bakermat & Friends,The Rose Garden,Michael Calfan,22:30 - 00:00,24 July,2016,Sunday,Weekend 1,Traditional House
5002,Age Of Love,Tulip,Cosmo,12:30 - 13:30,24 July,2016,Sunday,Weekend 1,"Electro House, Trance"
5003,Age Of Love,Tulip,Sven Van Hees & Steve Cop,13:30 - 15:00,24 July,2016,Sunday,Weekend 1,Unknown
5004,Age Of Love,Tulip,Olivier Pieters,15:00 - 16:00,24 July,2016,Sunday,Weekend 1,Unknown
5005,Age Of Love,Tulip,Quincy,16:00 - 17:30,24 July,2016,Sunday,Weekend 1,Unknown
5006,Age Of Love,Tulip,Marko De La Rocca,17:30 - 19:00,24 July,2016,Sunday,Weekend 1,Unknown
5007,Age Of Love,Tulip,Franky Jones,19:00 - 20:30,24 July,2016,Sunday,Weekend 1,"Techno, Acid"
5008,Age Of Love,Tulip,Da Hool,20:30 - 21:30,24 July,2016,Sunday,Weekend 1,Unknown
5009,Age Of Love,Tulip,Zolex,21:30 - 23:00,24 July,2016,Sunday,Weekend 1,Unknown
5010,Age Of Love,Tulip,Push,23:00 - 00:00,24 July,2016,Sunday,Weekend 1,"Trance, Progressive House"
5011,Barong Family,Wind Stage,Chace,12:00 - 13:00,24 July,2016,Sunday,Weekend 1,Unknown
5012,Barong Family,Wind Stage,The Galaxy,13:00 - 14:00,24 July,2016,Sunday,Weekend 1,Unknown
5013,Barong Family,Wind Stage,San Holo,14:00 - 15:00,24 July,2016,Sunday,Weekend 1,"Drum & Bass, Electronica, Trap"
5014,Barong Family,Wind Stage,Mightyfools,15:00 - 16:00,24 July,2016,Sunday,Weekend 1,Commercial Dance
5015,Barong Family,Wind Stage,Mike Cervello,16:00 - 17:00,24 July,2016,Sunday,Weekend 1,"Bass House, Electro House"
5016,Barong Family,Wind Stage,Cesqeaux,17:00 - 18:00,24 July,2016,Sunday,Weekend 1,"Electro House, Electronica, Trap"
5017,Barong Family,Wind Stage,Mustard,18:00 - 19:00,24 July,2016,Sunday,Weekend 1,Hip-Hop
5018,Barong Family,Wind Stage,Wiwek,19:00 - 20:00,24 July,2016,Sunday,Weekend 1,"Commercial Dance, Drum & Bass, Electronica, Traditional House"
5019,Barong Family,Wind Stage,Moksi,20:00 - 21:00,24 July,2016,Sunday,Weekend 1,"Pop House, Electro House"
5020,Barong Family,Wind Stage,Yellow Claw,21:00 - 22:00,24 July,2016,Sunday,Weekend 1,"Electro House, Electronica, Hip-Hop, Traditional House, Trap"
5021,Barong Family,Wind Stage,Jauz,22:00 - 23:00,24 July,2016,Sunday,Weekend 1,"Drum & Bass, Dubstep, Electronica, Traditional House, Trap"
5022,Barong Family,Wind Stage,Lny Tnz,23:00 - 00:00,24 July,2016,Sunday,Weekend 1,Hard Dance
5023,The Gathering,The Gathering,Dimitri Vegas & Like Mike & Yves V,00:30 - 01:00,23 July,2015,Thursday,Weekend 1,Unknown
5024,The Gathering,The Gathering,Mr_Fuzz,13:00 - 14:00,23 July,2015,Thursday,Weekend 1,Unknown
5025,Bakermat & Friends,The Rose Garden,Bakermat,21:00 - 22:30,24 July,2016,Sunday,Weekend 1,Deep House
5026,The Gathering,The Gathering,Michael Thoelen,14:45 - 15:30,23 July,2015,Thursday,Weekend 1,Unknown
5027,The Gathering,The Gathering,Chantal,15:30 - 16:15,23 July,2015,Thursday,Weekend 1,Unknown
5028,The Gathering,The Gathering,Dany Rodriguez,16:15 - 17:00,23 July,2015,Thursday,Weekend 1,Unknown
5029,The Gathering,The Gathering,Prinz,17:00 - 17:45,23 July,2015,Thursday,Weekend 1,Techno
5030,The Gathering,The Gathering,Goldfox,17:45 - 18:30,23 July,2015,Thursday,Weekend 1,"Electronic, Dance"
5031,The Gathering,The Gathering,DJaxx & Neurotique,18:30 - 19:30,23 July,2015,Thursday,Weekend 1,Unknown
5032,The Gathering,The Gathering,Stereo Killah,19:30 - 20:15,23 July,2015,Thursday,Weekend 1,Unknown
5033,The Gathering,The Gathering,Kenn Colt,20:15 - 21:00,23 July,2015,Thursday,Weekend 1,"Electro House, Progressive House"
5034,The Gathering,The Gathering,Jetfire,21:00 - 22:00,23 July,2015,Thursday,Weekend 1,Unknown
5035,The Gathering,The Gathering,Romeo Blanco,22:00 - 23:00,23 July,2015,Thursday,Weekend 1,Commercial Dance
5036,The Gathering,The Gathering,Coone,23:00 - 23:45,23 July,2015,Thursday,Weekend 1,Hard Dance
5037,The Gathering,The Gathering,Surprise Gig,23:45 - 00:30,23 July,2015,Thursday,Weekend 1,Unknown
5038,Qult,Bamboo Octopus,ATMO,12:00 - 13:00,24 July,2015,Friday,Weekend 1,Trance
5039,Qult,Bamboo Octopus,S1ngular,13:00 - 14:00,24 July,2015,Friday,Weekend 1,Unknown
5040,Qult,Bamboo Octopus,Mightyfools,14:00 - 15:00,24 July,2015,Friday,Weekend 1,Commercial Dance
5041,Qult,Bamboo Octopus,Dirtcaps,15:00 - 16:00,24 July,2015,Friday,Weekend 1,"Drum & Bass, Hardcore Techno, Trap"
5042,Qult,Bamboo Octopus,A*S*Y*S*,16:00 - 17:00,24 July,2015,Friday,Weekend 1,Commercial Dance
5043,Qult,Bamboo Octopus,ACTI,17:00 - 18:00,24 July,2015,Friday,Weekend 1,Rap
5044,Qult,Bamboo Octopus,Alex Kidd,18:00 - 19:00,24 July,2015,Friday,Weekend 1,Hard Dance
5045,Qult,Bamboo Octopus,Geck-O,19:00 - 20:00,24 July,2015,Friday,Weekend 1,Unknown
5046,Qult,Bamboo Octopus,Dr. Phunk,20:00 - 21:00,24 July,2015,Friday,Weekend 1,Unknown
5047,Qult,Bamboo Octopus,Audiofreq,21:00 - 22:00,24 July,2015,Friday,Weekend 1,Hard Dance
5048,Qult,Bamboo Octopus,LNY TNZ,22:00 - 23:00,24 July,2015,Friday,Weekend 1,Hard Dance
5049,Qult,Bamboo Octopus,Phrantic,23:00 - 00:00,24 July,2015,Friday,Weekend 1,Unknown
5050,The Gathering,The Gathering,Soulcity,14:00 - 14:45,23 July,2015,Thursday,Weekend 1,Electronic
5051,Desperados Club,Desperados Club Stage,Fuc Le Duc,14:00 - 15:00,24 July,2015,Friday,Weekend 1,Unknown
5052,Desperados Club,Desperados Club Stage,Bafana & Hush Hefner,15:00 - 16:30,24 July,2015,Friday,Weekend 1,Unknown
5053,Desperados Club,Desperados Club Stage,Broiler,16:30 - 18:00,24 July,2015,Friday,Weekend 1,Unknown
5054,Desperados Club,Desperados Club Stage,FEDER,18:00 - 19:30,24 July,2015,Friday,Weekend 1,"Commercial Dance, Electronica, Reggae"
5055,Desperados Club,Desperados Club Stage,Leesa,19:30 - 21:00,24 July,2015,Friday,Weekend 1,Unknown
5056,Desperados Club,Desperados Club Stage,Niels Feijen,21:00 - 22:00,24 July,2015,Friday,Weekend 1,Unknown
5057,Blue Flame,Flowerboat,The Oddword,00:00 - 01:00,24 July,2015,Friday,Weekend 1,Unknown
5058,Blue Flame,Flowerboat,Michael Beltran,12:00 - 12:45,24 July,2015,Friday,Weekend 1,Unknown
5059,Blue Flame,Flowerboat,T.A.T.S,12:45 - 13:30,24 July,2015,Friday,Weekend 1,Unknown
5060,Blue Flame,Flowerboat,Lost Stories,13:30 - 14:30,24 July,2015,Friday,Weekend 1,Unknown
5061,Blue Flame,Flowerboat,MVTTN,14:30 - 15:15,24 July,2015,Friday,Weekend 1,Unknown
5062,Blue Flame,Flowerboat,Nexuz,15:15 - 16:15,24 July,2015,Friday,Weekend 1,Unknown
5063,Blue Flame,Flowerboat,DiMaro & Violinvasion,16:15 - 17:15,24 July,2015,Friday,Weekend 1,Unknown
5064,Blue Flame,Flowerboat,Double Pleasure,17:15 - 18:15,24 July,2015,Friday,Weekend 1,House
5065,Blue Flame,Flowerboat,Redondo,18:15 - 19:15,24 July,2015,Friday,Weekend 1,Tech House
5066,Blue Flame,Flowerboat,Franky Rizardo,19:15 - 20:15,24 July,2015,Friday,Weekend 1,Commercial Dance
5067,Blue Flame,Flowerboat,Makasi,20:15 - 21:15,24 July,2015,Friday,Weekend 1,House
5068,Blue Flame,Flowerboat,Amine Edge & Dance,21:15 - 22:15,24 July,2015,Friday,Weekend 1,Commercial Dance
5069,Blue Flame,Flowerboat,Neon,22:15 - 23:15,24 July,2015,Friday,Weekend 1,Electronic
5070,Blue Flame,Flowerboat,Megamen,23:15 - 00:00,24 July,2015,Friday,Weekend 1,Unknown
5071,I Love The 90's,Forest,Human Resource,00:00 - 01:00,24 July,2015,Friday,Weekend 1,Commercial Dance
5072,I Love The 90's,Forest,Ward,12:00 - 16:30,24 July,2015,Friday,Weekend 1,"Disco, Funk, House"
5073,I Love The 90's,Forest,2 Fabiola,16:30 - 17:00,24 July,2015,Friday,Weekend 1,Unknown
5074,I Love The 90's,Forest,Superfunk,17:00 - 18:00,24 July,2015,Friday,Weekend 1,Unknown
5075,Desperados Club,Desperados Club Stage,Wooden Sound,13:00 - 14:00,24 July,2015,Friday,Weekend 1,Unknown
5076,I Love The 90's,Forest,Wout,19:00 - 20:00,24 July,2015,Friday,Weekend 1,House
5077,I Love The 90's,Forest,Johan Gielen,20:00 - 21:00,24 July,2015,Friday,Weekend 1,Trance
5078,I Love The 90's,Forest,Future Breeze,21:00 - 22:00,24 July,2015,Friday,Weekend 1,Unknown
5079,I Love The 90's,Forest,Ward,22:00 - 23:00,24 July,2015,Friday,Weekend 1,"Disco, Funk, House"
5080,I Love The 90's,Forest,Atmoz,23:00 - 00:00,24 July,2015,Friday,Weekend 1,"Hardcore Techno, Techno, Traditional House, Trance"
5081,Dim Mak,Framestage,Marnik,13:00 - 13:45,24 July,2015,Friday,Weekend 1,"Electronica, Progressive House"
5082,Dim Mak,Framestage,Qulinez,13:45 - 14:15,24 July,2015,Friday,Weekend 1,Unknown
5083,Dim Mak,Framestage,Uberjak'd,14:15 - 14:45,24 July,2015,Friday,Weekend 1,Commercial Dance
5084,Dim Mak,Framestage,Autoérotique,14:45 - 15:30,24 July,2015,Friday,Weekend 1,Electro House
5085,Dim Mak,Framestage,Ookay,15:30 - 16:15,24 July,2015,Friday,Weekend 1,Commercial Dance
5086,Dim Mak,Framestage,Crookers,16:15 - 17:15,24 July,2015,Friday,Weekend 1,Electro House
5087,Dim Mak,Framestage,Borgore,17:15 - 18:15,24 July,2015,Friday,Weekend 1,Dubstep
5088,Dim Mak,Framestage,Steve Aoki,18:15 - 19:45,24 July,2015,Friday,Weekend 1,"Electro House, Indie / Underground"
5089,Dim Mak,Framestage,Deorro,19:45 - 20:45,24 July,2015,Friday,Weekend 1,Electro House
5090,Dim Mak,Framestage,Keys N Krates,20:45 - 21:30,24 July,2015,Friday,Weekend 1,"Electronica, Hip-Hop"
5091,Dim Mak,Framestage,Chris Lorenzo,21:30 - 22:15,24 July,2015,Friday,Weekend 1,"Drum & Bass, Traditional House"
5092,Dim Mak,Framestage,The Bloody Beetroots (SBCR DJ SET),22:15 - 23:15,24 July,2015,Friday,Weekend 1,Unknown
5093,Dim Mak,Framestage,Dirtyphonics,23:15 - 00:15,24 July,2015,Friday,Weekend 1,"Drum & Bass, Dubstep"
5094,V Sessions,Garden of Madness,Chuckie,00:00 - 01:00,24 July,2015,Friday,Weekend 1,Electro House
5095,V Sessions,Garden of Madness,Coone,00:15 - 01:00,24 July,2015,Friday,Weekend 1,Hard Dance
5096,V Sessions,Garden of Madness,Mystique,12:30 - 13:30,24 July,2015,Friday,Weekend 1,Hardstyle
5097,V Sessions,Garden of Madness,Brian Cross,13:30 - 14:30,24 July,2015,Friday,Weekend 1,"Tech House, Trance"
5098,V Sessions,Garden of Madness,Promise Land,14:30 - 15:30,24 July,2015,Friday,Weekend 1,Commercial Dance
5099,V Sessions,Garden of Madness,Dzeko & Torres,15:30 - 16:30,24 July,2015,Friday,Weekend 1,Progressive House
5100,I Love The 90's,Forest,Syndicate of L.A.W.,18:00 - 19:00,24 July,2015,Friday,Weekend 1,Unknown
5101,V Sessions,Garden of Madness,FTampa,17:30 - 18:30,24 July,2015,Friday,Weekend 1,Electro House
5102,V Sessions,Garden of Madness,Firebeatz,18:30 - 19:30,24 July,2015,Friday,Weekend 1,Electro House
5103,V Sessions,Garden of Madness,Sidney Samson,19:30 - 20:00,24 July,2015,Friday,Weekend 1,Traditional House
5104,V Sessions,Garden of Madness,Yves V vs Sidney Samson,20:00 - 20:30,24 July,2015,Friday,Weekend 1,Unknown
5105,V Sessions,Garden of Madness,Yves V,20:30 - 21:00,24 July,2015,Friday,Weekend 1,Progressive House
5106,V Sessions,Garden of Madness,R3hab,21:00 - 22:00,24 July,2015,Friday,Weekend 1,"Electro House, Progressive House"
5107,V Sessions,Garden of Madness,Borgeous,22:00 - 23:00,24 July,2015,Friday,Weekend 1,Commercial Dance
5108,V Sessions,Garden of Madness,Quintino,23:00 - 00:00,24 July,2015,Friday,Weekend 1,Electro House
5109,Jamie Jones presents Paradise,House of Books,Cheap Charly Men,12:00 - 13:00,24 July,2015,Friday,Weekend 1,Unknown
5110,Jamie Jones presents Paradise,House of Books,Smos,13:00 - 14:00,24 July,2015,Friday,Weekend 1,Band
5111,Jamie Jones presents Paradise,House of Books,Robert James,14:00 - 15:30,24 July,2015,Friday,Weekend 1,Minimal
5112,Jamie Jones presents Paradise,House of Books,wAFF,15:30 - 17:00,24 July,2015,Friday,Weekend 1,Commercial Dance
5113,Jamie Jones presents Paradise,House of Books,Patrick Topping,17:00 - 18:30,24 July,2015,Friday,Weekend 1,Commercial Dance
5114,Jamie Jones presents Paradise,House of Books,Richy Ahmed,18:30 - 20:00,24 July,2015,Friday,Weekend 1,Tech House
5115,Jamie Jones presents Paradise,House of Books,Cajmere,20:00 - 21:30,24 July,2015,Friday,Weekend 1,Unknown
5116,Jamie Jones presents Paradise,House of Books,The Martinez Brothers,21:30 - 23:00,24 July,2015,Friday,Weekend 1,Tech House
5117,Jamie Jones presents Paradise,House of Books,Jamie Jones,23:00 - 01:00,24 July,2015,Friday,Weekend 1,Tech House
5118,Leaf by Mastercard,Leaf,Xavier Shimtshack,12:30 - 15:00,24 July,2015,Friday,Weekend 1,Unknown
5119,Leaf by Mastercard,Leaf,Trashlagoon,15:00 - 16:30,24 July,2015,Friday,Weekend 1,Unknown
5120,Leaf by Mastercard,Leaf,Jose Maria Ramon,16:30 - 17:30,24 July,2015,Friday,Weekend 1,Unknown
5121,Leaf by Mastercard,Leaf,Parra For Cuva,17:30 - 19:00,24 July,2015,Friday,Weekend 1,Unknown
5122,Leaf by Mastercard,Leaf,Ade Kanon,19:00 - 20:30,24 July,2015,Friday,Weekend 1,Unknown
5123,Leaf by Mastercard,Leaf,Iris Menza,20:30 - 22:00,24 July,2015,Friday,Weekend 1,Unknown
5124,Leaf by Mastercard,Leaf,David Moreno,22:00 - 23:30,24 July,2015,Friday,Weekend 1,Unknown
5125,V Sessions,Garden of Madness,Dimitri Vangelis & Wyman,16:30 - 17:30,24 July,2015,Friday,Weekend 1,Unknown
5126,Derrick Carter Family & Friends,Magical Mirrors,Riva Starr,15:00 - 17:00,24 July,2015,Friday,Weekend 1,Tech House
5127,Derrick Carter Family & Friends,Magical Mirrors,Riva Starr B2B DJ Pierre,17:00 - 19:00,24 July,2015,Friday,Weekend 1,Unknown
5128,Derrick Carter Family & Friends,Magical Mirrors,Derrick Carter,19:00 - 20:00,24 July,2015,Friday,Weekend 1,Traditional House
5129,Derrick Carter Family & Friends,Magical Mirrors,Derrick Carter B2B Eats Everything,20:00 - 22:00,24 July,2015,Friday,Weekend 1,Unknown
5130,Derrick Carter Family & Friends,Magical Mirrors,Mark Farina B2B Seth Troxler,22:00 - 01:00,24 July,2015,Friday,Weekend 1,Unknown
5131,Mainstage,Mainstage,Steve Aoki,00:00 - 01:00,24 July,2015,Friday,Weekend 1,"Electro House, Indie / Underground"
5132,Mainstage,Mainstage,Nick Van de Wall,12:00 - 14:30,24 July,2015,Friday,Weekend 1,Unknown
5133,Mainstage,Mainstage,Oliver Heldens,14:30 - 15:30,24 July,2015,Friday,Weekend 1,"Electro House, Electronica, Techno"
5134,Mainstage,Mainstage,Ummet Ozcan,15:30 - 16:30,24 July,2015,Friday,Weekend 1,Trance
5135,Mainstage,Mainstage,Dyro,16:30 - 17:30,24 July,2015,Friday,Weekend 1,Progressive House
5136,Mainstage,Mainstage,Romeo Blanco,17:30 - 18:30,24 July,2015,Friday,Weekend 1,Commercial Dance
5137,Mainstage,Mainstage,W&W,18:30 - 19:30,24 July,2015,Friday,Weekend 1,Trance
5138,Mainstage,Mainstage,Nicky Romero,19:30 - 20:30,24 July,2015,Friday,Weekend 1,Progressive House
5139,Mainstage,Mainstage,Alesso,20:30 - 21:30,24 July,2015,Friday,Weekend 1,Progressive House
5140,Mainstage,Mainstage,David Guetta,21:30 - 22:45,24 July,2015,Friday,Weekend 1,Electro House
5141,Mainstage,Mainstage,Avicii,22:45 - 00:00,24 July,2015,Friday,Weekend 1,Unknown
5142,Mazda Journey Island,Mazda Journey Island,Souza Malouza,12:30 - 14:00,24 July,2015,Friday,Weekend 1,Unknown
5143,Mazda Journey Island,Mazda Journey Island,Alvar & Millas,14:00 - 15:00,24 July,2015,Friday,Weekend 1,Unknown
5144,Mazda Journey Island,Mazda Journey Island,Siege,15:00 - 16:00,24 July,2015,Friday,Weekend 1,"House, Techno"
5145,Mazda Journey Island,Mazda Journey Island,Abel Ramos,16:00 - 17:00,24 July,2015,Friday,Weekend 1,"Progressive House, Trance"
5146,Mazda Journey Island,Mazda Journey Island,Shaan,17:00 - 18:00,24 July,2015,Friday,Weekend 1,Unknown
5147,Mazda Journey Island,Mazda Journey Island,Quentin Mosimann,18:00 - 19:00,24 July,2015,Friday,Weekend 1,Unknown
5148,Mazda Journey Island,Mazda Journey Island,Mike Hawkins,19:00 - 20:00,24 July,2015,Friday,Weekend 1,Traditional House
5149,Mazda Journey Island,Mazda Journey Island,Stadiumx,20:00 - 21:00,24 July,2015,Friday,Weekend 1,"Electro House, Electronica, Progressive House, Tech House"
5150,Derrick Carter Family & Friends,Magical Mirrors,Sven Van Hees B2B Flapjackers,12:30 - 15:00,24 July,2015,Friday,Weekend 1,Unknown
5151,Mazda Journey Island,Mazda Journey Island,Blasterz,22:00 - 23:00,24 July,2015,Friday,Weekend 1,Unknown
5152,Mazda Journey Island,Mazda Journey Island,Wessel - S,23:00 - 00:00,24 July,2015,Friday,Weekend 1,Unknown
5153,Carl Cox & Friends,Opera,Javi Row,12:30 - 14:00,24 July,2015,Friday,Weekend 1,Unknown
5154,Carl Cox & Friends,Opera,Jon Rundell,14:00 - 15:30,24 July,2015,Friday,Weekend 1,Techno
5155,Carl Cox & Friends,Opera,John Digweed,15:30 - 17:00,24 July,2015,Friday,Weekend 1,"Tech House, Techno"
5156,Carl Cox & Friends,Opera,Monika Kruse,17:00 - 18:30,24 July,2015,Friday,Weekend 1,"Tech House, Techno"
5157,Carl Cox & Friends,Opera,Nicole Moudaber,18:30 - 20:00,24 July,2015,Friday,Weekend 1,Tech House
5158,Carl Cox & Friends,Opera,Dubfire,20:00 - 21:30,24 July,2015,Friday,Weekend 1,Techno
5159,Carl Cox & Friends,Opera,Solomun,21:30 - 23:00,24 July,2015,Friday,Weekend 1,Tech House
5160,Carl Cox & Friends,Opera,Carl Cox,23:00 - 01:00,24 July,2015,Friday,Weekend 1,"Tech House, Techno"
5161,Winterclubbing,The Rave Cave,DJ Luk & Mr Shake & Vox - D & DJ Barto,13:00 - 15:00,24 July,2015,Friday,Weekend 1,Unknown
5162,Winterclubbing,The Rave Cave,Jean de Gand,15:00 - 16:00,24 July,2015,Friday,Weekend 1,Unknown
5163,Winterclubbing,The Rave Cave,Double - U vs Skinnie,16:00 - 17:00,24 July,2015,Friday,Weekend 1,Unknown
5164,Winterclubbing,The Rave Cave,DJ Luk & Mr Shake & Vox - D & DJ Barto,17:00 - 18:30,24 July,2015,Friday,Weekend 1,Unknown
5165,Winterclubbing,The Rave Cave,Dimitri Wouters,18:30 - 20:00,24 July,2015,Friday,Weekend 1,House
5166,Winterclubbing,The Rave Cave,Deve & Matizz,20:00 - 21:30,24 July,2015,Friday,Weekend 1,Unknown
5167,Winterclubbing,The Rave Cave,Funk D,21:30 - 22:15,24 July,2015,Friday,Weekend 1,"House, Techno"
5168,Winterclubbing,The Rave Cave,DJ Luk & Vox - D & DJ Barto,22:15 - 01:00,24 July,2015,Friday,Weekend 1,Unknown
5169,Radio Ultra Modern,Theatre,Radio Ultra Modern - Friday,13:00 - 00:00,24 July,2015,Friday,Weekend 1,Unknown
5170,Cafeina,Tulip,Rafi Khan ft. Shéhérazade,12:00 - 12:45,24 July,2015,Friday,Weekend 1,Unknown
5171,Cafeina,Tulip,Audioboulevard,12:45 - 13:30,24 July,2015,Friday,Weekend 1,Unknown
5172,Cafeina,Tulip,Phill Da Cunha ft. Alec,13:30 - 14:15,24 July,2015,Friday,Weekend 1,Unknown
5173,Cafeina,Tulip,Cemode ft. Seelen,14:15 - 15:15,24 July,2015,Friday,Weekend 1,Unknown
5174,Cafeina,Tulip,DJ Licious ft. Delafino,15:15 - 16:15,24 July,2015,Friday,Weekend 1,Unknown
5175,Mazda Journey Island,Mazda Journey Island,Albert Neve,21:00 - 22:00,24 July,2015,Friday,Weekend 1,Progressive House
5176,Cafeina,Tulip,AN21,17:00 - 18:15,24 July,2015,Friday,Weekend 1,Progressive House
5177,Cafeina,Tulip,Cazzette,18:15 - 19:30,24 July,2015,Friday,Weekend 1,Electro House
5178,Cafeina,Tulip,Dave Lambert ft. Mr Grammy,19:30 - 20:30,24 July,2015,Friday,Weekend 1,Unknown
5179,Cafeina,Tulip,Disco Dasco,20:30 - 21:30,24 July,2015,Friday,Weekend 1,"Electronic, House"
5180,Cafeina,Tulip,Roma,21:30 - 22:30,24 July,2015,Friday,Weekend 1,"Electronic, Dance"
5181,Cafeina,Tulip,DJ Philip ft. Joeri,22:30 - 23:30,24 July,2015,Friday,Weekend 1,Unknown
5182,Cafeina,Tulip,Andrea Oliva,23:30 - 01:00,24 July,2015,Friday,Weekend 1,"Minimal, Tech House"
5183,Tranceaddict,Wind Stage,Markus Schulz,00:00 - 01:00,24 July,2015,Friday,Weekend 1,"Progressive House, Trance"
5184,Tranceaddict,Wind Stage,Fred Baker,12:30 - 14:00,24 July,2015,Friday,Weekend 1,"Techno, Trance"
5185,Tranceaddict,Wind Stage,Menno De Jong,14:00 - 15:00,24 July,2015,Friday,Weekend 1,Trance
5186,Tranceaddict,Wind Stage,Airscape,15:00 - 16:00,24 July,2015,Friday,Weekend 1,Unknown
5187,Tranceaddict,Wind Stage,Tenishia,16:00 - 17:00,24 July,2015,Friday,Weekend 1,"Progressive House, Trance"
5188,Tranceaddict,Wind Stage,Stadium4,17:00 - 18:00,24 July,2015,Friday,Weekend 1,Unknown
5189,Tranceaddict,Wind Stage,Pure NRG (Live),18:00 - 19:00,24 July,2015,Friday,Weekend 1,Unknown
5190,Tranceaddict,Wind Stage,Sean Tyas,19:00 - 20:00,24 July,2015,Friday,Weekend 1,Trance
5191,Tranceaddict,Wind Stage,John O'Callaghan,20:00 - 21:00,24 July,2015,Friday,Weekend 1,Trance
5192,Tranceaddict,Wind Stage,Orjan Nilsen,21:00 - 22:00,24 July,2015,Friday,Weekend 1,Commercial Dance
5193,Tranceaddict,Wind Stage,Andrew Rayel,22:00 - 23:00,24 July,2015,Friday,Weekend 1,Trance
5194,Tranceaddict,Wind Stage,Aly & Fila,23:00 - 00:00,24 July,2015,Friday,Weekend 1,Trance
5195,Ketaloco,Bamboo Octopus,No shit like deep,12:00 - 14:00,25 July,2015,Saturday,Weekend 1,Unknown
5196,Ketaloco,Bamboo Octopus,Karotte,14:00 - 15:30,25 July,2015,Saturday,Weekend 1,Tech House
5197,Ketaloco,Bamboo Octopus,Caspar,15:30 - 17:00,25 July,2015,Saturday,Weekend 1,Unknown
5198,Ketaloco,Bamboo Octopus,Edu Imbernon,17:00 - 18:30,25 July,2015,Saturday,Weekend 1,Tech House
5199,Ketaloco,Bamboo Octopus,Don Cabron,18:30 - 20:00,25 July,2015,Saturday,Weekend 1,Unknown
5200,Cafeina,Tulip,2Dirty,16:15 - 17:00,24 July,2015,Friday,Weekend 1,Unknown
5201,Ketaloco,Bamboo Octopus,Nico Morano,21:30 - 23:00,25 July,2015,Saturday,Weekend 1,"House, Techno"
5202,Ketaloco,Bamboo Octopus,Marc Romboy vs Stephan Bodzin,23:00 - 01:00,25 July,2015,Saturday,Weekend 1,Unknown
5203,Desperados Club,Desperados Club Stage,Wayback,13:00 - 14:00,25 July,2015,Saturday,Weekend 1,House
5204,Desperados Club,Desperados Club Stage,Sheridan,14:00 - 15:00,25 July,2015,Saturday,Weekend 1,Commercial Dance
5205,Desperados Club,Desperados Club Stage,Mashpop,15:00 - 16:00,25 July,2015,Saturday,Weekend 1,Unknown
5206,Desperados Club,Desperados Club Stage,Beauhause,16:00 - 17:00,25 July,2015,Saturday,Weekend 1,Unknown
5207,Desperados Club,Desperados Club Stage,Michael Midnight,17:00 - 18:00,25 July,2015,Saturday,Weekend 1,Unknown
5208,Desperados Club,Desperados Club Stage,Felix da Housecat,18:00 - 19:30,25 July,2015,Saturday,Weekend 1,Traditional House
5209,Desperados Club,Desperados Club Stage,Raving George,19:30 - 21:00,25 July,2015,Saturday,Weekend 1,Unknown
5210,Desperados Club,Desperados Club Stage,Ugur Yurt,21:00 - 22:00,25 July,2015,Saturday,Weekend 1,Tech House
5211,Bonzai,Flowerboat,Manu Riga & Matt Holiday,12:30 - 13:30,25 July,2015,Saturday,Weekend 1,Unknown
5212,Bonzai,Flowerboat,Relaunch,13:30 - 14:30,25 July,2015,Saturday,Weekend 1,"Traditional House, Trance"
5213,Bonzai,Flowerboat,Gai Barone,14:30 - 15:30,25 July,2015,Saturday,Weekend 1,Progressive House
5214,Bonzai,Flowerboat,Nico Parisi,15:30 - 16:30,25 July,2015,Saturday,Weekend 1,Progressive House
5215,Bonzai,Flowerboat,DJ Phi Phi,16:30 - 17:30,25 July,2015,Saturday,Weekend 1,Unknown
5216,Bonzai,Flowerboat,Jan Vervloet,17:30 - 18:30,25 July,2015,Saturday,Weekend 1,Progressive House
5217,Bonzai,Flowerboat,Bountyhunter,18:30 - 19:30,25 July,2015,Saturday,Weekend 1,"Hardcore, Gabber, Electronic"
5218,Bonzai,Flowerboat,Furax,19:30 - 20:30,25 July,2015,Saturday,Weekend 1,"Hardcore Techno, Traditional House"
5219,Bonzai,Flowerboat,DJ Ghost ft. MC Pyro,20:30 - 21:30,25 July,2015,Saturday,Weekend 1,Unknown
5220,Bonzai,Flowerboat,Yves Deruyter,21:30 - 22:30,25 July,2015,Saturday,Weekend 1,Trance
5221,Bonzai,Flowerboat,Franky Kloeck,22:30 - 23:30,25 July,2015,Saturday,Weekend 1,"Techno, Hard Trance"
5222,Bonzai,Flowerboat,Bonzai All Stars,23:30 - 01:00,25 July,2015,Saturday,Weekend 1,"Techno, Trance"
5223,Star Warz,Forest,Matrix & Futurebound ft. Mc Rhymestar,00:00 - 10:00,25 July,2015,Saturday,Weekend 1,Unknown
5224,Star Warz,Forest,Carbon,13:00 - 14:00,25 July,2015,Saturday,Weekend 1,"Chill Out, Drum & Bass, Electronica, Minimal, Psychedelic Trance"
5225,Ketaloco,Bamboo Octopus,Andhim,20:00 - 21:30,25 July,2015,Saturday,Weekend 1,"Progressive House, Tech House"
5226,Star Warz,Forest,M&T,15:00 - 16:00,25 July,2015,Saturday,Weekend 1,Unknown
5227,Star Warz,Forest,Station Earth B2B James Marvel,16:00 - 17:00,25 July,2015,Saturday,Weekend 1,Unknown
5228,Star Warz,Forest,New Deal,17:00 - 18:00,25 July,2015,Saturday,Weekend 1,Commercial Dance
5229,Star Warz,Forest,Murdock,18:00 - 19:00,25 July,2015,Saturday,Weekend 1,Drum & Bass
5230,Star Warz,Forest,Nymfo,19:00 - 20:00,25 July,2015,Saturday,Weekend 1,Drum & Bass
5231,Star Warz,Forest,Koven,20:00 - 21:00,25 July,2015,Saturday,Weekend 1,Drum & Bass
5232,Star Warz,Forest,The Prototypes,21:00 - 22:00,25 July,2015,Saturday,Weekend 1,"Drum & Bass, Jungle"
5233,Star Warz,Forest,Brookes Brothers,22:00 - 23:00,25 July,2015,Saturday,Weekend 1,Drum & Bass
5234,Star Warz,Forest,DJ Marky,23:00 - 00:00,25 July,2015,Saturday,Weekend 1,"Drum & Bass, Jungle"
5235,Q-Dance,Framestage,Kutski,12:00 - 13:00,25 July,2015,Saturday,Weekend 1,Hardcore Techno
5236,Q-Dance,Framestage,Pat B,13:00 - 14:00,25 July,2015,Saturday,Weekend 1,Rock
5237,Q-Dance,Framestage,Psyko Punkz,14:00 - 15:00,25 July,2015,Saturday,Weekend 1,Hardcore Techno
5238,Q-Dance,Framestage,Frontliner,15:00 - 16:00,25 July,2015,Saturday,Weekend 1,Hardcore Techno
5239,Q-Dance,Framestage,Atmozfears (live),16:00 - 16:30,25 July,2015,Saturday,Weekend 1,Unknown
5240,Q-Dance,Framestage,Wildstylez,16:30 - 17:30,25 July,2015,Saturday,Weekend 1,Hard Dance
5241,Q-Dance,Framestage,Coone,17:30 - 19:00,25 July,2015,Saturday,Weekend 1,Hard Dance
5242,Q-Dance,Framestage,Noisecontrollers,19:00 - 20:00,25 July,2015,Saturday,Weekend 1,Hardcore Techno
5243,Q-Dance,Framestage,Brennan Heart,20:00 - 21:00,25 July,2015,Saturday,Weekend 1,Hard Dance
5244,Q-Dance,Framestage,B - Front ft. Hard Driver,21:00 - 22:00,25 July,2015,Saturday,Weekend 1,Unknown
5245,Q-Dance,Framestage,Ran - D,22:00 - 23:00,25 July,2015,Saturday,Weekend 1,Unknown
5246,Q-Dance,Framestage,Evil Activities,23:00 - 00:00,25 July,2015,Saturday,Weekend 1,Hardcore Techno
5247,Revealed,Garden of Madness,Thomas Newson,00:00 - 01:00,25 July,2015,Saturday,Weekend 1,Commercial Dance
5248,Revealed,Garden of Madness,JETFIRE,12:30 - 13:15,25 July,2015,Saturday,Weekend 1,Unknown
5249,Revealed,Garden of Madness,Tom & Jame,13:15 - 14:00,25 July,2015,Saturday,Weekend 1,"Commercial Dance, Electronica, Traditional House"
5250,Star Warz,Forest,The Offenders,14:00 - 15:00,25 July,2015,Saturday,Weekend 1,Unknown
5251,Revealed,Garden of Madness,Joey Dale,15:00 - 16:00,25 July,2015,Saturday,Weekend 1,"Electro House, Electronica, Progressive House"
5252,Revealed,Garden of Madness,Julian Calor,16:00 - 17:00,25 July,2015,Saturday,Weekend 1,Unknown
5253,Revealed,Garden of Madness,Kill The Buzz,17:00 - 18:00,25 July,2015,Saturday,Weekend 1,Commercial Dance
5254,Revealed,Garden of Madness,Sick Individuals,18:00 - 19:00,25 July,2015,Saturday,Weekend 1,Progressive House
5255,Revealed,Garden of Madness,Dannic,19:00 - 20:00,25 July,2015,Saturday,Weekend 1,Progressive House
5256,Revealed,Garden of Madness,Hardwell,20:00 - 21:00,25 July,2015,Saturday,Weekend 1,"Electro House, Progressive House"
5257,Revealed,Garden of Madness,Dyro,21:00 - 22:00,25 July,2015,Saturday,Weekend 1,Progressive House
5258,Revealed,Garden of Madness,Headhunterz,22:00 - 23:00,25 July,2015,Saturday,Weekend 1,Hard Dance
5259,Revealed,Garden of Madness,Jordy Dazz,23:00 - 00:00,25 July,2015,Saturday,Weekend 1,Commercial Dance
5260,Cocoon,House of Books,Fred Hush,12:00 - 14:00,25 July,2015,Saturday,Weekend 1,Unknown
5261,Cocoon,House of Books,Seth Troxler,14:00 - 15:30,25 July,2015,Saturday,Weekend 1,"Tech House, Techno"
5262,Cocoon,House of Books,Dana Ruh,15:30 - 17:00,25 July,2015,Saturday,Weekend 1,Commercial Dance
5263,Cocoon,House of Books,Markus Fix,17:00 - 18:30,25 July,2015,Saturday,Weekend 1,Electronica
5264,Cocoon,House of Books,Josh Wink,18:30 - 20:00,25 July,2015,Saturday,Weekend 1,"Tech House, Techno"
5265,Cocoon,House of Books,Maceo Plex,20:00 - 22:00,25 July,2015,Saturday,Weekend 1,Tech House
5266,Cocoon,House of Books,Sven Väth,22:00 - 01:00,25 July,2015,Saturday,Weekend 1,Techno
5267,Leaf by Mastercard,Leaf,X - Ian,12:30 - 15:00,25 July,2015,Saturday,Weekend 1,Unknown
5268,Leaf by Mastercard,Leaf,Jose Maria Ramon,15:00 - 16:30,25 July,2015,Saturday,Weekend 1,Unknown
5269,Leaf by Mastercard,Leaf,Trashlagoon,16:30 - 17:30,25 July,2015,Saturday,Weekend 1,Unknown
5270,Leaf by Mastercard,Leaf,Parra For Cuva,17:30 - 19:00,25 July,2015,Saturday,Weekend 1,Unknown
5271,Leaf by Mastercard,Leaf,Nathan Fix,19:00 - 20:30,25 July,2015,Saturday,Weekend 1,Unknown
5272,Leaf by Mastercard,Leaf,Merdan Taplak,20:30 - 22:00,25 July,2015,Saturday,Weekend 1,Unknown
5273,Leaf by Mastercard,Leaf,Prinz,22:00 - 23:30,25 July,2015,Saturday,Weekend 1,Techno
5274,We Play House,Magical Mirrors,Jensen,12:00 - 14:00,25 July,2015,Saturday,Weekend 1,"Techno, Electro"
5275,Revealed,Garden of Madness,Manse,14:00 - 15:00,25 July,2015,Saturday,Weekend 1,Metal
5276,We Play House,Magical Mirrors,Deetron,16:00 - 18:00,25 July,2015,Saturday,Weekend 1,Techno
5277,We Play House,Magical Mirrors,Aril Brikha,18:00 - 19:00,25 July,2015,Saturday,Weekend 1,"Minimal, Techno"
5278,We Play House,Magical Mirrors,Oliver Dollar,19:00 - 20:30,25 July,2015,Saturday,Weekend 1,House
5279,We Play House,Magical Mirrors,FCL ft. Lady Linn,20:30 - 23:30,25 July,2015,Saturday,Weekend 1,Unknown
5280,We Play House,Magical Mirrors,Mousse T,23:30 - 01:00,25 July,2015,Saturday,Weekend 1,Electro House
5281,Mainstage,Mainstage,Martin Solveig,12:00 - 14:30,25 July,2015,Saturday,Weekend 1,Electro House
5282,Mainstage,Mainstage,R3hab,14:30 - 15:30,25 July,2015,Saturday,Weekend 1,"Electro House, Progressive House"
5283,Mainstage,Mainstage,Otto Knows,15:30 - 16:30,25 July,2015,Saturday,Weekend 1,Traditional House
5284,Mainstage,Mainstage,Deorro,16:30 - 17:30,25 July,2015,Saturday,Weekend 1,Electro House
5285,Mainstage,Mainstage,Blasterjaxx,17:30 - 18:30,25 July,2015,Saturday,Weekend 1,Commercial Dance
5286,Mainstage,Mainstage,Dillon Francis,18:30 - 19:30,25 July,2015,Saturday,Weekend 1,Electro House
5287,Mainstage,Mainstage,Yves V,19:30 - 20:30,25 July,2015,Saturday,Weekend 1,Progressive House
5288,Mainstage,Mainstage,Martin Garrix,20:30 - 21:30,25 July,2015,Saturday,Weekend 1,Electro House
5289,Mainstage,Mainstage,Armin Van Buuren,21:30 - 22:45,25 July,2015,Saturday,Weekend 1,Trance
5290,Mainstage,Mainstage,Dimitri Vegas & Like Mike,22:45 - 23:45,25 July,2015,Saturday,Weekend 1,Electro House
5291,Mainstage,Mainstage,Axwell ^ Ingrosso,23:45 - 01:00,25 July,2015,Saturday,Weekend 1,Unknown
5292,Mazda Journey Island,Mazda Journey Island,Davidov,12:30 - 14:00,25 July,2015,Saturday,Weekend 1,Unknown
5293,Mazda Journey Island,Mazda Journey Island,Dominico,14:00 - 15:00,25 July,2015,Saturday,Weekend 1,Tech House
5294,Mazda Journey Island,Mazda Journey Island,Reygel & Peri,15:00 - 16:00,25 July,2015,Saturday,Weekend 1,Unknown
5295,Mazda Journey Island,Mazda Journey Island,Henrik B,16:00 - 17:00,25 July,2015,Saturday,Weekend 1,Progressive House
5296,Mazda Journey Island,Mazda Journey Island,Stereo Killah,17:00 - 18:00,25 July,2015,Saturday,Weekend 1,Unknown
5297,Mazda Journey Island,Mazda Journey Island,Danny Wade,18:00 - 19:00,25 July,2015,Saturday,Weekend 1,Unknown
5298,Mazda Journey Island,Mazda Journey Island,Pierce Fulton,19:00 - 20:00,25 July,2015,Saturday,Weekend 1,Progressive House
5299,Mazda Journey Island,Mazda Journey Island,Made in June,20:00 - 21:00,25 July,2015,Saturday,Weekend 1,Unknown
5300,We Play House,Magical Mirrors,Prosumer,14:00 - 16:00,25 July,2015,Saturday,Weekend 1,Traditional House
5301,Mazda Journey Island,Mazda Journey Island,Lush & Simon,22:00 - 23:00,25 July,2015,Saturday,Weekend 1,Commercial Dance
5302,Mazda Journey Island,Mazda Journey Island,That's Who,23:00 - 00:00,25 July,2015,Saturday,Weekend 1,Unknown
5303,Super You & Me,Opera,MOTi,00:00 - 01:00,25 July,2015,Saturday,Weekend 1,"Electro House, Progressive House, Tech House"
5304,Super You & Me,Opera,D.O.D,12:30 - 14:00,25 July,2015,Saturday,Weekend 1,Electro House
5305,Super You & Me,Opera,Chocolate Puma,14:00 - 15:00,25 July,2015,Saturday,Weekend 1,Traditional House
5306,Super You & Me,Opera,Tom Staar vs Kryder,15:00 - 16:00,25 July,2015,Saturday,Weekend 1,Unknown
5307,Super You & Me,Opera,Don Diablo,16:00 - 17:00,25 July,2015,Saturday,Weekend 1,Progressive House
5308,Super You & Me,Opera,VINAI,17:00 - 18:00,25 July,2015,Saturday,Weekend 1,Big Room House
5309,Super You & Me,Opera,The Chainsmokers,18:00 - 19:00,25 July,2015,Saturday,Weekend 1,Commercial Dance
5310,Super You & Me,Opera,Sander Van Doorn,19:00 - 20:00,25 July,2015,Saturday,Weekend 1,Trance
5311,Super You & Me,Opera,Laidback Luke,20:00 - 21:00,25 July,2015,Saturday,Weekend 1,Electro House
5312,Super You & Me,Opera,Martin Solveig,21:00 - 22:00,25 July,2015,Saturday,Weekend 1,Electro House
5313,Super You & Me,Opera,Superheroes,22:00 - 23:00,25 July,2015,Saturday,Weekend 1,Unknown
5314,Super You & Me,Opera,Krewella,23:00 - 00:00,25 July,2015,Saturday,Weekend 1,Electro House
5315,Woody Weekend,The Rave Cave,Many Moore,00:00 - 01:00,25 July,2015,Saturday,Weekend 1,House
5316,Woody Weekend,The Rave Cave,Basement Sounds,12:00 - 13:30,25 July,2015,Saturday,Weekend 1,Unknown
5317,Woody Weekend,The Rave Cave,Coin ft. Swa,13:30 - 14:00,25 July,2015,Saturday,Weekend 1,Unknown
5318,Woody Weekend,The Rave Cave,Thim,14:00 - 15:30,25 July,2015,Saturday,Weekend 1,House
5319,Woody Weekend,The Rave Cave,Mathy,15:30 - 17:00,25 July,2015,Saturday,Weekend 1,Unknown
5320,Woody Weekend,The Rave Cave,Luca Barassii & Seelen,17:00 - 18:30,25 July,2015,Saturday,Weekend 1,Unknown
5321,Woody Weekend,The Rave Cave,Greg Lamore vs Jay Lee Hudson,18:30 - 21:30,25 July,2015,Saturday,Weekend 1,Unknown
5322,Woody Weekend,The Rave Cave,Thierry von der Warth,21:30 - 22:30,25 July,2015,Saturday,Weekend 1,Unknown
5323,Woody Weekend,The Rave Cave,Laurent Wery,22:30 - 00:00,25 July,2015,Saturday,Weekend 1,"Electronic, Dance, House"
5324,Radio Ultra Modern,Theatre,Radio Ultra Modern - Saturday,13:00 - 00:00,25 July,2015,Saturday,Weekend 1,Unknown
5325,Mazda Journey Island,Mazda Journey Island,Sebjak,21:00 - 22:00,25 July,2015,Saturday,Weekend 1,Commercial Dance
5326,Ferry Corsten presents FULL ON,Tulip,Jochen Miller,13:45 - 15:00,25 July,2015,Saturday,Weekend 1,Trance
5327,Ferry Corsten presents FULL ON,Tulip,Marco V & Thomas Newson,15:00 - 16:15,25 July,2015,Saturday,Weekend 1,Unknown
5328,Ferry Corsten presents FULL ON,Tulip,Jacob Van Hage,16:15 - 17:30,25 July,2015,Saturday,Weekend 1,"Traditional House, Trance"
5329,Ferry Corsten presents FULL ON,Tulip,Cosmic Gate,17:30 - 18:45,25 July,2015,Saturday,Weekend 1,"Progressive House, Trance"
5330,Ferry Corsten presents FULL ON,Tulip,MaRLo,18:45 - 20:00,25 July,2015,Saturday,Weekend 1,Trance
5331,Ferry Corsten presents FULL ON,Tulip,Mark Sherry,20:00 - 21:15,25 July,2015,Saturday,Weekend 1,Trance
5332,Ferry Corsten presents FULL ON,Tulip,Audien,21:15 - 22:30,25 July,2015,Saturday,Weekend 1,"Progressive House, Trance"
5333,Ferry Corsten presents FULL ON,Tulip,Ferry Corsten,22:30 - 23:45,25 July,2015,Saturday,Weekend 1,Trance
5334,Ferry Corsten presents FULL ON,Tulip,Bryan Kearney,23:45 - 01:00,25 July,2015,Saturday,Weekend 1,Trance
5335,kozzmozz,Wind Stage,Spacid,13:00 - 15:00,25 July,2015,Saturday,Weekend 1,Unknown
5336,kozzmozz,Wind Stage,Rødhåd,15:00 - 16:30,25 July,2015,Saturday,Weekend 1,"Minimal, Techno"
5337,kozzmozz,Wind Stage,Marcel Fengler,16:30 - 18:00,25 July,2015,Saturday,Weekend 1,Techno
5338,kozzmozz,Wind Stage,Kr!z,18:00 - 19:00,25 July,2015,Saturday,Weekend 1,Unknown
5339,kozzmozz,Wind Stage,Luke Slater,19:00 - 20:30,25 July,2015,Saturday,Weekend 1,Techno
5340,kozzmozz,Wind Stage,Speedy J,20:30 - 22:00,25 July,2015,Saturday,Weekend 1,Techno
5341,kozzmozz,Wind Stage,Gary Beck,22:00 - 23:30,25 July,2015,Saturday,Weekend 1,"Tech House, Techno"
5342,kozzmozz,Wind Stage,Johannes Heil live,23:30 - 01:00,25 July,2015,Saturday,Weekend 1,Unknown
5343,B2B,Bamboo Octopus,DJ Domi Ré,12:00 - 14:00,26 July,2015,Sunday,Weekend 1,Unknown
5344,B2B,Bamboo Octopus,Jackie White,14:00 - 15:30,26 July,2015,Sunday,Weekend 1,Unknown
5345,B2B,Bamboo Octopus,Day.Din,15:30 - 16:30,26 July,2015,Sunday,Weekend 1,Trance
5346,B2B,Bamboo Octopus,Bizarre Tribe,16:30 - 18:00,26 July,2015,Sunday,Weekend 1,Unknown
5347,B2B,Bamboo Octopus,Electro Sun,18:00 - 19:30,26 July,2015,Sunday,Weekend 1,"Psychedelic Trance, Trance"
5348,B2B,Bamboo Octopus,Firaga,19:30 - 21:00,26 July,2015,Sunday,Weekend 1,Psytrance
5349,B2B,Bamboo Octopus,Astral Projection,21:00 - 22:30,26 July,2015,Sunday,Weekend 1,"Psychedelic Trance, Trance"
5350,Ferry Corsten presents FULL ON,Tulip,Lucky Charmes,12:30 - 13:45,25 July,2015,Saturday,Weekend 1,Unknown
5351,Desperados Club,Desperados Club Stage,MVMNT,13:00 - 14:00,26 July,2015,Sunday,Weekend 1,Unknown
5352,Desperados Club,Desperados Club Stage,Christian82,14:00 - 15:00,26 July,2015,Sunday,Weekend 1,Unknown
5353,Desperados Club,Desperados Club Stage,Robbert Humble,15:00 - 16:00,26 July,2015,Sunday,Weekend 1,Unknown
5354,Desperados Club,Desperados Club Stage,Gewelt,16:00 - 17:00,26 July,2015,Sunday,Weekend 1,Unknown
5355,Desperados Club,Desperados Club Stage,Goldfox,17:00 - 18:00,26 July,2015,Sunday,Weekend 1,"Electronic, Dance"
5356,Desperados Club,Desperados Club Stage,De Sluwe Vos,18:00 - 19:30,26 July,2015,Sunday,Weekend 1,Unknown
5357,Desperados Club,Desperados Club Stage,Dominik Eulberg,19:30 - 21:00,26 July,2015,Sunday,Weekend 1,Electro House
5358,Desperados Club,Desperados Club Stage,Moonlight Matters,21:00 - 22:00,26 July,2015,Sunday,Weekend 1,Unknown
5359,Age Of Love,Flowerboat,Sven Van Hees,12:00 - 13:00,26 July,2015,Sunday,Weekend 1,"Chill Out, Traditional House"
5360,Age Of Love,Flowerboat,The Mackenzie,13:00 - 14:00,26 July,2015,Sunday,Weekend 1,Unknown
5361,Age Of Love,Flowerboat,Systematic Parts,14:00 - 15:00,26 July,2015,Sunday,Weekend 1,Unknown
5362,Age Of Love,Flowerboat,Marko de La Rocca,15:00 - 16:00,26 July,2015,Sunday,Weekend 1,Unknown
5363,Age Of Love,Flowerboat,Youri Parker,16:00 - 17:00,26 July,2015,Sunday,Weekend 1,Unknown
5364,Age Of Love,Flowerboat,Quincy,17:00 - 18:00,26 July,2015,Sunday,Weekend 1,Unknown
5365,Age Of Love,Flowerboat,Jam El Mar aka Jam & Spoon,18:00 - 19:00,26 July,2015,Sunday,Weekend 1,Unknown
5366,Age Of Love,Flowerboat,Zolex,19:00 - 20:00,26 July,2015,Sunday,Weekend 1,Unknown
5367,Age Of Love,Flowerboat,Joe T Vannelli,20:00 - 21:00,26 July,2015,Sunday,Weekend 1,Unknown
5368,Age Of Love,Flowerboat,Franky Jones,21:00 - 22:00,26 July,2015,Sunday,Weekend 1,"Techno, Acid"
5369,Age Of Love,Flowerboat,M.I.K.E. / Push,22:00 - 23:00,26 July,2015,Sunday,Weekend 1,Unknown
5370,Age Of Love,Flowerboat,Zzino,23:00 - 00:00,26 July,2015,Sunday,Weekend 1,Unknown
5371,Pussy Lounge,Forest,Francois,12:00 - 13:30,26 July,2015,Sunday,Weekend 1,Tech House
5372,Pussy Lounge,Forest,Ronald V,13:30 - 14:30,26 July,2015,Sunday,Weekend 1,Unknown
5373,Pussy Lounge,Forest,Lowriderz,14:30 - 15:30,26 July,2015,Sunday,Weekend 1,Unknown
5374,Pussy Lounge,Forest,Mark with a K,15:30 - 16:30,26 July,2015,Sunday,Weekend 1,Hard Dance
5375,B2B,Bamboo Octopus,Astrix,22:30 - 00:00,26 July,2015,Sunday,Weekend 1,Psychedelic Trance
5376,Pussy Lounge,Forest,Ruthless,17:30 - 18:30,26 July,2015,Sunday,Weekend 1,Hardcore Techno
5377,Pussy Lounge,Forest,Luna,18:30 - 19:30,26 July,2015,Sunday,Weekend 1,"Synthpop, Trip Hop, Uk Garage"
5378,Pussy Lounge,Forest,Darkraver,19:30 - 20:30,26 July,2015,Sunday,Weekend 1,"Electro House, Hard Dance"
5379,Pussy Lounge,Forest,Paul Elstak,20:30 - 21:30,26 July,2015,Sunday,Weekend 1,Hardcore Techno
5380,Pussy Lounge,Forest,The Viper,21:30 - 22:30,26 July,2015,Sunday,Weekend 1,Band
5381,Pussy Lounge,Forest,Vince,22:30 - 00:00,26 July,2015,Sunday,Weekend 1,Rock
5382,Smash The House,Framestage,Boostedkids,12:00 - 13:00,26 July,2015,Sunday,Weekend 1,Unknown
5383,Smash The House,Framestage,Mambo Brothers,13:00 - 14:00,26 July,2015,Sunday,Weekend 1,House
5384,Smash The House,Framestage,Fox Stevenson,14:00 - 15:00,26 July,2015,Sunday,Weekend 1,Future Bass
5385,Smash The House,Framestage,Lost Frequencies,15:00 - 16:00,26 July,2015,Sunday,Weekend 1,"Electro House, Electronica, Traditional House"
5386,Smash The House,Framestage,Danny Howard,16:00 - 17:00,26 July,2015,Sunday,Weekend 1,Commercial Dance
5387,Smash The House,Framestage,Regi B2B Dave Till,17:00 - 18:00,26 July,2015,Sunday,Weekend 1,Unknown
5388,Smash The House,Framestage,Carnage,18:00 - 19:00,26 July,2015,Sunday,Weekend 1,"Dubstep, Hip-Hop, Trap"
5389,Smash The House,Framestage,Bassjackers,19:00 - 20:00,26 July,2015,Sunday,Weekend 1,Electro House
5390,Smash The House,Framestage,Ummet Ozcan,20:00 - 21:00,26 July,2015,Sunday,Weekend 1,Trance
5391,Smash The House,Framestage,Benny Benassi,21:00 - 22:00,26 July,2015,Sunday,Weekend 1,Electro House
5392,Smash The House,Framestage,Dimitri Vegas & Like Mike,22:00 - 23:00,26 July,2015,Sunday,Weekend 1,Electro House
5393,Smash The House,Framestage,Wolfpack,23:00 - 00:00,26 July,2015,Sunday,Weekend 1,"Commercial Dance, Electro House, Progressive House"
5394,Versuz,Garden of Madness,Tom Leclercq,12:00 - 13:30,26 July,2015,Sunday,Weekend 1,Unknown
5395,Versuz,Garden of Madness,Peter Luts,13:30 - 15:00,26 July,2015,Sunday,Weekend 1,Commercial Dance
5396,Versuz,Garden of Madness,Sem Thomasson,15:00 - 16:00,26 July,2015,Sunday,Weekend 1,Progressive House
5397,Versuz,Garden of Madness,Manuel De La Mare,16:00 - 17:00,26 July,2015,Sunday,Weekend 1,"Traditional House, Techno"
5398,Versuz,Garden of Madness,Kenn Colt,17:00 - 18:00,26 July,2015,Sunday,Weekend 1,"Electro House, Progressive House"
5399,Versuz,Garden of Madness,Dave Lambert,18:00 - 19:00,26 July,2015,Sunday,Weekend 1,Traditional House
5400,Pussy Lounge,Forest,Dr Rude,16:30 - 17:30,26 July,2015,Sunday,Weekend 1,Unknown
5401,Versuz,Garden of Madness,Sunnery James & Ryan Marciano,20:00 - 21:00,26 July,2015,Sunday,Weekend 1,Electro House
5402,Versuz,Garden of Madness,Bingo Players,21:00 - 22:00,26 July,2015,Sunday,Weekend 1,Progressive House
5403,Versuz,Garden of Madness,Fedde Le Grand,22:00 - 23:00,26 July,2015,Sunday,Weekend 1,Progressive House
5404,Versuz,Garden of Madness,Bob Sinclar,23:00 - 00:00,26 July,2015,Sunday,Weekend 1,Traditional House
5405,Richie Hawtin presents Minus,House of Books,Bollen & Fichtner,12:00 - 14:00,26 July,2015,Sunday,Weekend 1,Unknown
5406,Richie Hawtin presents Minus,House of Books,Fabio Florido,14:00 - 15:30,26 July,2015,Sunday,Weekend 1,Unknown
5407,Richie Hawtin presents Minus,House of Books,Justin James,15:30 - 17:00,26 July,2015,Sunday,Weekend 1,Commercial Dance
5408,Richie Hawtin presents Minus,House of Books,Julian Jeweil,17:00 - 18:15,26 July,2015,Sunday,Weekend 1,Techno
5409,Richie Hawtin presents Minus,House of Books,Marc Houle,18:15 - 19:30,26 July,2015,Sunday,Weekend 1,"Minimal, Tech House"
5410,Richie Hawtin presents Minus,House of Books,Matador,19:30 - 20:45,26 July,2015,Sunday,Weekend 1,Techno
5411,Richie Hawtin presents Minus,House of Books,Gaiser,20:45 - 22:00,26 July,2015,Sunday,Weekend 1,Techno
5412,Richie Hawtin presents Minus,House of Books,Richie Hawtin,22:00 - 00:00,26 July,2015,Sunday,Weekend 1,"Tech House, Techno"
5413,Leaf by Mastercard,Leaf,Const,13:00 - 15:00,26 July,2015,Sunday,Weekend 1,"Chiptune, Hardcore, Techno"
5414,Leaf by Mastercard,Leaf,Ozan,15:00 - 16:30,26 July,2015,Sunday,Weekend 1,Commercial Dance
5415,Leaf by Mastercard,Leaf,Trashlagoon,16:30 - 17:30,26 July,2015,Sunday,Weekend 1,Unknown
5416,Leaf by Mastercard,Leaf,Parra For Cuva,17:30 - 18:30,26 July,2015,Sunday,Weekend 1,Unknown
5417,Leaf by Mastercard,Leaf,Luis del Villar,18:30 - 20:00,26 July,2015,Sunday,Weekend 1,Commercial Dance
5418,Leaf by Mastercard,Leaf,Barry Fore,20:00 - 21:30,26 July,2015,Sunday,Weekend 1,Commercial Dance
5419,Leaf by Mastercard,Leaf,Yamo,21:30 - 23:00,26 July,2015,Sunday,Weekend 1,"Electronic, Experimental"
5420,Forma.T invites MK,Magical Mirrors,Kong,12:30 - 13:30,26 July,2015,Sunday,Weekend 1,Commercial Dance
5421,Forma.T invites MK,Magical Mirrors,DC Salas,13:30 - 14:30,26 July,2015,Sunday,Weekend 1,"Electronic, Techno"
5422,Forma.T invites MK,Magical Mirrors,Arches,14:30 - 15:30,26 July,2015,Sunday,Weekend 1,Traditional House
5423,Forma.T invites MK,Magical Mirrors,Surfing Leons,15:30 - 16:30,26 July,2015,Sunday,Weekend 1,Unknown
5424,Forma.T invites MK,Magical Mirrors,Huxley,16:30 - 18:00,26 July,2015,Sunday,Weekend 1,"Commercial Dance, Electronica"
5425,Versuz,Garden of Madness,Funkerman,19:00 - 20:00,26 July,2015,Sunday,Weekend 1,Progressive House
5426,Forma.T invites MK,Magical Mirrors,MK,19:30 - 21:00,26 July,2015,Sunday,Weekend 1,Commercial Dance
5427,Forma.T invites MK,Magical Mirrors,Route 94,21:00 - 22:30,26 July,2015,Sunday,Weekend 1,Deep House
5428,Forma.T invites MK,Magical Mirrors,Bob Moses,22:30 - 00:00,26 July,2015,Sunday,Weekend 1,Tech House
5429,Mainstage,Mainstage,Markus Schulz,12:00 - 14:50,26 July,2015,Sunday,Weekend 1,"Progressive House, Trance"
5430,Mainstage,Mainstage,Arty,14:50 - 15:40,26 July,2015,Sunday,Weekend 1,"Progressive House, Trance"
5431,Mainstage,Mainstage,Dannic,15:40 - 16:40,26 July,2015,Sunday,Weekend 1,Progressive House
5432,Mainstage,Mainstage,DVBBS,16:40 - 17:40,26 July,2015,Sunday,Weekend 1,Commercial Dance
5433,Mainstage,Mainstage,Chuckie,17:40 - 18:25,26 July,2015,Sunday,Weekend 1,Electro House
5434,Mainstage,Mainstage,Nervo,18:25 - 19:10,26 July,2015,Sunday,Weekend 1,"Electro House, Progressive House"
5435,Mainstage,Mainstage,Steve Angello,19:10 - 20:30,26 July,2015,Sunday,Weekend 1,Progressive House
5436,Mainstage,Mainstage,Afrojack,20:30 - 21:30,26 July,2015,Sunday,Weekend 1,"Electro House, Progressive House"
5437,Mainstage,Mainstage,Hardwell,21:30 - 22:30,26 July,2015,Sunday,Weekend 1,"Electro House, Progressive House"
5438,Mainstage,Mainstage,Tiesto,22:30 - 23:30,26 July,2015,Sunday,Weekend 1,"Commercial Dance, Big Room"
5439,Mainstage,Mainstage,3 Are Legend,23:30 - 00:00,26 July,2015,Sunday,Weekend 1,"Commercial Dance, Electro House, Electronica, Hard Dance, Techno"
5440,Pussy Lounge,Mazda Journey Island,Dave202,12:30 - 14:00,26 July,2015,Sunday,Weekend 1,"Hard Dance, Trance"
5441,Pussy Lounge,Mazda Journey Island,Mathy,14:00 - 15:00,26 July,2015,Sunday,Weekend 1,Unknown
5442,Pussy Lounge,Mazda Journey Island,Back To Basicz Soundsystem,15:00 - 16:00,26 July,2015,Sunday,Weekend 1,Unknown
5443,Pussy Lounge,Mazda Journey Island,Kenneth G,16:00 - 17:00,26 July,2015,Sunday,Weekend 1,"Electro House, Progressive House"
5444,Pussy Lounge,Mazda Journey Island,Didrick,17:00 - 18:00,26 July,2015,Sunday,Weekend 1,Unknown
5445,Pussy Lounge,Mazda Journey Island,Albin Myers,18:00 - 19:00,26 July,2015,Sunday,Weekend 1,"Electro House, Progressive House"
5446,Pussy Lounge,Mazda Journey Island,Jay Cosmic,19:00 - 20:00,26 July,2015,Sunday,Weekend 1,Commercial Dance
5447,Pussy Lounge,Mazda Journey Island,Tom Swoon,20:00 - 21:00,26 July,2015,Sunday,Weekend 1,Electro House
5448,Pussy Lounge,Mazda Journey Island,Julia Carpenter,21:00 - 22:00,26 July,2015,Sunday,Weekend 1,Unknown
5449,Pussy Lounge,Mazda Journey Island,Steve Romani & The Addiction,22:00 - 23:00,26 July,2015,Sunday,Weekend 1,Unknown
5450,Forma.T invites MK,Magical Mirrors,Pete Tong,18:00 - 19:30,26 July,2015,Sunday,Weekend 1,Traditional House
5451,Opera,Opera,The Symphony of Unity,14:30 - 15:30,26 July,2015,Sunday,Weekend 1,Unknown
5452,Dave Clarke,Opera,Pierre,16:00 - 17:30,26 July,2015,Sunday,Weekend 1,Traditional House
5453,Dave Clarke,Opera,Green Velvet,17:30 - 19:00,26 July,2015,Sunday,Weekend 1,"Traditional House, Techno"
5454,Dave Clarke,Opera,Chris Liebing,19:00 - 21:00,26 July,2015,Sunday,Weekend 1,Techno
5455,Dave Clarke,Opera,Paul Kalkbrenner (Live),21:00 - 22:30,26 July,2015,Sunday,Weekend 1,Unknown
5456,Dave Clarke,Opera,Dave Clarke,22:30 - 00:00,26 July,2015,Sunday,Weekend 1,"Electro House, Techno"
5457,Coincidence,The Rave Cave,Rafi Khan,12:00 - 13:30,26 July,2015,Sunday,Weekend 1,Unknown
5458,Coincidence,The Rave Cave,Nukov & Yelmet,13:30 - 15:00,26 July,2015,Sunday,Weekend 1,Unknown
5459,Coincidence,The Rave Cave,Tom Dazing,15:00 - 16:00,26 July,2015,Sunday,Weekend 1,Commercial Dance
5460,Coincidence,The Rave Cave,A. Brehme,16:00 - 17:30,26 July,2015,Sunday,Weekend 1,Unknown
5461,Coincidence,The Rave Cave,Steve Cop,17:30 - 19:00,26 July,2015,Sunday,Weekend 1,Unknown
5462,Coincidence,The Rave Cave,Svemirski,19:00 - 20:00,26 July,2015,Sunday,Weekend 1,Unknown
5463,Coincidence,The Rave Cave,Mirella Kroes,20:00 - 21:30,26 July,2015,Sunday,Weekend 1,Unknown
5464,Coincidence,The Rave Cave,GO!DIVA,21:30 - 23:00,26 July,2015,Sunday,Weekend 1,"Minimal, Techno"
5465,Coincidence,The Rave Cave,Manone,23:00 - 00:00,26 July,2015,Sunday,Weekend 1,Unknown
5466,Radio Ultra Modern,Theatre,Radio Ultra Modern - Sunday,13:00 - 00:00,26 July,2015,Sunday,Weekend 1,Unknown
5467,Bakermat & Friends,Tulip,Dante Klein,12:30 - 13:30,26 July,2015,Sunday,Weekend 1,"Electronica, Tech House, Traditional House"
5468,Bakermat & Friends,Tulip,The Avener,13:30 - 15:00,26 July,2015,Sunday,Weekend 1,Unknown
5469,Bakermat & Friends,Tulip,Klingande,15:00 - 16:30,26 July,2015,Sunday,Weekend 1,"Deep House, Tropical House"
5470,Bakermat & Friends,Tulip,Thomas Jack,16:30 - 18:00,26 July,2015,Sunday,Weekend 1,"Progressive House, Funky House"
5471,Bakermat & Friends,Tulip,Alle Farben,18:00 - 19:30,26 July,2015,Sunday,Weekend 1,"Tech House, Techno, Deep House"
5472,Bakermat & Friends,Tulip,Robin Schulz,19:30 - 21:00,26 July,2015,Sunday,Weekend 1,Commercial Dance
5473,Bakermat & Friends,Tulip,Bakermat,21:00 - 22:30,26 July,2015,Sunday,Weekend 1,Deep House
5474,Bakermat & Friends,Tulip,Oliver Heldens,22:30 - 00:00,26 July,2015,Sunday,Weekend 1,"Electro House, Electronica, Techno"
5475,Opera,Opera,Delafino,12:30 - 14:30,26 July,2015,Sunday,Weekend 1,House
5476,Barong Family,Wind Stage,Mike Cervello,13:15 - 14:00,26 July,2015,Sunday,Weekend 1,"Bass House, Electro House"
5477,Barong Family,Wind Stage,San Holo,14:00 - 14:45,26 July,2015,Sunday,Weekend 1,"Drum & Bass, Electronica, Trap"
5478,Barong Family,Wind Stage,Vicetone,14:45 - 15:30,26 July,2015,Sunday,Weekend 1,"Commercial Dance, Electronica, Progressive House, Traditional House"
5479,Barong Family,Wind Stage,Jebroer ft. Stepherd & Skinto,15:30 - 16:00,26 July,2015,Sunday,Weekend 1,Unknown
5480,Barong Family,Wind Stage,Cesqeaux,16:00 - 17:00,26 July,2015,Sunday,Weekend 1,"Electro House, Electronica, Trap"
5481,Barong Family,Wind Stage,Moksi,17:00 - 18:00,26 July,2015,Sunday,Weekend 1,"Pop House, Electro House"
5482,Barong Family,Wind Stage,Dillon Francis,18:00 - 19:00,26 July,2015,Sunday,Weekend 1,Electro House
5483,Barong Family,Wind Stage,Wiwek,19:00 - 20:00,26 July,2015,Sunday,Weekend 1,"Commercial Dance, Drum & Bass, Electronica, Traditional House"
5484,Barong Family,Wind Stage,Yellow Claw,20:00 - 21:00,26 July,2015,Sunday,Weekend 1,"Electro House, Electronica, Hip-Hop, Traditional House, Trap"
5485,Barong Family,Wind Stage,GTA,21:00 - 22:00,26 July,2015,Sunday,Weekend 1,Electro House
5486,Barong Family,Wind Stage,Headhunterz,22:00 - 23:00,26 July,2015,Sunday,Weekend 1,Hard Dance
5487,Barong Family,Wind Stage,ROTTERDAM TERROR CORPS,23:00 - 00:00,26 July,2015,Sunday,Weekend 1,Unknown
5488,The Gathering,The Gathering,Dimitri Vegas & Like Mike & Yves V,00:30 - 01:00,17 July,2014,Thursday,Weekend 1,Unknown
5489,The Gathering,The Gathering,Stu Bru DJ Contest,13:30 - 14:30,17 July,2014,Thursday,Weekend 1,Unknown
5490,The Gathering,The Gathering,Lennergy,14:30 - 15:15,17 July,2014,Thursday,Weekend 1,Unknown
5491,The Gathering,The Gathering,Const,15:15 - 16:00,17 July,2014,Thursday,Weekend 1,"Chiptune, Hardcore, Techno"
5492,The Gathering,The Gathering,Mylan,16:00 - 16:45,17 July,2014,Thursday,Weekend 1,Unknown
5493,The Gathering,The Gathering,Yamo,16:45 - 17:30,17 July,2014,Thursday,Weekend 1,"Electronic, Experimental"
5494,The Gathering,The Gathering,DJaxx & Neurotique,17:30 - 18:15,17 July,2014,Thursday,Weekend 1,Unknown
5495,The Gathering,The Gathering,Prinz,18:15 - 19:00,17 July,2014,Thursday,Weekend 1,Techno
5496,The Gathering,The Gathering,Double Pleasure,19:00 - 19:45,17 July,2014,Thursday,Weekend 1,House
5497,The Gathering,The Gathering,Makasi,19:45 - 20:45,17 July,2014,Thursday,Weekend 1,House
5498,The Gathering,The Gathering,MegaMen,20:45 - 21:30,17 July,2014,Thursday,Weekend 1,Unknown
5499,The Gathering,The Gathering,Sem Thomasson,21:30 - 22:15,17 July,2014,Thursday,Weekend 1,Progressive House
5500,Barong Family,Wind Stage,Davoodi,12:30 - 13:15,26 July,2015,Sunday,Weekend 1,Unknown
5501,The Gathering,The Gathering,Romeo Blanco,23:00 - 23:45,17 July,2014,Thursday,Weekend 1,Commercial Dance
5502,The Gathering,The Gathering,Ghost,23:45 - 00:30,17 July,2014,Thursday,Weekend 1,Rock
5503,Qult,Bamboo Octopus,Two Times Four,12:30 - 13:30,18 July,2014,Friday,Weekend 1,Unknown
5504,Qult,Bamboo Octopus,Donnie Darko,13:30 - 14:30,18 July,2014,Friday,Weekend 1,Unknown
5505,Qult,Bamboo Octopus,Argy,14:30 - 15:30,18 July,2014,Friday,Weekend 1,Techno
5506,Qult,Bamboo Octopus,Dirtcaps,15:30 - 16:30,18 July,2014,Friday,Weekend 1,"Drum & Bass, Hardcore Techno, Trap"
5507,Qult,Bamboo Octopus,A*S*Y*S,16:30 - 17:30,18 July,2014,Friday,Weekend 1,Commercial Dance
5508,Qult,Bamboo Octopus,The Oddword,17:30 - 18:30,18 July,2014,Friday,Weekend 1,Unknown
5509,Qult,Bamboo Octopus,Geck-O,18:30 - 20:00,18 July,2014,Friday,Weekend 1,Unknown
5510,Qult,Bamboo Octopus,Mightyfools,20:00 - 21:00,18 July,2014,Friday,Weekend 1,Commercial Dance
5511,Qult,Bamboo Octopus,Alex Kidd,21:00 - 22:00,18 July,2014,Friday,Weekend 1,Hard Dance
5512,Qult,Bamboo Octopus,ACTI,22:00 - 23:30,18 July,2014,Friday,Weekend 1,Rap
5513,Qult,Bamboo Octopus,Audiofreq,23:30 - 01:00,18 July,2014,Friday,Weekend 1,Hard Dance
5514,Paradise,Café D'Anvers,Rob Low,12:00 - 13:00,18 July,2014,Friday,Weekend 1,Unknown
5515,Paradise,Café D'Anvers,Cheap Charly Men,13:00 - 14:00,18 July,2014,Friday,Weekend 1,Unknown
5516,Paradise,Café D'Anvers,Mark Jenkyns,14:00 - 15:30,18 July,2014,Friday,Weekend 1,Unknown
5517,Paradise,Café D'Anvers,Russ Yallop,15:30 - 17:00,18 July,2014,Friday,Weekend 1,Techno
5518,Paradise,Café D'Anvers,Dixon,17:00 - 18:30,18 July,2014,Friday,Weekend 1,Techno
5519,Paradise,Café D'Anvers,wAFF,18:30 - 20:00,18 July,2014,Friday,Weekend 1,Commercial Dance
5520,Paradise,Café D'Anvers,Richy Ahmed,20:00 - 21:30,18 July,2014,Friday,Weekend 1,Tech House
5521,Paradise,Café D'Anvers,Art Department,21:30 - 23:00,18 July,2014,Friday,Weekend 1,Tech House
5522,Paradise,Café D'Anvers,Jamie Jones,23:00 - 01:00,18 July,2014,Friday,Weekend 1,Tech House
5523,Desperados Club,Desperados Club Stage,Foxy Lady Ft Mc Elvee,00:00 - 01:00,18 July,2014,Friday,Weekend 1,Unknown
5524,Desperados Club,Desperados Club Stage,Nathan Fix & Meffew,12:00 - 13:00,18 July,2014,Friday,Weekend 1,Unknown
5525,The Gathering,The Gathering,The Oddword,22:15 - 23:00,17 July,2014,Thursday,Weekend 1,Unknown
5526,Desperados Club,Desperados Club Stage,Tripleks b2b WSSRT,14:30 - 15:30,18 July,2014,Friday,Weekend 1,Unknown
5527,Desperados Club,Desperados Club Stage,Les Mecs,15:30 - 16:30,18 July,2014,Friday,Weekend 1,Unknown
5528,Desperados Club,Desperados Club Stage,Lexis,16:30 - 17:30,18 July,2014,Friday,Weekend 1,Commercial Dance
5529,Desperados Club,Desperados Club Stage,Lextravaganza,17:30 - 18:30,18 July,2014,Friday,Weekend 1,Unknown
5530,Desperados Club,Desperados Club Stage,Black Tropics,18:30 - 19:30,18 July,2014,Friday,Weekend 1,Unknown
5531,Desperados Club,Desperados Club Stage,Bontan,19:30 - 21:00,18 July,2014,Friday,Weekend 1,Commercial Dance
5532,Desperados Club,Desperados Club Stage,Kill Frenzy,21:00 - 22:00,18 July,2014,Friday,Weekend 1,Tech House
5533,Desperados Club,Desperados Club Stage,Michael Thoelen,22:00 - 23:00,18 July,2014,Friday,Weekend 1,Unknown
5534,Desperados Club,Desperados Club Stage,Merdan Taplak,23:00 - 00:00,18 July,2014,Friday,Weekend 1,Unknown
5535,Lotto,Dream Island,Fred Nova,12:00 - 14:00,18 July,2014,Friday,Weekend 1,Unknown
5536,Lotto,Dream Island,Dominico,14:00 - 15:00,18 July,2014,Friday,Weekend 1,Tech House
5537,Lotto,Dream Island,Greg Bouvin,15:00 - 16:00,18 July,2014,Friday,Weekend 1,Unknown
5538,Lotto,Dream Island,Yamo,16:00 - 17:00,18 July,2014,Friday,Weekend 1,"Electronic, Experimental"
5539,Lotto,Dream Island,Joey Suki,18:00 - 19:00,18 July,2014,Friday,Weekend 1,Unknown
5540,Lotto,Dream Island,Blasterz,19:00 - 20:00,18 July,2014,Friday,Weekend 1,Unknown
5541,Lotto,Dream Island,Starkillers,20:00 - 21:00,18 July,2014,Friday,Weekend 1,"Electro House, Progressive House"
5542,Lotto,Dream Island,Kryder,21:00 - 22:00,18 July,2014,Friday,Weekend 1,"Progressive House, Tech House"
5543,Lotto,Dream Island,Tom Staar,22:00 - 23:00,18 July,2014,Friday,Weekend 1,Commercial Dance
5544,Lotto,Dream Island,Steve Romani & The Addiction,23:00 - 00:00,18 July,2014,Friday,Weekend 1,Unknown
5545,We Play House,Flowerboat,Kiani & his Legion,12:00 - 14:00,18 July,2014,Friday,Weekend 1,Unknown
5546,We Play House,Flowerboat,Âme,14:00 - 16:30,18 July,2014,Friday,Weekend 1,Minimal
5547,We Play House,Flowerboat,George Fitzgerald,16:30 - 18:00,18 July,2014,Friday,Weekend 1,"Commercial Dance, Synthpop"
5548,We Play House,Flowerboat,Deetron,18:00 - 20:00,18 July,2014,Friday,Weekend 1,Techno
5549,We Play House,Flowerboat,KiNK,20:00 - 22:00,18 July,2014,Friday,Weekend 1,Commercial Dance
5550,Desperados Club,Desperados Club Stage,Robin Schulz,13:00 - 14:30,18 July,2014,Friday,Weekend 1,Commercial Dance
5551,Dim Mak,Framestage,Coone,00:00 - 01:00,18 July,2014,Friday,Weekend 1,Hard Dance
5552,Dim Mak,Framestage,Garmiani,12:30 - 13:45,18 July,2014,Friday,Weekend 1,Unknown
5553,Dim Mak,Framestage,Tony Junior,13:45 - 14:30,18 July,2014,Friday,Weekend 1,Commercial Dance
5554,Dim Mak,Framestage,Keys N Krates,14:30 - 15:15,18 July,2014,Friday,Weekend 1,"Electronica, Hip-Hop"
5555,Dim Mak,Framestage,The Chainsmokers,15:15 - 16:15,18 July,2014,Friday,Weekend 1,Commercial Dance
5556,Dim Mak,Framestage,Deorro,16:15 - 17:15,18 July,2014,Friday,Weekend 1,Electro House
5557,Dim Mak,Framestage,Borgore,17:15 - 18:15,18 July,2014,Friday,Weekend 1,Dubstep
5558,Dim Mak,Framestage,Steve Aoki,18:15 - 19:45,18 July,2014,Friday,Weekend 1,"Electro House, Indie / Underground"
5559,Dim Mak,Framestage,Benny Benassi,19:45 - 20:45,18 July,2014,Friday,Weekend 1,Electro House
5560,Dim Mak,Framestage,Felix Cartal b2b Autoerotique,20:45 - 21:45,18 July,2014,Friday,Weekend 1,Unknown
5561,Dim Mak,Framestage,Joachim Garraud,21:45 - 22:30,18 July,2014,Friday,Weekend 1,Electro House
5562,Dim Mak,Framestage,Dirtyphonics,22:30 - 23:15,18 July,2014,Friday,Weekend 1,"Drum & Bass, Dubstep"
5563,Dim Mak,Framestage,Yellow Claw,23:15 - 00:00,18 July,2014,Friday,Weekend 1,"Electro House, Electronica, Hip-Hop, Traditional House, Trap"
5564,Mad Decent,Garden of Madness,Kenn Colt,12:00 - 13:30,18 July,2014,Friday,Weekend 1,"Electro House, Progressive House"
5565,Mad Decent,Garden of Madness,Sem Thomasson,13:30 - 14:30,18 July,2014,Friday,Weekend 1,Progressive House
5566,Mad Decent,Garden of Madness,Savage Skulls,14:30 - 15:30,18 July,2014,Friday,Weekend 1,Traditional House
5567,Mad Decent,Garden of Madness,Davoodi,15:30 - 16:30,18 July,2014,Friday,Weekend 1,Unknown
5568,Mad Decent,Garden of Madness,Paper Diamond,16:30 - 17:30,18 July,2014,Friday,Weekend 1,Unknown
5569,Mad Decent,Garden of Madness,Trippy Turtle,17:30 - 18:30,18 July,2014,Friday,Weekend 1,"Club Music, Jersey Club, Hip-Hop"
5570,Mad Decent,Garden of Madness,The Partysquad,18:30 - 19:30,18 July,2014,Friday,Weekend 1,Commercial Dance
5571,Mad Decent,Garden of Madness,Zeds Dead,19:30 - 20:30,18 July,2014,Friday,Weekend 1,Dubstep
5572,Mad Decent,Garden of Madness,DJ Snake,20:30 - 21:30,18 July,2014,Friday,Weekend 1,"Electronica, Hard Dance, Trap"
5573,Mad Decent,Garden of Madness,Flosstradamus,21:30 - 22:30,18 July,2014,Friday,Weekend 1,Electro House
5574,Mad Decent,Garden of Madness,Dillon Francis,22:30 - 23:30,18 July,2014,Friday,Weekend 1,Electro House
5575,We Play House,Flowerboat,FCL ft. Lady Linn,22:00 - 01:00,18 July,2014,Friday,Weekend 1,Unknown
5576,Blue Flame,Magical Mirrors,Mystique,00:00 - 01:00,18 July,2014,Friday,Weekend 1,Hardstyle
5577,Blue Flame,Magical Mirrors,Michael Beltran,12:00 - 13:00,18 July,2014,Friday,Weekend 1,Unknown
5578,Blue Flame,Magical Mirrors,2Empress,13:00 - 14:00,18 July,2014,Friday,Weekend 1,Unknown
5579,Blue Flame,Magical Mirrors,Double Pleasure,14:00 - 15:00,18 July,2014,Friday,Weekend 1,House
5580,Blue Flame,Magical Mirrors,Michael Calfan,15:00 - 16:00,18 July,2014,Friday,Weekend 1,Traditional House
5581,Blue Flame,Magical Mirrors,Franky Rizardo,16:00 - 17:00,18 July,2014,Friday,Weekend 1,Commercial Dance
5582,Blue Flame,Magical Mirrors,Oliver Heldens,17:00 - 18:00,18 July,2014,Friday,Weekend 1,"Electro House, Electronica, Techno"
5583,Blue Flame,Magical Mirrors,The Flexican & MC Sef,18:00 - 19:00,18 July,2014,Friday,Weekend 1,Unknown
5584,Blue Flame,Magical Mirrors,Makasi,19:00 - 20:30,18 July,2014,Friday,Weekend 1,House
5585,Blue Flame,Magical Mirrors,The Opposites,20:30 - 21:30,18 July,2014,Friday,Weekend 1,Unknown
5586,Blue Flame,Magical Mirrors,MegaMen,21:30 - 22:00,18 July,2014,Friday,Weekend 1,Unknown
5587,Blue Flame,Magical Mirrors,DiMaro,22:00 - 23:00,18 July,2014,Friday,Weekend 1,House
5588,Blue Flame,Magical Mirrors,Neon,23:00 - 00:00,18 July,2014,Friday,Weekend 1,Electronic
5589,Mainstage,Mainstage,Eric Prydz,12:00 - 15:00,18 July,2014,Friday,Weekend 1,Progressive House
5590,Mainstage,Mainstage,Wolfpack,15:00 - 16:00,18 July,2014,Friday,Weekend 1,"Commercial Dance, Electro House, Progressive House"
5591,Mainstage,Mainstage,Dirty South,16:00 - 17:00,18 July,2014,Friday,Weekend 1,"Electro House, Progressive House"
5592,Mainstage,Mainstage,NERVO,17:00 - 18:00,18 July,2014,Friday,Weekend 1,"Electro House, Progressive House"
5593,Mainstage,Mainstage,Dada Life,18:00 - 19:00,18 July,2014,Friday,Weekend 1,"Electro House, Progressive House"
5594,Mainstage,Mainstage,Yves V,19:00 - 20:00,18 July,2014,Friday,Weekend 1,Progressive House
5595,Mainstage,Mainstage,Skrillex,20:00 - 21:15,18 July,2014,Friday,Weekend 1,Dubstep
5596,Mainstage,Mainstage,Martin Solveig,21:15 - 22:30,18 July,2014,Friday,Weekend 1,Electro House
5597,Mainstage,Mainstage,Dimitri Vegas & Like Mike,22:30 - 23:30,18 July,2014,Friday,Weekend 1,Electro House
5598,Mainstage,Mainstage,Armin Van Buuren,23:30 - 01:00,18 July,2014,Friday,Weekend 1,Trance
5599,Carl Cox & Friends,Opera,Guy J,12:30 - 14:00,18 July,2014,Friday,Weekend 1,"Tech House, Techno"
5600,Mad Decent,Garden of Madness,Diplo,23:30 - 01:00,18 July,2014,Friday,Weekend 1,"Electro House, Indie / Underground"
5601,Carl Cox & Friends,Opera,Cassy,15:30 - 17:00,18 July,2014,Friday,Weekend 1,"Tech House, Techno"
5602,Carl Cox & Friends,Opera,John Digweed,17:00 - 18:30,18 July,2014,Friday,Weekend 1,"Tech House, Techno"
5603,Carl Cox & Friends,Opera,Marco Bailey,18:30 - 20:00,18 July,2014,Friday,Weekend 1,"Tech House, Techno"
5604,Carl Cox & Friends,Opera,Adam Beyer,20:00 - 21:30,18 July,2014,Friday,Weekend 1,Techno
5605,Carl Cox & Friends,Opera,Loco Dice,21:30 - 23:00,18 July,2014,Friday,Weekend 1,"Tech House, Techno"
5606,Carl Cox & Friends,Opera,Carl Cox,23:00 - 01:00,18 July,2014,Friday,Weekend 1,"Tech House, Techno"
5607,Tranceaddict,Tent Stage @ Dreamville Entrance,Max Graham vs Protoculture,00:00 - 01:00,18 July,2014,Friday,Weekend 1,Unknown
5608,Tranceaddict,Tent Stage @ Dreamville Entrance,Fast Distance,12:30 - 14:00,18 July,2014,Friday,Weekend 1,"Chill Out, Trance"
5609,Tranceaddict,Tent Stage @ Dreamville Entrance,Fred Baker,14:00 - 15:00,18 July,2014,Friday,Weekend 1,"Techno, Trance"
5610,Tranceaddict,Tent Stage @ Dreamville Entrance,Jorn Van Deynhoven,15:00 - 16:00,18 July,2014,Friday,Weekend 1,Trance
5611,Tranceaddict,Tent Stage @ Dreamville Entrance,Bryan Kearney,16:00 - 17:00,18 July,2014,Friday,Weekend 1,Trance
5612,Tranceaddict,Tent Stage @ Dreamville Entrance,KhoMha,17:00 - 18:00,18 July,2014,Friday,Weekend 1,"Progressive House, Trance"
5613,Tranceaddict,Tent Stage @ Dreamville Entrance,Andrew Rayel,18:00 - 19:00,18 July,2014,Friday,Weekend 1,Trance
5614,Tranceaddict,Tent Stage @ Dreamville Entrance,Orjan Nilsen,19:00 - 20:00,18 July,2014,Friday,Weekend 1,Commercial Dance
5615,Tranceaddict,Tent Stage @ Dreamville Entrance,Paul Oakenfold,20:00 - 21:00,18 July,2014,Friday,Weekend 1,Trance
5616,Tranceaddict,Tent Stage @ Dreamville Entrance,Menno De Jong,21:00 - 22:00,18 July,2014,Friday,Weekend 1,Trance
5617,Tranceaddict,Tent Stage @ Dreamville Entrance,Team 140,22:00 - 23:00,18 July,2014,Friday,Weekend 1,Unknown
5618,Tranceaddict,Tent Stage @ Dreamville Entrance,Sean Tyas,23:00 - 00:00,18 July,2014,Friday,Weekend 1,Trance
5619,I Love The 90's,Tent Stage behind Mainstage,Paul Elstak,00:00 - 01:00,18 July,2014,Friday,Weekend 1,Hardcore Techno
5620,I Love The 90's,Tent Stage behind Mainstage,Ward,12:00 - 16:00,18 July,2014,Friday,Weekend 1,"Disco, Funk, House"
5621,I Love The 90's,Tent Stage behind Mainstage,DJ Jean ft. Mc Boogshe,16:00 - 17:00,18 July,2014,Friday,Weekend 1,Unknown
5622,I Love The 90's,Tent Stage behind Mainstage,AtmoZ SoundZ,17:00 - 18:30,18 July,2014,Friday,Weekend 1,Unknown
5623,I Love The 90's,Tent Stage behind Mainstage,Johan Gielen,18:30 - 19:30,18 July,2014,Friday,Weekend 1,Trance
5624,I Love The 90's,Tent Stage behind Mainstage,Rank 1,19:30 - 20:30,18 July,2014,Friday,Weekend 1,Trance
5625,Carl Cox & Friends,Opera,Yousef,14:00 - 15:30,18 July,2014,Friday,Weekend 1,Traditional House
5626,I Love The 90's,Tent Stage behind Mainstage,Ward vs Doridzie,21:30 - 22:30,18 July,2014,Friday,Weekend 1,Unknown
5627,I Love The 90's,Tent Stage behind Mainstage,Back In Time,22:30 - 23:00,18 July,2014,Friday,Weekend 1,Unknown
5628,I Love The 90's,Tent Stage behind Mainstage,Charlie Lownoise and Mental Theo,23:00 - 00:00,18 July,2014,Friday,Weekend 1,Unknown
5629,Winterclubbing,The Rave Cave,DJ P Jay & DJ Vox-D & DJ Barto & DJ Luk,13:00 - 15:30,18 July,2014,Friday,Weekend 1,Unknown
5630,Winterclubbing,The Rave Cave,Double-U vs Skinnie,15:30 - 16:15,18 July,2014,Friday,Weekend 1,Unknown
5631,Winterclubbing,The Rave Cave,Jean de Gand,16:15 - 16:45,18 July,2014,Friday,Weekend 1,Unknown
5632,Winterclubbing,The Rave Cave,DJ P Jay & DJ Vox-D & DJ Barto & DJ Luk,16:45 - 18:30,18 July,2014,Friday,Weekend 1,Unknown
5633,Winterclubbing,The Rave Cave,Dimitri Wouters,18:30 - 20:00,18 July,2014,Friday,Weekend 1,House
5634,Winterclubbing,The Rave Cave,Deve & Matizz,20:00 - 21:30,18 July,2014,Friday,Weekend 1,Unknown
5635,Winterclubbing,The Rave Cave,Funk D,21:30 - 22:15,18 July,2014,Friday,Weekend 1,"House, Techno"
5636,Winterclubbing,The Rave Cave,DJ P Jay & DJ Vox-D & DJ Barto & DJ Luk,22:15 - 01:00,18 July,2014,Friday,Weekend 1,Unknown
5637,Radio Ultra Modern,Theatre,Radio Ultra Modern - Friday,13:00 - 01:00,18 July,2014,Friday,Weekend 1,Unknown
5638,Cafeina,Tulip,Roma,00:00 - 01:00,18 July,2014,Friday,Weekend 1,"Electronic, Dance"
5639,Cafeina,Tulip,Larsson ft. Diego Remes,12:00 - 13:00,18 July,2014,Friday,Weekend 1,Unknown
5640,Cafeina,Tulip,Audioboulevard,13:00 - 13:45,18 July,2014,Friday,Weekend 1,Unknown
5641,Cafeina,Tulip,Licious ft. Delafino,13:45 - 14:45,18 July,2014,Friday,Weekend 1,Unknown
5642,Cafeina,Tulip,Funkerman,14:45 - 15:45,18 July,2014,Friday,Weekend 1,Progressive House
5643,Cafeina,Tulip,Phill Da Cunha & Dave Lambert,15:45 - 16:45,18 July,2014,Friday,Weekend 1,Unknown
5644,Cafeina,Tulip,Cemode & Seelen,16:45 - 17:45,18 July,2014,Friday,Weekend 1,Electronic
5645,Cafeina,Tulip,AN21,17:45 - 18:45,18 July,2014,Friday,Weekend 1,Progressive House
5646,Cafeina,Tulip,Nico Morano & Jean Delaru,18:45 - 19:45,18 July,2014,Friday,Weekend 1,Unknown
5647,Cafeina,Tulip,DJ Philip & Joeri,19:45 - 20:45,18 July,2014,Friday,Weekend 1,Unknown
5648,Cafeina,Tulip,Roger Sanchez,20:45 - 22:15,18 July,2014,Friday,Weekend 1,Traditional House
5649,Cafeina,Tulip,Disco Dasco,22:15 - 23:15,18 July,2014,Friday,Weekend 1,"Electronic, House"
5650,I Love The 90's,Tent Stage behind Mainstage,Darude,20:30 - 21:30,18 July,2014,Friday,Weekend 1,"Progressive House, Trance"
5651,Ketaloco,Bamboo Octopus,Bollen & Fichtner,12:00 - 14:00,19 July,2014,Saturday,Weekend 1,Unknown
5652,Ketaloco,Bamboo Octopus,Eats Everything,14:00 - 15:30,19 July,2014,Saturday,Weekend 1,Traditional House
5653,Ketaloco,Bamboo Octopus,Don Cabron,15:30 - 17:00,19 July,2014,Saturday,Weekend 1,Unknown
5654,Ketaloco,Bamboo Octopus,Hernan Cattaneo,17:00 - 19:00,19 July,2014,Saturday,Weekend 1,"Progressive House, Tech House"
5655,Ketaloco,Bamboo Octopus,Caspar,19:00 - 20:00,19 July,2014,Saturday,Weekend 1,Unknown
5656,Ketaloco,Bamboo Octopus,Pleasurekraft,20:00 - 21:30,19 July,2014,Saturday,Weekend 1,Tech House
5657,Ketaloco,Bamboo Octopus,don Santos,21:30 - 23:00,19 July,2014,Saturday,Weekend 1,Unknown
5658,Ketaloco,Bamboo Octopus,PAN-POT,23:00 - 01:00,19 July,2014,Saturday,Weekend 1,"Minimal, Techno"
5659,Cocoon,Café D'Anvers,Hermanez b2b Massimo Girardi,12:00 - 13:00,19 July,2014,Saturday,Weekend 1,Unknown
5660,Cocoon,Café D'Anvers,Joachim,13:00 - 14:00,19 July,2014,Saturday,Weekend 1,"Eperimental, Industrial, Synthpop, Ambient"
5661,Cocoon,Café D'Anvers,Martinez,14:00 - 15:30,19 July,2014,Saturday,Weekend 1,Tech House
5662,Cocoon,Café D'Anvers,Seth Troxler,15:30 - 17:30,19 July,2014,Saturday,Weekend 1,"Tech House, Techno"
5663,Cocoon,Café D'Anvers,Maya Jane Coles,17:30 - 19:30,19 July,2014,Saturday,Weekend 1,Tech House
5664,Cocoon,Café D'Anvers,Premiesku (live),19:30 - 20:30,19 July,2014,Saturday,Weekend 1,Unknown
5665,Cocoon,Café D'Anvers,Popof,20:30 - 22:00,19 July,2014,Saturday,Weekend 1,Techno
5666,Cocoon,Café D'Anvers,Sven Väth,22:00 - 01:00,19 July,2014,Saturday,Weekend 1,Techno
5667,Desperados Club,Desperados Club Stage,Prinz of Darkness,00:00 - 01:00,19 July,2014,Saturday,Weekend 1,Unknown
5668,Desperados Club,Desperados Club Stage,Mophito,12:00 - 13:00,19 July,2014,Saturday,Weekend 1,Unknown
5669,Desperados Club,Desperados Club Stage,Ojek,13:00 - 14:00,19 July,2014,Saturday,Weekend 1,Commercial Dance
5670,Desperados Club,Desperados Club Stage,Beauhause,14:00 - 15:00,19 July,2014,Saturday,Weekend 1,Unknown
5671,Desperados Club,Desperados Club Stage,Maxim Lany,15:00 - 16:30,19 July,2014,Saturday,Weekend 1,"House, Deep House"
5672,Desperados Club,Desperados Club Stage,Gewelt,16:30 - 17:30,19 July,2014,Saturday,Weekend 1,Unknown
5673,Desperados Club,Desperados Club Stage,Michael Midnight,17:30 - 19:00,19 July,2014,Saturday,Weekend 1,Unknown
5674,Desperados Club,Desperados Club Stage,Compuphonic,19:00 - 20:30,19 July,2014,Saturday,Weekend 1,Traditional House
5675,Cafeina,Tulip,The Creamminals,23:15 - 00:00,18 July,2014,Friday,Weekend 1,Unknown
5676,Desperados Club,Desperados Club Stage,Solina,22:00 - 23:00,19 July,2014,Saturday,Weekend 1,Reggaeton
5677,Desperados Club,Desperados Club Stage,Jacck The DJ,23:00 - 00:00,19 July,2014,Saturday,Weekend 1,Unknown
5678,Lotto,Dream Island,Kaz James,12:00 - 13:00,19 July,2014,Saturday,Weekend 1,Commercial Dance
5679,Lotto,Dream Island,Cooper,13:00 - 14:30,19 July,2014,Saturday,Weekend 1,"Balearic, House"
5680,Lotto,Dream Island,Adam De Great,14:00 - 16:00,19 July,2014,Saturday,Weekend 1,Unknown
5681,Lotto,Dream Island,Thomas Newson,16:00 - 17:00,19 July,2014,Saturday,Weekend 1,Commercial Dance
5682,Lotto,Dream Island,Pierce Fulton,17:00 - 18:00,19 July,2014,Saturday,Weekend 1,Progressive House
5683,Lotto,Dream Island,DBN,18:00 - 19:00,19 July,2014,Saturday,Weekend 1,Traditional House
5684,Lotto,Dream Island,Ashley Wallbridge,19:00 - 20:00,19 July,2014,Saturday,Weekend 1,"Progressive House, Trance"
5685,Lotto,Dream Island,Felguk,20:00 - 21:00,19 July,2014,Saturday,Weekend 1,Electro House
5686,Lotto,Dream Island,Gregori Klosman,21:00 - 22:00,19 July,2014,Saturday,Weekend 1,Unknown
5687,Lotto,Dream Island,Reygel & Peri,22:00 - 23:00,19 July,2014,Saturday,Weekend 1,Unknown
5688,Lotto,Dream Island,Rebel,23:00 - 00:00,19 July,2014,Saturday,Weekend 1,Rock
5689,Bonzai,Flowerboat,Bonzai All Stars,0:00 - 01:00,19 July,2014,Saturday,Weekend 1,"Techno, Trance"
5690,Bonzai,Flowerboat,DJ Fire,12:30 - 14:00,19 July,2014,Saturday,Weekend 1,Electronic
5691,Bonzai,Flowerboat,CP,14:00 - 15:00,19 July,2014,Saturday,Weekend 1,Rock
5692,Bonzai,Flowerboat,Nico Parisi,15:00 - 16:00,19 July,2014,Saturday,Weekend 1,Progressive House
5693,Bonzai,Flowerboat,Eric Powa B,16:00 - 17:00,19 July,2014,Saturday,Weekend 1,Unknown
5694,Bonzai,Flowerboat,Yves Deruyter,17:00 - 18:00,19 July,2014,Saturday,Weekend 1,Trance
5695,Bonzai,Flowerboat,Airwave,18:00 - 19:00,19 July,2014,Saturday,Weekend 1,"Progressive House, Psychedelic Trance"
5696,Bonzai,Flowerboat,Phi Phi,19:00 - 20:00,19 July,2014,Saturday,Weekend 1,"Progressive House, Trance"
5697,Bonzai,Flowerboat,Franky Kloeck,20:00 - 21:00,19 July,2014,Saturday,Weekend 1,"Techno, Hard Trance"
5698,Bonzai,Flowerboat,Zolex,21:00 - 22:00,19 July,2014,Saturday,Weekend 1,Unknown
5699,Bonzai,Flowerboat,DJ Ghost ft. Mc Pyro,22:00 - 23:00,19 July,2014,Saturday,Weekend 1,Unknown
5700,Desperados Club,Desperados Club Stage,Goldfox,20:30 - 22:00,19 July,2014,Saturday,Weekend 1,"Electronic, Dance"
5701,Q-Dance,Framestage,Partyraiser ft Mc Syco,00:00 - 01:00,19 July,2014,Saturday,Weekend 1,Unknown
5702,Q-Dance,Framestage,Kutski,12:30 - 14:30,19 July,2014,Saturday,Weekend 1,Hardcore Techno
5703,Q-Dance,Framestage,Wasted Penguinz (live),14:30 - 15:00,19 July,2014,Saturday,Weekend 1,Unknown
5704,Q-Dance,Framestage,Wildstylez,15:00 - 16:00,19 July,2014,Saturday,Weekend 1,Hard Dance
5705,Q-Dance,Framestage,Atmozfears (live),16:00 - 16:30,19 July,2014,Saturday,Weekend 1,Unknown
5706,Q-Dance,Framestage,Psyko Punkz,16:30 - 17:30,19 July,2014,Saturday,Weekend 1,Hardcore Techno
5707,Q-Dance,Framestage,Brennan Heart,17:30 - 18:30,19 July,2014,Saturday,Weekend 1,Hard Dance
5708,Q-Dance,Framestage,Frontliner,18:30 - 19:30,19 July,2014,Saturday,Weekend 1,Hardcore Techno
5709,Q-Dance,Framestage,Coone,19:30 - 20:30,19 July,2014,Saturday,Weekend 1,Hard Dance
5710,Q-Dance,Framestage,Noisecontrollers,20:30 - 21:30,19 July,2014,Saturday,Weekend 1,Hardcore Techno
5711,Q-Dance,Framestage,Zatox,21:30 - 22:30,19 July,2014,Saturday,Weekend 1,Hard Dance
5712,Q-Dance,Framestage,Endymion b2b Frequencerz,22:30 - 23:30,19 July,2014,Saturday,Weekend 1,Unknown
5713,Q-Dance,Framestage,Angerfist (live),23:30 - 00:00,19 July,2014,Saturday,Weekend 1,Unknown
5714,V Sessions vs. Doorn,Garden of Madness,Firebeatz,00:00 - 01:00,19 July,2014,Saturday,Weekend 1,Electro House
5715,V Sessions vs. Doorn,Garden of Madness,Mell Tierra,12:30 - 13:30,19 July,2014,Saturday,Weekend 1,Unknown
5716,V Sessions vs. Doorn,Garden of Madness,D-wayne,13:30 - 14:30,19 July,2014,Saturday,Weekend 1,Commercial Dance
5717,V Sessions vs. Doorn,Garden of Madness,DubVision,14:30 - 15:30,19 July,2014,Saturday,Weekend 1,"Electro House, Progressive House, Traditional House"
5718,V Sessions vs. Doorn,Garden of Madness,Will Sparks,15:30 - 16:30,19 July,2014,Saturday,Weekend 1,Commercial Dance
5719,V Sessions vs. Doorn,Garden of Madness,Sidney Samson,16:30 - 17:30,19 July,2014,Saturday,Weekend 1,Traditional House
5720,V Sessions vs. Doorn,Garden of Madness,Dannic,17:30 - 19:00,19 July,2014,Saturday,Weekend 1,Progressive House
5721,V Sessions vs. Doorn,Garden of Madness,Tommy Trash,19:00 - 20:30,19 July,2014,Saturday,Weekend 1,"Electro House, Progressive House"
5722,V Sessions vs. Doorn,Garden of Madness,Bingo Players,20:30 - 21:30,19 July,2014,Saturday,Weekend 1,Progressive House
5723,V Sessions vs. Doorn,Garden of Madness,Sander Van Doorn,21:30 - 22:30,19 July,2014,Saturday,Weekend 1,Trance
5724,V Sessions vs. Doorn,Garden of Madness,Sander Van Doorn b2b Yves V,22:30 - 23:00,19 July,2014,Saturday,Weekend 1,Unknown
5725,Bonzai,Flowerboat,M.I.K.E Push,23:00 - 00:00,19 July,2014,Saturday,Weekend 1,Unknown
5726,B2B,Magical Mirrors,Josh Lasden,12:30 - 13:30,19 July,2014,Saturday,Weekend 1,Unknown
5727,B2B,Magical Mirrors,John 00 Fleming,13:30 - 15:00,19 July,2014,Saturday,Weekend 1,Trance
5728,B2B,Magical Mirrors,Neelix,15:00 - 16:00,19 July,2014,Saturday,Weekend 1,Psychedelic Trance
5729,B2B,Magical Mirrors,Yahel,16:00 - 17:30,19 July,2014,Saturday,Weekend 1,Trance
5730,B2B,Magical Mirrors,Talamasca,17:30 - 19:00,19 July,2014,Saturday,Weekend 1,"Psychedelic Trance, Trance"
5731,B2B,Magical Mirrors,GMS,19:00 - 20:30,19 July,2014,Saturday,Weekend 1,"Chill Out, Trance"
5732,B2B,Magical Mirrors,Firaga,20:30 - 22:00,19 July,2014,Saturday,Weekend 1,Psytrance
5733,B2B,Magical Mirrors,Astrix,22:00 - 23:30,19 July,2014,Saturday,Weekend 1,Psychedelic Trance
5734,B2B,Magical Mirrors,Skazi,23:30 - 01:00,19 July,2014,Saturday,Weekend 1,Trance
5735,Mainstage,Mainstage,Hardwell & Tiesto,00:30 - 01:00,19 July,2014,Saturday,Weekend 1,Unknown
5736,Mainstage,Mainstage,Sunnery James & Ryan Marciano,12:00 - 15:00,19 July,2014,Saturday,Weekend 1,Electro House
5737,Mainstage,Mainstage,Deorro,15:00 - 16:00,19 July,2014,Saturday,Weekend 1,Electro House
5738,Mainstage,Mainstage,Dyro,16:00 - 17:00,19 July,2014,Saturday,Weekend 1,Progressive House
5739,Mainstage,Mainstage,New World Punx,17:00 - 18:30,19 July,2014,Saturday,Weekend 1,Commercial Dance
5740,Mainstage,Mainstage,Kaskade,18:30 - 19:30,19 July,2014,Saturday,Weekend 1,Progressive House
5741,Mainstage,Mainstage,Afrojack,19:30 - 20:30,19 July,2014,Saturday,Weekend 1,"Electro House, Progressive House"
5742,Mainstage,Mainstage,Netsky,20:30 - 21:30,19 July,2014,Saturday,Weekend 1,Drum & Bass
5743,Mainstage,Mainstage,Alesso,21:30 - 22:30,19 July,2014,Saturday,Weekend 1,Progressive House
5744,Mainstage,Mainstage,Hardwell,22:30 - 23:30,19 July,2014,Saturday,Weekend 1,"Electro House, Progressive House"
5745,Mainstage,Mainstage,Tiesto,23:30 - 00:30,19 July,2014,Saturday,Weekend 1,"Commercial Dance, Big Room"
5746,Super You & Me,Opera,Marc Benjamin,12:00 - 13:30,19 July,2014,Saturday,Weekend 1,Unknown
5747,Super You & Me,Opera,D.O.D,13:30 - 14:45,19 July,2014,Saturday,Weekend 1,Electro House
5748,Super You & Me,Opera,Sandro Silva,14:45 - 16:00,19 July,2014,Saturday,Weekend 1,"Electro House, Progressive House"
5749,Super You & Me,Opera,DVBBS,16:00 - 17:15,19 July,2014,Saturday,Weekend 1,Commercial Dance
5750,V Sessions vs. Doorn,Garden of Madness,Yves V,23:00 - 00:00,19 July,2014,Saturday,Weekend 1,Progressive House
5751,Super You & Me,Opera,Laidback Luke,18:30 - 20:00,19 July,2014,Saturday,Weekend 1,Electro House
5752,Super You & Me,Opera,Nero,20:00 - 21:15,19 July,2014,Saturday,Weekend 1,Commercial Dance
5753,Super You & Me,Opera,"Superman, Spiderman & Batman",21:15 - 22:15,19 July,2014,Saturday,Weekend 1,Unknown
5754,Super You & Me,Opera,Knife Party,22:15 - 23:30,19 July,2014,Saturday,Weekend 1,"Dubstep, Electro House"
5755,Super You & Me,Opera,Pretty Lights,23:30 - 01:00,19 July,2014,Saturday,Weekend 1,"Electronica, Funk / R&B"
5756,Star Warz,Tent Stage @ Dreamville Entrance,Goldie,00:00 - 01:00,19 July,2014,Saturday,Weekend 1,"Drum & Bass, Commercial Dance"
5757,Star Warz,Tent Stage @ Dreamville Entrance,Phase,13:30 - 15:00,19 July,2014,Saturday,Weekend 1,Commercial Dance
5758,Star Warz,Tent Stage @ Dreamville Entrance,Station Earth,15:00 - 16:00,19 July,2014,Saturday,Weekend 1,Unknown
5759,Star Warz,Tent Stage @ Dreamville Entrance,M&T ft. Mc Mota & Mc Akespeare,16:00 - 17:00,19 July,2014,Saturday,Weekend 1,Unknown
5760,Star Warz,Tent Stage @ Dreamville Entrance,Marvel,17:00 - 18:00,19 July,2014,Saturday,Weekend 1,Drum & Bass
5761,Star Warz,Tent Stage @ Dreamville Entrance,New Deal,18:00 - 19:00,19 July,2014,Saturday,Weekend 1,Commercial Dance
5762,Star Warz,Tent Stage @ Dreamville Entrance,Lenzman,19:00 - 20:00,19 July,2014,Saturday,Weekend 1,Commercial Dance
5763,Star Warz,Tent Stage @ Dreamville Entrance,Ulterior Motive,20:00 - 21:00,19 July,2014,Saturday,Weekend 1,Commercial Dance
5764,Star Warz,Tent Stage @ Dreamville Entrance,Dillinja,21:00 - 22:00,19 July,2014,Saturday,Weekend 1,Drum & Bass
5765,Star Warz,Tent Stage @ Dreamville Entrance,Shy Fx ft. Stamina Mc,22:00 - 23:00,19 July,2014,Saturday,Weekend 1,Unknown
5766,Star Warz,Tent Stage @ Dreamville Entrance,Special Guest: Sub Focus ft. ID,23:00 - 00:00,19 July,2014,Saturday,Weekend 1,Unknown
5767,kozzmozz,Tent Stage behind Mainstage,Spacid,13:00 - 15:00,19 July,2014,Saturday,Weekend 1,Unknown
5768,kozzmozz,Tent Stage behind Mainstage,Rebekah,15:00 - 16:30,19 July,2014,Saturday,Weekend 1,Techno
5769,kozzmozz,Tent Stage behind Mainstage,Jeff Mills,16:30 - 18:00,19 July,2014,Saturday,Weekend 1,"Traditional House, Techno"
5770,kozzmozz,Tent Stage behind Mainstage,Ben Klock,18:00 - 19:00,19 July,2014,Saturday,Weekend 1,Techno
5771,kozzmozz,Tent Stage behind Mainstage,Kr!z,19:00 - 20:30,19 July,2014,Saturday,Weekend 1,Unknown
5772,kozzmozz,Tent Stage behind Mainstage,Mark Broom,20:30 - 22:00,19 July,2014,Saturday,Weekend 1,Techno
5773,kozzmozz,Tent Stage behind Mainstage,Pfirter,22:00 - 23:30,19 July,2014,Saturday,Weekend 1,Unknown
5774,kozzmozz,Tent Stage behind Mainstage,Chris Liebing,23:30 - 01:00,19 July,2014,Saturday,Weekend 1,Techno
5775,Super You & Me,Opera,Blasterjaxx,17:15 - 18:30,19 July,2014,Saturday,Weekend 1,Commercial Dance
5776,Woody Weekend,The Rave Cave,Greg Lamore vs Jay Lee Hudson ft. Coin,14:00 - 19:00,19 July,2014,Saturday,Weekend 1,Unknown
5777,Woody Weekend,The Rave Cave,Commonphase,19:00 - 20:30,19 July,2014,Saturday,Weekend 1,Unknown
5778,Woody Weekend,The Rave Cave,Thim,20:30 - 22:00,19 July,2014,Saturday,Weekend 1,House
5779,Woody Weekend,The Rave Cave,Luca Barassi & Fré,22:00 - 01:00,19 July,2014,Saturday,Weekend 1,Unknown
5780,Radio Ultra Modern,Theatre,Radio Ultra Modern - Saturday,13:00 - 01:00,19 July,2014,Saturday,Weekend 1,Unknown
5781,Ferry Corsten presents FULL ON,Tulip,Jochen Miller,12:30 - 13:45,19 July,2014,Saturday,Weekend 1,Trance
5782,Ferry Corsten presents FULL ON,Tulip,Marco V,13:45 - 15:30,19 July,2014,Saturday,Weekend 1,"Progressive House, Trance"
5783,Ferry Corsten presents FULL ON,Tulip,Sick Individuals,15:45 - 17:15,19 July,2014,Saturday,Weekend 1,Progressive House
5784,Ferry Corsten presents FULL ON,Tulip,Thomas Newson,17:15 - 18:30,19 July,2014,Saturday,Weekend 1,Commercial Dance
5785,Ferry Corsten presents FULL ON,Tulip,Audien,18:30 - 19:15,19 July,2014,Saturday,Weekend 1,"Progressive House, Trance"
5786,Ferry Corsten presents FULL ON,Tulip,Sied Van Riel,19:15 - 21:00,19 July,2014,Saturday,Weekend 1,Trance
5787,Ferry Corsten presents FULL ON,Tulip,Ferry Corsten,21:00 - 23:00,19 July,2014,Saturday,Weekend 1,Trance
5788,Ferry Corsten presents FULL ON,Tulip,Aly & Fila B2B John O'Callaghan,23:00 - 01:00,19 July,2014,Saturday,Weekend 1,Unknown
5789,Derrick Carter Family & Friends,Bamboo Octopus,Flapjackers,12:00 - 14:00,20 July,2014,Sunday,Weekend 1,Unknown
5790,Derrick Carter Family & Friends,Bamboo Octopus,The Martinez Brothers,14:00 - 16:00,20 July,2014,Sunday,Weekend 1,Tech House
5791,Derrick Carter Family & Friends,Bamboo Octopus,Inland Knights,16:00 - 18:00,20 July,2014,Sunday,Weekend 1,Unknown
5792,Derrick Carter Family & Friends,Bamboo Octopus,Hot Since 82,18:00 - 20:00,20 July,2014,Sunday,Weekend 1,Commercial Dance
5793,Derrick Carter Family & Friends,Bamboo Octopus,DJ Sneak b2b Mark Farina,20:00 - 22:00,20 July,2014,Sunday,Weekend 1,Unknown
5794,Derrick Carter Family & Friends,Bamboo Octopus,Derrick Carter,22:00 - 00:00,20 July,2014,Sunday,Weekend 1,Traditional House
5795,Richie Hawtin presents Minus,Café D'Anvers,Bella Sarris,12:00 - 13:30,20 July,2014,Sunday,Weekend 1,"Tech House, Deep House"
5796,Richie Hawtin presents Minus,Café D'Anvers,Marc Faenger,13:30 - 15:00,20 July,2014,Sunday,Weekend 1,Unknown
5797,Richie Hawtin presents Minus,Café D'Anvers,Joran Van Pol,15:00 - 16:30,20 July,2014,Sunday,Weekend 1,Unknown
5798,Richie Hawtin presents Minus,Café D'Anvers,Ida Engberg,16:30 - 18:00,20 July,2014,Sunday,Weekend 1,Techno
5799,Richie Hawtin presents Minus,Café D'Anvers,Paco Osuna,18:00 - 19:30,20 July,2014,Sunday,Weekend 1,"Tech House, Techno"
5800,Woody Weekend,The Rave Cave,Basement Sounds,12:00 - 14:00,19 July,2014,Saturday,Weekend 1,Unknown
5801,Richie Hawtin presents Minus,Café D'Anvers,Gaiser,21:00 - 22:00,20 July,2014,Sunday,Weekend 1,Techno
5802,Richie Hawtin presents Minus,Café D'Anvers,Richie Hawtin,22:00 - 00:00,20 July,2014,Sunday,Weekend 1,"Tech House, Techno"
5803,Desperados Club,Desperados Club Stage,Jules X,12:00 - 13:00,20 July,2014,Sunday,Weekend 1,Unknown
5804,Desperados Club,Desperados Club Stage,Lucy Fox A Lot,13:00 - 14:00,20 July,2014,Sunday,Weekend 1,Unknown
5805,Desperados Club,Desperados Club Stage,Hush Hefner,14:00 - 15:00,20 July,2014,Sunday,Weekend 1,Unknown
5806,Desperados Club,Desperados Club Stage,FeestDJRuud,15:00 - 16:00,20 July,2014,Sunday,Weekend 1,"Dutch House, Moombahton"
5807,Desperados Club,Desperados Club Stage,Skyve,16:00 - 17:30,20 July,2014,Sunday,Weekend 1,"Techno, House"
5808,Desperados Club,Desperados Club Stage,The Whatevers,17:30 - 19:00,20 July,2014,Sunday,Weekend 1,Unknown
5809,Desperados Club,Desperados Club Stage,TLP,19:00 - 20:30,20 July,2014,Sunday,Weekend 1,Unknown
5810,Desperados Club,Desperados Club Stage,Laston & Geo,20:30 - 22:00,20 July,2014,Sunday,Weekend 1,Unknown
5811,Desperados Club,Desperados Club Stage,Survivor Tag Team,22:00 - 23:00,20 July,2014,Sunday,Weekend 1,Unknown
5812,Desperados Club,Desperados Club Stage,Hindu Radio DJ's,23:00 - 00:00,20 July,2014,Sunday,Weekend 1,Unknown
5813,Lotto,Dream Island,X-ian,12:00 - 14:00,20 July,2014,Sunday,Weekend 1,Unknown
5814,Lotto,Dream Island,Delafino vs Niels Feijen,14:00 - 15:00,20 July,2014,Sunday,Weekend 1,Unknown
5815,Lotto,Dream Island,Albert Neve,15:00 - 16:00,20 July,2014,Sunday,Weekend 1,Progressive House
5816,Lotto,Dream Island,Plastik Funk,16:00 - 17:00,20 July,2014,Sunday,Weekend 1,Electro House
5817,Lotto,Dream Island,Tom Leclercq,17:00 - 18:00,20 July,2014,Sunday,Weekend 1,Unknown
5818,Lotto,Dream Island,Stafford Brothers,18:00 - 19:00,20 July,2014,Sunday,Weekend 1,Traditional House
5819,Lotto,Dream Island,Jay Hardway,19:00 - 20:00,20 July,2014,Sunday,Weekend 1,Commercial Dance
5820,Lotto,Dream Island,HIIO,20:00 - 21:00,20 July,2014,Sunday,Weekend 1,Commercial Dance
5821,Lotto,Dream Island,Dave Lambert,21:00 - 22:00,20 July,2014,Sunday,Weekend 1,Traditional House
5822,Lotto,Dream Island,Mr Moustache vs Smith Davis,22:00 - 23:00,20 July,2014,Sunday,Weekend 1,Unknown
5823,Daily Dubstep,Flowerboat,Point.Blank,13:30 - 15:00,20 July,2014,Sunday,Weekend 1,Unknown
5824,Daily Dubstep,Flowerboat,The Offenders,15:00 - 16:00,20 July,2014,Sunday,Weekend 1,Unknown
5825,Richie Hawtin presents Minus,Café D'Anvers,Maceo Plex,19:30 - 21:00,20 July,2014,Sunday,Weekend 1,Tech House
5826,Daily Dubstep,Flowerboat,NGA Sound,17:00 - 18:00,20 July,2014,Sunday,Weekend 1,Unknown
5827,Daily Dubstep,Flowerboat,Nicon & Mc Swift,18:00 - 19:00,20 July,2014,Sunday,Weekend 1,Unknown
5828,Daily Dubstep,Flowerboat,North Base,19:00 - 20:00,20 July,2014,Sunday,Weekend 1,Unknown
5829,Daily Dubstep,Flowerboat,Murdock,20:00 - 21:00,20 July,2014,Sunday,Weekend 1,Drum & Bass
5830,Daily Dubstep,Flowerboat,Nadus,21:00 - 22:00,20 July,2014,Sunday,Weekend 1,"Trap, Dubstep, Electro House, Big Room"
5831,Daily Dubstep,Flowerboat,Emalkay,22:00 - 23:00,20 July,2014,Sunday,Weekend 1,Dubstep
5832,Daily Dubstep,Flowerboat,Rusko,23:00 - 00:00,20 July,2014,Sunday,Weekend 1,Dubstep
5833,Legends of Trance,Framestage,Cosmic Gate,13:00 - 14:30,20 July,2014,Sunday,Weekend 1,"Progressive House, Trance"
5834,Legends of Trance,Framestage,Markus Schulz,14:30 - 16:30,20 July,2014,Sunday,Weekend 1,"Progressive House, Trance"
5835,Legends of Trance,Framestage,Makus Schulz B2B Cosmic Gate,16:30 - 17:15,20 July,2014,Sunday,Weekend 1,Unknown
5836,Legends of Trance,Framestage,Markus Schulz,17:15 - 22:30,20 July,2014,Sunday,Weekend 1,"Progressive House, Trance"
5837,Legends of Trance,Framestage,Paul Van Dyk,22:30 - 00:00,20 July,2014,Sunday,Weekend 1,Trance
5838,Smash The House,Garden of Madness,Dave Till,13:00 - 14:00,20 July,2014,Sunday,Weekend 1,Unknown
5839,Smash The House,Garden of Madness,Ibranovski,14:00 - 15:00,20 July,2014,Sunday,Weekend 1,"Electronica, Hip-Hop, Traditional House"
5840,Smash The House,Garden of Madness,Tujamo,15:00 - 16:00,20 July,2014,Sunday,Weekend 1,Traditional House
5841,Smash The House,Garden of Madness,Alvaro ft. MC KC Jones,16:00 - 17:00,20 July,2014,Sunday,Weekend 1,Unknown
5842,Smash The House,Garden of Madness,Moguai,17:00 - 18:00,20 July,2014,Sunday,Weekend 1,"Electro House, Progressive House"
5843,Smash The House,Garden of Madness,Ummet Ozcan,18:00 - 19:00,20 July,2014,Sunday,Weekend 1,Trance
5844,Smash The House,Garden of Madness,Regi,19:00 - 20:00,20 July,2014,Sunday,Weekend 1,"Trance, Big Room House"
5845,Smash The House,Garden of Madness,Fedde Le Grand,20:00 - 21:00,20 July,2014,Sunday,Weekend 1,Progressive House
5846,Smash The House,Garden of Madness,Redfoo,21:00 - 22:00,20 July,2014,Sunday,Weekend 1,Electro House
5847,Smash The House,Garden of Madness,Dimitri Vegas & Like Mike,22:00 - 23:00,20 July,2014,Sunday,Weekend 1,Electro House
5848,Smash The House,Garden of Madness,Wolfpack,23:00 - 00:00,20 July,2014,Sunday,Weekend 1,"Commercial Dance, Electro House, Progressive House"
5849,Bakermat & Friends,Magical Mirrors,DIMMI,12:00 - 13:00,20 July,2014,Sunday,Weekend 1,Traditional House
5850,Daily Dubstep,Flowerboat,After 12,16:00 - 17:00,20 July,2014,Sunday,Weekend 1,Unknown
5851,Bakermat & Friends,Magical Mirrors,Nico Pusch,14:00 - 15:30,20 July,2014,Sunday,Weekend 1,Unknown
5852,Bakermat & Friends,Magical Mirrors,Wankelmut,15:30 - 17:00,20 July,2014,Sunday,Weekend 1,"Electronica, Hip-Hop, Traditional House, Trap"
5853,Bakermat & Friends,Magical Mirrors,Klingande,17:00 - 18:00,20 July,2014,Sunday,Weekend 1,"Deep House, Tropical House"
5854,Bakermat & Friends,Magical Mirrors,Lexer,18:00 - 19:30,20 July,2014,Sunday,Weekend 1,"Commercial Dance, Electronica, Tech House"
5855,Bakermat & Friends,Magical Mirrors,Alle Farben,19:30 - 21:00,20 July,2014,Sunday,Weekend 1,"Tech House, Techno, Deep House"
5856,Bakermat & Friends,Magical Mirrors,Bakermat,21:00 - 22:30,20 July,2014,Sunday,Weekend 1,Deep House
5857,Bakermat & Friends,Magical Mirrors,Tube & Berger,22:30 - 00:00,20 July,2014,Sunday,Weekend 1,Tech House
5858,Mainstage,Mainstage,AN21 & Max Vangeli,12:00 - 15:00,20 July,2014,Sunday,Weekend 1,Unknown
5859,Mainstage,Mainstage,R3hab,15:00 - 16:00,20 July,2014,Sunday,Weekend 1,"Electro House, Progressive House"
5860,Mainstage,Mainstage,Krewella,16:00 - 17:00,20 July,2014,Sunday,Weekend 1,Electro House
5861,Mainstage,Mainstage,W&W,17:00 - 18:00,20 July,2014,Sunday,Weekend 1,Trance
5862,Mainstage,Mainstage,Nicky Romero,18:00 - 19:15,20 July,2014,Sunday,Weekend 1,Progressive House
5863,Mainstage,Mainstage,Steve Angello,19:15 - 20:30,20 July,2014,Sunday,Weekend 1,Progressive House
5864,Mainstage,Mainstage,David Guetta,20:30 - 22:30,20 July,2014,Sunday,Weekend 1,Electro House
5865,Mainstage,Mainstage,Steve Aoki,22:30 - 23:30,20 July,2014,Sunday,Weekend 1,"Electro House, Indie / Underground"
5866,Mainstage,Mainstage,3 Are Legend,23:30 - 23:50,20 July,2014,Sunday,Weekend 1,"Commercial Dance, Electro House, Electronica, Hard Dance, Techno"
5867,Dave Clarke,Opera,Pierre,12:30 - 14:00,20 July,2014,Sunday,Weekend 1,Traditional House
5868,Dave Clarke,Opera,Heidi,14:00 - 15:30,20 July,2014,Sunday,Weekend 1,Traditional House
5869,Dave Clarke,Opera,Octave One (Live),15:30 - 16:30,20 July,2014,Sunday,Weekend 1,Unknown
5870,Dave Clarke,Opera,Marcel Fengler,16:30 - 18:30,20 July,2014,Sunday,Weekend 1,Techno
5871,Dave Clarke,Opera,Green Velvet,18:30 - 20:00,20 July,2014,Sunday,Weekend 1,"Traditional House, Techno"
5872,Dave Clarke,Opera,Vitalic (live),20:00 - 21:00,20 July,2014,Sunday,Weekend 1,Unknown
5873,Dave Clarke,Opera,Paul Kalkbrenner (Live),21:00 - 22:30,20 July,2014,Sunday,Weekend 1,Unknown
5874,Dave Clarke,Opera,Dave Clarke,22:30 - 00:00,20 July,2014,Sunday,Weekend 1,"Electro House, Techno"
5875,Bakermat & Friends,Magical Mirrors,Cleavage,13:00 - 14:00,20 July,2014,Sunday,Weekend 1,Unknown
5876,Pussy Lounge,Tent Stage @ Dreamville Entrance,Dr. Phunk,13:30 - 14:30,20 July,2014,Sunday,Weekend 1,Unknown
5877,Pussy Lounge,Tent Stage @ Dreamville Entrance,Akyra,14:30 - 15:30,20 July,2014,Sunday,Weekend 1,Hardcore
5878,Pussy Lounge,Tent Stage @ Dreamville Entrance,Massiv & The Rebel,15:30 - 16:30,20 July,2014,Sunday,Weekend 1,Unknown
5879,Pussy Lounge,Tent Stage @ Dreamville Entrance,Ruthless,16:30 - 17:30,20 July,2014,Sunday,Weekend 1,Hardcore Techno
5880,Pussy Lounge,Tent Stage @ Dreamville Entrance,Balistic,17:30 - 18:30,20 July,2014,Sunday,Weekend 1,Unknown
5881,Pussy Lounge,Tent Stage @ Dreamville Entrance,Darkraver,18:30 - 19:30,20 July,2014,Sunday,Weekend 1,"Electro House, Hard Dance"
5882,Pussy Lounge,Tent Stage @ Dreamville Entrance,Paul Elstak,19:30 - 20:30,20 July,2014,Sunday,Weekend 1,Hardcore Techno
5883,Pussy Lounge,Tent Stage @ Dreamville Entrance,Korsakoff,20:30 - 21:30,20 July,2014,Sunday,Weekend 1,"Hardcore Techno, Psychedelic Trance"
5884,Pussy Lounge,Tent Stage @ Dreamville Entrance,Mental Theo,21:30 - 22:30,20 July,2014,Sunday,Weekend 1,Unknown
5885,Pussy Lounge,Tent Stage @ Dreamville Entrance,Evil Activities,22:30 - 00:00,20 July,2014,Sunday,Weekend 1,Hardcore Techno
5886,Forma.T,Tent Stage behind Mainstage,Bad Dancer,12:00 - 13:00,20 July,2014,Sunday,Weekend 1,Unknown
5887,Forma.T,Tent Stage behind Mainstage,Junior,13:00 - 14:00,20 July,2014,Sunday,Weekend 1,Minimal
5888,Forma.T,Tent Stage behind Mainstage,Sound Pellegrino Thermal Team,14:00 - 15:00,20 July,2014,Sunday,Weekend 1,Unknown
5889,Forma.T,Tent Stage behind Mainstage,Boston Bun,15:00 - 16:00,20 July,2014,Sunday,Weekend 1,Unknown
5890,Forma.T,Tent Stage behind Mainstage,Surfing Leons,16:00 - 17:00,20 July,2014,Sunday,Weekend 1,Unknown
5891,Forma.T,Tent Stage behind Mainstage,Skream,17:00 - 18:30,20 July,2014,Sunday,Weekend 1,Commercial Dance
5892,Forma.T,Tent Stage behind Mainstage,Busy P,18:30 - 20:00,20 July,2014,Sunday,Weekend 1,Indie / Underground
5893,Forma.T,Tent Stage behind Mainstage,Erol Alkan,20:00 - 21:30,20 July,2014,Sunday,Weekend 1,"Electro House, Indie / Underground"
5894,Forma.T,Tent Stage behind Mainstage,Kolombo,21:30 - 22:30,20 July,2014,Sunday,Weekend 1,Commercial Dance
5895,Forma.T,Tent Stage behind Mainstage,The Magician,22:30 - 00:00,20 July,2014,Sunday,Weekend 1,Indie / Underground
5896,Coincidence,The Rave Cave,Gols,12:00 - 14:00,20 July,2014,Sunday,Weekend 1,Unknown
5897,Coincidence,The Rave Cave,The Jelly Bellies,14:00 - 15:30,20 July,2014,Sunday,Weekend 1,Unknown
5898,Coincidence,The Rave Cave,Yannick Robyns,15:30 - 17:00,20 July,2014,Sunday,Weekend 1,Commercial Dance
5899,Coincidence,The Rave Cave,Esther Duijn,17:00 - 18:30,20 July,2014,Sunday,Weekend 1,Commercial Dance
5900,Pussy Lounge,Tent Stage @ Dreamville Entrance,Giocatori,12:00 - 13:30,20 July,2014,Sunday,Weekend 1,Unknown
5901,Coincidence,The Rave Cave,Tom Dazing,20:00 - 21:30,20 July,2014,Sunday,Weekend 1,Commercial Dance
5902,Coincidence,The Rave Cave,Trixy,21:30 - 22:30,20 July,2014,Sunday,Weekend 1,"Hardstyle, Rawstyle, Electronic"
5903,Coincidence,The Rave Cave,Redhead,22:30 - 00:00,20 July,2014,Sunday,Weekend 1,Unknown
5904,Radio Ultra Modern,Theatre,Radio Ultra Modern - Sunday,13:00 - 00:00,20 July,2014,Sunday,Weekend 1,Unknown
5905,Age Of Love,Tulip,Cosmo,12:00 - 13:00,20 July,2014,Sunday,Weekend 1,"Electro House, Trance"
5906,Age Of Love,Tulip,Fred Nasen,13:00 - 14:00,20 July,2014,Sunday,Weekend 1,Unknown
5907,Age Of Love,Tulip,The Mackenzie,14:00 - 15:00,20 July,2014,Sunday,Weekend 1,Unknown
5908,Age Of Love,Tulip,Youri Parker,15:00 - 16:00,20 July,2014,Sunday,Weekend 1,Unknown
5909,Age Of Love,Tulip,Marko de La Rocca,16:00 - 17:00,20 July,2014,Sunday,Weekend 1,Unknown
5910,Age Of Love,Tulip,Quincy,17:00 - 18:00,20 July,2014,Sunday,Weekend 1,Unknown
5911,Age Of Love,Tulip,Olivier Pieters,18:00 - 19:00,20 July,2014,Sunday,Weekend 1,Unknown
5912,Age Of Love,Tulip,Jaydee,19:00 - 20:00,20 July,2014,Sunday,Weekend 1,"Progressive House, Tech House"
5913,Age Of Love,Tulip,Carat Trax (live),20:00 - 21:00,20 July,2014,Sunday,Weekend 1,Unknown
5914,Age Of Love,Tulip,Da Hool,21:00 - 22:00,20 July,2014,Sunday,Weekend 1,Unknown
5915,Age Of Love,Tulip,Push (Live),22:00 - 23:00,20 July,2014,Sunday,Weekend 1,Unknown
5916,Age Of Love,Tulip,Franky Jones,23:00 - 00:00,20 July,2014,Sunday,Weekend 1,"Techno, Acid"
5917,The Gathering,The Gathering,Dimitri Vegas & Like Mike & Yves V,00:30 - 01:00,24 July,2014,Thursday,Weekend 2,Unknown
5918,The Gathering,The Gathering,Tripleks,13:30 - 14:30,24 July,2014,Thursday,Weekend 2,Unknown
5919,The Gathering,The Gathering,Const,14:30 - 15:15,24 July,2014,Thursday,Weekend 2,"Chiptune, Hardcore, Techno"
5920,The Gathering,The Gathering,Dave Brody,15:15 - 16:00,24 July,2014,Thursday,Weekend 2,Unknown
5921,The Gathering,The Gathering,Niobeat,16:00 - 16:45,24 July,2014,Thursday,Weekend 2,Unknown
5922,The Gathering,The Gathering,Licious,16:45 - 17:30,24 July,2014,Thursday,Weekend 2,Traditional House
5923,The Gathering,The Gathering,DJaxx & Neurotique,17:30 - 18:15,24 July,2014,Thursday,Weekend 2,Unknown
5924,The Gathering,The Gathering,Goldfox,18:15 - 19:00,24 July,2014,Thursday,Weekend 2,"Electronic, Dance"
5925,Coincidence,The Rave Cave,Svemirski,18:30 - 20:00,20 July,2014,Sunday,Weekend 1,Unknown
5926,The Gathering,The Gathering,Mumbai Science,19:45 - 20:45,24 July,2014,Thursday,Weekend 2,Unknown
5927,The Gathering,The Gathering,Raving George,20:45 - 21:30,24 July,2014,Thursday,Weekend 2,Unknown
5928,The Gathering,The Gathering,Mystique & Neon,21:30 - 22:15,24 July,2014,Thursday,Weekend 2,Unknown
5929,The Gathering,The Gathering,Nicolaz,22:15 - 23:00,24 July,2014,Thursday,Weekend 2,Unknown
5930,The Gathering,The Gathering,Murdock,23:00 - 23:45,24 July,2014,Thursday,Weekend 2,Drum & Bass
5931,The Gathering,The Gathering,Wolfpack,23:45 - 00:30,24 July,2014,Thursday,Weekend 2,"Commercial Dance, Electro House, Progressive House"
5932,Qult,Bamboo Octopus,Two Times Four,12:30 - 13:30,25 July,2014,Friday,Weekend 2,Unknown
5933,Qult,Bamboo Octopus,Donnie Darko,13:30 - 14:30,25 July,2014,Friday,Weekend 2,Unknown
5934,Qult,Bamboo Octopus,Argy,14:30 - 15:30,25 July,2014,Friday,Weekend 2,Techno
5935,Qult,Bamboo Octopus,Dirtcaps,15:30 - 16:30,25 July,2014,Friday,Weekend 2,"Drum & Bass, Hardcore Techno, Trap"
5936,Qult,Bamboo Octopus,A*S*Y*S,16:30 - 17:30,25 July,2014,Friday,Weekend 2,Commercial Dance
5937,Qult,Bamboo Octopus,The Oddword,17:30 - 18:30,25 July,2014,Friday,Weekend 2,Unknown
5938,Qult,Bamboo Octopus,Geck-O,18:30 - 20:00,25 July,2014,Friday,Weekend 2,Unknown
5939,Qult,Bamboo Octopus,Mightyfools,20:00 - 21:00,25 July,2014,Friday,Weekend 2,Commercial Dance
5940,Qult,Bamboo Octopus,Alex Kidd,21:00 - 22:00,25 July,2014,Friday,Weekend 2,Hard Dance
5941,Qult,Bamboo Octopus,ACTI,22:00 - 23:30,25 July,2014,Friday,Weekend 2,Rap
5942,Qult,Bamboo Octopus,Audiofreq,23:30 - 01:00,25 July,2014,Friday,Weekend 2,Hard Dance
5943,Paradise,Café D'Anvers,FlatFish,12:00 - 13:00,25 July,2014,Friday,Weekend 2,Unknown
5944,Paradise,Café D'Anvers,Zoet & Hartelijk,13:00 - 14:00,25 July,2014,Friday,Weekend 2,Unknown
5945,Paradise,Café D'Anvers,Mark Jenkyns,14:00 - 15:30,25 July,2014,Friday,Weekend 2,Unknown
5946,Paradise,Café D'Anvers,wAFF,15:30 - 17:00,25 July,2014,Friday,Weekend 2,Commercial Dance
5947,Paradise,Café D'Anvers,Russ Yallop,17:00 - 18:30,25 July,2014,Friday,Weekend 2,Techno
5948,Paradise,Café D'Anvers,Richy Ahmed,18:30 - 20:00,25 July,2014,Friday,Weekend 2,Tech House
5949,Paradise,Café D'Anvers,Dixon,20:00 - 21:30,25 July,2014,Friday,Weekend 2,Techno
5950,The Gathering,The Gathering,Prinz,19:00 - 19:45,24 July,2014,Thursday,Weekend 2,Techno
5951,Paradise,Café D'Anvers,Jamie Jones,23:00 - 01:00,25 July,2014,Friday,Weekend 2,Tech House
5952,Desperados Club,Desperados Club Stage,Foxy Lady Ft Mc Elvee,00:00 - 01:00,25 July,2014,Friday,Weekend 2,Unknown
5953,Desperados Club,Desperados Club Stage,Poldoore,12:00 - 13:00,25 July,2014,Friday,Weekend 2,Unknown
5954,Desperados Club,Desperados Club Stage,Peregrine,13:00 - 14:00,25 July,2014,Friday,Weekend 2,Unknown
5955,Desperados Club,Desperados Club Stage,Kong & Gratts,14:00 - 15:30,25 July,2014,Friday,Weekend 2,Unknown
5956,Desperados Club,Desperados Club Stage,Bafana & Bromin,15:30 - 16:30,25 July,2014,Friday,Weekend 2,Unknown
5957,Desperados Club,Desperados Club Stage,Raffa Ciello,16:30 - 18:00,25 July,2014,Friday,Weekend 2,Unknown
5958,Desperados Club,Desperados Club Stage,Compuphonic,18:00 - 19:30,25 July,2014,Friday,Weekend 2,Traditional House
5959,Desperados Club,Desperados Club Stage,Robin Schulz,19:30 - 21:00,25 July,2014,Friday,Weekend 2,Commercial Dance
5960,Desperados Club,Desperados Club Stage,Borealis,21:00 - 22:00,25 July,2014,Friday,Weekend 2,Unknown
5961,Desperados Club,Desperados Club Stage,Kill Frenzy,22:00 - 23:00,25 July,2014,Friday,Weekend 2,Tech House
5962,Desperados Club,Desperados Club Stage,Solina,23:00 - 00:00,25 July,2014,Friday,Weekend 2,Reggaeton
5963,Lotto,Dream Island,Barry Fore vs Frederick Stone,12:00 - 14:00,25 July,2014,Friday,Weekend 2,Unknown
5964,Lotto,Dream Island,Ben Bastion,14:00 - 15:00,25 July,2014,Friday,Weekend 2,Unknown
5965,Lotto,Dream Island,Jetlag,15:00 - 16:00,25 July,2014,Friday,Weekend 2,Altrock
5966,Lotto,Dream Island,Alvar & Millas,16:00 - 17:00,25 July,2014,Friday,Weekend 2,Unknown
5967,Lotto,Dream Island,Helena,17:00 - 18:00,25 July,2014,Friday,Weekend 2,Traditional House
5968,Lotto,Dream Island,Bridges for Music pr. Lavish 189,18:00 - 19:00,25 July,2014,Friday,Weekend 2,Unknown
5969,Lotto,Dream Island,Shaan,19:00 - 20:00,25 July,2014,Friday,Weekend 2,Unknown
5970,Lotto,Dream Island,Bassjackers,20:00 - 21:00,25 July,2014,Friday,Weekend 2,Electro House
5971,Lotto,Dream Island,Albin Myers,21:00 - 22:00,25 July,2014,Friday,Weekend 2,"Electro House, Progressive House"
5972,Lotto,Dream Island,Michael Woods,22:00 - 23:00,25 July,2014,Friday,Weekend 2,Progressive House
5973,Lotto,Dream Island,Stockholm Syndrome,23:00 - 00:00,25 July,2014,Friday,Weekend 2,Unknown
5974,We Play House,Flowerboat,Kiani & his Legion,12:00 - 14:00,25 July,2014,Friday,Weekend 2,Unknown
5975,Paradise,Café D'Anvers,Art Department,21:30 - 23:00,25 July,2014,Friday,Weekend 2,Tech House
5976,We Play House,Flowerboat,FCL ft. Lady Linn,16:00 - 18:30,25 July,2014,Friday,Weekend 2,Unknown
5977,We Play House,Flowerboat,Âme,18:30 - 21:00,25 July,2014,Friday,Weekend 2,Minimal
5978,We Play House,Flowerboat,Deetron,21:00 - 23:00,25 July,2014,Friday,Weekend 2,Techno
5979,We Play House,Flowerboat,George Fitzgerald,23:00 - 01:00,25 July,2014,Friday,Weekend 2,"Commercial Dance, Synthpop"
5980,Dim Mak,Framestage,Coone,00:00 - 01:00,25 July,2014,Friday,Weekend 2,Hard Dance
5981,Dim Mak,Framestage,Tony Junior,12:45 - 13:45,25 July,2014,Friday,Weekend 2,Commercial Dance
5982,Dim Mak,Framestage,Uberjak'd,13:45 - 14:45,25 July,2014,Friday,Weekend 2,Commercial Dance
5983,Dim Mak,Framestage,Keys N Krates,14:45 - 15:30,25 July,2014,Friday,Weekend 2,"Electronica, Hip-Hop"
5984,Dim Mak,Framestage,Joachim Garraud,15:30 - 16:15,25 July,2014,Friday,Weekend 2,Electro House
5985,Dim Mak,Framestage,Carnage,16:00 - 17:00,25 July,2014,Friday,Weekend 2,"Dubstep, Hip-Hop, Trap"
5986,Dim Mak,Framestage,Felix Cartal b2b Autoerotique,16:15 - 17:00,25 July,2014,Friday,Weekend 2,Unknown
5987,Dim Mak,Framestage,Steve Aoki,18:00 - 19:30,25 July,2014,Friday,Weekend 2,"Electro House, Indie / Underground"
5988,Dim Mak,Framestage,Benny Benassi,19:30 - 20:30,25 July,2014,Friday,Weekend 2,Electro House
5989,Dim Mak,Framestage,Borgore,20:30 - 21:30,25 July,2014,Friday,Weekend 2,Dubstep
5990,Dim Mak,Framestage,The Chainsmokers,21:30 - 22:30,25 July,2014,Friday,Weekend 2,Commercial Dance
5991,Dim Mak,Framestage,Dirtyphonics,22:30 - 23:15,25 July,2014,Friday,Weekend 2,"Drum & Bass, Dubstep"
5992,Dim Mak,Framestage,Yellow Claw,23:15 - 00:00,25 July,2014,Friday,Weekend 2,"Electro House, Electronica, Hip-Hop, Traditional House, Trap"
5993,Mad Decent,Garden of Madness,Peter Luts,12:00 - 13:30,25 July,2014,Friday,Weekend 2,Commercial Dance
5994,Mad Decent,Garden of Madness,Tom Leclercq,13:30 - 14:30,25 July,2014,Friday,Weekend 2,Unknown
5995,Mad Decent,Garden of Madness,Savage Skulls,14:30 - 15:30,25 July,2014,Friday,Weekend 2,Traditional House
5996,Mad Decent,Garden of Madness,Paper Diamond,15:30 - 16:30,25 July,2014,Friday,Weekend 2,Unknown
5997,Mad Decent,Garden of Madness,Davoodi,16:30 - 17:30,25 July,2014,Friday,Weekend 2,Unknown
5998,Mad Decent,Garden of Madness,Trippy Turtle,17:30 - 18:30,25 July,2014,Friday,Weekend 2,"Club Music, Jersey Club, Hip-Hop"
5999,Mad Decent,Garden of Madness,The Partysquad,18:30 - 19:30,25 July,2014,Friday,Weekend 2,Commercial Dance
6000,We Play House,Flowerboat,KiNK,14:00 - 16:00,25 July,2014,Friday,Weekend 2,Commercial Dance
6001,Mad Decent,Garden of Madness,Flosstradamus,20:30 - 21:30,25 July,2014,Friday,Weekend 2,Electro House
6002,Mad Decent,Garden of Madness,Dillon Francis,21:30 - 22:30,25 July,2014,Friday,Weekend 2,Electro House
6003,Mad Decent,Garden of Madness,DJ Snake,22:30 - 23:30,25 July,2014,Friday,Weekend 2,"Electronica, Hard Dance, Trap"
6004,Mad Decent,Garden of Madness,Diplo,23:30 - 01:00,25 July,2014,Friday,Weekend 2,"Electro House, Indie / Underground"
6005,Blue Flame,Magical Mirrors,Mystique,00:00 - 01:00,25 July,2014,Friday,Weekend 2,Hardstyle
6006,Blue Flame,Magical Mirrors,Nexuz,12:00 - 13:00,25 July,2014,Friday,Weekend 2,Unknown
6007,Blue Flame,Magical Mirrors,Oliver Heldens,13:00 - 14:00,25 July,2014,Friday,Weekend 2,"Electro House, Electronica, Techno"
6008,Blue Flame,Magical Mirrors,2Empress,14:00 - 15:00,25 July,2014,Friday,Weekend 2,Unknown
6009,Blue Flame,Magical Mirrors,Kygo,15:00 - 16:00,25 July,2014,Friday,Weekend 2,Commercial Dance
6010,Blue Flame,Magical Mirrors,Franky Rizardo,16:00 - 17:00,25 July,2014,Friday,Weekend 2,Commercial Dance
6011,Blue Flame,Magical Mirrors,Amro,17:00 - 18:00,25 July,2014,Friday,Weekend 2,Hip-Hop
6012,Blue Flame,Magical Mirrors,The Flexican & MC Sef,18:00 - 19:00,25 July,2014,Friday,Weekend 2,Unknown
6013,Blue Flame,Magical Mirrors,Florian Picasso,19:00 - 19:45,25 July,2014,Friday,Weekend 2,Electro House
6014,Blue Flame,Magical Mirrors,Makasi,19:45 - 20:30,25 July,2014,Friday,Weekend 2,House
6015,Blue Flame,Magical Mirrors,The Opposites,20:30 - 21:30,25 July,2014,Friday,Weekend 2,Unknown
6016,Blue Flame,Magical Mirrors,MegaMen,21:30 - 22:00,25 July,2014,Friday,Weekend 2,Unknown
6017,Blue Flame,Magical Mirrors,DiMaro,22:00 - 23:00,25 July,2014,Friday,Weekend 2,House
6018,Blue Flame,Magical Mirrors,Neon,23:00 - 00:00,25 July,2014,Friday,Weekend 2,Electronic
6019,Mainstage,Mainstage,Eric Prydz,12:00 - 15:00,25 July,2014,Friday,Weekend 2,Progressive House
6020,Mainstage,Mainstage,Dannic,15:00 - 16:00,25 July,2014,Friday,Weekend 2,Progressive House
6021,Mainstage,Mainstage,NERVO,16:00 - 17:00,25 July,2014,Friday,Weekend 2,"Electro House, Progressive House"
6022,Mainstage,Mainstage,Diplo,17:00 - 18:00,25 July,2014,Friday,Weekend 2,"Electro House, Indie / Underground"
6023,Mainstage,Mainstage,Martin Garrix,18:00 - 19:00,25 July,2014,Friday,Weekend 2,Electro House
6024,Mainstage,Mainstage,Yves V,19:00 - 20:00,25 July,2014,Friday,Weekend 2,Progressive House
6025,Mad Decent,Garden of Madness,Zeds Dead,19:30 - 20:30,25 July,2014,Friday,Weekend 2,Dubstep
6026,Mainstage,Mainstage,Armin Van Buuren,21:15 - 22:30,25 July,2014,Friday,Weekend 2,Trance
6027,Mainstage,Mainstage,Dimitri Vegas & Like Mike,22:30 - 23:30,25 July,2014,Friday,Weekend 2,Electro House
6028,Mainstage,Mainstage,Knife Party,23:30 - 01:00,25 July,2014,Friday,Weekend 2,"Dubstep, Electro House"
6029,Carl Cox & Friends,Opera,Jon Rundell,12:30 - 14:00,25 July,2014,Friday,Weekend 2,Techno
6030,Carl Cox & Friends,Opera,Just Be (Bushwacka!),14:00 - 15:30,25 July,2014,Friday,Weekend 2,Unknown
6031,Carl Cox & Friends,Opera,Marco Bailey,15:30 - 17:00,25 July,2014,Friday,Weekend 2,"Tech House, Techno"
6032,Carl Cox & Friends,Opera,Nicole Moudaber,17:00 - 18:30,25 July,2014,Friday,Weekend 2,Tech House
6033,Carl Cox & Friends,Opera,Umek,18:30 - 20:00,25 July,2014,Friday,Weekend 2,"Tech House, Techno"
6034,Carl Cox & Friends,Opera,Loco Dice,20:00 - 21:30,25 July,2014,Friday,Weekend 2,"Tech House, Techno"
6035,Carl Cox & Friends,Opera,Adam Beyer,21:30 - 23:00,25 July,2014,Friday,Weekend 2,Techno
6036,Carl Cox & Friends,Opera,Carl Cox,23:00 - 01:00,25 July,2014,Friday,Weekend 2,"Tech House, Techno"
6037,Tranceaddict,Tent Stage @ Dreamville Entrance,Max Graham vs Protoculture,00:00 - 01:00,25 July,2014,Friday,Weekend 2,Unknown
6038,Tranceaddict,Tent Stage @ Dreamville Entrance,Fred Baker,12:30 - 14:00,25 July,2014,Friday,Weekend 2,"Techno, Trance"
6039,Tranceaddict,Tent Stage @ Dreamville Entrance,MaRLo,14:00 - 15:00,25 July,2014,Friday,Weekend 2,Trance
6040,Tranceaddict,Tent Stage @ Dreamville Entrance,Menno De Jong,15:00 - 16:00,25 July,2014,Friday,Weekend 2,Trance
6041,Tranceaddict,Tent Stage @ Dreamville Entrance,Bryan Kearney,16:00 - 17:00,25 July,2014,Friday,Weekend 2,Trance
6042,Tranceaddict,Tent Stage @ Dreamville Entrance,Omnia,17:00 - 18:00,25 July,2014,Friday,Weekend 2,"Progressive House, Trance"
6043,Tranceaddict,Tent Stage @ Dreamville Entrance,Andrew Rayel,18:00 - 19:00,25 July,2014,Friday,Weekend 2,Trance
6044,Tranceaddict,Tent Stage @ Dreamville Entrance,Orjan Nilsen,19:00 - 20:00,25 July,2014,Friday,Weekend 2,Commercial Dance
6045,Tranceaddict,Tent Stage @ Dreamville Entrance,Paul Oakenfold,20:00 - 21:00,25 July,2014,Friday,Weekend 2,Trance
6046,Tranceaddict,Tent Stage @ Dreamville Entrance,Jorn Van Deynhoven,21:00 - 22:00,25 July,2014,Friday,Weekend 2,Trance
6047,Tranceaddict,Tent Stage @ Dreamville Entrance,Team 140,22:00 - 23:00,25 July,2014,Friday,Weekend 2,Unknown
6048,Tranceaddict,Tent Stage @ Dreamville Entrance,Sean Tyas,23:00 - 00:00,25 July,2014,Friday,Weekend 2,Trance
6049,I Love The 90's,Tent Stage behind Mainstage,Charlie Lownoise and Mental Theo,00:00 - 01:00,25 July,2014,Friday,Weekend 2,Unknown
6050,Mainstage,Mainstage,Avicii,20:00 - 21:15,25 July,2014,Friday,Weekend 2,Unknown
6051,I Love The 90's,Tent Stage behind Mainstage,DJ Jean ft. Mc Boogshe,16:00 - 17:00,25 July,2014,Friday,Weekend 2,Unknown
6052,I Love The 90's,Tent Stage behind Mainstage,AtmoZ SoundZ,17:00 - 18:30,25 July,2014,Friday,Weekend 2,Unknown
6053,I Love The 90's,Tent Stage behind Mainstage,Johan Gielen,18:30 - 19:30,25 July,2014,Friday,Weekend 2,Trance
6054,I Love The 90's,Tent Stage behind Mainstage,Rank 1,19:30 - 20:30,25 July,2014,Friday,Weekend 2,Trance
6055,I Love The 90's,Tent Stage behind Mainstage,Darude,20:30 - 21:30,25 July,2014,Friday,Weekend 2,"Progressive House, Trance"
6056,I Love The 90's,Tent Stage behind Mainstage,Ward vs Doridzie,21:30 - 22:30,25 July,2014,Friday,Weekend 2,Unknown
6057,I Love The 90's,Tent Stage behind Mainstage,Back In Time,22:30 - 23:00,25 July,2014,Friday,Weekend 2,Unknown
6058,I Love The 90's,Tent Stage behind Mainstage,Paul Elstak,23:00 - 00:00,25 July,2014,Friday,Weekend 2,Hardcore Techno
6059,Winterclubbing,The Rave Cave,DJ P Jay & DJ Vox-D & DJ Barto & DJ Luk,13:00 - 15:30,25 July,2014,Friday,Weekend 2,Unknown
6060,Winterclubbing,The Rave Cave,Double-U vs Skinnie,15:30 - 16:15,25 July,2014,Friday,Weekend 2,Unknown
6061,Winterclubbing,The Rave Cave,Jean de Gand,16:15 - 16:45,25 July,2014,Friday,Weekend 2,Unknown
6062,Winterclubbing,The Rave Cave,DJ P Jay & DJ Vox-D & DJ Barto & DJ Luk,16:45 - 18:30,25 July,2014,Friday,Weekend 2,Unknown
6063,Winterclubbing,The Rave Cave,Dimitri Wouters,18:30 - 20:00,25 July,2014,Friday,Weekend 2,House
6064,Winterclubbing,The Rave Cave,Deve & Matizz,20:00 - 21:30,25 July,2014,Friday,Weekend 2,Unknown
6065,Winterclubbing,The Rave Cave,Funk D,21:30 - 22:15,25 July,2014,Friday,Weekend 2,"House, Techno"
6066,Winterclubbing,The Rave Cave,DJ P Jay & DJ Vox-D & DJ Barto & DJ Luk,22:15 - 01:00,25 July,2014,Friday,Weekend 2,Unknown
6067,Radio Ultra Modern,Theatre,Radio Ultra Modern - Friday,13:00 - 01:00,25 July,2014,Friday,Weekend 2,Unknown
6068,Cafeina,Tulip,Roma,00:00 - 01:00,25 July,2014,Friday,Weekend 2,"Electronic, Dance"
6069,Cafeina,Tulip,A-Tom-x ft. Mike B,12:00 - 13:00,25 July,2014,Friday,Weekend 2,Unknown
6070,Cafeina,Tulip,Audioboulevard,13:00 - 13:45,25 July,2014,Friday,Weekend 2,Unknown
6071,Cafeina,Tulip,2Dirty,13:45 - 14:45,25 July,2014,Friday,Weekend 2,Unknown
6072,Cafeina,Tulip,Funkerman,14:45 - 15:45,25 July,2014,Friday,Weekend 2,Progressive House
6073,Cafeina,Tulip,Phill Da Cunha & Dave Lambert,15:45 - 16:45,25 July,2014,Friday,Weekend 2,Unknown
6074,Cafeina,Tulip,Cemode & Seelen,16:45 - 17:45,25 July,2014,Friday,Weekend 2,Electronic
6075,I Love The 90's,Tent Stage behind Mainstage,Ward,12:00 - 16:00,25 July,2014,Friday,Weekend 2,"Disco, Funk, House"
6076,Cafeina,Tulip,Mr Grammy & DJ Licious,18:45 - 19:45,25 July,2014,Friday,Weekend 2,Unknown
6077,Cafeina,Tulip,DJ Philip & Joeri,19:45 - 20:45,25 July,2014,Friday,Weekend 2,Unknown
6078,Cafeina,Tulip,Roger Sanchez,20:45 - 22:15,25 July,2014,Friday,Weekend 2,Traditional House
6079,Cafeina,Tulip,Disco Dasco,22:15 - 23:15,25 July,2014,Friday,Weekend 2,"Electronic, House"
6080,Cafeina,Tulip,The Creamminals,23:15 - 00:00,25 July,2014,Friday,Weekend 2,Unknown
6081,Ketaloco,Bamboo Octopus,Sébastien Miotti & Ramioul,12:00 - 14:00,26 July,2014,Saturday,Weekend 2,Unknown
6082,Ketaloco,Bamboo Octopus,Nico Morano,14:00 - 15:30,26 July,2014,Saturday,Weekend 2,"House, Techno"
6083,Ketaloco,Bamboo Octopus,Eats Everything,15:30 - 17:00,26 July,2014,Saturday,Weekend 2,Traditional House
6084,Ketaloco,Bamboo Octopus,Pleasurekraft,17:00 - 18:30,26 July,2014,Saturday,Weekend 2,Tech House
6085,Ketaloco,Bamboo Octopus,don Santos,18:30 - 19:30,26 July,2014,Saturday,Weekend 2,Unknown
6086,Ketaloco,Bamboo Octopus,PAN-POT,19:30 - 21:30,26 July,2014,Saturday,Weekend 2,"Minimal, Techno"
6087,Ketaloco,Bamboo Octopus,Caspar & Don Cabron,21:30 - 23:00,26 July,2014,Saturday,Weekend 2,Unknown
6088,Ketaloco,Bamboo Octopus,Hernan Cattaneo,23:00 - 01:00,26 July,2014,Saturday,Weekend 2,"Progressive House, Tech House"
6089,Cocoon,Café D'Anvers,Whizz,12:00 - 13:00,26 July,2014,Saturday,Weekend 2,Unknown
6090,Cocoon,Café D'Anvers,Prinz,13:00 - 14:00,26 July,2014,Saturday,Weekend 2,Techno
6091,Cocoon,Café D'Anvers,Dorian Paic,14:00 - 15:30,26 July,2014,Saturday,Weekend 2,Unknown
6092,Cocoon,Café D'Anvers,Julien Bracht (live),15:30 - 16:30,26 July,2014,Saturday,Weekend 2,Unknown
6093,Cocoon,Café D'Anvers,Ilario Alicante,16:30 - 18:00,26 July,2014,Saturday,Weekend 2,"Tech House, Techno"
6094,Cocoon,Café D'Anvers,Visionquest,18:00 - 20:00,26 July,2014,Saturday,Weekend 2,Unknown
6095,Cocoon,Café D'Anvers,Ellen Allien,20:00 - 22:00,26 July,2014,Saturday,Weekend 2,Techno
6096,Cocoon,Café D'Anvers,Sven Väth,22:00 - 01:00,26 July,2014,Saturday,Weekend 2,Techno
6097,Desperados Club,Desperados Club Stage,Captain Flash,00:00 - 01:00,26 July,2014,Saturday,Weekend 2,Unknown
6098,Desperados Club,Desperados Club Stage,Mophito,12:00 - 13:00,26 July,2014,Saturday,Weekend 2,Unknown
6099,Desperados Club,Desperados Club Stage,Ojek,13:00 - 14:00,26 July,2014,Saturday,Weekend 2,Commercial Dance
6100,Cafeina,Tulip,Max Vangeli,17:45 - 18:45,25 July,2014,Friday,Weekend 2,Progressive House
6101,Desperados Club,Desperados Club Stage,Goldfox,15:00 - 16:30,26 July,2014,Saturday,Weekend 2,"Electronic, Dance"
6102,Desperados Club,Desperados Club Stage,Gewelt,16:30 - 18:00,26 July,2014,Saturday,Weekend 2,Unknown
6103,Desperados Club,Desperados Club Stage,Oliver $,18:00 - 19:30,26 July,2014,Saturday,Weekend 2,Commercial Dance
6104,Desperados Club,Desperados Club Stage,Bontan,19:30 - 21:00,26 July,2014,Saturday,Weekend 2,Commercial Dance
6105,Desperados Club,Desperados Club Stage,Michael Midnight,21:00 - 22:30,26 July,2014,Saturday,Weekend 2,Unknown
6106,Desperados Club,Desperados Club Stage,Leesa,22:30 - 00:00,26 July,2014,Saturday,Weekend 2,Unknown
6107,Lotto,Dream Island,Dux & Mr. Dum,12:00 - 14:00,26 July,2014,Saturday,Weekend 2,Unknown
6108,Lotto,Dream Island,Presskit,14:00 - 15:00,26 July,2014,Saturday,Weekend 2,Unknown
6109,Lotto,Dream Island,Tom & Jame,15:00 - 16:00,26 July,2014,Saturday,Weekend 2,"Commercial Dance, Electronica, Traditional House"
6110,Lotto,Dream Island,Martin Volt & Quentin State,16:00 - 17:00,26 July,2014,Saturday,Weekend 2,Unknown
6111,Lotto,Dream Island,Kill The Buzz,17:00 - 18:00,26 July,2014,Saturday,Weekend 2,Commercial Dance
6112,Lotto,Dream Island,Julian Calor,18:00 - 19:00,26 July,2014,Saturday,Weekend 2,Unknown
6113,Lotto,Dream Island,Joey Dale,19:00 - 20:00,26 July,2014,Saturday,Weekend 2,"Electro House, Electronica, Progressive House"
6114,Lotto,Dream Island,Jacob Liedholm,20:00 - 21:00,26 July,2014,Saturday,Weekend 2,Unknown
6115,Lotto,Dream Island,Syn Cole,21:00 - 22:00,26 July,2014,Saturday,Weekend 2,Commercial Dance
6116,Lotto,Dream Island,Vato Gonzalez ft. Mc Tjen,22:00 - 23:00,26 July,2014,Saturday,Weekend 2,Unknown
6117,Lotto,Dream Island,Lucien Foort,23:00 - 00:00,26 July,2014,Saturday,Weekend 2,Progressive House
6118,Bonzai,Flowerboat,Bonzai All Stars,00:00 - 01:00,26 July,2014,Saturday,Weekend 2,"Techno, Trance"
6119,Bonzai,Flowerboat,Bountyhunter,12:30 - 14:00,26 July,2014,Saturday,Weekend 2,"Hardcore, Gabber, Electronic"
6120,Bonzai,Flowerboat,CP,14:00 - 15:00,26 July,2014,Saturday,Weekend 2,Rock
6121,Bonzai,Flowerboat,Nico Parisi,15:00 - 16:00,26 July,2014,Saturday,Weekend 2,Progressive House
6122,Bonzai,Flowerboat,Eric Powa B,16:00 - 17:00,26 July,2014,Saturday,Weekend 2,Unknown
6123,Bonzai,Flowerboat,Franky Kloeck,17:00 - 18:00,26 July,2014,Saturday,Weekend 2,"Techno, Hard Trance"
6124,Bonzai,Flowerboat,Phi Phi,18:00 - 19:00,26 July,2014,Saturday,Weekend 2,"Progressive House, Trance"
6125,Desperados Club,Desperados Club Stage,Beauhause,14:00 - 15:00,26 July,2014,Saturday,Weekend 2,Unknown
6126,Bonzai,Flowerboat,DJ Ghost ft. Mc Pyro,20:00 - 21:00,26 July,2014,Saturday,Weekend 2,Unknown
6127,Bonzai,Flowerboat,Zolex,21:00 - 22:00,26 July,2014,Saturday,Weekend 2,Unknown
6128,Bonzai,Flowerboat,Yves Deruyter,22:00 - 23:00,26 July,2014,Saturday,Weekend 2,Trance
6129,Bonzai,Flowerboat,M.I.K.E Push,23:00 - 00:00,26 July,2014,Saturday,Weekend 2,Unknown
6130,Q-Dance,Framestage,Partyraiser ft Mc Syco,00:00 - 01:00,26 July,2014,Saturday,Weekend 2,Unknown
6131,Q-Dance,Framestage,Kutski,12:30 - 13:30,26 July,2014,Saturday,Weekend 2,Hardcore Techno
6132,Q-Dance,Framestage,Mark with a K,13:30 - 14:30,26 July,2014,Saturday,Weekend 2,Hard Dance
6133,Q-Dance,Framestage,Wasted Penguinz (live),14:30 - 15:00,26 July,2014,Saturday,Weekend 2,Unknown
6134,Q-Dance,Framestage,Wildstylez,15:00 - 16:00,26 July,2014,Saturday,Weekend 2,Hard Dance
6135,Q-Dance,Framestage,Atmozfears (live),16:00 - 16:30,26 July,2014,Saturday,Weekend 2,Unknown
6136,Q-Dance,Framestage,Psyko Punkz,16:30 - 17:30,26 July,2014,Saturday,Weekend 2,Hardcore Techno
6137,Q-Dance,Framestage,Brennan Heart,17:30 - 18:30,26 July,2014,Saturday,Weekend 2,Hard Dance
6138,Q-Dance,Framestage,Frontliner,18:30 - 19:30,26 July,2014,Saturday,Weekend 2,Hardcore Techno
6139,Q-Dance,Framestage,Coone ft. Hard Driver,19:30 - 20:30,26 July,2014,Saturday,Weekend 2,Unknown
6140,Q-Dance,Framestage,Noisecontrollers,20:30 - 21:30,26 July,2014,Saturday,Weekend 2,Hardcore Techno
6141,Q-Dance,Framestage,Zatox,21:30 - 22:30,26 July,2014,Saturday,Weekend 2,Hard Dance
6142,Q-Dance,Framestage,Endymion b2b Ran-D,22:30 - 23:30,26 July,2014,Saturday,Weekend 2,Unknown
6143,Q-Dance,Framestage,Angerfist (live),23:30 - 00:00,26 July,2014,Saturday,Weekend 2,Unknown
6144,V Sessions vs. Doorn,Garden of Madness,MAKJ,0:00 - 01:00,26 July,2014,Saturday,Weekend 2,Electro House
6145,V Sessions vs. Doorn,Garden of Madness,Loopers,12:30 - 13:30,26 July,2014,Saturday,Weekend 2,Commercial Dance
6146,V Sessions vs. Doorn,Garden of Madness,Julian Jordan,13:30 - 14:30,26 July,2014,Saturday,Weekend 2,Electro House
6147,V Sessions vs. Doorn,Garden of Madness,Promise Land,14:30 - 15:30,26 July,2014,Saturday,Weekend 2,Commercial Dance
6148,V Sessions vs. Doorn,Garden of Madness,Firebeatz,15:30 - 16:30,26 July,2014,Saturday,Weekend 2,Electro House
6149,V Sessions vs. Doorn,Garden of Madness,Don Diablo,16:30 - 17:30,26 July,2014,Saturday,Weekend 2,Progressive House
6150,Bonzai,Flowerboat,Airwave,19:00 - 20:00,26 July,2014,Saturday,Weekend 2,"Progressive House, Psychedelic Trance"
6151,V Sessions vs. Doorn,Garden of Madness,Tommy Trash,19:00 - 20:30,26 July,2014,Saturday,Weekend 2,"Electro House, Progressive House"
6152,V Sessions vs. Doorn,Garden of Madness,Bingo Players,20:30 - 21:30,26 July,2014,Saturday,Weekend 2,Progressive House
6153,V Sessions vs. Doorn,Garden of Madness,Yves V,21:30 - 22:45,26 July,2014,Saturday,Weekend 2,Progressive House
6154,V Sessions vs. Doorn,Garden of Madness,Sander Van Doorn,22:45 - 00:00,26 July,2014,Saturday,Weekend 2,Trance
6155,B2B,Magical Mirrors,Jackie White vs Norion,12:30 - 14:00,26 July,2014,Saturday,Weekend 2,Unknown
6156,B2B,Magical Mirrors,GMS,14:00 - 15:30,26 July,2014,Saturday,Weekend 2,"Chill Out, Trance"
6157,B2B,Magical Mirrors,Yahel,15:30 - 17:00,26 July,2014,Saturday,Weekend 2,Trance
6158,B2B,Magical Mirrors,Vibe Tribe,17:00 - 18:30,26 July,2014,Saturday,Weekend 2,Psychedelic Trance
6159,B2B,Magical Mirrors,Talamasca,18:30 - 20:00,26 July,2014,Saturday,Weekend 2,"Psychedelic Trance, Trance"
6160,B2B,Magical Mirrors,Firaga vs Synsun,20:00 - 22:00,26 July,2014,Saturday,Weekend 2,Unknown
6161,B2B,Magical Mirrors,Bliss,22:00 - 23:30,26 July,2014,Saturday,Weekend 2,Techno
6162,B2B,Magical Mirrors,Skazi,23:30 - 01:00,26 July,2014,Saturday,Weekend 2,Trance
6163,Mainstage,Mainstage,Hardwell & Tiesto,00:30 - 01:00,26 July,2014,Saturday,Weekend 2,Unknown
6164,Mainstage,Mainstage,Sunnery James & Ryan Marciano,12:00 - 15:00,26 July,2014,Saturday,Weekend 2,Electro House
6165,Mainstage,Mainstage,Carnage,15:00 - 16:00,26 July,2014,Saturday,Weekend 2,"Dubstep, Hip-Hop, Trap"
6166,Mainstage,Mainstage,Chuckie,16:00 - 17:00,26 July,2014,Saturday,Weekend 2,Electro House
6167,Mainstage,Mainstage,Above & Beyond,17:00 - 18:30,26 July,2014,Saturday,Weekend 2,Trance
6168,Mainstage,Mainstage,Romeo Blanco,18:30 - 19:30,26 July,2014,Saturday,Weekend 2,Commercial Dance
6169,Mainstage,Mainstage,Kaskade,19:30 - 20:30,26 July,2014,Saturday,Weekend 2,Progressive House
6170,Mainstage,Mainstage,Netsky,20:30 - 21:30,26 July,2014,Saturday,Weekend 2,Drum & Bass
6171,Mainstage,Mainstage,Alesso,21:30 - 22:30,26 July,2014,Saturday,Weekend 2,Progressive House
6172,Mainstage,Mainstage,Hardwell,22:30 - 23:30,26 July,2014,Saturday,Weekend 2,"Electro House, Progressive House"
6173,Mainstage,Mainstage,Tiesto,23:30 - 00:30,26 July,2014,Saturday,Weekend 2,"Commercial Dance, Big Room"
6174,Super You & Me,Opera,Revero,12:00 - 13:30,26 July,2014,Saturday,Weekend 2,Unknown
6175,V Sessions vs. Doorn,Garden of Madness,Dyro,17:30 - 19:00,26 July,2014,Saturday,Weekend 2,Progressive House
6176,Super You & Me,Opera,Sandro Silva,14:45 - 16:00,26 July,2014,Saturday,Weekend 2,"Electro House, Progressive House"
6177,Super You & Me,Opera,Blasterjaxx,16:00 - 17:15,26 July,2014,Saturday,Weekend 2,Commercial Dance
6178,Super You & Me,Opera,DVBBS,17:15 - 18:30,26 July,2014,Saturday,Weekend 2,Commercial Dance
6179,Super You & Me,Opera,Laidback Luke,18:30 - 20:00,26 July,2014,Saturday,Weekend 2,Electro House
6180,Super You & Me,Opera,Martin Solveig,20:00 - 21:30,26 July,2014,Saturday,Weekend 2,Electro House
6181,Super You & Me,Opera,"Superman, Spiderman & Batman",21:30 - 22:30,26 July,2014,Saturday,Weekend 2,Unknown
6182,Super You & Me,Opera,Nero,22:30 - 23:45,26 July,2014,Saturday,Weekend 2,Commercial Dance
6183,Super You & Me,Opera,Bassnectar,23:45 - 01:00,26 July,2014,Saturday,Weekend 2,"Breakbeats, Dubstep"
6184,Star Warz,Tent Stage @ Dreamville Entrance,Goldie,00:00 - 01:00,26 July,2014,Saturday,Weekend 2,"Drum & Bass, Commercial Dance"
6185,Star Warz,Tent Stage @ Dreamville Entrance,DConvict,13:30 - 15:00,26 July,2014,Saturday,Weekend 2,Unknown
6186,Star Warz,Tent Stage @ Dreamville Entrance,Hypoxia,15:00 - 16:00,26 July,2014,Saturday,Weekend 2,Unknown
6187,Star Warz,Tent Stage @ Dreamville Entrance,Tito & Echo Virus,16:00 - 17:00,26 July,2014,Saturday,Weekend 2,Unknown
6188,Star Warz,Tent Stage @ Dreamville Entrance,Shy Fx ft. Stamina Mc,17:00 - 18:00,26 July,2014,Saturday,Weekend 2,Unknown
6189,Star Warz,Tent Stage @ Dreamville Entrance,Jubei,18:00 - 19:00,26 July,2014,Saturday,Weekend 2,Drum & Bass
6190,Star Warz,Tent Stage @ Dreamville Entrance,Cedex & Higher Underground ft. 3XB,19:00 - 20:00,26 July,2014,Saturday,Weekend 2,Unknown
6191,Star Warz,Tent Stage @ Dreamville Entrance,One87 & Mc Mush,20:00 - 21:00,26 July,2014,Saturday,Weekend 2,Unknown
6192,Star Warz,Tent Stage @ Dreamville Entrance,Ant TC1,21:00 - 22:00,26 July,2014,Saturday,Weekend 2,"Drum & Bass, Jungle"
6193,Star Warz,Tent Stage @ Dreamville Entrance,Ed Rush B2B Optical,22:00 - 23:00,26 July,2014,Saturday,Weekend 2,Unknown
6194,Star Warz,Tent Stage @ Dreamville Entrance,Special Guest: Sub Focus ft. ID,23:00 - 00:00,26 July,2014,Saturday,Weekend 2,Unknown
6195,kozzmozz,Tent Stage behind Mainstage,Spacid,13:00 - 15:00,26 July,2014,Saturday,Weekend 2,Unknown
6196,kozzmozz,Tent Stage behind Mainstage,Rebekah,15:00 - 16:30,26 July,2014,Saturday,Weekend 2,Techno
6197,kozzmozz,Tent Stage behind Mainstage,Chris Liebing,16:30 - 18:00,26 July,2014,Saturday,Weekend 2,Techno
6198,kozzmozz,Tent Stage behind Mainstage,James Ruskin,18:00 - 19:30,26 July,2014,Saturday,Weekend 2,Unknown
6199,kozzmozz,Tent Stage behind Mainstage,Slam,19:30 - 21:00,26 July,2014,Saturday,Weekend 2,"Tech House, Techno"
6200,Super You & Me,Opera,Tom Swoon,13:30 - 14:45,26 July,2014,Saturday,Weekend 2,Electro House
6201,kozzmozz,Tent Stage behind Mainstage,Ben Klock,22:00 - 23:30,26 July,2014,Saturday,Weekend 2,Techno
6202,kozzmozz,Tent Stage behind Mainstage,Jeff Mills,23:30 - 01:00,26 July,2014,Saturday,Weekend 2,"Traditional House, Techno"
6203,Woody Weekend,The Rave Cave,Greg Lamore vs Jay Lee Hudson ft. Coin,12:00 - 13:30,26 July,2014,Saturday,Weekend 2,Unknown
6204,Woody Weekend,The Rave Cave,Mathy,13:30 - 15:00,26 July,2014,Saturday,Weekend 2,Unknown
6205,Woody Weekend,The Rave Cave,Luca Barassii & Seelen,15:00 - 18:00,26 July,2014,Saturday,Weekend 2,Unknown
6206,Woody Weekend,The Rave Cave,Thim,18:00 - 19:00,26 July,2014,Saturday,Weekend 2,House
6207,Woody Weekend,The Rave Cave,Greg Lamore vs Jay Lee Hudson ft. Coin,19:00 - 22:00,26 July,2014,Saturday,Weekend 2,Unknown
6208,Woody Weekend,The Rave Cave,Freaquency,22:00 - 23:30,26 July,2014,Saturday,Weekend 2,Unknown
6209,Woody Weekend,The Rave Cave,Many Moore,23:30 - 01:00,26 July,2014,Saturday,Weekend 2,House
6210,Radio Ultra Modern,Theatre,Radio Ultra Modern - Saturday,13:00 - 01:00,26 July,2014,Saturday,Weekend 2,Unknown
6211,Ferry Corsten presents FULL ON,Tulip,Jochen Miller,12:30 - 13:45,26 July,2014,Saturday,Weekend 2,Trance
6212,Ferry Corsten presents FULL ON,Tulip,Marco V,13:45 - 15:15,26 July,2014,Saturday,Weekend 2,"Progressive House, Trance"
6213,Ferry Corsten presents FULL ON,Tulip,Adrian Lux,15:15 - 16:45,26 July,2014,Saturday,Weekend 2,"Techno, House"
6214,Ferry Corsten presents FULL ON,Tulip,Audien,16:45 - 18:15,26 July,2014,Saturday,Weekend 2,"Progressive House, Trance"
6215,Ferry Corsten presents FULL ON,Tulip,Jacob Van Hage,18:15 - 19:30,26 July,2014,Saturday,Weekend 2,"Traditional House, Trance"
6216,Ferry Corsten presents FULL ON,Tulip,Sied Van Riel,19:30 - 21:00,26 July,2014,Saturday,Weekend 2,Trance
6217,Ferry Corsten presents FULL ON,Tulip,Ferry Corsten,21:00 - 23:00,26 July,2014,Saturday,Weekend 2,Trance
6218,Ferry Corsten presents FULL ON,Tulip,Aly & Fila B2B John O'Callaghan,23:00 - 01:00,26 July,2014,Saturday,Weekend 2,Unknown
6219,Derrick Carter Family & Friends,Bamboo Octopus,J.Fernandes,12:00 - 13:00,27 July,2014,Sunday,Weekend 2,Unknown
6220,Derrick Carter Family & Friends,Bamboo Octopus,Dejan Milicevic,13:00 - 14:30,27 July,2014,Sunday,Weekend 2,Traditional House
6221,Derrick Carter Family & Friends,Bamboo Octopus,Mark Reeve,14:30 - 16:00,27 July,2014,Sunday,Weekend 2,Techno
6222,Derrick Carter Family & Friends,Bamboo Octopus,Huma Noyd (Live),16:00 - 16:45,27 July,2014,Sunday,Weekend 2,Unknown
6223,Derrick Carter Family & Friends,Bamboo Octopus,Sam Paganini,16:45 - 18:15,27 July,2014,Sunday,Weekend 2,Techno
6224,Derrick Carter Family & Friends,Bamboo Octopus,Gary Beck,18:15 - 19:45,27 July,2014,Sunday,Weekend 2,"Tech House, Techno"
6225,kozzmozz,Tent Stage behind Mainstage,Kr!z,21:00 - 22:00,26 July,2014,Saturday,Weekend 2,Unknown
6226,Derrick Carter Family & Friends,Bamboo Octopus,Marco Remus,21:15 - 22:30,27 July,2014,Sunday,Weekend 2,Commercial Dance
6227,Derrick Carter Family & Friends,Bamboo Octopus,Fatima Hajji,22:30 - 00:00,27 July,2014,Sunday,Weekend 2,Techno
6228,Richie Hawtin presents Minus,Café D'Anvers,Smos,12:00 - 13:00,27 July,2014,Sunday,Weekend 2,Band
6229,Richie Hawtin presents Minus,Café D'Anvers,Marco Faraone,13:00 - 14:00,27 July,2014,Sunday,Weekend 2,"Tech House, Techno"
6230,Richie Hawtin presents Minus,Café D'Anvers,Dimitri,14:00 - 16:00,27 July,2014,Sunday,Weekend 2,Commercial Dance
6231,Richie Hawtin presents Minus,Café D'Anvers,tINI,16:00 - 17:30,27 July,2014,Sunday,Weekend 2,Tech House
6232,Richie Hawtin presents Minus,Café D'Anvers,Better Lost than Stupid,17:30 - 19:30,27 July,2014,Sunday,Weekend 2,Tech House
6233,Richie Hawtin presents Minus,Café D'Anvers,Josh Wink,19:30 - 22:00,27 July,2014,Sunday,Weekend 2,"Tech House, Techno"
6234,Richie Hawtin presents Minus,Café D'Anvers,Maceo Plex,22:00 - 00:00,27 July,2014,Sunday,Weekend 2,Tech House
6235,Desperados Club,Desperados Club Stage,Lucy Fox A Lot,12:00 - 13:30,27 July,2014,Sunday,Weekend 2,Unknown
6236,Desperados Club,Desperados Club Stage,Soul Shakers,13:30 - 15:00,27 July,2014,Sunday,Weekend 2,"House, Disco"
6237,Desperados Club,Desperados Club Stage,FeestDJRuud,15:00 - 16:00,27 July,2014,Sunday,Weekend 2,"Dutch House, Moombahton"
6238,Desperados Club,Desperados Club Stage,The Whatevers,16:00 - 17:30,27 July,2014,Sunday,Weekend 2,Unknown
6239,Desperados Club,Desperados Club Stage,Davidov,17:30 - 19:00,27 July,2014,Sunday,Weekend 2,Unknown
6240,Desperados Club,Desperados Club Stage,Merdan Taplak,19:00 - 20:30,27 July,2014,Sunday,Weekend 2,Unknown
6241,Desperados Club,Desperados Club Stage,TLP,20:30 - 22:00,27 July,2014,Sunday,Weekend 2,Unknown
6242,Desperados Club,Desperados Club Stage,Murdock,22:00 - 23:00,27 July,2014,Sunday,Weekend 2,Drum & Bass
6243,Desperados Club,Desperados Club Stage,Ghent Bangers,23:00 - 00:00,27 July,2014,Sunday,Weekend 2,Unknown
6244,Lotto,Dream Island,Steve Montoya & Christian,12:00 - 14:00,27 July,2014,Sunday,Weekend 2,Unknown
6245,Lotto,Dream Island,DJ Junior,14:00 - 15:00,27 July,2014,Sunday,Weekend 2,Unknown
6246,Lotto,Dream Island,Mark Ursa,15:00 - 16:00,27 July,2014,Sunday,Weekend 2,Unknown
6247,Lotto,Dream Island,Mario Fischetti,16:00 - 17:00,27 July,2014,Sunday,Weekend 2,Unknown
6248,Lotto,Dream Island,Dave Lambert,17:00 - 18:00,27 July,2014,Sunday,Weekend 2,Traditional House
6249,Lotto,Dream Island,Henrik B,18:00 - 19:00,27 July,2014,Sunday,Weekend 2,Progressive House
6250,Derrick Carter Family & Friends,Bamboo Octopus,Rush,19:45 - 21:15,27 July,2014,Sunday,Weekend 2,Minimal
6251,Lotto,Dream Island,Julia Carpenter,20:00 - 21:00,27 July,2014,Sunday,Weekend 2,Unknown
6252,Lotto,Dream Island,Glowinthedark,21:00 - 22:00,27 July,2014,Sunday,Weekend 2,Unknown
6253,Lotto,Dream Island,Nicolaz,22:00 - 23:00,27 July,2014,Sunday,Weekend 2,Unknown
6254,Daily Dubstep,Flowerboat,Thumez,13:30 - 15:00,27 July,2014,Sunday,Weekend 2,Unknown
6255,Daily Dubstep,Flowerboat,Primate,15:00 - 16:00,27 July,2014,Sunday,Weekend 2,Drum & Bass
6256,Daily Dubstep,Flowerboat,ARtroniks,16:00 - 17:00,27 July,2014,Sunday,Weekend 2,Unknown
6257,Daily Dubstep,Flowerboat,Allspark ft. Mc Nice,17:00 - 18:00,27 July,2014,Sunday,Weekend 2,Unknown
6258,Daily Dubstep,Flowerboat,Subreachers,18:00 - 19:00,27 July,2014,Sunday,Weekend 2,Unknown
6259,Daily Dubstep,Flowerboat,Icicle b2b Proxima,19:00 - 20:00,27 July,2014,Sunday,Weekend 2,Unknown
6260,Daily Dubstep,Flowerboat,Distance,20:00 - 21:00,27 July,2014,Sunday,Weekend 2,Trance
6261,Daily Dubstep,Flowerboat,Mala ft. Son of Selah,21:00 - 22:00,27 July,2014,Sunday,Weekend 2,Unknown
6262,Daily Dubstep,Flowerboat,Emalkay,22:00 - 23:00,27 July,2014,Sunday,Weekend 2,Dubstep
6263,Daily Dubstep,Flowerboat,Rusko,23:00 - 00:00,27 July,2014,Sunday,Weekend 2,Dubstep
6264,Legends of Trance,Framestage,Cosmic Gate,13:00 - 14:30,27 July,2014,Sunday,Weekend 2,"Progressive House, Trance"
6265,Legends of Trance,Framestage,Markus Schulz,14:30 - 16:30,27 July,2014,Sunday,Weekend 2,"Progressive House, Trance"
6266,Legends of Trance,Framestage,Makus Schulz B2B Cosmic Gate,16:30 - 17:15,27 July,2014,Sunday,Weekend 2,Unknown
6267,Legends of Trance,Framestage,Markus Schulz,17:15 - 22:30,27 July,2014,Sunday,Weekend 2,"Progressive House, Trance"
6268,Legends of Trance,Framestage,Paul Van Dyk,22:30 - 00:00,27 July,2014,Sunday,Weekend 2,Trance
6269,Smash The House,Garden of Madness,Boostedkids,13:00 - 14:00,27 July,2014,Sunday,Weekend 2,Unknown
6270,Smash The House,Garden of Madness,Dave Till,14:00 - 15:00,27 July,2014,Sunday,Weekend 2,Unknown
6271,Smash The House,Garden of Madness,Ale Mora,15:00 - 16:00,27 July,2014,Sunday,Weekend 2,"Electro House, Progressive House"
6272,Smash The House,Garden of Madness,Twoloud,16:00 - 17:00,27 July,2014,Sunday,Weekend 2,Commercial Dance
6273,Smash The House,Garden of Madness,Bassjackers b2b Shermanology,17:00 - 18:00,27 July,2014,Sunday,Weekend 2,Unknown
6274,Smash The House,Garden of Madness,Regi,18:00 - 19:00,27 July,2014,Sunday,Weekend 2,"Trance, Big Room House"
6275,Lotto,Dream Island,Daddy's Groove,19:00 - 20:00,27 July,2014,Sunday,Weekend 2,Traditional House
6276,Smash The House,Garden of Madness,Martin Garrix,20:00 - 21:00,27 July,2014,Sunday,Weekend 2,Electro House
6277,Smash The House,Garden of Madness,Redfoo,21:00 - 22:00,27 July,2014,Sunday,Weekend 2,Electro House
6278,Smash The House,Garden of Madness,Dimitri Vegas & Like Mike,22:00 - 23:00,27 July,2014,Sunday,Weekend 2,Electro House
6279,Smash The House,Garden of Madness,Wolfpack,23:00 - 00:00,27 July,2014,Sunday,Weekend 2,"Commercial Dance, Electro House, Progressive House"
6280,Bakermat & Friends,Magical Mirrors,Cleavage,12:00 - 13:00,27 July,2014,Sunday,Weekend 2,Unknown
6281,Bakermat & Friends,Magical Mirrors,DIMMI,13:00 - 14:00,27 July,2014,Sunday,Weekend 2,Traditional House
6282,Bakermat & Friends,Magical Mirrors,Klingande,14:00 - 15:30,27 July,2014,Sunday,Weekend 2,"Deep House, Tropical House"
6283,Bakermat & Friends,Magical Mirrors,Nico Pusch,15:30 - 17:00,27 July,2014,Sunday,Weekend 2,Unknown
6284,Bakermat & Friends,Magical Mirrors,Lexer,17:00 - 18:00,27 July,2014,Sunday,Weekend 2,"Commercial Dance, Electronica, Tech House"
6285,Bakermat & Friends,Magical Mirrors,Wankelmut,18:00 - 19:30,27 July,2014,Sunday,Weekend 2,"Electronica, Hip-Hop, Traditional House, Trap"
6286,Bakermat & Friends,Magical Mirrors,Alle Farben,19:30 - 21:00,27 July,2014,Sunday,Weekend 2,"Tech House, Techno, Deep House"
6287,Bakermat & Friends,Magical Mirrors,Bakermat,21:00 - 22:30,27 July,2014,Sunday,Weekend 2,Deep House
6288,Bakermat & Friends,Magical Mirrors,Tube & Berger,22:30 - 00:00,27 July,2014,Sunday,Weekend 2,Tech House
6289,Mainstage,Mainstage,AN21 & Max Vangeli,12:00 - 15:00,27 July,2014,Sunday,Weekend 2,Unknown
6290,Mainstage,Mainstage,R3hab,15:00 - 16:00,27 July,2014,Sunday,Weekend 2,"Electro House, Progressive House"
6291,Mainstage,Mainstage,Krewella,16:00 - 17:00,27 July,2014,Sunday,Weekend 2,Electro House
6292,Mainstage,Mainstage,W&W,17:00 - 18:00,27 July,2014,Sunday,Weekend 2,Trance
6293,Mainstage,Mainstage,Nicky Romero,18:00 - 19:15,27 July,2014,Sunday,Weekend 2,Progressive House
6294,Mainstage,Mainstage,Steve Angello,19:15 - 20:30,27 July,2014,Sunday,Weekend 2,Progressive House
6295,Mainstage,Mainstage,David Guetta,20:30 - 22:30,27 July,2014,Sunday,Weekend 2,Electro House
6296,Mainstage,Mainstage,Steve Aoki,22:30 - 23:30,27 July,2014,Sunday,Weekend 2,"Electro House, Indie / Underground"
6297,Mainstage,Mainstage,3 Are Legend,23:30 - 23:50,27 July,2014,Sunday,Weekend 2,"Commercial Dance, Electro House, Electronica, Hard Dance, Techno"
6298,Dave Clarke,Opera,Pierre,12:30 - 14:00,27 July,2014,Sunday,Weekend 2,Traditional House
6299,Dave Clarke,Opera,Gregor Tresher,14:00 - 15:30,27 July,2014,Sunday,Weekend 2,Techno
6300,Smash The House,Garden of Madness,Fedde Le Grand,19:00 - 20:00,27 July,2014,Sunday,Weekend 2,Progressive House
6301,Dave Clarke,Opera,Octave One (Live),17:30 - 18:30,27 July,2014,Sunday,Weekend 2,Unknown
6302,Dave Clarke,Opera,Green Velvet,18:30 - 20:00,27 July,2014,Sunday,Weekend 2,"Traditional House, Techno"
6303,Dave Clarke,Opera,Vitalic (live),20:00 - 21:00,27 July,2014,Sunday,Weekend 2,Unknown
6304,Dave Clarke,Opera,Paul Kalkbrenner (Live),21:00 - 22:30,27 July,2014,Sunday,Weekend 2,Unknown
6305,Dave Clarke,Opera,Dave Clarke,22:30 - 00:00,27 July,2014,Sunday,Weekend 2,"Electro House, Techno"
6306,Pussy Lounge,Tent Stage @ Dreamville Entrance,Giocatori,12:00 - 13:30,27 July,2014,Sunday,Weekend 2,Unknown
6307,Pussy Lounge,Tent Stage @ Dreamville Entrance,Dr. Phunk,13:30 - 14:30,27 July,2014,Sunday,Weekend 2,Unknown
6308,Pussy Lounge,Tent Stage @ Dreamville Entrance,Akyra,14:30 - 15:30,27 July,2014,Sunday,Weekend 2,Hardcore
6309,Pussy Lounge,Tent Stage @ Dreamville Entrance,Massiv & The Rebel,15:30 - 16:30,27 July,2014,Sunday,Weekend 2,Unknown
6310,Pussy Lounge,Tent Stage @ Dreamville Entrance,Ruthless,16:30 - 17:30,27 July,2014,Sunday,Weekend 2,Hardcore Techno
6311,Pussy Lounge,Tent Stage @ Dreamville Entrance,Balistic,17:30 - 18:30,27 July,2014,Sunday,Weekend 2,Unknown
6312,Pussy Lounge,Tent Stage @ Dreamville Entrance,Darkraver,18:30 - 19:30,27 July,2014,Sunday,Weekend 2,"Electro House, Hard Dance"
6313,Pussy Lounge,Tent Stage @ Dreamville Entrance,Paul Elstak,19:30 - 20:30,27 July,2014,Sunday,Weekend 2,Hardcore Techno
6314,Pussy Lounge,Tent Stage @ Dreamville Entrance,Korsakoff,20:30 - 21:30,27 July,2014,Sunday,Weekend 2,"Hardcore Techno, Psychedelic Trance"
6315,Pussy Lounge,Tent Stage @ Dreamville Entrance,Mental Theo,21:30 - 22:30,27 July,2014,Sunday,Weekend 2,Unknown
6316,Pussy Lounge,Tent Stage @ Dreamville Entrance,Evil Activities,22:30 - 00:00,27 July,2014,Sunday,Weekend 2,Hardcore Techno
6317,Forma.T,Tent Stage behind Mainstage,Bad Dancer,12:00 - 13:00,27 July,2014,Sunday,Weekend 2,Unknown
6318,Forma.T,Tent Stage behind Mainstage,Junior,13:00 - 14:00,27 July,2014,Sunday,Weekend 2,Minimal
6319,Forma.T,Tent Stage behind Mainstage,Sound Pellegrino Thermal Team,14:00 - 15:00,27 July,2014,Sunday,Weekend 2,Unknown
6320,Forma.T,Tent Stage behind Mainstage,Boston Bun,15:00 - 16:00,27 July,2014,Sunday,Weekend 2,Unknown
6321,Forma.T,Tent Stage behind Mainstage,Surfing Leons,16:00 - 17:00,27 July,2014,Sunday,Weekend 2,Unknown
6322,Forma.T,Tent Stage behind Mainstage,Skream,17:00 - 18:30,27 July,2014,Sunday,Weekend 2,Commercial Dance
6323,Forma.T,Tent Stage behind Mainstage,Busy P,18:30 - 20:00,27 July,2014,Sunday,Weekend 2,Indie / Underground
6324,Forma.T,Tent Stage behind Mainstage,Erol Alkan,20:00 - 21:30,27 July,2014,Sunday,Weekend 2,"Electro House, Indie / Underground"
6325,Dave Clarke,Opera,Seth Troxler,15:30 - 17:30,27 July,2014,Sunday,Weekend 2,"Tech House, Techno"
6326,Forma.T,Tent Stage behind Mainstage,The Magician,22:30 - 00:00,27 July,2014,Sunday,Weekend 2,Indie / Underground
6327,Coincidence,The Rave Cave,Gols,12:00 - 14:00,27 July,2014,Sunday,Weekend 2,Unknown
6328,Coincidence,The Rave Cave,Yentl.,14:00 - 15:30,27 July,2014,Sunday,Weekend 2,Unknown
6329,Coincidence,The Rave Cave,Philogresz,15:30 - 17:00,27 July,2014,Sunday,Weekend 2,Traditional House
6330,Coincidence,The Rave Cave,Miss Sunshine,17:00 - 18:30,27 July,2014,Sunday,Weekend 2,Techno
6331,Coincidence,The Rave Cave,Svemirski,18:30 - 20:00,27 July,2014,Sunday,Weekend 2,Unknown
6332,Coincidence,The Rave Cave,Tom Dazing,20:00 - 21:30,27 July,2014,Sunday,Weekend 2,Commercial Dance
6333,Coincidence,The Rave Cave,Trixy,21:30 - 22:30,27 July,2014,Sunday,Weekend 2,"Hardstyle, Rawstyle, Electronic"
6334,Coincidence,The Rave Cave,Jeroen Search,22:30 - 00:00,27 July,2014,Sunday,Weekend 2,Unknown
6335,Radio Ultra Modern,Theatre,Radio Ultra Modern - Sunday,13:00 - 00:00,27 July,2014,Sunday,Weekend 2,Unknown
6336,Age Of Love,Tulip,Cosmo,12:00 - 13:00,27 July,2014,Sunday,Weekend 2,"Electro House, Trance"
6337,Age Of Love,Tulip,Fred Nasen,13:00 - 14:00,27 July,2014,Sunday,Weekend 2,Unknown
6338,Age Of Love,Tulip,The Mackenzie,14:00 - 15:00,27 July,2014,Sunday,Weekend 2,Unknown
6339,Age Of Love,Tulip,Youri Parker,15:00 - 16:00,27 July,2014,Sunday,Weekend 2,Unknown
6340,Age Of Love,Tulip,Marko de La Rocca,16:00 - 17:00,27 July,2014,Sunday,Weekend 2,Unknown
6341,Age Of Love,Tulip,Quincy,17:00 - 18:00,27 July,2014,Sunday,Weekend 2,Unknown
6342,Age Of Love,Tulip,Olivier Pieters,18:00 - 19:00,27 July,2014,Sunday,Weekend 2,Unknown
6343,Age Of Love,Tulip,Jaydee,19:00 - 20:00,27 July,2014,Sunday,Weekend 2,"Progressive House, Tech House"
6344,Age Of Love,Tulip,Carat Trax (live),20:00 - 21:00,27 July,2014,Sunday,Weekend 2,Unknown
6345,Age Of Love,Tulip,Da Hool,21:00 - 22:00,27 July,2014,Sunday,Weekend 2,Unknown
6346,Age Of Love,Tulip,Push (Live),22:00 - 23:00,27 July,2014,Sunday,Weekend 2,Unknown
6347,Age Of Love,Tulip,Franky Jones,23:00 - 00:00,27 July,2014,Sunday,Weekend 2,"Techno, Acid"
6348,The Gathering,The Gathering,Dimitri Vegas & Like Mike,00:30 - 01:00,25 July,2013,Thursday,Weekend 1,Electro House
6349,The Gathering,The Gathering,Ricardo F,12:00 - 12:45,25 July,2013,Thursday,Weekend 1,Unknown
6350,Forma.T,Tent Stage behind Mainstage,Lou Lou Players,21:30 - 22:30,27 July,2014,Sunday,Weekend 2,Unknown
6351,The Gathering,The Gathering,MC Marxman,13:30 - 14:30,25 July,2013,Thursday,Weekend 1,Unknown
6352,The Gathering,The Gathering,RooC Audio,14:30 - 15:15,25 July,2013,Thursday,Weekend 1,Unknown
6353,The Gathering,The Gathering,Kids At The Turntable,15:15 - 16:00,25 July,2013,Thursday,Weekend 1,Unknown
6354,The Gathering,The Gathering,Mylan,16:00 - 16:45,25 July,2013,Thursday,Weekend 1,Unknown
6355,The Gathering,The Gathering,Niobeat,16:45 - 17:30,25 July,2013,Thursday,Weekend 1,Unknown
6356,The Gathering,The Gathering,Jerry May,17:30 - 18:15,25 July,2013,Thursday,Weekend 1,Tech House
6357,The Gathering,The Gathering,Neon,18:15 - 19:00,25 July,2013,Thursday,Weekend 1,Electronic
6358,The Gathering,The Gathering,Mystique,19:00 - 19:45,25 July,2013,Thursday,Weekend 1,Hardstyle
6359,The Gathering,The Gathering,Prinz,19:45 - 20:45,25 July,2013,Thursday,Weekend 1,Techno
6360,The Gathering,The Gathering,Raving George,20:45 - 21:30,25 July,2013,Thursday,Weekend 1,Unknown
6361,The Gathering,The Gathering,The Oddword,21:30 - 22:15,25 July,2013,Thursday,Weekend 1,Unknown
6362,The Gathering,The Gathering,Murdock,22:15 - 23:00,25 July,2013,Thursday,Weekend 1,Drum & Bass
6363,The Gathering,The Gathering,Sound of Stereo,23:00 - 23:45,25 July,2013,Thursday,Weekend 1,Unknown
6364,The Gathering,The Gathering,Yves V,23:45 - 00:30,25 July,2013,Thursday,Weekend 1,Progressive House
6365,Carl Cox & Friends,Butterfly Stage,Jon Rundell,12:30 - 14:00,26 July,2013,Friday,Weekend 1,Techno
6366,Carl Cox & Friends,Butterfly Stage,Uto Karem,14:00 - 15:30,26 July,2013,Friday,Weekend 1,"Tech House, Techno"
6367,Carl Cox & Friends,Butterfly Stage,Yousef,15:30 - 17:00,26 July,2013,Friday,Weekend 1,Traditional House
6368,Carl Cox & Friends,Butterfly Stage,John Digweed,17:00 - 18:30,26 July,2013,Friday,Weekend 1,"Tech House, Techno"
6369,Carl Cox & Friends,Butterfly Stage,Marco Bailey,18:30 - 20:00,26 July,2013,Friday,Weekend 1,"Tech House, Techno"
6370,Carl Cox & Friends,Butterfly Stage,Marco Carola,20:00 - 21:30,26 July,2013,Friday,Weekend 1,Techno
6371,Carl Cox & Friends,Butterfly Stage,Loco Dice,21:30 - 23:00,26 July,2013,Friday,Weekend 1,"Tech House, Techno"
6372,Carl Cox & Friends,Butterfly Stage,Carl Cox,23:00 - 01:00,26 July,2013,Friday,Weekend 1,"Tech House, Techno"
6373,Paradise,Café D'Anvers,Hermanez,12:00 - 13:00,26 July,2013,Friday,Weekend 1,Tech House
6374,Paradise,Café D'Anvers,Prinz,13:00 - 14:00,26 July,2013,Friday,Weekend 1,Techno
6375,The Gathering,The Gathering,Bawser,12:45 - 13:30,25 July,2013,Thursday,Weekend 1,Unknown
6376,Paradise,Café D'Anvers,Russ Yallop,15:30 - 17:00,26 July,2013,Friday,Weekend 1,Techno
6377,Paradise,Café D'Anvers,Richy Ahmed,17:00 - 18:30,26 July,2013,Friday,Weekend 1,Tech House
6378,Paradise,Café D'Anvers,Craig Richards,18:30 - 20:00,26 July,2013,Friday,Weekend 1,Techno
6379,Paradise,Café D'Anvers,Infinity Ink,20:00 - 21:30,26 July,2013,Friday,Weekend 1,Deep House
6380,Paradise,Café D'Anvers,Art Department,21:30 - 23:00,26 July,2013,Friday,Weekend 1,Tech House
6381,Paradise,Café D'Anvers,Jamie Jones,23:00 - 01:00,26 July,2013,Friday,Weekend 1,Tech House
6382,Desperados Club,Desperados Club Stage,Captain Flash,00:00 - 01:00,26 July,2013,Friday,Weekend 1,Unknown
6383,Desperados Club,Desperados Club Stage,Lumberjack,12:00 - 13:00,26 July,2013,Friday,Weekend 1,Electronica
6384,Desperados Club,Desperados Club Stage,Supreems,13:00 - 14:00,26 July,2013,Friday,Weekend 1,Unknown
6385,Desperados Club,Desperados Club Stage,Cursed P,14:00 - 15:00,26 July,2013,Friday,Weekend 1,Unknown
6386,Desperados Club,Desperados Club Stage,Faisal,15:00 - 16:30,26 July,2013,Friday,Weekend 1,Unknown
6387,Desperados Club,Desperados Club Stage,Bakermat,16:30 - 18:00,26 July,2013,Friday,Weekend 1,Deep House
6388,Desperados Club,Desperados Club Stage,Mike Mago,18:00 - 19:30,26 July,2013,Friday,Weekend 1,Commercial Dance
6389,Desperados Club,Desperados Club Stage,KiNK,19:30 - 21:00,26 July,2013,Friday,Weekend 1,Commercial Dance
6390,Desperados Club,Desperados Club Stage,Raoul Belmans,21:00 - 22:00,26 July,2013,Friday,Weekend 1,Unknown
6391,Desperados Club,Desperados Club Stage,Goldfox,22:00 - 23:00,26 July,2013,Friday,Weekend 1,"Electronic, Dance"
6392,Desperados Club,Desperados Club Stage,Viktor Bodrovski,23:00 - 00:00,26 July,2013,Friday,Weekend 1,Unknown
6393,We Play House,Flowerboat,Locked Groove,12:00 - 14:00,26 July,2013,Friday,Weekend 1,"Techno, Traditional House"
6394,We Play House,Flowerboat,Dixon,14:00 - 16:00,26 July,2013,Friday,Weekend 1,Techno
6395,We Play House,Flowerboat,FCL,16:00 - 18:00,26 July,2013,Friday,Weekend 1,Commercial Dance
6396,We Play House,Flowerboat,Levon Vincent,18:00 - 20:00,26 July,2013,Friday,Weekend 1,Techno
6397,We Play House,Flowerboat,Bicep,20:00 - 21:30,26 July,2013,Friday,Weekend 1,Commercial Dance
6398,We Play House,Flowerboat,Soul Clap,21:30 - 23:00,26 July,2013,Friday,Weekend 1,Tech House
6399,We Play House,Flowerboat,Todd Terje,23:00 - 01:00,26 July,2013,Friday,Weekend 1,Electronica
6400,Paradise,Café D'Anvers,wAFF,14:00 - 15:30,26 July,2013,Friday,Weekend 1,Commercial Dance
6401,Blue Flame invites Jacked,Garden of Madness,Mystique,12:15 - 13:30,26 July,2013,Friday,Weekend 1,Hardstyle
6402,Blue Flame invites Jacked,Garden of Madness,The Oddword,13:30 - 14:45,26 July,2013,Friday,Weekend 1,Unknown
6403,Blue Flame invites Jacked,Garden of Madness,Makasi,14:45 - 16:00,26 July,2013,Friday,Weekend 1,House
6404,Blue Flame invites Jacked,Garden of Madness,Bobby Burns b2b Leroy Styles,16:00 - 17:00,26 July,2013,Friday,Weekend 1,Unknown
6405,Blue Flame invites Jacked,Garden of Madness,Bassjackers b2b Apster,17:00 - 18:00,26 July,2013,Friday,Weekend 1,Unknown
6406,Blue Flame invites Jacked,Garden of Madness,Redfoo,18:00 - 19:00,26 July,2013,Friday,Weekend 1,Electro House
6407,Blue Flame invites Jacked,Garden of Madness,R3hab,19:00 - 20:15,26 July,2013,Friday,Weekend 1,"Electro House, Progressive House"
6408,Blue Flame invites Jacked,Garden of Madness,Afrojack,20:15 - 22:00,26 July,2013,Friday,Weekend 1,"Electro House, Progressive House"
6409,Blue Flame invites Jacked,Garden of Madness,Shermanology,22:00 - 23:00,26 July,2013,Friday,Weekend 1,Unknown
6410,Blue Flame invites Jacked,Garden of Madness,Sidney Samson,23:00 - 00:00,26 July,2013,Friday,Weekend 1,Traditional House
6411,Mainstage,Mainstage,Dimitri Vegas & Like Mike,00:00 - 01:00,26 July,2013,Friday,Weekend 1,Electro House
6412,Mainstage,Mainstage,NO_ID,12:15 - 13:30,26 July,2013,Friday,Weekend 1,Unknown
6413,Mainstage,Mainstage,Sunnery James & Ryan Marciano,13:30 - 15:00,26 July,2013,Friday,Weekend 1,Electro House
6414,Mainstage,Mainstage,Nervo,15:00 - 16:00,26 July,2013,Friday,Weekend 1,"Electro House, Progressive House"
6415,Mainstage,Mainstage,ARTY,16:00 - 17:00,26 July,2013,Friday,Weekend 1,"Progressive House, Trance"
6416,Mainstage,Mainstage,Otto Knows,17:00 - 18:00,26 July,2013,Friday,Weekend 1,Traditional House
6417,Mainstage,Mainstage,Fedde Le Grand,18:00 - 19:30,26 July,2013,Friday,Weekend 1,Progressive House
6418,Mainstage,Mainstage,Hardwell,19:30 - 21:00,26 July,2013,Friday,Weekend 1,"Electro House, Progressive House"
6419,Mainstage,Mainstage,Sebastian Ingrosso,21:00 - 22:30,26 July,2013,Friday,Weekend 1,Progressive House
6420,Mainstage,Mainstage,Tiesto,22:30 - 00:00,26 July,2013,Friday,Weekend 1,"Commercial Dance, Big Room"
6421,Q-Dance,Spider Stage,B - Front & Ran - D,00:00 - 01:00,26 July,2013,Friday,Weekend 1,Unknown
6422,Q-Dance,Spider Stage,Argy,12:00 - 13:30,26 July,2013,Friday,Weekend 1,Techno
6423,Q-Dance,Spider Stage,Davoodi & Bestien,13:30 - 14:30,26 July,2013,Friday,Weekend 1,Unknown
6424,Q-Dance,Spider Stage,Mark with a K,14:30 - 15:30,26 July,2013,Friday,Weekend 1,Hard Dance
6425,Blue Flame invites Jacked,Garden of Madness,Quintino,00:00 - 01:00,26 July,2013,Friday,Weekend 1,Electro House
6426,Q-Dance,Spider Stage,Audiofreq,16:30 - 18:00,26 July,2013,Friday,Weekend 1,Hard Dance
6427,Q-Dance,Spider Stage,Omegatypez,18:00 - 19:00,26 July,2013,Friday,Weekend 1,Unknown
6428,Q-Dance,Spider Stage,Adrenalize,19:00 - 20:30,26 July,2013,Friday,Weekend 1,Unknown
6429,Q-Dance,Spider Stage,Frontliner,20:30 - 22:00,26 July,2013,Friday,Weekend 1,Hardcore Techno
6430,Q-Dance,Spider Stage,Psyko Punkz,22:00 - 23:00,26 July,2013,Friday,Weekend 1,Hardcore Techno
6431,Q-Dance,Spider Stage,Headhunterz,23:00 - 00:00,26 July,2013,Friday,Weekend 1,Hard Dance
6432,Winterclubbing,The Rave Cave,DJ P Jay & DJ Vox - D & DJ Barto & DJ Luk,13:00 - 16:00,26 July,2013,Friday,Weekend 1,Unknown
6433,Winterclubbing,The Rave Cave,Jean de Gand,16:00 - 16:30,26 July,2013,Friday,Weekend 1,Unknown
6434,Winterclubbing,The Rave Cave,DJ P Jay & DJ Vox - D & DJ Barto & DJ Luk,16:30 - 18:00,26 July,2013,Friday,Weekend 1,Unknown
6435,Winterclubbing,The Rave Cave,Dimitri Wouters,18:00 - 20:00,26 July,2013,Friday,Weekend 1,House
6436,Winterclubbing,The Rave Cave,Deve & Matizz,20:00 - 22:00,26 July,2013,Friday,Weekend 1,Unknown
6437,Winterclubbing,The Rave Cave,DJ P Jay & DJ Vox - D & DJ Barto & DJ Luk,22:00 - 01:00,26 July,2013,Friday,Weekend 1,Unknown
6438,Radio Ultra Modern,Theatre,Radio Ultra Modern - Friday,12:00 - 01:00,26 July,2013,Friday,Weekend 1,Unknown
6439,Markus Schulz,Unknown,Bad Dancer,00:00 - 01:00,26 July,2013,Friday,Weekend 1,Unknown
6440,Dim Mak,Unknown,TAI,00:30 - 01:00,26 July,2013,Friday,Weekend 1,Progressive House
6441,Markus Schulz,Unknown,Folie Douce,12:00 - 13:30,26 July,2013,Friday,Weekend 1,Unknown
6442,Dim Mak,Unknown,Army of The Universe,12:30 - 12:50,26 July,2013,Friday,Weekend 1,Unknown
6443,Samsung Galaxy Secret Forest,Unknown,Dux & Mr. Dum,12:30 - 14:00,26 July,2013,Friday,Weekend 1,Unknown
6444,Dim Mak,Unknown,Dan Sena,12:50 - 13:20,26 July,2013,Friday,Weekend 1,Unknown
6445,Markus Schulz,Unknown,Markus Schulz,13:00 - 01:00,26 July,2013,Friday,Weekend 1,"Progressive House, Trance"
6446,Forma.T,Unknown,Jackie White vs Norion,13:00 - 15:00,26 July,2013,Friday,Weekend 1,Unknown
6447,B2B,Unknown,Bawser,13:00 - 15:00,26 July,2013,Friday,Weekend 1,Unknown
6448,Dim Mak,Unknown,PeaceTreaty,13:20 - 13:50,26 July,2013,Friday,Weekend 1,Unknown
6449,Markus Schulz,Unknown,Cream Dream,13:30 - 15:00,26 July,2013,Friday,Weekend 1,Unknown
6450,Q-Dance,Spider Stage,Outlander,15:30 - 16:30,26 July,2013,Friday,Weekend 1,Hardcore Techno
6451,Samsung Galaxy Secret Forest,Unknown,HIIO,14:00 - 15:00,26 July,2013,Friday,Weekend 1,Commercial Dance
6452,Dim Mak,Unknown,Dzeko & Torres,14:20 - 14:50,26 July,2013,Friday,Weekend 1,Progressive House
6453,Dim Mak,Unknown,Jidax,14:50 - 15:20,26 July,2013,Friday,Weekend 1,Unknown
6454,Markus Schulz,Unknown,goldFFinch,15:00 - 16:00,26 July,2013,Friday,Weekend 1,Unknown
6455,Forma.T,Unknown,Neelix,15:00 - 16:00,26 July,2013,Friday,Weekend 1,Psychedelic Trance
6456,Samsung Galaxy Secret Forest,Unknown,YAMO,15:00 - 16:00,26 July,2013,Friday,Weekend 1,"Electronic, Experimental"
6457,B2B,Unknown,Point.Blank,15:00 - 17:00,26 July,2013,Friday,Weekend 1,Unknown
6458,Dim Mak,Unknown,South Central,15:20 - 15:50,26 July,2013,Friday,Weekend 1,"Electro House, Electronica"
6459,Dim Mak,Unknown,Deorro,15:50 - 16:30,26 July,2013,Friday,Weekend 1,Electro House
6460,Markus Schulz,Unknown,Para One (live),16:00 - 17:00,26 July,2013,Friday,Weekend 1,Unknown
6461,Samsung Galaxy Secret Forest,Unknown,Mark Ursa,16:00 - 17:00,26 July,2013,Friday,Weekend 1,Unknown
6462,Forma.T,Unknown,John 00 Fleming,16:00 - 17:30,26 July,2013,Friday,Weekend 1,Trance
6463,Dim Mak,Unknown,Joachim Garraud,16:30 - 17:20,26 July,2013,Friday,Weekend 1,Electro House
6464,Samsung Galaxy Secret Forest,Unknown,Mikkas,17:00 - 18:00,26 July,2013,Friday,Weekend 1,Unknown
6465,Markus Schulz,Unknown,Feadz & Kito,17:00 - 18:30,26 July,2013,Friday,Weekend 1,Unknown
6466,B2B,Unknown,Syndaesia,17:00 - 18:45,26 July,2013,Friday,Weekend 1,Unknown
6467,Dim Mak,Unknown,Carnage,17:20 - 18:00,26 July,2013,Friday,Weekend 1,"Dubstep, Hip-Hop, Trap"
6468,Forma.T,Unknown,Bitkit,17:30 - 18:45,26 July,2013,Friday,Weekend 1,Unknown
6469,Samsung Galaxy Secret Forest,Unknown,Burns,18:00 - 19:00,26 July,2013,Friday,Weekend 1,Indie / Underground
6470,Dim Mak,Unknown,Steve Aoki,18:00 - 19:20,26 July,2013,Friday,Weekend 1,"Electro House, Indie / Underground"
6471,Markus Schulz,Unknown,Digitalism (DJ set),18:30 - 20:00,26 July,2013,Friday,Weekend 1,Unknown
6472,B2B,Unknown,DJ BL3ND,18:45 - 19:45,26 July,2013,Friday,Weekend 1,"Big Room House, Trap"
6473,Forma.T,Unknown,Bizzare Contact,18:45 - 20:00,26 July,2013,Friday,Weekend 1,Psychedelic Trance
6474,Samsung Galaxy Secret Forest,Unknown,James Egbert,19:00 - 20:00,26 July,2013,Friday,Weekend 1,"Electro House, Progressive House"
6475,Dim Mak,Unknown,Botnek,13:50 - 14:20,26 July,2013,Friday,Weekend 1,Techno
6476,B2B,Unknown,Jaguar Skills,19:45 - 21:15,26 July,2013,Friday,Weekend 1,Hip-Hop
6477,Dim Mak,Unknown,Sound of Stereo,19:50 - 20:35,26 July,2013,Friday,Weekend 1,Unknown
6478,Markus Schulz,Unknown,Miss Kittin (live),20:00 - 21:00,26 July,2013,Friday,Weekend 1,Unknown
6479,Samsung Galaxy Secret Forest,Unknown,Pascal Roth,20:00 - 21:00,26 July,2013,Friday,Weekend 1,Unknown
6480,Forma.T,Unknown,Firaga vs Synsun,20:00 - 22:00,26 July,2013,Friday,Weekend 1,Unknown
6481,Dim Mak,Unknown,Felix Cartal,20:35 - 21:20,26 July,2013,Friday,Weekend 1,"Electro House, Indie / Underground"
6482,Samsung Galaxy Secret Forest,Unknown,Double Pleasure,21:00 - 22:00,26 July,2013,Friday,Weekend 1,House
6483,Markus Schulz,Unknown,Crookers,21:00 - 22:30,26 July,2013,Friday,Weekend 1,Electro House
6484,B2B,Unknown,Alex Metric,21:15 - 22:45,26 July,2013,Friday,Weekend 1,Indie / Underground
6485,Dim Mak,Unknown,Autoerotique,21:20 - 22:05,26 July,2013,Friday,Weekend 1,Electro House
6486,Samsung Galaxy Secret Forest,Unknown,Steve Montoya & Christian,22:00 - 23:00,26 July,2013,Friday,Weekend 1,Unknown
6487,Forma.T,Unknown,Astrix,22:00 - 23:30,26 July,2013,Friday,Weekend 1,Psychedelic Trance
6488,Dim Mak,Unknown,Angger Dimas,22:05 - 22:50,26 July,2013,Friday,Weekend 1,Electro House
6489,Markus Schulz,Unknown,Surfing Leons,22:30 - 00:00,26 July,2013,Friday,Weekend 1,Unknown
6490,B2B,Unknown,Carnage,22:45 - 23:45,26 July,2013,Friday,Weekend 1,"Dubstep, Hip-Hop, Trap"
6491,Dim Mak,Unknown,Datsik,22:50 - 23:40,26 July,2013,Friday,Weekend 1,Dubstep
6492,Samsung Galaxy Secret Forest,Unknown,Delafino,23:00 - 00:00,26 July,2013,Friday,Weekend 1,House
6493,Forma.T,Unknown,Infected Mushroom,23:30 - 01:00,26 July,2013,Friday,Weekend 1,"Psychedelic Trance, Trance"
6494,Dim Mak,Unknown,Dirtyphonics DJ set,23:40 - 00:30,26 July,2013,Friday,Weekend 1,Unknown
6495,B2B,Unknown,Koan Sound,23:45 - 01:00,26 July,2013,Friday,Weekend 1,Dubstep
6496,Super You & Me,Butterfly Stage,Benny Benassi,00:00 - 01:00,27 July,2013,Saturday,Weekend 1,Electro House
6497,Super You & Me,Butterfly Stage,Moska,12:00 - 13:00,27 July,2013,Saturday,Weekend 1,Commercial Dance
6498,Super You & Me,Butterfly Stage,La Fuente,13:00 - 14:15,27 July,2013,Saturday,Weekend 1,Commercial Dance
6499,Super You & Me,Butterfly Stage,Sandro Silva,14:15 - 15:30,27 July,2013,Saturday,Weekend 1,"Electro House, Progressive House"
6500,Dim Mak,Unknown,DJ Pierre,19:20 - 19:50,26 July,2013,Friday,Weekend 1,House
6501,Super You & Me,Butterfly Stage,Tommy Trash,17:00 - 18:30,27 July,2013,Saturday,Weekend 1,"Electro House, Progressive House"
6502,Super You & Me,Butterfly Stage,Laidback Luke,18:30 - 20:00,27 July,2013,Saturday,Weekend 1,Electro House
6503,Super You & Me,Butterfly Stage,Martin Solveig,20:00 - 21:30,27 July,2013,Saturday,Weekend 1,Electro House
6504,Super You & Me,Butterfly Stage,"Superman, Ironman & Batman",21:30 - 22:30,27 July,2013,Saturday,Weekend 1,Unknown
6505,Super You & Me,Butterfly Stage,Oliver Twizt,23:00 - 00:00,27 July,2013,Saturday,Weekend 1,Electro House
6506,Cocoon,Café D'Anvers,Patrick Schmidt,12:00 - 13:00,27 July,2013,Saturday,Weekend 1,Unknown
6507,Cocoon,Café D'Anvers,Smos,13:00 - 14:00,27 July,2013,Saturday,Weekend 1,Band
6508,Cocoon,Café D'Anvers,Massimo Girardi vs Joachim,14:00 - 15:00,27 July,2013,Saturday,Weekend 1,Unknown
6509,Cocoon,Café D'Anvers,Ricardo Villalobos,15:00 - 17:30,27 July,2013,Saturday,Weekend 1,"Minimal, Techno"
6510,Cocoon,Café D'Anvers,Joris Voorn,17:30 - 19:15,27 July,2013,Saturday,Weekend 1,"Tech House, Techno"
6511,Cocoon,Café D'Anvers,DJ W!LD,19:15 - 21:20,27 July,2013,Saturday,Weekend 1,"Deep House, Techno"
6512,Cocoon,Café D'Anvers,Julien Bracht (live),21:20 - 22:00,27 July,2013,Saturday,Weekend 1,Unknown
6513,Cocoon,Café D'Anvers,Sven Väth,22:00 - 01:00,27 July,2013,Saturday,Weekend 1,Techno
6514,Desperados Club,Desperados Club Stage,Bafana & Bromin,00:00 - 01:00,27 July,2013,Saturday,Weekend 1,Unknown
6515,Desperados Club,Desperados Club Stage,Moodprint,12:00 - 13:00,27 July,2013,Saturday,Weekend 1,Unknown
6516,Desperados Club,Desperados Club Stage,Solco,13:00 - 14:00,27 July,2013,Saturday,Weekend 1,Unknown
6517,Desperados Club,Desperados Club Stage,Tripleks,14:00 - 15:00,27 July,2013,Saturday,Weekend 1,Unknown
6518,Desperados Club,Desperados Club Stage,Mophito,15:00 - 16:30,27 July,2013,Saturday,Weekend 1,Unknown
6519,Desperados Club,Desperados Club Stage,Ed&Kim,16:30 - 18:00,27 July,2013,Saturday,Weekend 1,Unknown
6520,Desperados Club,Desperados Club Stage,Yellow Claw,18:00 - 19:00,27 July,2013,Saturday,Weekend 1,"Electro House, Electronica, Hip-Hop, Traditional House, Trap"
6521,Desperados Club,Desperados Club Stage,Murdock,19:00 - 20:30,27 July,2013,Saturday,Weekend 1,Drum & Bass
6522,Desperados Club,Desperados Club Stage,Soul Shakers,20:30 - 22:00,27 July,2013,Saturday,Weekend 1,"House, Disco"
6523,Desperados Club,Desperados Club Stage,Les Mecs,22:00 - 23:00,27 July,2013,Saturday,Weekend 1,Unknown
6524,Desperados Club,Desperados Club Stage,Commonphase,23:00 - 00:00,27 July,2013,Saturday,Weekend 1,Unknown
6525,Super You & Me,Butterfly Stage,Sunnery James & Ryan Marciano,15:30 - 17:00,27 July,2013,Saturday,Weekend 1,Electro House
6526,Bonzai,Flowerboat,Franky Jones,14:00 - 15:00,27 July,2013,Saturday,Weekend 1,"Techno, Acid"
6527,Bonzai,Flowerboat,Frank De Wulf,15:00 - 16:00,27 July,2013,Saturday,Weekend 1,Unknown
6528,Bonzai,Flowerboat,Phi - Phi,16:00 - 17:00,27 July,2013,Saturday,Weekend 1,Unknown
6529,Bonzai,Flowerboat,Nico Parisi,17:00 - 18:30,27 July,2013,Saturday,Weekend 1,Progressive House
6530,Bonzai,Flowerboat,Ramirez (live),18:30 - 19:00,27 July,2013,Saturday,Weekend 1,Unknown
6531,Bonzai,Flowerboat,Ghost,19:00 - 20:00,27 July,2013,Saturday,Weekend 1,Rock
6532,Bonzai,Flowerboat,Franky Kloeck,20:00 - 21:00,27 July,2013,Saturday,Weekend 1,"Techno, Hard Trance"
6533,Bonzai,Flowerboat,Hardfloor (live),21:00 - 21:30,27 July,2013,Saturday,Weekend 1,Unknown
6534,Bonzai,Flowerboat,Yves De Ruyter,21:30 - 23:00,27 July,2013,Saturday,Weekend 1,Unknown
6535,Bonzai,Flowerboat,Push (live),23:00 - 23:30,27 July,2013,Saturday,Weekend 1,Unknown
6536,Bonzai,Flowerboat,Bonzai All Stars,23:30 - 01:00,27 July,2013,Saturday,Weekend 1,"Techno, Trance"
6537,V Sessions,Garden of Madness,Nause,12:15 - 13:15,27 July,2013,Saturday,Weekend 1,"Electro House, Progressive House, Traditional House"
6538,V Sessions,Garden of Madness,Jacob Van Hage vs Loopers,13:15 - 14:00,27 July,2013,Saturday,Weekend 1,Unknown
6539,V Sessions,Garden of Madness,D - wayne,14:00 - 14:45,27 July,2013,Saturday,Weekend 1,Unknown
6540,V Sessions,Garden of Madness,GTA,14:45 - 15:30,27 July,2013,Saturday,Weekend 1,Electro House
6541,V Sessions,Garden of Madness,Michael Calfan,15:30 - 16:30,27 July,2013,Saturday,Weekend 1,Traditional House
6542,V Sessions,Garden of Madness,Nicky Romero,16:30 - 17:30,27 July,2013,Saturday,Weekend 1,Progressive House
6543,V Sessions,Garden of Madness,Pete Tong,17:30 - 19:00,27 July,2013,Saturday,Weekend 1,Traditional House
6544,V Sessions,Garden of Madness,Felguk,19:00 - 20:00,27 July,2013,Saturday,Weekend 1,Electro House
6545,V Sessions,Garden of Madness,Yves V,20:00 - 21:00,27 July,2013,Saturday,Weekend 1,Progressive House
6546,V Sessions,Garden of Madness,Sultan & Ned Shepard,21:00 - 22:00,27 July,2013,Saturday,Weekend 1,Progressive House
6547,V Sessions,Garden of Madness,AN21 & Max Vangeli,22:00 - 23:30,27 July,2013,Saturday,Weekend 1,Unknown
6548,V Sessions,Garden of Madness,Eric Prydz,23:30 - 01:00,27 July,2013,Saturday,Weekend 1,Progressive House
6549,Mainstage,Mainstage,Maxim Lany,12:15 - 13:15,27 July,2013,Saturday,Weekend 1,"House, Deep House"
6550,Bonzai,Flowerboat,Bountyhunter,13:00 - 14:00,27 July,2013,Saturday,Weekend 1,"Hardcore, Gabber, Electronic"
6551,Mainstage,Mainstage,Thomas Gold,14:30 - 15:30,27 July,2013,Saturday,Weekend 1,Progressive House
6552,Mainstage,Mainstage,Zedd,15:30 - 16:30,27 July,2013,Saturday,Weekend 1,Electro House
6553,Mainstage,Mainstage,Sander Van Doorn,16:30 - 17:45,27 July,2013,Saturday,Weekend 1,Trance
6554,Mainstage,Mainstage,Chuckie,17:45 - 19:15,27 July,2013,Saturday,Weekend 1,Electro House
6555,Mainstage,Mainstage,Knife Party,19:15 - 20:30,27 July,2013,Saturday,Weekend 1,"Dubstep, Electro House"
6556,Mainstage,Mainstage,Axwell,20:30 - 22:00,27 July,2013,Saturday,Weekend 1,Progressive House
6557,Mainstage,Mainstage,Avicii,22:00 - 23:30,27 July,2013,Saturday,Weekend 1,Unknown
6558,Mainstage,Mainstage,Armin Van Buuren,23:30 - 01:00,27 July,2013,Saturday,Weekend 1,Trance
6559,Q-Dance,Spider Stage,Gunz for Hire,00:30 - 01:00,27 July,2013,Saturday,Weekend 1,Commercial Dance
6560,Q-Dance,Spider Stage,Kutski,12:00 - 13:30,27 July,2013,Saturday,Weekend 1,Hardcore Techno
6561,Q-Dance,Spider Stage,Da Tweekaz,13:30 - 15:00,27 July,2013,Saturday,Weekend 1,Hardcore Techno
6562,Q-Dance,Spider Stage,Coone,15:00 - 16:30,27 July,2013,Saturday,Weekend 1,Hard Dance
6563,Q-Dance,Spider Stage,Hard Driver,16:30 - 18:00,27 July,2013,Saturday,Weekend 1,Hard Dance
6564,Q-Dance,Spider Stage,Code Black,18:00 - 19:00,27 July,2013,Saturday,Weekend 1,"Electronica, Hard Dance"
6565,Q-Dance,Spider Stage,Toneshifterz,19:00 - 20:00,27 July,2013,Saturday,Weekend 1,Hard Dance
6566,Q-Dance,Spider Stage,Outbreak,20:00 - 20:30,27 July,2013,Saturday,Weekend 1,Unknown
6567,Q-Dance,Spider Stage,Brennan Heart,20:30 - 21:30,27 July,2013,Saturday,Weekend 1,Hard Dance
6568,Q-Dance,Spider Stage,Atmozfears,21:30 - 22:30,27 July,2013,Saturday,Weekend 1,"Hardcore Techno, Techno, Traditional House, Trance"
6569,Q-Dance,Spider Stage,Wildstylez,22:30 - 23:30,27 July,2013,Saturday,Weekend 1,Hard Dance
6570,Q-Dance,Spider Stage,Zatox,23:30 - 00:30,27 July,2013,Saturday,Weekend 1,Hard Dance
6571,Woody Weekend,The Rave Cave,Niels & Jelle,12:00 - 18:00,27 July,2013,Saturday,Weekend 1,Unknown
6572,Woody Weekend,The Rave Cave,Thim,18:00 - 19:30,27 July,2013,Saturday,Weekend 1,House
6573,Woody Weekend,The Rave Cave,Vinny Volanto,19:30 - 21:00,27 July,2013,Saturday,Weekend 1,Unknown
6574,Woody Weekend,The Rave Cave,Luca Barassi,21:00 - 23:00,27 July,2013,Saturday,Weekend 1,Unknown
6575,Mainstage,Mainstage,Audien,13:15 - 14:30,27 July,2013,Saturday,Weekend 1,"Progressive House, Trance"
6576,Radio Ultra Modern,Theatre,Radio Ultra Modern - Saturday,12:00 - 01:00,27 July,2013,Saturday,Weekend 1,Unknown
6577,Star Warz,Unknown,Delta Heavy,00:00 - 01:00,27 July,2013,Saturday,Weekend 1,"Dubstep, Drum & Bass, Jungle, Drum Step"
6578,Ketaloco,Unknown,dOP (live),00:00 - 01:00,27 July,2013,Saturday,Weekend 1,Unknown
6579,Star Warz,Unknown,Battery b2b Meddik & Toxidelic ft. Mc Mota,12:00 - 12:45,27 July,2013,Saturday,Weekend 1,Unknown
6580,Ketaloco,Unknown,Bollen & Fichtner,12:00 - 13:30,27 July,2013,Saturday,Weekend 1,Unknown
6581,Derrick Carter Family & Friends,Unknown,Flapjackers,12:30 - 14:00,27 July,2013,Saturday,Weekend 1,Unknown
6582,Ferry Corsten presents FULL ON,Unknown,Shogun,12:30 - 14:00,27 July,2013,Saturday,Weekend 1,Trance
6583,Samsung Galaxy Secret Forest,Unknown,Reygel & Peri,12:30 - 14:00,27 July,2013,Saturday,Weekend 1,Unknown
6584,kozzmozz,Unknown,Spacid,12:30 - 14:45,27 July,2013,Saturday,Weekend 1,Unknown
6585,Star Warz,Unknown,Dub - Timus Soundsystem,12:45 - 13:30,27 July,2013,Saturday,Weekend 1,Unknown
6586,Star Warz,Unknown,Cedex & Higher Underground,13:30 - 14:15,27 July,2013,Saturday,Weekend 1,Unknown
6587,Ketaloco,Unknown,Guti (live),13:30 - 14:30,27 July,2013,Saturday,Weekend 1,Unknown
6588,Samsung Galaxy Secret Forest,Unknown,Cooper,14:00 - 15:00,27 July,2013,Saturday,Weekend 1,"Balearic, House"
6589,Ferry Corsten presents FULL ON,Unknown,Sied Van Riel,14:00 - 15:15,27 July,2013,Saturday,Weekend 1,Trance
6590,Derrick Carter Family & Friends,Unknown,Sven Van Hees,14:00 - 16:00,27 July,2013,Saturday,Weekend 1,"Chill Out, Traditional House"
6591,Star Warz,Unknown,Speedwagon & Stykz b2b Alert,14:15 - 15:00,27 July,2013,Saturday,Weekend 1,Unknown
6592,Ketaloco,Unknown,Don Cabron,14:30 - 16:00,27 July,2013,Saturday,Weekend 1,Unknown
6593,kozzmozz,Unknown,Joseph Capriati,14:45 - 16:15,27 July,2013,Saturday,Weekend 1,"Traditional House, Techno"
6594,Star Warz,Unknown,Foxy Lady & Mc Elvee,15:00 - 16:00,27 July,2013,Saturday,Weekend 1,Unknown
6595,Samsung Galaxy Secret Forest,Unknown,Mr Moustache vs Smith Davis,15:00 - 16:00,27 July,2013,Saturday,Weekend 1,Unknown
6596,Ferry Corsten presents FULL ON,Unknown,Solarstone,15:15 - 16:30,27 July,2013,Saturday,Weekend 1,"Electronica, Trance"
6597,Star Warz,Unknown,DJ Hype & MC Daddy Earl,16:00 - 17:00,27 July,2013,Saturday,Weekend 1,Unknown
6598,Samsung Galaxy Secret Forest,Unknown,Frederick Stone,16:00 - 17:00,27 July,2013,Saturday,Weekend 1,Unknown
6599,Ketaloco,Unknown,Solomun,16:00 - 17:30,27 July,2013,Saturday,Weekend 1,Tech House
6600,Woody Weekend,The Rave Cave,Seelen,23:00 - 01:00,27 July,2013,Saturday,Weekend 1,Electronic
6601,kozzmozz,Unknown,Kr!z,16:15 - 17:30,27 July,2013,Saturday,Weekend 1,Unknown
6602,Ferry Corsten presents FULL ON,Unknown,W&W,16:30 - 17:45,27 July,2013,Saturday,Weekend 1,Trance
6603,Star Warz,Unknown,Fred V & Grafix,17:00 - 18:00,27 July,2013,Saturday,Weekend 1,Commercial Dance
6604,Samsung Galaxy Secret Forest,Unknown,Sem Thomasson,17:00 - 18:00,27 July,2013,Saturday,Weekend 1,Progressive House
6605,kozzmozz,Unknown,Ben Sims,17:30 - 19:00,27 July,2013,Saturday,Weekend 1,Techno
6606,Ketaloco,Unknown,tINI,17:30 - 19:00,27 July,2013,Saturday,Weekend 1,Tech House
6607,Ferry Corsten presents FULL ON,Unknown,Aly & Fila,17:45 - 19:15,27 July,2013,Saturday,Weekend 1,Trance
6608,Star Warz,Unknown,S.P.Y,18:00 - 19:00,27 July,2013,Saturday,Weekend 1,Commercial Dance
6609,Samsung Galaxy Secret Forest,Unknown,Dave Lambert,18:00 - 19:00,27 July,2013,Saturday,Weekend 1,Traditional House
6610,Derrick Carter Family & Friends,Unknown,Kerri chandler,18:00 - 20:00,27 July,2013,Saturday,Weekend 1,Traditional House
6611,Star Warz,Unknown,Tito & Echo Virus b2b James Marvel,19:00 - 20:00,27 July,2013,Saturday,Weekend 1,Unknown
6612,Samsung Galaxy Secret Forest,Unknown,Nene Dasile,19:00 - 20:00,27 July,2013,Saturday,Weekend 1,Unknown
6613,kozzmozz,Unknown,Oscar Mulero,19:00 - 20:30,27 July,2013,Saturday,Weekend 1,Techno
6614,Ketaloco,Unknown,don Santos,19:00 - 20:30,27 July,2013,Saturday,Weekend 1,Unknown
6615,Ferry Corsten presents FULL ON,Unknown,Cosmic Gate,19:15 - 20:45,27 July,2013,Saturday,Weekend 1,"Progressive House, Trance"
6616,Star Warz,Unknown,One87 & Hookerz ft. Mc Mush,20:00 - 21:00,27 July,2013,Saturday,Weekend 1,Unknown
6617,Samsung Galaxy Secret Forest,Unknown,Promise Land,20:00 - 21:00,27 July,2013,Saturday,Weekend 1,Commercial Dance
6618,Derrick Carter Family & Friends,Unknown,Derrick Carter vs Mark Farina vs Sneak,20:00 - 23:00,27 July,2013,Saturday,Weekend 1,Unknown
6619,kozzmozz,Unknown,Technasia,20:30 - 22:00,27 July,2013,Saturday,Weekend 1,Commercial Dance
6620,Ketaloco,Unknown,Satoshi Tomiie,20:30 - 22:00,27 July,2013,Saturday,Weekend 1,Tech House
6621,Ferry Corsten presents FULL ON,Unknown,John O'Callaghan,20:45 - 22:15,27 July,2013,Saturday,Weekend 1,Trance
6622,Star Warz,Unknown,Ulterior Motive,21:00 - 22:00,27 July,2013,Saturday,Weekend 1,Commercial Dance
6623,Samsung Galaxy Secret Forest,Unknown,Alvaro,21:00 - 22:00,27 July,2013,Saturday,Weekend 1,"Electronica, Progressive House"
6624,Ketaloco,Unknown,Caspar,22:00 - 00:00,27 July,2013,Saturday,Weekend 1,Unknown
6625,Derrick Carter Family & Friends,Unknown,Riva Starr,16:00 - 18:00,27 July,2013,Saturday,Weekend 1,Tech House
6626,Samsung Galaxy Secret Forest,Unknown,Marko de La Rocca,22:00 - 23:00,27 July,2013,Saturday,Weekend 1,Unknown
6627,kozzmozz,Unknown,Adam Beyer,22:00 - 23:30,27 July,2013,Saturday,Weekend 1,Techno
6628,Ferry Corsten presents FULL ON,Unknown,Ferry Corsten,22:15 - 23:45,27 July,2013,Saturday,Weekend 1,Trance
6629,Star Warz,Unknown,Brookes Brothers,23:00 - 00:00,27 July,2013,Saturday,Weekend 1,Drum & Bass
6630,Samsung Galaxy Secret Forest,Unknown,DJ Joeri,23:00 - 00:00,27 July,2013,Saturday,Weekend 1,Unknown
6631,Derrick Carter Family & Friends,Unknown,Masters At Work,23:00 - 01:00,27 July,2013,Saturday,Weekend 1,Unknown
6632,kozzmozz,Unknown,Len Faki,23:30 - 01:00,27 July,2013,Saturday,Weekend 1,Techno
6633,Ferry Corsten presents FULL ON,Unknown,Orjan Nilsen,23:45 - 01:00,27 July,2013,Saturday,Weekend 1,Commercial Dance
6634,Dave Clarke,Butterfly Stage,Deg,12:00 - 14:00,28 July,2013,Sunday,Weekend 1,Rock
6635,Dave Clarke,Butterfly Stage,Heidi,14:00 - 16:00,28 July,2013,Sunday,Weekend 1,Traditional House
6636,Dave Clarke,Butterfly Stage,Ben Klock,16:00 - 18:00,28 July,2013,Sunday,Weekend 1,Techno
6637,Dave Clarke,Butterfly Stage,Green Velvet,18:00 - 20:00,28 July,2013,Sunday,Weekend 1,"Traditional House, Techno"
6638,Dave Clarke,Butterfly Stage,Jeff Mills,20:00 - 22:00,28 July,2013,Sunday,Weekend 1,"Traditional House, Techno"
6639,Dave Clarke,Butterfly Stage,Dave Clarke,22:00 - 00:00,28 July,2013,Sunday,Weekend 1,"Electro House, Techno"
6640,Minus,Café D'Anvers,Bartholomeo vs BP,12:00 - 13:00,28 July,2013,Sunday,Weekend 1,Unknown
6641,Minus,Café D'Anvers,NSOUND,13:00 - 14:30,28 July,2013,Sunday,Weekend 1,Traditional House
6642,Minus,Café D'Anvers,Hobo,14:30 - 16:00,28 July,2013,Sunday,Weekend 1,Commercial Dance
6643,Minus,Café D'Anvers,Matador (live),16:00 - 17:00,28 July,2013,Sunday,Weekend 1,Unknown
6644,Minus,Café D'Anvers,Maceo Plex,17:00 - 19:00,28 July,2013,Sunday,Weekend 1,Tech House
6645,Minus,Café D'Anvers,Paco Osuna,19:00 - 21:00,28 July,2013,Sunday,Weekend 1,"Tech House, Techno"
6646,Minus,Café D'Anvers,Gaiser (live),21:00 - 22:00,28 July,2013,Sunday,Weekend 1,Unknown
6647,Minus,Café D'Anvers,Richie Hawtin,22:00 - 00:00,28 July,2013,Sunday,Weekend 1,"Tech House, Techno"
6648,Desperados Club,Desperados Club Stage,Gentil & Nathan Fix,12:00 - 13:00,28 July,2013,Sunday,Weekend 1,Unknown
6649,Desperados Club,Desperados Club Stage,Lucy Fox A Lot,13:00 - 14:00,28 July,2013,Sunday,Weekend 1,Unknown
6650,Star Warz,Unknown,The Prototypes,22:00 - 23:00,27 July,2013,Saturday,Weekend 1,"Drum & Bass, Jungle"
6651,Desperados Club,Desperados Club Stage,The Whatevers,15:00 - 16:00,28 July,2013,Sunday,Weekend 1,Unknown
6652,Desperados Club,Desperados Club Stage,The Mixfitz,16:00 - 17:00,28 July,2013,Sunday,Weekend 1,Unknown
6653,Desperados Club,Desperados Club Stage,Michael Midnight,17:00 - 18:30,28 July,2013,Sunday,Weekend 1,Unknown
6654,Desperados Club,Desperados Club Stage,Russ Chimes,18:30 - 20:00,28 July,2013,Sunday,Weekend 1,Unknown
6655,Desperados Club,Desperados Club Stage,FS Green,20:00 - 21:00,28 July,2013,Sunday,Weekend 1,Unknown
6656,Desperados Club,Desperados Club Stage,TLP,21:00 - 22:00,28 July,2013,Sunday,Weekend 1,Unknown
6657,Desperados Club,Desperados Club Stage,Laston & Geo,22:00 - 23:00,28 July,2013,Sunday,Weekend 1,Unknown
6658,Desperados Club,Desperados Club Stage,Hindu Radio DJ's,23:00 - 00:00,28 July,2013,Sunday,Weekend 1,Unknown
6659,Profound Sounds,Flowerboat,Pheak,12:00 - 13:00,28 July,2013,Sunday,Weekend 1,Unknown
6660,Profound Sounds,Flowerboat,Alix Alvarez,13:00 - 14:30,28 July,2013,Sunday,Weekend 1,Traditional House
6661,Profound Sounds,Flowerboat,M A N I K (live),14:30 - 16:00,28 July,2013,Sunday,Weekend 1,Unknown
6662,Profound Sounds,Flowerboat,Zoet & Hartelijk,16:00 - 17:30,28 July,2013,Sunday,Weekend 1,Unknown
6663,Profound Sounds,Flowerboat,Tale of Us,17:30 - 19:30,28 July,2013,Sunday,Weekend 1,Tech House
6664,Profound Sounds,Flowerboat,Josh Wink b2b Davide Squillace,19:30 - 22:00,28 July,2013,Sunday,Weekend 1,Unknown
6665,Profound Sounds,Flowerboat,Marcel Dettmann,22:00 - 00:00,28 July,2013,Sunday,Weekend 1,Techno
6666,Smash The House vs. The Dirty Dutch,Garden of Madness,Dave Till,12:00 - 12:45,28 July,2013,Sunday,Weekend 1,Unknown
6667,Smash The House vs. The Dirty Dutch,Garden of Madness,Mastiksoul,12:45 - 13:30,28 July,2013,Sunday,Weekend 1,Traditional House
6668,Smash The House vs. The Dirty Dutch,Garden of Madness,Glowinthedark,13:30 - 14:15,28 July,2013,Sunday,Weekend 1,Unknown
6669,Smash The House vs. The Dirty Dutch,Garden of Madness,Gregori Klosman,14:15 - 15:15,28 July,2013,Sunday,Weekend 1,Unknown
6670,Smash The House vs. The Dirty Dutch,Garden of Madness,Nari & Milani,15:15 - 16:00,28 July,2013,Sunday,Weekend 1,Electro House
6671,Smash The House vs. The Dirty Dutch,Garden of Madness,Cazzette,16:00 - 17:00,28 July,2013,Sunday,Weekend 1,Electro House
6672,Smash The House vs. The Dirty Dutch,Garden of Madness,Moguai,17:00 - 18:00,28 July,2013,Sunday,Weekend 1,"Electro House, Progressive House"
6673,Smash The House vs. The Dirty Dutch,Garden of Madness,Kaskade,18:00 - 19:00,28 July,2013,Sunday,Weekend 1,Progressive House
6674,Smash The House vs. The Dirty Dutch,Garden of Madness,Wolfpack,19:00 - 20:00,28 July,2013,Sunday,Weekend 1,"Commercial Dance, Electro House, Progressive House"
6675,Desperados Club,Desperados Club Stage,Davidov,14:00 - 15:00,28 July,2013,Sunday,Weekend 1,Unknown
6676,Smash The House vs. The Dirty Dutch,Garden of Madness,Showtek,21:00 - 22:00,28 July,2013,Sunday,Weekend 1,Hardcore Techno
6677,Smash The House vs. The Dirty Dutch,Garden of Madness,Chuckie,22:00 - 23:00,28 July,2013,Sunday,Weekend 1,Electro House
6678,Smash The House vs. The Dirty Dutch,Garden of Madness,Dimitri Vegas & Like Mike,23:00 - 00:00,28 July,2013,Sunday,Weekend 1,Electro House
6679,Mainstage,Mainstage,DJaxx & Neurotique,12:00 - 13:00,28 July,2013,Sunday,Weekend 1,Unknown
6680,Mainstage,Mainstage,Deniz Koyu,13:00 - 14:00,28 July,2013,Sunday,Weekend 1,"Electro House, Progressive House"
6681,Mainstage,Mainstage,Joachim Garraud,14:00 - 15:00,28 July,2013,Sunday,Weekend 1,Electro House
6682,Mainstage,Mainstage,Porter Robinson,15:00 - 16:15,28 July,2013,Sunday,Weekend 1,Electro House
6683,Mainstage,Mainstage,Yves V,16:15 - 17:30,28 July,2013,Sunday,Weekend 1,Progressive House
6684,Mainstage,Mainstage,Alesso,17:30 - 19:00,28 July,2013,Sunday,Weekend 1,Progressive House
6685,Mainstage,Mainstage,Steve Angello,19:00 - 20:30,28 July,2013,Sunday,Weekend 1,Progressive House
6686,Mainstage,Mainstage,David Guetta vs Afrojack vs Nicky Romero,20:30 - 22:45,28 July,2013,Sunday,Weekend 1,Unknown
6687,Mainstage,Mainstage,Steve Aoki,22:45 - 00:00,28 July,2013,Sunday,Weekend 1,"Electro House, Indie / Underground"
6688,Q-Dance,Spider Stage,ACTI,12:00 - 14:00,28 July,2013,Sunday,Weekend 1,Rap
6689,Q-Dance,Spider Stage,Luna,14:00 - 15:00,28 July,2013,Sunday,Weekend 1,"Synthpop, Trip Hop, Uk Garage"
6690,Q-Dance,Spider Stage,Max Enforcer,15:00 - 16:30,28 July,2013,Sunday,Weekend 1,Hardcore Techno
6691,Q-Dance,Spider Stage,Wasted Penguinz,16:30 - 18:00,28 July,2013,Sunday,Weekend 1,Hard Dance
6692,Q-Dance,Spider Stage,Bass Modulators,18:00 - 19:15,28 July,2013,Sunday,Weekend 1,"Commercial Dance, Electronica"
6693,Q-Dance,Spider Stage,The Prophet,19:15 - 20:30,28 July,2013,Sunday,Weekend 1,Hardcore Techno
6694,Q-Dance,Spider Stage,Noisecontrollers,20:30 - 21:45,28 July,2013,Sunday,Weekend 1,Hardcore Techno
6695,Q-Dance,Spider Stage,Alpha¬≤,21:45 - 23:00,28 July,2013,Sunday,Weekend 1,Unknown
6696,Q-Dance,Spider Stage,Endymion vs Evil Activities,23:00 - 00:00,28 July,2013,Sunday,Weekend 1,Unknown
6697,Coincidence,The Rave Cave,Antony Nardella,12:00 - 13:30,28 July,2013,Sunday,Weekend 1,Unknown
6698,Coincidence,The Rave Cave,Umlaut,13:30 - 15:00,28 July,2013,Sunday,Weekend 1,Unknown
6699,Coincidence,The Rave Cave,Tom Dazing,15:00 - 16:30,28 July,2013,Sunday,Weekend 1,Commercial Dance
6700,Smash The House vs. The Dirty Dutch,Garden of Madness,Regi,20:00 - 21:00,28 July,2013,Sunday,Weekend 1,"Trance, Big Room House"
6701,Coincidence,The Rave Cave,Mary Velo,18:00 - 19:30,28 July,2013,Sunday,Weekend 1,Techno
6702,Coincidence,The Rave Cave,Miss Sunshine,19:30 - 21:00,28 July,2013,Sunday,Weekend 1,Techno
6703,Coincidence,The Rave Cave,Psytox,21:00 - 22:30,28 July,2013,Sunday,Weekend 1,"Hardstyle, Rawstyle, Electronic"
6704,Coincidence,The Rave Cave,Rebekah,22:30 - 00:00,28 July,2013,Sunday,Weekend 1,Techno
6705,Radio Ultra Modern,Theatre,Radio Ultra Modern - Sunday,13:00 - 00:00,28 July,2013,Sunday,Weekend 1,Unknown
6706,Cafeina,Unknown,Audio Boulevard,12:00 - 13:00,28 July,2013,Sunday,Weekend 1,Unknown
6707,Kne' Deep,Unknown,J.Fernandes,12:00 - 13:30,28 July,2013,Sunday,Weekend 1,Unknown
6708,Tranceaddict,Unknown,Fred Nova,12:30 - 14:00,28 July,2013,Sunday,Weekend 1,Unknown
6709,Samsung Galaxy Secret Forest,Unknown,Adam De Great,12:30 - 14:00,28 July,2013,Sunday,Weekend 1,Unknown
6710,I Love The 90's,Unknown,DJ Ward,12:30 - 16:00,28 July,2013,Sunday,Weekend 1,Unknown
6711,Cafeina,Unknown,2Dirty,13:00 - 13:45,28 July,2013,Sunday,Weekend 1,Unknown
6712,Daily Dubstep,Unknown,Electrified,13:00 - 14:00,28 July,2013,Sunday,Weekend 1,Unknown
6713,Kne' Deep,Unknown,Huma Noyd,13:30 - 15:15,28 July,2013,Sunday,Weekend 1,Unknown
6714,Cafeina,Unknown,Philip & Joeri,13:45 - 14:45,28 July,2013,Sunday,Weekend 1,Unknown
6715,Tranceaddict,Unknown,Fast Distance,14:00 - 15:00,28 July,2013,Sunday,Weekend 1,"Chill Out, Trance"
6716,Daily Dubstep,Unknown,Undertone,14:00 - 15:00,28 July,2013,Sunday,Weekend 1,Unknown
6717,Samsung Galaxy Secret Forest,Unknown,No Artificial Colours,14:00 - 15:00,28 July,2013,Sunday,Weekend 1,Traditional House
6718,Cafeina,Unknown,Tom Leclercq & Dave Lambert,14:45 - 15:45,28 July,2013,Sunday,Weekend 1,Unknown
6719,Tranceaddict,Unknown,Bryan Kearney,15:00 - 16:00,28 July,2013,Sunday,Weekend 1,Trance
6720,Daily Dubstep,Unknown,Subreachers,15:00 - 16:00,28 July,2013,Sunday,Weekend 1,Unknown
6721,Samsung Galaxy Secret Forest,Unknown,Dominico & Ralpheus,15:00 - 16:00,28 July,2013,Sunday,Weekend 1,Unknown
6722,Kne' Deep,Unknown,Rush,15:15 - 19:15,28 July,2013,Sunday,Weekend 1,Minimal
6723,Cafeina,Unknown,Mr Grammy & DJ Licious,15:45 - 16:45,28 July,2013,Sunday,Weekend 1,Unknown
6724,Tranceaddict,Unknown,Arctic Moon,16:00 - 17:00,28 July,2013,Sunday,Weekend 1,Trance
6725,Coincidence,The Rave Cave,Esther Duijn,16:30 - 18:00,28 July,2013,Sunday,Weekend 1,Commercial Dance
6726,I Love The 90's,Unknown,Cor Fijneman,16:00 - 17:00,28 July,2013,Sunday,Weekend 1,Unknown
6727,Samsung Galaxy Secret Forest,Unknown,West Klintwood,16:00 - 17:00,28 July,2013,Sunday,Weekend 1,Unknown
6728,Cafeina,Unknown,Stereoclash,16:45 - 17:30,28 July,2013,Sunday,Weekend 1,Unknown
6729,Tranceaddict,Unknown,Indecent Noise,17:00 - 18:00,28 July,2013,Sunday,Weekend 1,Trance
6730,Daily Dubstep,Unknown,NGA Sound,17:00 - 18:00,28 July,2013,Sunday,Weekend 1,Unknown
6731,I Love The 90's,Unknown,DaHool,17:00 - 18:00,28 July,2013,Sunday,Weekend 1,Unknown
6732,Samsung Galaxy Secret Forest,Unknown,Blasterz,17:00 - 18:00,28 July,2013,Sunday,Weekend 1,Unknown
6733,Cafeina,Unknown,Dannic,17:30 - 18:30,28 July,2013,Sunday,Weekend 1,Progressive House
6734,Daily Dubstep,Unknown,Nicon,18:00 - 19:00,28 July,2013,Sunday,Weekend 1,Traditional House
6735,I Love The 90's,Unknown,Kai Tracid,18:00 - 19:00,28 July,2013,Sunday,Weekend 1,"Hard Dance, Trance"
6736,Samsung Galaxy Secret Forest,Unknown,Daddy's Groove,18:00 - 19:00,28 July,2013,Sunday,Weekend 1,Traditional House
6737,Tranceaddict,Unknown,Paul Van Dyk,18:00 - 19:30,28 July,2013,Sunday,Weekend 1,Trance
6738,Cafeina,Unknown,Dyro,18:30 - 19:30,28 July,2013,Sunday,Weekend 1,Progressive House
6739,Daily Dubstep,Unknown,Icicle b2b J:Kenzo,19:00 - 20:00,28 July,2013,Sunday,Weekend 1,Unknown
6740,I Love The 90's,Unknown,Johan Gielen,19:00 - 20:00,28 July,2013,Sunday,Weekend 1,Trance
6741,Samsung Galaxy Secret Forest,Unknown,Nicolaz,19:00 - 20:00,28 July,2013,Sunday,Weekend 1,Unknown
6742,Kne' Deep,Unknown,Joey Beltram,19:15 - 21:15,28 July,2013,Sunday,Weekend 1,Techno
6743,Cafeina,Unknown,Phill Da Cunha & Alec,19:30 - 20:30,28 July,2013,Sunday,Weekend 1,Unknown
6744,Tranceaddict,Unknown,Allure,19:30 - 20:30,28 July,2013,Sunday,Weekend 1,Trance
6745,Daily Dubstep,Unknown,Distance,20:00 - 21:00,28 July,2013,Sunday,Weekend 1,Trance
6746,I Love The 90's,Unknown,DJ Jean,20:00 - 21:00,28 July,2013,Sunday,Weekend 1,Unknown
6747,Samsung Galaxy Secret Forest,Unknown,Firebeatz,20:00 - 21:00,28 July,2013,Sunday,Weekend 1,Electro House
6748,Tranceaddict,Unknown,Tenishia,20:30 - 21:30,28 July,2013,Sunday,Weekend 1,"Progressive House, Trance"
6749,Cafeina,Unknown,Disco Dasco,20:30 - 22:00,28 July,2013,Sunday,Weekend 1,"Electronic, House"
6750,Daily Dubstep,Unknown,AFTER 12,16:00 - 17:00,28 July,2013,Sunday,Weekend 1,Unknown
6751,I Love The 90's,Unknown,Charly Lownoise and Mental Theo,21:00 - 22:00,28 July,2013,Sunday,Weekend 1,Unknown
6752,Samsung Galaxy Secret Forest,Unknown,Morten Breum,21:00 - 22:00,28 July,2013,Sunday,Weekend 1,Traditional House
6753,Kne' Deep,Unknown,Mauro Picotto,21:15 - 23:15,28 July,2013,Sunday,Weekend 1,"Tech House, Techno"
6754,Tranceaddict,Unknown,Max Graham vs Protoculture,21:30 - 22:30,28 July,2013,Sunday,Weekend 1,Unknown
6755,Cafeina,Unknown,Roma,22:00 - 23:00,28 July,2013,Sunday,Weekend 1,"Electronic, Dance"
6756,Daily Dubstep,Unknown,Dismantle,22:00 - 23:00,28 July,2013,Sunday,Weekend 1,Unknown
6757,Samsung Galaxy Secret Forest,Unknown,Julia Carpenter,22:00 - 23:00,28 July,2013,Sunday,Weekend 1,Unknown
6758,I Love The 90's,Unknown,DJ Ward,22:00 - 23:30,28 July,2013,Sunday,Weekend 1,Unknown
6759,Tranceaddict,Unknown,Andy Moor b2b Lange,22:30 - 00:00,28 July,2013,Sunday,Weekend 1,Unknown
6760,Cafeina,Unknown,Gregor Salto,23:00 - 00:00,28 July,2013,Sunday,Weekend 1,Electro House
6761,Daily Dubstep,Unknown,Benga,23:00 - 00:00,28 July,2013,Sunday,Weekend 1,Dubstep
6762,Kne' Deep,Unknown,Miss DJax,23:15 - 00:00,28 July,2013,Sunday,Weekend 1,Commercial Dance
6763,I Love The 90's,Unknown,Marshal Masters,23:30 - 00:00,28 July,2013,Sunday,Weekend 1,Unknown
6764,The Gathering,The Gathering,Dimitri Vegas & Like Mike vs Yves V,00:00 - 01:00,26 July,2012,Thursday,Weekend 1,Unknown
6765,The Gathering,The Gathering,Electric Bastards,13:00 - 14:00,26 July,2012,Thursday,Weekend 1,Unknown
6766,The Gathering,The Gathering,RooC Audio,14:00 - 15:00,26 July,2012,Thursday,Weekend 1,Unknown
6767,The Gathering,The Gathering,Jerry May,15:00 - 16:00,26 July,2012,Thursday,Weekend 1,Tech House
6768,The Gathering,The Gathering,Heet Van de Naald,16:00 - 17:00,26 July,2012,Thursday,Weekend 1,Unknown
6769,The Gathering,The Gathering,DJaxx & Neurotique,17:00 - 18:00,26 July,2012,Thursday,Weekend 1,Unknown
6770,The Gathering,The Gathering,Laston & Geo,18:00 - 19:00,26 July,2012,Thursday,Weekend 1,Unknown
6771,The Gathering,The Gathering,Girafe Sauvage DJ: Redhead vs Tom Hades vs Sören Aalberg,19:00 - 20:00,26 July,2012,Thursday,Weekend 1,Unknown
6772,The Gathering,The Gathering,The Oddword,20:00 - 21:00,26 July,2012,Thursday,Weekend 1,Unknown
6773,The Gathering,The Gathering,Prinz,21:00 - 22:00,26 July,2012,Thursday,Weekend 1,Techno
6774,The Gathering,The Gathering,Trash Radio,22:00 - 23:00,26 July,2012,Thursday,Weekend 1,Unknown
6775,Daily Dubstep,Unknown,N - Type b2b Walsh,21:00 - 22:00,28 July,2013,Sunday,Weekend 1,Unknown
6776,Café D'Anvers,Café D'Anvers,Phil Monday,12:00 - 13:00,27 July,2012,Friday,Weekend 1,Unknown
6777,Café D'Anvers,Café D'Anvers,Prinz,13:00 - 14:00,27 July,2012,Friday,Weekend 1,Techno
6778,Café D'Anvers,Café D'Anvers,Massimo Girardi,14:00 - 15:00,27 July,2012,Friday,Weekend 1,Commercial Dance
6779,Café D'Anvers,Café D'Anvers,Hermanez,15:00 - 16:00,27 July,2012,Friday,Weekend 1,Tech House
6780,Café D'Anvers,Café D'Anvers,Ultrasone,16:00 - 17:30,27 July,2012,Friday,Weekend 1,Unknown
6781,Café D'Anvers,Café D'Anvers,Maceo Plex,17:30 - 19:30,27 July,2012,Friday,Weekend 1,Tech House
6782,Café D'Anvers,Café D'Anvers,Guy Gerber,19:30 - 21:00,27 July,2012,Friday,Weekend 1,"Tech House, Techno"
6783,Café D'Anvers,Café D'Anvers,Joris Voorn,21:00 - 23:00,27 July,2012,Friday,Weekend 1,"Tech House, Techno"
6784,Café D'Anvers,Café D'Anvers,Jamie Jones,23:00 - 01:00,27 July,2012,Friday,Weekend 1,Tech House
6785,Carl Cox & Friends,Castle Stage,Jon Rundell,12:30 - 14:00,27 July,2012,Friday,Weekend 1,Techno
6786,Carl Cox & Friends,Castle Stage,Nicole Moudaber,14:00 - 15:30,27 July,2012,Friday,Weekend 1,Tech House
6787,Carl Cox & Friends,Castle Stage,Yousef,15:30 - 17:00,27 July,2012,Friday,Weekend 1,Traditional House
6788,Carl Cox & Friends,Castle Stage,John Digweed,17:00 - 18:30,27 July,2012,Friday,Weekend 1,"Tech House, Techno"
6789,Carl Cox & Friends,Castle Stage,Marco Carola,18:30 - 20:00,27 July,2012,Friday,Weekend 1,Techno
6790,Carl Cox & Friends,Castle Stage,Cristian Varela vs Marco Bailey,20:00 - 21:30,27 July,2012,Friday,Weekend 1,Unknown
6791,Carl Cox & Friends,Castle Stage,UMEK,21:30 - 23:00,27 July,2012,Friday,Weekend 1,"Tech House, Techno"
6792,Carl Cox & Friends,Castle Stage,Carl Cox,23:00 - 01:00,27 July,2012,Friday,Weekend 1,"Tech House, Techno"
6793,Mainstage,Mainstage,Dave Lambert,12:15 - 13:15,27 July,2012,Friday,Weekend 1,Traditional House
6794,Mainstage,Mainstage,Rebecca & Fiona,13:15 - 14:45,27 July,2012,Friday,Weekend 1,Progressive House
6795,Mainstage,Mainstage,Qulinez,14:45 - 16:15,27 July,2012,Friday,Weekend 1,Unknown
6796,Mainstage,Mainstage,Cazzette,16:15 - 17:45,27 July,2012,Friday,Weekend 1,Electro House
6797,Mainstage,Mainstage,Thomas Gold,17:45 - 19:15,27 July,2012,Friday,Weekend 1,Progressive House
6798,Mainstage,Mainstage,Alesso,19:15 - 20:45,27 July,2012,Friday,Weekend 1,Progressive House
6799,Mainstage,Mainstage,Fatboy Slim,20:45 - 22:15,27 July,2012,Friday,Weekend 1,"Electronica, Traditional House"
6800,The Gathering,The Gathering,Aeroplane,23:00 - 00:00,26 July,2012,Thursday,Weekend 1,Commercial Dance
6801,Mainstage,Mainstage,Bloody Beetroots DJ set,23:45 - 01:00,27 July,2012,Friday,Weekend 1,Unknown
6802,Q-Dance,Q-Dance Stage,Gave,13:00 - 14:00,27 July,2012,Friday,Weekend 1,Rock
6803,Q-Dance,Q-Dance Stage,Dr. Phunk,14:00 - 15:15,27 July,2012,Friday,Weekend 1,Unknown
6804,Q-Dance,Q-Dance Stage,Davoodi vs Bestien,15:15 - 16:30,27 July,2012,Friday,Weekend 1,Unknown
6805,Q-Dance,Q-Dance Stage,Demoniak,16:30 - 17:45,27 July,2012,Friday,Weekend 1,Unknown
6806,Q-Dance,Q-Dance Stage,DJ Ghost,17:45 - 19:00,27 July,2012,Friday,Weekend 1,"Hard Trance, Techno"
6807,Q-Dance,Q-Dance Stage,The Pitcher,19:00 - 20:15,27 July,2012,Friday,Weekend 1,Unknown
6808,Q-Dance,Q-Dance Stage,Mark with a K,20:15 - 21:30,27 July,2012,Friday,Weekend 1,Hard Dance
6809,Q-Dance,Q-Dance Stage,Brennan Heart,21:30 - 22:30,27 July,2012,Friday,Weekend 1,Hard Dance
6810,Q-Dance,Q-Dance Stage,Zany,22:30 - 23:30,27 July,2012,Friday,Weekend 1,Hardcore Techno
6811,Q-Dance,Q-Dance Stage,The Prophet,23:30 - 01:00,27 July,2012,Friday,Weekend 1,Hardcore Techno
6812,Winterclubbing,The Rave Cave,"DJ P-Jay, DJ Vox-D, DJ Barto, DJ Luk",13:00 - 16:00,27 July,2012,Friday,Weekend 1,Unknown
6813,Winterclubbing,The Rave Cave,Jean de Gand,16:00 - 16:30,27 July,2012,Friday,Weekend 1,Unknown
6814,Winterclubbing,The Rave Cave,"DJ P-Jay, DJ Vox-D, DJ Barto, DJ Luk",16:30 - 18:00,27 July,2012,Friday,Weekend 1,Unknown
6815,Winterclubbing,The Rave Cave,Dimitri Wouters,18:00 - 20:00,27 July,2012,Friday,Weekend 1,House
6816,Winterclubbing,The Rave Cave,Deve & Matizz,20:00 - 22:00,27 July,2012,Friday,Weekend 1,Unknown
6817,Winterclubbing,The Rave Cave,"DJ P-Jay, DJ Vox-D, DJ Barto, DJ Luk",22:00 - 01:00,27 July,2012,Friday,Weekend 1,Unknown
6818,Steve Aoki and the Dim Mak Fight club,Unknown,Zeds Dead,00:00 - 01:00,27 July,2012,Friday,Weekend 1,Dubstep
6819,Desperados Cirque,Unknown,Rave Our Souls,00:00 - 01:00,27 July,2012,Friday,Weekend 1,Unknown
6820,Untitled! invites Dub Police,Unknown,Eptic,00:00 - 01:00,27 July,2012,Friday,Weekend 1,Dubstep
6821,Steve Aoki and the Dim Mak Fight club,Unknown,D.O.D.,12:00 - 12:30,27 July,2012,Friday,Weekend 1,"Electro House, Dubstep"
6822,Desperados Cirque,Unknown,Faisal,12:00 - 13:00,27 July,2012,Friday,Weekend 1,Unknown
6823,B2B,Unknown,Synsun,12:00 - 14:00,27 July,2012,Friday,Weekend 1,Trance
6824,Twentyfive,Unknown,KooDoo vs La Maz,12:00 - 15:00,27 July,2012,Friday,Weekend 1,Unknown
6825,Mainstage,Mainstage,Avicii,22:15 - 23:45,27 July,2012,Friday,Weekend 1,Unknown
6826,Steve Aoki and the Dim Mak Fight club,Unknown,Jidax,12:30 - 13:00,27 July,2012,Friday,Weekend 1,Unknown
6827,Cafeina,Unknown,Tom Leclercq,12:30 - 14:00,27 July,2012,Friday,Weekend 1,Unknown
6828,Untitled! invites Dub Police,Unknown,Daily,12:30 - 14:00,27 July,2012,Friday,Weekend 1,Unknown
6829,We Play House,Unknown,"Red D feat. Lady Linn, Gustaph & Saxman",12:30 - 15:30,27 July,2012,Friday,Weekend 1,Unknown
6830,Steve Aoki and the Dim Mak Fight club,Unknown,Dan Sena,13:00 - 13:30,27 July,2012,Friday,Weekend 1,Unknown
6831,Kne' Deep,Unknown,DJ Rush (House Set),13:00 - 14:00,27 July,2012,Friday,Weekend 1,Unknown
6832,Desperados Cirque,Unknown,YAMO,13:00 - 14:00,27 July,2012,Friday,Weekend 1,"Electronic, Experimental"
6833,Above & Beyond Group Therapy,Unknown,Nitrous Oxide,13:00 - 14:30,27 July,2012,Friday,Weekend 1,Trance
6834,Samsung Galaxy Secret Forest,Unknown,Dizkodude,13:00 - 14:30,27 July,2012,Friday,Weekend 1,Unknown
6835,Steve Aoki and the Dim Mak Fight club,Unknown,Albin Myers,13:30 - 14:00,27 July,2012,Friday,Weekend 1,"Electro House, Progressive House"
6836,Steve Aoki and the Dim Mak Fight club,Unknown,South Central,14:00 - 14:30,27 July,2012,Friday,Weekend 1,"Electro House, Electronica"
6837,Cafeina,Unknown,Tom de Neef,14:00 - 14:45,27 July,2012,Friday,Weekend 1,Traditional House
6838,Kne' Deep,Unknown,J. Fernandes,14:00 - 15:00,27 July,2012,Friday,Weekend 1,Unknown
6839,Desperados Cirque,Unknown,Goldfox,14:00 - 15:00,27 July,2012,Friday,Weekend 1,"Electronic, Dance"
6840,Untitled! invites Dub Police,Unknown,Jonas Lion,14:00 - 15:15,27 July,2012,Friday,Weekend 1,Unknown
6841,B2B,Unknown,Norion,14:00 - 16:00,27 July,2012,Friday,Weekend 1,Unknown
6842,Steve Aoki and the Dim Mak Fight club,Unknown,PeaceTreaty,14:30 - 15:00,27 July,2012,Friday,Weekend 1,Unknown
6843,Above & Beyond Group Therapy,Unknown,Boom Jinx,14:30 - 16:00,27 July,2012,Friday,Weekend 1,"Progressive House, Trance"
6844,Samsung Galaxy Secret Forest,Unknown,Reygel & Peri,14:30 - 16:00,27 July,2012,Friday,Weekend 1,Unknown
6845,Cafeina,Unknown,Licious,14:45 - 15:30,27 July,2012,Friday,Weekend 1,Traditional House
6846,Steve Aoki and the Dim Mak Fight club,Unknown,Clockwork,15:00 - 15:30,27 July,2012,Friday,Weekend 1,Traditional House
6847,Desperados Cirque,Unknown,Locked Groove,15:00 - 16:30,27 July,2012,Friday,Weekend 1,"Techno, Traditional House"
6848,Kne' Deep,Unknown,Dejan Milicevic,15:00 - 17:00,27 July,2012,Friday,Weekend 1,Traditional House
6849,Twentyfive,Unknown,NU (live),15:00 - 17:30,27 July,2012,Friday,Weekend 1,Unknown
6850,Radio Ultra Modern,Unknown,Radio Ultra Modern on Friday!,12:30 - 01:00,27 July,2012,Friday,Weekend 1,Unknown
6851,Cafeina,Unknown,Mr. Grammy,15:30 - 16:15,27 July,2012,Friday,Weekend 1,Unknown
6852,Steve Aoki and the Dim Mak Fight club,Unknown,Joachim Garraud presents Hillside West Invasion,15:30 - 16:30,27 July,2012,Friday,Weekend 1,Unknown
6853,We Play House,Unknown,San Soda (live),15:30 - 16:30,27 July,2012,Friday,Weekend 1,Unknown
6854,Above & Beyond Group Therapy,Unknown,Mat Zo,16:00 - 17:30,27 July,2012,Friday,Weekend 1,"Progressive House, Trance"
6855,Samsung Galaxy Secret Forest,Unknown,Sedat The Turkish Avenger,16:00 - 17:30,27 July,2012,Friday,Weekend 1,Unknown
6856,B2B,Unknown,John 00 Fleming,16:00 - 17:30,27 July,2012,Friday,Weekend 1,Trance
6857,Cafeina,Unknown,Dave Lambert,16:15 - 17:00,27 July,2012,Friday,Weekend 1,Traditional House
6858,Untitled! invites Dub Police,Unknown,The M Machine,16:30 - 17:30,27 July,2012,Friday,Weekend 1,"Electro House, Progressive House, Indie Dance, Synthpop"
6859,Desperados Cirque,Unknown,Jackmaster,16:30 - 18:00,27 July,2012,Friday,Weekend 1,Commercial Dance
6860,Steve Aoki and the Dim Mak Fight club,Unknown,Steve Aoki,16:30 - 18:30,27 July,2012,Friday,Weekend 1,"Electro House, Indie / Underground"
6861,We Play House,Unknown,Deetron,16:30 - 18:30,27 July,2012,Friday,Weekend 1,Techno
6862,Untitled! invites Dub Police,Unknown,Rod Azlan,17:00 - 01:00,27 July,2012,Friday,Weekend 1,Commercial Dance
6863,Cafeina,Unknown,Philip,17:00 - 17:45,27 July,2012,Friday,Weekend 1,"Techno, Tech House, Deep House"
6864,Kne' Deep,Unknown,DJ Rush (Techno Set),17:00 - 21:00,27 July,2012,Friday,Weekend 1,Unknown
6865,Above & Beyond Group Therapy,Unknown,Norin & rad,17:30 - 19:00,27 July,2012,Friday,Weekend 1,Trance
6866,Untitled! invites Dub Police,Unknown,Kastor & Dice ft MC Swift,17:30 - 19:00,27 July,2012,Friday,Weekend 1,Unknown
6867,Samsung Galaxy Secret Forest,Unknown,pH20 vs Ben Bastion,17:30 - 19:00,27 July,2012,Friday,Weekend 1,Unknown
6868,B2B,Unknown,Yahel,17:30 - 19:00,27 July,2012,Friday,Weekend 1,Trance
6869,Twentyfive,Unknown,Jake the Rapper,17:30 - 19:30,27 July,2012,Friday,Weekend 1,Commercial Dance
6870,Cafeina,Unknown,Joeri,17:45 - 18:30,27 July,2012,Friday,Weekend 1,Commercial Dance
6871,Desperados Cirque,Unknown,Tom Trago,18:00 - 19:30,27 July,2012,Friday,Weekend 1,Commercial Dance
6872,Steve Aoki and the Dim Mak Fight club,Unknown,Polina,18:30 - 19:15,27 July,2012,Friday,Weekend 1,Commercial Dance
6873,Steve Aoki and the Dim Mak Fight club,Unknown,Angger Dimas,18:30 - 19:15,27 July,2012,Friday,Weekend 1,Electro House
6874,Cafeina,Unknown,2Dirty,18:30 - 20:00,27 July,2012,Friday,Weekend 1,Unknown
6875,Untitled! invites Dub Police,Unknown,Goldorak & Solpher ft. Mc D.O.C.,15:15 - 16:30,27 July,2012,Friday,Weekend 1,Unknown
6876,Untitled! invites Dub Police,Unknown,Subscape,19:00 - 20:00,27 July,2012,Friday,Weekend 1,Unknown
6877,Above & Beyond Group Therapy,Unknown,Super8 & Tab,19:00 - 20:30,27 July,2012,Friday,Weekend 1,Trance
6878,B2B,Unknown,Talamasca,19:00 - 20:30,27 July,2012,Friday,Weekend 1,"Psychedelic Trance, Trance"
6879,Samsung Galaxy Secret Forest,Unknown,Sem Thomasson,19:00 - 21:00,27 July,2012,Friday,Weekend 1,Progressive House
6880,Steve Aoki and the Dim Mak Fight club,Unknown,TAI,19:15 - 20:00,27 July,2012,Friday,Weekend 1,Progressive House
6881,Desperados Cirque,Unknown,Moonlight Matters,19:30 - 21:00,27 July,2012,Friday,Weekend 1,Unknown
6882,Twentyfive,Unknown,Danny Faber vs Sese,19:30 - 22:00,27 July,2012,Friday,Weekend 1,Unknown
6883,Steve Aoki and the Dim Mak Fight club,Unknown,Sound of Stereo,20:00 - 20:45,27 July,2012,Friday,Weekend 1,Unknown
6884,Untitled! invites Dub Police,Unknown,The Others,20:00 - 21:00,27 July,2012,Friday,Weekend 1,Commercial Dance
6885,Kne' Deep,Unknown,Huma Noyd (live),20:00 - 21:00,27 July,2012,Friday,Weekend 1,Unknown
6886,Cafeina,Unknown,StereoClash,20:00 - 21:30,27 July,2012,Friday,Weekend 1,Unknown
6887,Above & Beyond Group Therapy,Unknown,Jaytech,20:30 - 21:30,27 July,2012,Friday,Weekend 1,Progressive House
6888,We Play House,Unknown,Âme (live),20:30 - 21:30,27 July,2012,Friday,Weekend 1,Unknown
6889,B2B,Unknown,Firaga,20:30 - 22:00,27 July,2012,Friday,Weekend 1,Psytrance
6890,Steve Aoki and the Dim Mak Fight club,Unknown,Mustard Pimp,20:45 - 21:30,27 July,2012,Friday,Weekend 1,"Electro House, Indie / Underground"
6891,Untitled! invites Dub Police,Unknown,Trolley Snatcha,21:00 - 22:00,27 July,2012,Friday,Weekend 1,Unknown
6892,Desperados Cirque,Unknown,Duke Dumont,21:00 - 22:30,27 July,2012,Friday,Weekend 1,Electronica
6893,Samsung Galaxy Secret Forest,Unknown,DBN,21:00 - 23:00,27 July,2012,Friday,Weekend 1,Traditional House
6894,Kne' Deep,Unknown,Marco Remus,21:00 - 23:00,27 July,2012,Friday,Weekend 1,Commercial Dance
6895,Cafeina,Unknown,Phill da Cunha,21:30 - 22:15,27 July,2012,Friday,Weekend 1,Unknown
6896,Steve Aoki and the Dim Mak Fight club,Unknown,Autoerotique,21:30 - 22:30,27 July,2012,Friday,Weekend 1,Electro House
6897,We Play House,Unknown,Solomun,21:30 - 23:00,27 July,2012,Friday,Weekend 1,Tech House
6898,Above & Beyond Group Therapy,Unknown,Above & Beyond,21:30 - 23:30,27 July,2012,Friday,Weekend 1,Trance
6899,Untitled! invites Dub Police,Unknown,Caspa ft. MC Rod Azlan,22:00 - 23:00,27 July,2012,Friday,Weekend 1,Unknown
6900,We Play House,Unknown,Tama Sumo,18:30 - 20:30,27 July,2012,Friday,Weekend 1,"Deep House, Techno"
6901,B2B,Unknown,Electric Universe,22:00 - 23:30,27 July,2012,Friday,Weekend 1,Unknown
6902,Cafeina,Unknown,Roma,22:15 - 23:45,27 July,2012,Friday,Weekend 1,"Electronic, Dance"
6903,Desperados Cirque,Unknown,Ed & Kim,22:30 - 00:00,27 July,2012,Friday,Weekend 1,Unknown
6904,Steve Aoki and the Dim Mak Fight club,Unknown,Felix Cartal,22:30 - 23:15,27 July,2012,Friday,Weekend 1,"Electro House, Indie / Underground"
6905,Untitled! invites Dub Police,Unknown,Hijak,23:00 - 00:00,27 July,2012,Friday,Weekend 1,Commercial Dance
6906,Kne' Deep,Unknown,Fatima Hajji,23:00 - 01:00,27 July,2012,Friday,Weekend 1,Techno
6907,We Play House,Unknown,Martyn,23:00 - 01:00,27 July,2012,Friday,Weekend 1,Commercial Dance
6908,Twentyfive,Unknown,Dirty Doering,23:00 - 01:00,27 July,2012,Friday,Weekend 1,Commercial Dance
6909,Steve Aoki and the Dim Mak Fight club,Unknown,Zedd,23:15 - 00:00,27 July,2012,Friday,Weekend 1,Electro House
6910,Above & Beyond Group Therapy,Unknown,Gabriel & Dresden,23:30 - 01:00,27 July,2012,Friday,Weekend 1,"Progressive House, Trance"
6911,B2B,Unknown,Skazi,23:30 - 01:00,27 July,2012,Friday,Weekend 1,Trance
6912,Cafeina,Unknown,Disco Dasco,23:45 - 01:00,27 July,2012,Friday,Weekend 1,"Electronic, House"
6913,Cocoon Heroes,Café D'Anvers,Joachim vs BP,12:00 - 13:30,28 July,2012,Saturday,Weekend 1,Unknown
6914,Cocoon Heroes,Café D'Anvers,Smos,13:30 - 14:30,28 July,2012,Saturday,Weekend 1,Band
6915,Cocoon Heroes,Café D'Anvers,Daniel Stefanik & Sascha Dive,14:30 - 16:30,28 July,2012,Saturday,Weekend 1,Unknown
6916,Cocoon Heroes,Café D'Anvers,Seth Troxler,16:30 - 18:30,28 July,2012,Saturday,Weekend 1,"Tech House, Techno"
6917,Cocoon Heroes,Café D'Anvers,André Galluzzi,18:30 - 20:30,28 July,2012,Saturday,Weekend 1,"Tech House, Techno"
6918,Cocoon Heroes,Café D'Anvers,Extrawelt,20:30 - 22:00,28 July,2012,Saturday,Weekend 1,Techno
6919,Cocoon Heroes,Café D'Anvers,Sven Väth,22:00 - 01:00,28 July,2012,Saturday,Weekend 1,Techno
6920,Paul Van Dyk presents Evolution,Castle Stage,Orla Feeney,13:00 - 14:30,28 July,2012,Saturday,Weekend 1,Trance
6921,Paul Van Dyk presents Evolution,Castle Stage,Kyau & Albert,14:30 - 16:00,28 July,2012,Saturday,Weekend 1,Trance
6922,Paul Van Dyk presents Evolution,Castle Stage,Ferry Corsten,16:00 - 18:00,28 July,2012,Saturday,Weekend 1,Trance
6923,Paul Van Dyk presents Evolution,Castle Stage,Porter Robinson,18:00 - 19:30,28 July,2012,Saturday,Weekend 1,Electro House
6924,Paul Van Dyk presents Evolution,Castle Stage,Marco V,19:30 - 21:00,28 July,2012,Saturday,Weekend 1,"Progressive House, Trance"
6925,Twentyfive,Unknown,Piloka Krach (live),22:00 - 23:00,27 July,2012,Friday,Weekend 1,Unknown
6926,Paul Van Dyk presents Evolution,Castle Stage,Aly & Fila,23:00 - 01:00,28 July,2012,Saturday,Weekend 1,Trance
6927,Mainstage,Mainstage,Wolfpack,12:15 - 13:15,28 July,2012,Saturday,Weekend 1,"Commercial Dance, Electro House, Progressive House"
6928,Mainstage,Mainstage,EC Twins,13:15 - 14:30,28 July,2012,Saturday,Weekend 1,"Big Room House, Progressive House"
6929,Mainstage,Mainstage,NERVO,14:30 - 16:00,28 July,2012,Saturday,Weekend 1,"Electro House, Progressive House"
6930,Mainstage,Mainstage,Hardwell,16:00 - 17:30,28 July,2012,Saturday,Weekend 1,"Electro House, Progressive House"
6931,Mainstage,Mainstage,Chuckie,17:30 - 19:00,28 July,2012,Saturday,Weekend 1,Electro House
6932,Mainstage,Mainstage,Martin Solveig,19:00 - 20:30,28 July,2012,Saturday,Weekend 1,Electro House
6933,Mainstage,Mainstage,Dimitri Vegas & Like Mike,20:30 - 21:30,28 July,2012,Saturday,Weekend 1,Electro House
6934,Mainstage,Mainstage,Skrillex,21:30 - 23:00,28 July,2012,Saturday,Weekend 1,Dubstep
6935,Mainstage,Mainstage,Swedish House Mafia,23:00 - 01:00,28 July,2012,Saturday,Weekend 1,Progressive House
6936,Q-Dance,Q-Dance Stage,Korsakoff,00:00 - 01:00,28 July,2012,Saturday,Weekend 1,"Hardcore Techno, Psychedelic Trance"
6937,Q-Dance,Q-Dance Stage,Lee Mac,13:00 - 14:00,28 July,2012,Saturday,Weekend 1,Unknown
6938,Q-Dance,Q-Dance Stage,ACTI,14:00 - 15:00,28 July,2012,Saturday,Weekend 1,Rap
6939,Q-Dance,Q-Dance Stage,Code Black,15:00 - 16:00,28 July,2012,Saturday,Weekend 1,"Electronica, Hard Dance"
6940,Q-Dance,Q-Dance Stage,T'N'T aka Technoboy & Tuneboy,16:00 - 17:15,28 July,2012,Saturday,Weekend 1,Unknown
6941,Q-Dance,Q-Dance Stage,Noisecontrollers,17:15 - 18:30,28 July,2012,Saturday,Weekend 1,Hardcore Techno
6942,Q-Dance,Q-Dance Stage,Headhunterz,18:30 - 20:00,28 July,2012,Saturday,Weekend 1,Hard Dance
6943,Q-Dance,Q-Dance Stage,Zatox,20:00 - 21:15,28 July,2012,Saturday,Weekend 1,Hard Dance
6944,Q-Dance,Q-Dance Stage,Wildstylez,21:15 - 22:30,28 July,2012,Saturday,Weekend 1,Hard Dance
6945,Q-Dance,Q-Dance Stage,Ran-D,22:30 - 00:00,28 July,2012,Saturday,Weekend 1,Hardcore Techno
6946,Woody Weekend,The Rave Cave,Woody Weekend,12:00 - 01:00,28 July,2012,Saturday,Weekend 1,Unknown
6947,kozzmozz,Unknown,The Advent (live),00:00 - 01:00,28 July,2012,Saturday,Weekend 1,Unknown
6948,Blue Flame,Unknown,The Oddword,00:00 - 01:00,28 July,2012,Saturday,Weekend 1,Unknown
6949,Super You & Me,Unknown,La Fuente,00:00 - 01:00,28 July,2012,Saturday,Weekend 1,Commercial Dance
6950,Paul Van Dyk presents Evolution,Castle Stage,Paul Van Dyk,21:00 - 23:00,28 July,2012,Saturday,Weekend 1,Trance
6951,I Love The 90's,Unknown,Bonzai All Stars,00:00 - 01:00,28 July,2012,Saturday,Weekend 1,"Techno, Trance"
6952,Blue Flame,Unknown,Luck-E,12:00 - 12:45,28 July,2012,Saturday,Weekend 1,Unknown
6953,Star Warz presents 'Shogun Audio',Unknown,Cedex & Higher Underground,12:00 - 13:00,28 July,2012,Saturday,Weekend 1,Unknown
6954,Desperados Cirque,Unknown,Le Cousin,12:00 - 13:00,28 July,2012,Saturday,Weekend 1,Unknown
6955,Parquet Recordings,Unknown,Fred Nova,12:00 - 13:30,28 July,2012,Saturday,Weekend 1,Unknown
6956,Super You & Me,Unknown,Oliver Twizt,12:00 - 14:00,28 July,2012,Saturday,Weekend 1,Electro House
6957,Ketaloco,Unknown,Don Cabron,12:00 - 14:00,28 July,2012,Saturday,Weekend 1,Unknown
6958,I Love The 90's,Unknown,DJ Ward,12:00 - 17:00,28 July,2012,Saturday,Weekend 1,Unknown
6959,Radio Ultra Modern,Unknown,Radio Ultra Modern on Saturday,12:30 - 01:00,28 July,2012,Saturday,Weekend 1,Unknown
6960,V Sessions,Unknown,Romeo Blanco,12:30 - 13:30,28 July,2012,Saturday,Weekend 1,Commercial Dance
6961,Blue Flame,Unknown,Nicolaz,12:45 - 13:30,28 July,2012,Saturday,Weekend 1,Unknown
6962,Star Warz presents 'Shogun Audio',Unknown,Speedwagon & Stykz,13:00 - 14:00,28 July,2012,Saturday,Weekend 1,Unknown
6963,Desperados Cirque,Unknown,Title,13:00 - 14:00,28 July,2012,Saturday,Weekend 1,Unknown
6964,Samsung Galaxy Secret Forest,Unknown,Maestro Pablo,13:00 - 14:30,28 July,2012,Saturday,Weekend 1,Unknown
6965,kozzmozz,Unknown,Spacid,13:00 - 15:15,28 July,2012,Saturday,Weekend 1,Unknown
6966,Blue Flame,Unknown,Moonflower & Guy'Do,13:30 - 14:30,28 July,2012,Saturday,Weekend 1,Unknown
6967,V Sessions,Unknown,Mikael Weermets,13:30 - 14:30,28 July,2012,Saturday,Weekend 1,Progressive House
6968,Parquet Recordings,Unknown,Hauk n Baum,13:30 - 15:00,28 July,2012,Saturday,Weekend 1,Unknown
6969,Super You & Me,Unknown,Zedd,14:00 - 15:00,28 July,2012,Saturday,Weekend 1,Electro House
6970,Star Warz presents 'Shogun Audio',Unknown,Athys & Duster,14:00 - 15:00,28 July,2012,Saturday,Weekend 1,Unknown
6971,Desperados Cirque,Unknown,Mophito & Alectric,14:00 - 15:30,28 July,2012,Saturday,Weekend 1,Unknown
6972,Ketaloco,Unknown,David August,14:00 - 15:45,28 July,2012,Saturday,Weekend 1,Tech House
6973,Blue Flame,Unknown,Neon,14:30 - 15:15,28 July,2012,Saturday,Weekend 1,Electronic
6974,V Sessions,Unknown,Adrian Lux,14:30 - 15:30,28 July,2012,Saturday,Weekend 1,"Techno, House"
6975,Star Warz presents 'Shogun Audio',Unknown,Friction ft. MC Linguistics,00:00 - 01:00,28 July,2012,Saturday,Weekend 1,Unknown
6976,Star Warz presents 'Shogun Audio',Unknown,Wontime b2B D Convict,15:00 - 16:00,28 July,2012,Saturday,Weekend 1,Unknown
6977,Super You & Me,Unknown,Swanky Tunes,15:00 - 16:30,28 July,2012,Saturday,Weekend 1,"Electro House, Progressive House"
6978,Parquet Recordings,Unknown,Takt Tick,15:00 - 16:45,28 July,2012,Saturday,Weekend 1,Unknown
6979,Blue Flame,Unknown,diMaro,15:15 - 16:00,28 July,2012,Saturday,Weekend 1,House
6980,kozzmozz,Unknown,Cari Lekebusch,15:15 - 17:00,28 July,2012,Saturday,Weekend 1,Techno
6981,V Sessions,Unknown,Michael Calfan,15:30 - 16:30,28 July,2012,Saturday,Weekend 1,Traditional House
6982,Desperados Cirque,Unknown,Up High,15:30 - 17:00,28 July,2012,Saturday,Weekend 1,Unknown
6983,Ketaloco,Unknown,Caspar,15:45 - 17:30,28 July,2012,Saturday,Weekend 1,Unknown
6984,Super You & Me,Unknown,Mister VI,16:00 - 01:00,28 July,2012,Saturday,Weekend 1,Unknown
6985,Blue Flame,Unknown,Kraantje Pappie,16:00 - 16:15,28 July,2012,Saturday,Weekend 1,Commercial Dance
6986,Star Warz presents 'Shogun Audio',Unknown,Etnik & Fuzz,16:00 - 17:00,28 July,2012,Saturday,Weekend 1,Unknown
6987,Samsung Galaxy Secret Forest,Unknown,Mark Ursa,16:00 - 17:30,28 July,2012,Saturday,Weekend 1,Unknown
6988,Blue Flame,Unknown,The Flexican ft. Mc Sef,16:15 - 17:15,28 July,2012,Saturday,Weekend 1,Unknown
6989,V Sessions,Unknown,Jacob Van Hage,16:30 - 17:30,28 July,2012,Saturday,Weekend 1,"Traditional House, Trance"
6990,Super You & Me,Unknown,Congorock,16:30 - 18:00,28 July,2012,Saturday,Weekend 1,Electro House
6991,Parquet Recordings,Unknown,Boss Axis,16:45 - 18:30,28 July,2012,Saturday,Weekend 1,Commercial Dance
6992,kozzmozz,Unknown,Terence Fixmer (live),17:00 - 18:00,28 July,2012,Saturday,Weekend 1,Unknown
6993,Star Warz presents 'Shogun Audio',Unknown,Foxy Lady & MC Elvee,17:00 - 18:00,28 July,2012,Saturday,Weekend 1,Unknown
6994,I Love The 90's,Unknown,M.I.K.E.,17:00 - 18:30,28 July,2012,Saturday,Weekend 1,Trance
6995,Desperados Cirque,Unknown,Syndaesia,17:00 - 18:30,28 July,2012,Saturday,Weekend 1,Unknown
6996,Blue Flame,Unknown,Quintino,17:15 - 18:15,28 July,2012,Saturday,Weekend 1,Electro House
6997,V Sessions,Unknown,Felguk,17:30 - 18:30,28 July,2012,Saturday,Weekend 1,Electro House
6998,Ketaloco,Unknown,don Santos,17:30 - 19:00,28 July,2012,Saturday,Weekend 1,Unknown
6999,Samsung Galaxy Secret Forest,Unknown,YAMO,17:30 - 19:00,28 July,2012,Saturday,Weekend 1,"Electronic, Experimental"
7000,Samsung Galaxy Secret Forest,Unknown,Niels Feijen,14:30 - 16:00,28 July,2012,Saturday,Weekend 1,Unknown
7001,Star Warz presents 'Shogun Audio',Unknown,One87 & Hookerz ft. MC Mush,18:00 - 19:00,28 July,2012,Saturday,Weekend 1,Unknown
7002,Super You & Me,Unknown,Laidback Luke,18:00 - 19:30,28 July,2012,Saturday,Weekend 1,Electro House
7003,kozzmozz,Unknown,Ben Klock,18:00 - 19:45,28 July,2012,Saturday,Weekend 1,Techno
7004,Blue Flame,Unknown,Sidney Samson,18:15 - 19:15,28 July,2012,Saturday,Weekend 1,Traditional House
7005,V Sessions,Unknown,YVES V,18:30 - 19:30,28 July,2012,Saturday,Weekend 1,Progressive House
7006,I Love The 90's,Unknown,Niels Van Gogh,18:30 - 20:00,28 July,2012,Saturday,Weekend 1,"Electro House, Progressive House"
7007,Parquet Recordings,Unknown,Oliver Schories,18:30 - 20:00,28 July,2012,Saturday,Weekend 1,"Techno, Techno"
7008,Desperados Cirque,Unknown,Inspector Dubplate,18:30 - 20:00,28 July,2012,Saturday,Weekend 1,Unknown
7009,Star Warz presents 'Shogun Audio',Unknown,Alix Perez b2b Spectrasoul,19:00 - 20:00,28 July,2012,Saturday,Weekend 1,Unknown
7010,Ketaloco,Unknown,DJ T,19:00 - 21:00,28 July,2012,Saturday,Weekend 1,House
7011,Samsung Galaxy Secret Forest,Unknown,Dave Lambert & Elektrokid,19:00 - 21:00,28 July,2012,Saturday,Weekend 1,Unknown
7012,Blue Flame,Unknown,Makasi,19:15 - 20:00,28 July,2012,Saturday,Weekend 1,House
7013,V Sessions,Unknown,Bassjackers,19:30 - 20:30,28 July,2012,Saturday,Weekend 1,Electro House
7014,Super You & Me,Unknown,Sunnery James & Ryan Marciano,19:30 - 21:00,28 July,2012,Saturday,Weekend 1,Electro House
7015,kozzmozz,Unknown,Luke Slater presents Planetary Assault Systems (live),19:45 - 20:45,28 July,2012,Saturday,Weekend 1,Unknown
7016,Blue Flame,Unknown,Blue Flame Partysquad,20:00 - 20:30,28 July,2012,Saturday,Weekend 1,Unknown
7017,Star Warz presents 'Shogun Audio',Unknown,The Prototypes,20:00 - 21:00,28 July,2012,Saturday,Weekend 1,"Drum & Bass, Jungle"
7018,Parquet Recordings,Unknown,Rodriguez Jr.,20:00 - 21:15,28 July,2012,Saturday,Weekend 1,"Tech House, Techno"
7019,I Love The 90's,Unknown,Yves De Ruyter,20:00 - 21:30,28 July,2012,Saturday,Weekend 1,Unknown
7020,Desperados Cirque,Unknown,Dubba Jonny,20:00 - 21:30,28 July,2012,Saturday,Weekend 1,Unknown
7021,Blue Flame,Unknown,TLP,20:30 - 21:15,28 July,2012,Saturday,Weekend 1,Unknown
7022,V Sessions,Unknown,Bingo Players,20:30 - 22:00,28 July,2012,Saturday,Weekend 1,Progressive House
7023,kozzmozz,Unknown,Jeff Mills,20:45 - 22:30,28 July,2012,Saturday,Weekend 1,"Traditional House, Techno"
7024,Star Warz presents 'Shogun Audio',Unknown,Icicle b2b Rockwell,21:00 - 22:00,28 July,2012,Saturday,Weekend 1,Unknown
7025,Super You & Me,Unknown,Polina,18:00 - 19:00,28 July,2012,Saturday,Weekend 1,Commercial Dance
7026,Super You & Me,Unknown,"Superman, Spiderman & Batman",21:00 - 23:00,28 July,2012,Saturday,Weekend 1,Unknown
7027,Samsung Galaxy Secret Forest,Unknown,Delafino,21:00 - 23:00,28 July,2012,Saturday,Weekend 1,House
7028,Blue Flame,Unknown,Mystique,21:15 - 22:00,28 July,2012,Saturday,Weekend 1,Hardstyle
7029,Parquet Recordings,Unknown,Dave Seaman,21:15 - 23:15,28 July,2012,Saturday,Weekend 1,"Progressive House, Trance"
7030,I Love The 90's,Unknown,Johan Gielen & Jan Vervloet,21:30 - 23:00,28 July,2012,Saturday,Weekend 1,Unknown
7031,Desperados Cirque,Unknown,Chrispy,21:30 - 23:00,28 July,2012,Saturday,Weekend 1,Unknown
7032,Blue Flame,Unknown,Vato Gonzalez ft. Mc Tjen,22:00 - 23:00,28 July,2012,Saturday,Weekend 1,Unknown
7033,Star Warz presents 'Shogun Audio',Unknown,Pendulum (DJ set) ft MC Verse,22:00 - 23:00,28 July,2012,Saturday,Weekend 1,Unknown
7034,V Sessions,Unknown,Tristan Garner,22:00 - 23:30,28 July,2012,Saturday,Weekend 1,Progressive House
7035,Ketaloco,Unknown,The Jelly Bellies,22:00 - 23:30,28 July,2012,Saturday,Weekend 1,Unknown
7036,kozzmozz,Unknown,Kr!z,22:30 - 00:00,28 July,2012,Saturday,Weekend 1,Unknown
7037,Blue Flame,Unknown,Rebel,23:00 - 00:00,28 July,2012,Saturday,Weekend 1,Rock
7038,Super You & Me,Unknown,Sandro Silva,23:00 - 00:00,28 July,2012,Saturday,Weekend 1,"Electro House, Progressive House"
7039,Star Warz presents 'Shogun Audio',Unknown,Goldie,23:00 - 00:00,28 July,2012,Saturday,Weekend 1,"Drum & Bass, Commercial Dance"
7040,I Love The 90's,Unknown,DJ Ward,23:00 - 00:00,28 July,2012,Saturday,Weekend 1,Unknown
7041,Desperados Cirque,Unknown,Roksonix ft & Mc Skydro,23:00 - 01:00,28 July,2012,Saturday,Weekend 1,Unknown
7042,Parquet Recordings,Unknown,Solee,23:15 - 01:00,28 July,2012,Saturday,Weekend 1,Minimal
7043,V Sessions,Unknown,Basto,23:30 - 01:00,28 July,2012,Saturday,Weekend 1,Progressive House
7044,Ketaloco,Unknown,Deltano,23:30 - 01:00,28 July,2012,Saturday,Weekend 1,Commercial Dance
7045,Ovum Recordings,Café D'Anvers,Tofke vs Ugur yurt,12:00 - 13:30,29 July,2012,Sunday,Weekend 1,Unknown
7046,Ovum Recordings,Café D'Anvers,Patrick Schmidt,13:30 - 14:30,29 July,2012,Sunday,Weekend 1,Unknown
7047,Ovum Recordings,Café D'Anvers,Bartholomeo,14:30 - 15:30,29 July,2012,Sunday,Weekend 1,Unknown
7048,Ovum Recordings,Café D'Anvers,"Derrick Carter, DJ Sneak, Mark Farina",15:30 - 18:30,29 July,2012,Sunday,Weekend 1,Unknown
7049,Ovum Recordings,Café D'Anvers,Shlomi Aber,18:30 - 20:00,29 July,2012,Sunday,Weekend 1,"Tech House, Techno"
7050,Ketaloco,Unknown,Gregor Tresher,21:00 - 22:00,28 July,2012,Saturday,Weekend 1,Techno
7051,Ovum Recordings,Café D'Anvers,Josh Wink,22:00 - 00:00,29 July,2012,Sunday,Weekend 1,"Tech House, Techno"
7052,Dave Clarke,Castle Stage,Pierre,12:00 - 13:15,29 July,2012,Sunday,Weekend 1,Traditional House
7053,Dave Clarke,Castle Stage,Joseph Capriati,13:15 - 14:45,29 July,2012,Sunday,Weekend 1,"Traditional House, Techno"
7054,Dave Clarke,Castle Stage,Derrick May,14:45 - 16:45,29 July,2012,Sunday,Weekend 1,Techno
7055,Dave Clarke,Castle Stage,Miss Kittin,16:45 - 18:15,29 July,2012,Sunday,Weekend 1,"Tech House, Techno"
7056,Dave Clarke,Castle Stage,Green Velvet,18:15 - 20:00,29 July,2012,Sunday,Weekend 1,"Traditional House, Techno"
7057,Dave Clarke,Castle Stage,Chris Liebing,20:00 - 22:00,29 July,2012,Sunday,Weekend 1,Techno
7058,Dave Clarke,Castle Stage,Dave Clarke,22:00 - 00:00,29 July,2012,Sunday,Weekend 1,"Electro House, Techno"
7059,Mainstage,Mainstage,R3hab,13:30 - 15:00,29 July,2012,Sunday,Weekend 1,"Electro House, Progressive House"
7060,Mainstage,Mainstage,AN21,15:00 - 16:30,29 July,2012,Sunday,Weekend 1,Progressive House
7061,Mainstage,Mainstage,Nicky Romero,16:30 - 18:00,29 July,2012,Sunday,Weekend 1,Progressive House
7062,Mainstage,Mainstage,Yves V,18:00 - 19:00,29 July,2012,Sunday,Weekend 1,Progressive House
7063,Mainstage,Mainstage,Afrojack,19:00 - 20:30,29 July,2012,Sunday,Weekend 1,"Electro House, Progressive House"
7064,Mainstage,Mainstage,David Guetta,20:30 - 22:30,29 July,2012,Sunday,Weekend 1,Electro House
7065,Mainstage,Mainstage,Steve Aoki,22:30 - 00:00,29 July,2012,Sunday,Weekend 1,"Electro House, Indie / Underground"
7066,Q-Dance,Q-Dance Stage,Dr. Rude,13:00 - 14:15,29 July,2012,Sunday,Weekend 1,Commercial Dance
7067,Q-Dance,Q-Dance Stage,Sound Freakerz,14:15 - 15:15,29 July,2012,Sunday,Weekend 1,Unknown
7068,Q-Dance,Q-Dance Stage,Isaac,15:15 - 16:30,29 July,2012,Sunday,Weekend 1,"Hard Dance, Hardcore Techno"
7069,Q-Dance,Q-Dance Stage,Hard Driver,16:30 - 17:00,29 July,2012,Sunday,Weekend 1,Hard Dance
7070,Q-Dance,Q-Dance Stage,Da Tweekaz,17:00 - 18:15,29 July,2012,Sunday,Weekend 1,Hardcore Techno
7071,Q-Dance,Q-Dance Stage,D-Block & S-te-Fan,18:15 - 19:45,29 July,2012,Sunday,Weekend 1,"Hard Dance, Hardcore Techno"
7072,Q-Dance,Q-Dance Stage,Coone,19:45 - 21:00,29 July,2012,Sunday,Weekend 1,Hard Dance
7073,Q-Dance,Q-Dance Stage,Psyko Punkz,21:00 - 22:00,29 July,2012,Sunday,Weekend 1,Hardcore Techno
7074,Q-Dance,Q-Dance Stage,B-Front,22:00 - 23:00,29 July,2012,Sunday,Weekend 1,Hardcore Techno
7075,Ovum Recordings,Café D'Anvers,Steve Bug,20:00 - 22:00,29 July,2012,Sunday,Weekend 1,"Tech House, Techno"
7076,Coincidence,The Rave Cave,Niobeat,12:00 - 13:30,29 July,2012,Sunday,Weekend 1,Unknown
7077,Coincidence,The Rave Cave,Deejames,13:30 - 15:00,29 July,2012,Sunday,Weekend 1,Unknown
7078,Coincidence,The Rave Cave,Anoesjka,15:00 - 16:30,29 July,2012,Sunday,Weekend 1,Unknown
7079,Coincidence,The Rave Cave,PsyTox & Kenny Raw,16:30 - 18:00,29 July,2012,Sunday,Weekend 1,Unknown
7080,Coincidence,The Rave Cave,Cesare vs Disorder,18:00 - 19:30,29 July,2012,Sunday,Weekend 1,Commercial Dance
7081,Coincidence,The Rave Cave,Jeroen Search,19:30 - 21:00,29 July,2012,Sunday,Weekend 1,Unknown
7082,Coincidence,The Rave Cave,Rebekah,21:00 - 22:30,29 July,2012,Sunday,Weekend 1,Techno
7083,Coincidence,The Rave Cave,Tom Dazing,22:30 - 00:00,29 July,2012,Sunday,Weekend 1,Commercial Dance
7084,Desperados Cirque,Unknown,Mr Critical,12:00 - 13:00,29 July,2012,Sunday,Weekend 1,Unknown
7085,Daily Dubstep invites Wheel & Deal,Unknown,E-Vi,12:00 - 13:00,29 July,2012,Sunday,Weekend 1,Unknown
7086,Forma.T,Unknown,Ego Troopers,12:00 - 13:15,29 July,2012,Sunday,Weekend 1,Unknown
7087,Richie Hawtin presents ENTER,Unknown,Hector,12:00 - 14:00,29 July,2012,Sunday,Weekend 1,"Tech House, Techno"
7088,Riva Starr presents Bateria Fantastica,Unknown,X-ian,12:00 - 14:00,29 July,2012,Sunday,Weekend 1,Unknown
7089,Woodstrasse,Unknown,Curtis Zeki,12:00 - 14:00,29 July,2012,Sunday,Weekend 1,Unknown
7090,Pearl,Unknown,Dave Lambert,12:00 - 14:30,29 July,2012,Sunday,Weekend 1,Traditional House
7091,Radio Ultra Modern,Unknown,Radio Ultra Modern on Sunday,12:30 - 23:30,29 July,2012,Sunday,Weekend 1,Unknown
7092,Desperados Cirque,Unknown,Gentil & Nathan Fix,13:00 - 14:00,29 July,2012,Sunday,Weekend 1,Unknown
7093,Dirty Dutch vs Smash The House,Unknown,Mitchell Niemeyer,13:00 - 14:00,29 July,2012,Sunday,Weekend 1,Unknown
7094,Daily Dubstep invites Wheel & Deal,Unknown,Primate,13:00 - 14:00,29 July,2012,Sunday,Weekend 1,Drum & Bass
7095,Samsung Galaxy Forest,Unknown,Dux & Mr. Dum,13:00 - 14:30,29 July,2012,Sunday,Weekend 1,Unknown
7096,Forma.T,Unknown,Kill Frenzy,13:15 - 14:30,29 July,2012,Sunday,Weekend 1,Tech House
7097,Tranceaddict,Unknown,Ben Nicky,13:30 - 14:30,29 July,2012,Sunday,Weekend 1,"Progressive House, Trance"
7098,Desperados Cirque,Unknown,Hindu Radio DJ's,14:00 - 15:00,29 July,2012,Sunday,Weekend 1,Unknown
7099,Dirty Dutch vs Smash The House,Unknown,Mastiksoul,14:00 - 15:00,29 July,2012,Sunday,Weekend 1,Traditional House
7100,Q-Dance,Q-Dance Stage,Angerfist,23:00 - 00:00,29 July,2012,Sunday,Weekend 1,"Hardcore Techno, Psychedelic Trance"
7101,Richie Hawtin presents ENTER,Unknown,tINI,14:00 - 16:00,29 July,2012,Sunday,Weekend 1,Tech House
7102,Riva Starr presents Bateria Fantastica,Unknown,Daniel Haaksman,14:00 - 16:00,29 July,2012,Sunday,Weekend 1,Commercial Dance
7103,Woodstrasse,Unknown,Matthias Meyer,14:00 - 16:00,29 July,2012,Sunday,Weekend 1,Minimal
7104,Tranceaddict,Unknown,Leon Bolier,14:30 - 15:30,29 July,2012,Sunday,Weekend 1,Trance
7105,Samsung Galaxy Forest,Unknown,Nene Dasile,14:30 - 16:00,29 July,2012,Sunday,Weekend 1,Unknown
7106,Forma.T,Unknown,Surkin,14:30 - 16:00,29 July,2012,Sunday,Weekend 1,Traditional House
7107,Pearl,Unknown,Barry Fore,14:30 - 16:00,29 July,2012,Sunday,Weekend 1,Commercial Dance
7108,Daily Dubstep invites Wheel & Deal,Unknown,After 12 crew,15:00 - 15:45,29 July,2012,Sunday,Weekend 1,Unknown
7109,Desperados Cirque,Unknown,Davidov,15:00 - 16:00,29 July,2012,Sunday,Weekend 1,Unknown
7110,Dirty Dutch vs Smash The House,Unknown,Gregori Klosman,15:00 - 16:00,29 July,2012,Sunday,Weekend 1,Unknown
7111,Tranceaddict,Unknown,Myon & Shane 54,15:30 - 16:30,29 July,2012,Sunday,Weekend 1,Trance
7112,Daily Dubstep invites Wheel & Deal,Unknown,Artroniks,15:45 - 16:30,29 July,2012,Sunday,Weekend 1,Unknown
7113,Desperados Cirque,Unknown,Les Mecs,16:00 - 17:00,29 July,2012,Sunday,Weekend 1,Unknown
7114,Dirty Dutch vs Smash The House,Unknown,Special Guest Star,16:00 - 17:00,29 July,2012,Sunday,Weekend 1,Unknown
7115,Samsung Galaxy Forest,Unknown,Lexis & Christian,16:00 - 17:30,29 July,2012,Sunday,Weekend 1,Unknown
7116,Forma.T,Unknown,Cassius,16:00 - 17:30,29 July,2012,Sunday,Weekend 1,Indie / Underground
7117,Pearl,Unknown,Pete Tong,16:00 - 17:30,29 July,2012,Sunday,Weekend 1,Traditional House
7118,Riva Starr presents Bateria Fantastica,Unknown,Riva Starr,16:00 - 17:30,29 July,2012,Sunday,Weekend 1,Tech House
7119,Richie Hawtin presents ENTER,Unknown,Paco Osuna,16:00 - 18:00,29 July,2012,Sunday,Weekend 1,"Tech House, Techno"
7120,Woodstrasse,Unknown,Cue V vs Laurenzinho,16:00 - 18:00,29 July,2012,Sunday,Weekend 1,Unknown
7121,Daily Dubstep invites Wheel & Deal,Unknown,Brownz b2b Requake ft. Mc Justizz,16:30 - 17:15,29 July,2012,Sunday,Weekend 1,Unknown
7122,Tranceaddict,Unknown,Gareth Emery,16:30 - 17:30,29 July,2012,Sunday,Weekend 1,Trance
7123,Desperados Cirque,Unknown,The Mixfitz,17:00 - 18:00,29 July,2012,Sunday,Weekend 1,Unknown
7124,Dirty Dutch vs Smash The House,Unknown,GLOWINTHEDARK,17:00 - 18:00,29 July,2012,Sunday,Weekend 1,Unknown
7125,Daily Dubstep invites Wheel & Deal,Unknown,The Offenders,14:00 - 15:00,29 July,2012,Sunday,Weekend 1,Unknown
7126,Tranceaddict,Unknown,Tritonal,17:30 - 18:30,29 July,2012,Sunday,Weekend 1,"Progressive House, Trance"
7127,Riva Starr presents Bateria Fantastica,Unknown,Merdan Taplak,17:30 - 18:30,29 July,2012,Sunday,Weekend 1,Unknown
7128,Samsung Galaxy Forest,Unknown,Junior Grassi,17:30 - 19:00,29 July,2012,Sunday,Weekend 1,Unknown
7129,Forma.T,Unknown,Fake Blood,17:30 - 19:00,29 July,2012,Sunday,Weekend 1,"Electro House, Indie / Underground"
7130,Pearl,Unknown,Tommy Trash,17:30 - 19:00,29 July,2012,Sunday,Weekend 1,"Electro House, Progressive House"
7131,Desperados Cirque,Unknown,Laston & Geo,18:00 - 19:00,29 July,2012,Sunday,Weekend 1,Unknown
7132,Dirty Dutch vs Smash The House,Unknown,Apl.de.Ap DJ set (Black Eyed Peas),18:00 - 19:00,29 July,2012,Sunday,Weekend 1,Unknown
7133,Daily Dubstep invites Wheel & Deal,Unknown,N-Type b2b Walsh,18:00 - 19:00,29 July,2012,Sunday,Weekend 1,Unknown
7134,Woodstrasse,Unknown,Kollektiv Turmstrasse,18:00 - 19:30,29 July,2012,Sunday,Weekend 1,Tech House
7135,Richie Hawtin presents ENTER,Unknown,Dubfire,18:00 - 20:00,29 July,2012,Sunday,Weekend 1,Techno
7136,Daily Dubstep invites Wheel & Deal,Unknown,SP:MC,18:00 - 20:00,29 July,2012,Sunday,Weekend 1,Commercial Dance
7137,Tranceaddict,Unknown,Sean Tyas,18:30 - 19:30,29 July,2012,Sunday,Weekend 1,Trance
7138,Riva Starr presents Bateria Fantastica,Unknown,Jesse Rose,18:30 - 20:30,29 July,2012,Sunday,Weekend 1,Electronica
7139,Desperados Cirque,Unknown,DJ 4T4,19:00 - 20:00,29 July,2012,Sunday,Weekend 1,Unknown
7140,Dirty Dutch vs Smash The House,Unknown,Regi,19:00 - 20:00,29 July,2012,Sunday,Weekend 1,"Trance, Big Room House"
7141,Daily Dubstep invites Wheel & Deal,Unknown,Plastician,19:00 - 20:00,29 July,2012,Sunday,Weekend 1,Dubstep
7142,Forma.T,Unknown,Surfing Leons ft. Miss Eaves,19:00 - 20:30,29 July,2012,Sunday,Weekend 1,Unknown
7143,Pearl,Unknown,Sander Van Doorn,19:00 - 20:30,29 July,2012,Sunday,Weekend 1,Trance
7144,Samsung Galaxy Forest,Unknown,Steve Montoya,19:00 - 21:00,29 July,2012,Sunday,Weekend 1,Unknown
7145,Tranceaddict,Unknown,W&W;,19:30 - 20:30,29 July,2012,Sunday,Weekend 1,Unknown
7146,Woodstrasse,Unknown,Cue V vs Laurenzinho,19:30 - 21:30,29 July,2012,Sunday,Weekend 1,Unknown
7147,Desperados Cirque,Unknown,The Whatevers,20:00 - 21:00,29 July,2012,Sunday,Weekend 1,Unknown
7148,Dirty Dutch vs Smash The House,Unknown,Joachim Garraud ft. Chris Willis,20:00 - 21:00,29 July,2012,Sunday,Weekend 1,Unknown
7149,Daily Dubstep invites Wheel & Deal,Unknown,MistaJam,20:00 - 21:00,29 July,2012,Sunday,Weekend 1,Unknown
7150,Daily Dubstep invites Wheel & Deal,Unknown,NGA Sound,17:15 - 18:00,29 July,2012,Sunday,Weekend 1,Unknown
7151,Daily Dubstep invites Wheel & Deal,Unknown,MC Crazy D,20:00 - 22:00,29 July,2012,Sunday,Weekend 1,Unknown
7152,Tranceaddict,Unknown,Andy Moor,20:30 - 21:30,29 July,2012,Sunday,Weekend 1,Trance
7153,Forma.T,Unknown,Eats Everything,20:30 - 21:45,29 July,2012,Sunday,Weekend 1,Traditional House
7154,Riva Starr presents Bateria Fantastica,Unknown,Riva Starr Bateria Fantastica ft Giom,20:30 - 22:00,29 July,2012,Sunday,Weekend 1,Unknown
7155,Pearl,Unknown,Roger Sanchez,20:30 - 22:30,29 July,2012,Sunday,Weekend 1,Traditional House
7156,Desperados Cirque,Unknown,Troubleman,21:00 - 22:00,29 July,2012,Sunday,Weekend 1,Unknown
7157,Daily Dubstep invites Wheel & Deal,Unknown,Dismantle,21:00 - 22:00,29 July,2012,Sunday,Weekend 1,Unknown
7158,Dirty Dutch vs Smash The House,Unknown,Chuckie,21:00 - 22:30,29 July,2012,Sunday,Weekend 1,Electro House
7159,Samsung Galaxy Forest,Unknown,Dominico vs. Ralpheus,21:00 - 23:00,29 July,2012,Sunday,Weekend 1,Unknown
7160,Woodstrasse,Unknown,Marcus Meinhardt,21:30 - 00:00,29 July,2012,Sunday,Weekend 1,Commercial Dance
7161,Tranceaddict,Unknown,John O'Callaghan vs Orjan Nilsen,21:30 - 23:00,29 July,2012,Sunday,Weekend 1,Unknown
7162,Forma.T,Unknown,Bad Dancer,21:45 - 23:00,29 July,2012,Sunday,Weekend 1,Unknown
7163,Desperados Cirque,Unknown,Discobar Galaxie,22:00 - 00:00,29 July,2012,Sunday,Weekend 1,Unknown
7164,Richie Hawtin presents ENTER,Unknown,Richie Hawtin,22:00 - 00:00,29 July,2012,Sunday,Weekend 1,"Tech House, Techno"
7165,Daily Dubstep invites Wheel & Deal,Unknown,Mc Sgt Pokes,22:00 - 00:00,29 July,2012,Sunday,Weekend 1,Unknown
7166,Riva Starr presents Bateria Fantastica,Unknown,2000 and One b2b Madskillz,22:00 - 00:00,29 July,2012,Sunday,Weekend 1,Unknown
7167,Daily Dubstep invites Wheel & Deal,Unknown,Hatcha,22:00 - 23:00,29 July,2012,Sunday,Weekend 1,Commercial Dance
7168,Pearl,Unknown,Dirty South,22:30 - 00:00,29 July,2012,Sunday,Weekend 1,"Electro House, Progressive House"
7169,Dirty Dutch vs Smash The House,Unknown,Dimitri Vegas & Like Mike,22:30 - 00:00,29 July,2012,Sunday,Weekend 1,Electro House
7170,Forma.T,Unknown,AKS (Addicted Kru Sound),23:00 - 00:00,29 July,2012,Sunday,Weekend 1,Unknown
7171,Tranceaddict,Unknown,Tenishia,23:00 - 00:00,29 July,2012,Sunday,Weekend 1,"Progressive House, Trance"
7172,Daily Dubstep invites Wheel & Deal,Unknown,Emalkay,23:00 - 00:00,29 July,2012,Sunday,Weekend 1,Dubstep
7173,Café D'Anvers,Café D'Anvers,Joachim,14:30 - 15:30,22 July,2011,Friday,Weekend 1,"Eperimental, Industrial, Synthpop, Ambient"
7174,Café D'Anvers,Café D'Anvers,Patrick Schmidt,15:30 - 16:30,22 July,2011,Friday,Weekend 1,Unknown
7175,Richie Hawtin presents ENTER,Unknown,Loco Dice,20:00 - 22:00,29 July,2012,Sunday,Weekend 1,"Tech House, Techno"
7176,Café D'Anvers,Café D'Anvers,Nic Fanciulli,17:30 - 19:00,22 July,2011,Friday,Weekend 1,Tech House
7177,Café D'Anvers,Café D'Anvers,Seth Troxler & Bill Patrick,19:00 - 21:00,22 July,2011,Friday,Weekend 1,Unknown
7178,Café D'Anvers,Café D'Anvers,Matthias Tanzmann,21:00 - 23:00,22 July,2011,Friday,Weekend 1,Tech House
7179,Café D'Anvers,Café D'Anvers,Steve Lawler,23:00 - 01:00,22 July,2011,Friday,Weekend 1,"Tech House, Techno"
7180,Carl Cox & Friends,Castle Stage,Jon Rundell,14:00 - 15:30,22 July,2011,Friday,Weekend 1,Techno
7181,Carl Cox & Friends,Castle Stage,Yousef,15:30 - 17:00,22 July,2011,Friday,Weekend 1,Traditional House
7182,Carl Cox & Friends,Castle Stage,Marco Bailey,17:00 - 18:30,22 July,2011,Friday,Weekend 1,"Tech House, Techno"
7183,Carl Cox & Friends,Castle Stage,Sébastien Léger,18:30 - 20:00,22 July,2011,Friday,Weekend 1,Tech House
7184,Carl Cox & Friends,Castle Stage,Green Velvet,20:00 - 21:30,22 July,2011,Friday,Weekend 1,"Traditional House, Techno"
7185,Carl Cox & Friends,Castle Stage,Adam Beyer,21:30 - 23:00,22 July,2011,Friday,Weekend 1,Techno
7186,Carl Cox & Friends,Castle Stage,Carl Cox,23:00 - 01:00,22 July,2011,Friday,Weekend 1,"Tech House, Techno"
7187,Mainstage,Mainstage,Alesso,14:30 - 16:00,22 July,2011,Friday,Weekend 1,Progressive House
7188,Mainstage,Mainstage,Arno Cost,16:00 - 17:30,22 July,2011,Friday,Weekend 1,Progressive House
7189,Mainstage,Mainstage,YVES V vs Digital LAB & Pedro Henriques,17:30 - 19:00,22 July,2011,Friday,Weekend 1,Unknown
7190,Mainstage,Mainstage,Kaskade,19:00 - 20:30,22 July,2011,Friday,Weekend 1,Progressive House
7191,Mainstage,Mainstage,Dirty South,20:30 - 22:00,22 July,2011,Friday,Weekend 1,"Electro House, Progressive House"
7192,Mainstage,Mainstage,Faithless Soundsystem,22:00 - 23:00,22 July,2011,Friday,Weekend 1,Unknown
7193,Mainstage,Mainstage,Swedish House Mafia,23:00 - 01:00,22 July,2011,Friday,Weekend 1,Progressive House
7194,Q-Dance,Q-Dance Stage,Kasparov,00:00 - 01:00,22 July,2011,Friday,Weekend 1,Commercial Dance
7195,Q-Dance,Q-Dance Stage,Jones & Sjoekoe,14:00 - 15:30,22 July,2011,Friday,Weekend 1,Unknown
7196,Q-Dance,Q-Dance Stage,Mark with a K (live),15:30 - 16:00,22 July,2011,Friday,Weekend 1,Unknown
7197,Q-Dance,Q-Dance Stage,Davoodi vs Bestien,16:00 - 17:00,22 July,2011,Friday,Weekend 1,Unknown
7198,Q-Dance,Q-Dance Stage,DJ Ghost vs Gave,17:00 - 18:00,22 July,2011,Friday,Weekend 1,Unknown
7199,Q-Dance,Q-Dance Stage,Teka B Live,18:00 - 18:30,22 July,2011,Friday,Weekend 1,Unknown
7200,Café D'Anvers,Café D'Anvers,Hermanez,16:30 - 17:30,22 July,2011,Friday,Weekend 1,Tech House
7201,Q-Dance,Q-Dance Stage,Brennan Heart,20:00 - 21:30,22 July,2011,Friday,Weekend 1,Hard Dance
7202,Q-Dance,Q-Dance Stage,Coone,21:30 - 22:30,22 July,2011,Friday,Weekend 1,Hard Dance
7203,Q-Dance,Q-Dance Stage,Psyko Punkz,22:30 - 00:00,22 July,2011,Friday,Weekend 1,Hardcore Techno
7204,Winterclubbing,The Rave Cave,Luk vs P-Jay vs Vox-D,14:00 - 17:00,22 July,2011,Friday,Weekend 1,Unknown
7205,Winterclubbing,The Rave Cave,DJ Rebel,17:00 - 18:00,22 July,2011,Friday,Weekend 1,Unknown
7206,Winterclubbing,The Rave Cave,Dimitri Wouters,18:00 - 20:00,22 July,2011,Friday,Weekend 1,House
7207,Winterclubbing,The Rave Cave,DJ Rebel,20:00 - 21:00,22 July,2011,Friday,Weekend 1,Unknown
7208,Winterclubbing,The Rave Cave,Luk vs P-Jay vs Vox-D,21:00 - 01:00,22 July,2011,Friday,Weekend 1,Unknown
7209,Untitled!,Unknown,Artwork & MC Rod Azlan,00:00 - 01:00,22 July,2011,Friday,Weekend 1,Unknown
7210,Blue Flame,Unknown,De Jeugd Van Tegenwoordig,00:15 - 01:00,22 July,2011,Friday,Weekend 1,Unknown
7211,Samsung Galaxy Island,Unknown,Samsung Galaxy Island Friday,14:00 - 00:50,22 July,2011,Friday,Weekend 1,Unknown
7212,Blue Flame,Unknown,diMaro,14:00 - 15:00,22 July,2011,Friday,Weekend 1,House
7213,Tranceaddict,Unknown,Fred Baker,14:00 - 15:00,22 July,2011,Friday,Weekend 1,"Techno, Trance"
7214,Untitled!,Unknown,Jonas Lion,14:00 - 15:00,22 July,2011,Friday,Weekend 1,Unknown
7215,We Play House,Unknown,Maxim Lany,14:00 - 15:15,22 July,2011,Friday,Weekend 1,"House, Deep House"
7216,Versuz,Unknown,Sem Thomasson,14:00 - 15:30,22 July,2011,Friday,Weekend 1,Progressive House
7217,B2B,Unknown,John 00 Flemming,14:00 - 16:00,22 July,2011,Friday,Weekend 1,Unknown
7218,Global Underground,Unknown,X-ian,14:00 - 17:00,22 July,2011,Friday,Weekend 1,Unknown
7219,Radio Ultra Modern,Unknown,Radio Ultra Modern Friday,15:00 - 00:45,22 July,2011,Friday,Weekend 1,Unknown
7220,Blue Flame,Unknown,Moonflower,15:00 - 15:45,22 July,2011,Friday,Weekend 1,Unknown
7221,Tranceaddict,Unknown,Rory James has won TranceAddict contest!,15:00 - 16:00,22 July,2011,Friday,Weekend 1,Unknown
7222,Untitled!,Unknown,Baselab Sound,15:00 - 16:00,22 July,2011,Friday,Weekend 1,Unknown
7223,We Play House,Unknown,San Soda (live),15:15 - 16:30,22 July,2011,Friday,Weekend 1,Unknown
7224,Versuz,Unknown,Dehasse,15:30 - 17:00,22 July,2011,Friday,Weekend 1,Unknown
7225,Q-Dance,Q-Dance Stage,Dr. Rude,18:30 - 20:00,22 July,2011,Friday,Weekend 1,Commercial Dance
7226,Tranceaddict,Unknown,Orjan Nilsen,16:00 - 17:00,22 July,2011,Friday,Weekend 1,Commercial Dance
7227,Untitled!,Unknown,Goldorak & Solpher,16:00 - 17:00,22 July,2011,Friday,Weekend 1,Unknown
7228,B2B,Unknown,Norion,16:00 - 17:30,22 July,2011,Friday,Weekend 1,Unknown
7229,Blue Flame,Unknown,Fanny West,16:30 - 17:00,22 July,2011,Friday,Weekend 1,Unknown
7230,We Play House,Unknown,Kerri Chandler & Red D feat. Lady Linn,16:30 - 19:30,22 July,2011,Friday,Weekend 1,Unknown
7231,Blue Flame,Unknown,The Opposites,17:00 - 17:45,22 July,2011,Friday,Weekend 1,Unknown
7232,Tranceaddict,Unknown,Arnej,17:00 - 18:00,22 July,2011,Friday,Weekend 1,Trance
7233,Untitled!,Unknown,Piro,17:00 - 18:00,22 July,2011,Friday,Weekend 1,Electro House
7234,Versuz,Unknown,Stefan K & Tom Leclercq,17:00 - 18:00,22 July,2011,Friday,Weekend 1,Unknown
7235,Global Underground,Unknown,Pole Folder,17:00 - 19:00,22 July,2011,Friday,Weekend 1,"Electronica, Progressive House"
7236,B2B,Unknown,GMS,17:30 - 19:00,22 July,2011,Friday,Weekend 1,"Chill Out, Trance"
7237,Blue Flame,Unknown,TLP vs Mystique,17:45 - 18:45,22 July,2011,Friday,Weekend 1,Unknown
7238,Untitled!,Unknown,Girl Unit,18:00 - 19:00,22 July,2011,Friday,Weekend 1,"Garage, Juke, Techno, Bmore"
7239,Tranceaddict,Unknown,tyDi,18:00 - 19:15,22 July,2011,Friday,Weekend 1,Trance
7240,Versuz,Unknown,Don Diablo,18:00 - 19:30,22 July,2011,Friday,Weekend 1,Progressive House
7241,Blue Flame,Unknown,Nicolaz,18:45 - 20:00,22 July,2011,Friday,Weekend 1,Unknown
7242,Untitled!,Unknown,Von D,19:00 - 20:00,22 July,2011,Friday,Weekend 1,"Electro House, Progressive House"
7243,B2B,Unknown,Talamasca,19:00 - 20:30,22 July,2011,Friday,Weekend 1,"Psychedelic Trance, Trance"
7244,Global Underground,Unknown,Anthony Pappa,19:00 - 21:00,22 July,2011,Friday,Weekend 1,"Progressive House, Trance"
7245,Tranceaddict,Unknown,Sied Van Riel,19:15 - 20:30,22 July,2011,Friday,Weekend 1,Trance
7246,We Play House,Unknown,Tensnake (live),19:30 - 20:30,22 July,2011,Friday,Weekend 1,Unknown
7247,Versuz,Unknown,Sunnery James & Ryan Marciano,19:30 - 21:00,22 July,2011,Friday,Weekend 1,Electro House
7248,Blue Flame,Unknown,The Flexican ft. Mc Sef,20:00 - 21:00,22 July,2011,Friday,Weekend 1,Unknown
7249,Untitled!,Unknown,Hijak vs Kastor & Dice,20:00 - 21:00,22 July,2011,Friday,Weekend 1,Unknown
7250,Blue Flame,Unknown,N8N Remixed,15:45 - 16:30,22 July,2011,Friday,Weekend 1,Unknown
7251,We Play House,Unknown,Motor City Drum Ensemble,20:30 - 22:00,22 July,2011,Friday,Weekend 1,Commercial Dance
7252,B2B,Unknown,Firaga,20:30 - 22:00,22 July,2011,Friday,Weekend 1,Psytrance
7253,Untitled!,Unknown,Kito,21:00 - 22:00,22 July,2011,Friday,Weekend 1,Hard Dance
7254,Blue Flame,Unknown,Discobar Galaxie,21:00 - 22:30,22 July,2011,Friday,Weekend 1,Unknown
7255,Global Underground,Unknown,Satoshi Tomiie,21:00 - 23:00,22 July,2011,Friday,Weekend 1,Tech House
7256,Versuz,Unknown,Bingo Players,21:00 - 23:00,22 July,2011,Friday,Weekend 1,Progressive House
7257,Untitled!,Unknown,The Others,22:00 - 23:00,22 July,2011,Friday,Weekend 1,Commercial Dance
7258,We Play House,Unknown,Henrik Schwarz (live),22:00 - 23:00,22 July,2011,Friday,Weekend 1,Unknown
7259,Tranceaddict,Unknown,Ferry Corsten,22:00 - 23:30,22 July,2011,Friday,Weekend 1,Trance
7260,B2B,Unknown,Astral Projection,22:00 - 23:30,22 July,2011,Friday,Weekend 1,"Psychedelic Trance, Trance"
7261,Blue Flame,Unknown,Neon,22:30 - 23:15,22 July,2011,Friday,Weekend 1,Electronic
7262,Untitled!,Unknown,Cookie Monsta & Funtcase,23:00 - 00:00,22 July,2011,Friday,Weekend 1,Unknown
7263,Global Underground,Unknown,Dave Seaman,23:00 - 01:00,22 July,2011,Friday,Weekend 1,"Progressive House, Trance"
7264,Versuz,Unknown,Fedde Le Grand,23:00 - 01:00,22 July,2011,Friday,Weekend 1,Progressive House
7265,We Play House,Unknown,Dixon vs Âme,23:00 - 01:00,22 July,2011,Friday,Weekend 1,Unknown
7266,Blue Flame,Unknown,The Oddword,23:15 - 00:15,22 July,2011,Friday,Weekend 1,Unknown
7267,Tranceaddict,Unknown,Aly & Fila,23:30 - 01:00,22 July,2011,Friday,Weekend 1,Trance
7268,B2B,Unknown,Astrix,23:30 - 01:00,22 July,2011,Friday,Weekend 1,Psychedelic Trance
7269,Café D'Anvers invites Cocoon,Café D'Anvers,Tofke vs Ugur yurt,12:30 - 13:30,23 July,2011,Saturday,Weekend 1,Unknown
7270,Café D'Anvers invites Cocoon,Café D'Anvers,BP,13:30 - 15:00,23 July,2011,Saturday,Weekend 1,Rock
7271,Café D'Anvers invites Cocoon,Café D'Anvers,Massimo Girardi,15:00 - 16:30,23 July,2011,Saturday,Weekend 1,Commercial Dance
7272,Café D'Anvers invites Cocoon,Café D'Anvers,Chris Tietjen,16:30 - 18:00,23 July,2011,Saturday,Weekend 1,Unknown
7273,Café D'Anvers invites Cocoon,Café D'Anvers,Raresh,18:00 - 20:30,23 July,2011,Saturday,Weekend 1,Tech House
7274,Café D'Anvers invites Cocoon,Café D'Anvers,Guy Gerber,20:30 - 22:00,23 July,2011,Saturday,Weekend 1,"Tech House, Techno"
7275,Tranceaddict,Unknown,Simon Patterson,20:30 - 22:00,22 July,2011,Friday,Weekend 1,"Psychedelic Trance, Trance"
7276,I Love The 90's,Castle Stage,DJ Ward,14:00 - 17:30,23 July,2011,Saturday,Weekend 1,Unknown
7277,I Love The 90's,Castle Stage,Marc Acardipane aka Marshall Masters Feat. The Ultimate MC,17:30 - 18:00,23 July,2011,Saturday,Weekend 1,Unknown
7278,I Love The 90's,Castle Stage,Jan Vervloet (Fiocco DJ),18:00 - 19:30,23 July,2011,Saturday,Weekend 1,Unknown
7279,I Love The 90's,Castle Stage,Virtual Zone,19:30 - 20:00,23 July,2011,Saturday,Weekend 1,Unknown
7280,I Love The 90's,Castle Stage,DJ Wout,20:00 - 21:30,23 July,2011,Saturday,Weekend 1,Unknown
7281,I Love The 90's,Castle Stage,DJ Ward,21:30 - 23:00,23 July,2011,Saturday,Weekend 1,Unknown
7282,I Love The 90's,Castle Stage,Ray & Anita,23:00 - 23:30,23 July,2011,Saturday,Weekend 1,Unknown
7283,I Love The 90's,Castle Stage,Bonzai All Stars,23:30 - 01:00,23 July,2011,Saturday,Weekend 1,"Techno, Trance"
7284,Mainstage,Mainstage,Raving George,13:00 - 14:30,23 July,2011,Saturday,Weekend 1,Unknown
7285,Mainstage,Mainstage,Mason,14:30 - 16:00,23 July,2011,Saturday,Weekend 1,"Hip-Hop, Trap, Future Bass"
7286,Mainstage,Mainstage,Steve Aoki,16:00 - 17:30,23 July,2011,Saturday,Weekend 1,"Electro House, Indie / Underground"
7287,Mainstage,Mainstage,Afrojack,17:30 - 19:00,23 July,2011,Saturday,Weekend 1,"Electro House, Progressive House"
7288,Mainstage,Mainstage,Avicii,19:00 - 20:30,23 July,2011,Saturday,Weekend 1,Unknown
7289,Mainstage,Mainstage,Martin Solveig,20:30 - 22:00,23 July,2011,Saturday,Weekend 1,Electro House
7290,Mainstage,Mainstage,Dimitri Vegas & Like Mike,22:00 - 23:00,23 July,2011,Saturday,Weekend 1,Electro House
7291,Mainstage,Mainstage,Tiesto,23:00 - 01:00,23 July,2011,Saturday,Weekend 1,"Commercial Dance, Big Room"
7292,Q-Dance,Q-Dance Stage,Nosferatu,00:00 - 01:00,23 July,2011,Saturday,Weekend 1,Hardcore Techno
7293,Q-Dance,Q-Dance Stage,Fausto,12:00 - 13:30,23 July,2011,Saturday,Weekend 1,Hard Dance
7294,Q-Dance,Q-Dance Stage,Dr. Phunk,13:30 - 15:00,23 July,2011,Saturday,Weekend 1,Unknown
7295,Q-Dance,Q-Dance Stage,Bioweapon,15:00 - 16:30,23 July,2011,Saturday,Weekend 1,Commercial Dance
7296,Q-Dance,Q-Dance Stage,Headhunterz,16:30 - 18:00,23 July,2011,Saturday,Weekend 1,Hard Dance
7297,Q-Dance,Q-Dance Stage,Fenix,18:00 - 19:00,23 July,2011,Saturday,Weekend 1,"Hip-Hop, Trance"
7298,Q-Dance,Q-Dance Stage,Noisecontrollers,19:00 - 20:30,23 July,2011,Saturday,Weekend 1,Hardcore Techno
7299,Q-Dance,Q-Dance Stage,Ran-D,20:30 - 21:30,23 July,2011,Saturday,Weekend 1,Hardcore Techno
7300,Café D'Anvers invites Cocoon,Café D'Anvers,Sven Väth,22:00 - 01:00,23 July,2011,Saturday,Weekend 1,Techno
7301,Q-Dance,Q-Dance Stage,B-Front,23:00 - 00:00,23 July,2011,Saturday,Weekend 1,Hardcore Techno
7302,Ketaloco,The Rave Cave,Don Cabron,12:00 - 15:00,23 July,2011,Saturday,Weekend 1,Unknown
7303,Ketaloco,The Rave Cave,Dimitri Andreas,15:00 - 17:00,23 July,2011,Saturday,Weekend 1,Unknown
7304,Ketaloco,The Rave Cave,Caspar,17:00 - 19:00,23 July,2011,Saturday,Weekend 1,Unknown
7305,Ketaloco,The Rave Cave,Stijn,19:00 - 21:00,23 July,2011,Saturday,Weekend 1,Unknown
7306,Ketaloco,The Rave Cave,don Santos,21:00 - 23:00,23 July,2011,Saturday,Weekend 1,Unknown
7307,Ketaloco,The Rave Cave,The Jelly Bellies,23:00 - 01:00,23 July,2011,Saturday,Weekend 1,Unknown
7308,Star Warz,Unknown,Marky,00:00 - 01:00,23 July,2011,Saturday,Weekend 1,Drum & Bass
7309,Forma.T,Unknown,AKS (Addicted Kru Sound),00:00 - 01:00,23 July,2011,Saturday,Weekend 1,Unknown
7310,Samsung Galaxy Island,Unknown,Samsung Galaxy Island Saturday,12:00 - 00:50,23 July,2011,Saturday,Weekend 1,Unknown
7311,Forma.T,Unknown,Bad Dancer,12:00 - 13:30,23 July,2011,Saturday,Weekend 1,Unknown
7312,Versuz,Unknown,DJ Licious,12:00 - 13:30,23 July,2011,Saturday,Weekend 1,House
7313,Cafeina,Unknown,Phill & Steve,12:00 - 14:00,23 July,2011,Saturday,Weekend 1,Unknown
7314,Radio Ultra Modern,Unknown,Radio Ultra Modern Saturday,13:00 - 00:45,23 July,2011,Saturday,Weekend 1,Unknown
7315,Star Warz,Unknown,Contraddict,13:00 - 13:45,23 July,2011,Saturday,Weekend 1,Unknown
7316,Krush Club invites Defected,Unknown,Soulspinnas,13:00 - 14:30,23 July,2011,Saturday,Weekend 1,Unknown
7317,kozzmozz,Unknown,Spacid,13:00 - 15:00,23 July,2011,Saturday,Weekend 1,Unknown
7318,Forma.T,Unknown,Panteros 666 & Myd (Club Cheval),13:30 - 15:00,23 July,2011,Saturday,Weekend 1,Unknown
7319,Versuz,Unknown,DJ Geo,13:30 - 15:00,23 July,2011,Saturday,Weekend 1,Unknown
7320,Star Warz,Unknown,Atmospherix,13:45 - 14:30,23 July,2011,Saturday,Weekend 1,Unknown
7321,Above & Beyond Group Therapy,Unknown,Daniel Kandi,14:00 - 15:30,23 July,2011,Saturday,Weekend 1,Trance
7322,Cafeina,Unknown,2Dirty,14:00 - 15:30,23 July,2011,Saturday,Weekend 1,Unknown
7323,Star Warz,Unknown,Alert & Bonafide,14:30 - 15:15,23 July,2011,Saturday,Weekend 1,Unknown
7324,Krush Club invites Defected,Unknown,Tom de Neef vs Sven Van Hees,14:30 - 16:30,23 July,2011,Saturday,Weekend 1,Unknown
7325,Q-Dance,Q-Dance Stage,Alpha 2 & E-Force,21:30 - 23:00,23 July,2011,Saturday,Weekend 1,Unknown
7326,kozzmozz,Unknown,Marcel Dettmann & Marcel Fengler,15:00 - 16:30,23 July,2011,Saturday,Weekend 1,Unknown
7327,Versuz,Unknown,Daniel Bovie & Roy Rox,15:00 - 17:00,23 July,2011,Saturday,Weekend 1,Traditional House
7328,Star Warz,Unknown,Logistics,15:15 - 16:15,23 July,2011,Saturday,Weekend 1,Drum & Bass
7329,Above & Beyond Group Therapy,Unknown,Cosmic Gate,15:30 - 17:00,23 July,2011,Saturday,Weekend 1,"Progressive House, Trance"
7330,Cafeina,Unknown,Marko,15:30 - 17:00,23 July,2011,Saturday,Weekend 1,Techno
7331,Krush Club invites Defected,Unknown,Shovell (live on percussion),16:00 - 00:00,23 July,2011,Saturday,Weekend 1,Unknown
7332,Star Warz,Unknown,Vicelord,16:15 - 17:00,23 July,2011,Saturday,Weekend 1,Unknown
7333,Krush Club invites Defected,Unknown,Ya'Mo,16:30 - 18:00,23 July,2011,Saturday,Weekend 1,Unknown
7334,Forma.T,Unknown,Bart B More,16:30 - 18:00,23 July,2011,Saturday,Weekend 1,Electro House
7335,kozzmozz,Unknown,Speedy J,16:30 - 18:00,23 July,2011,Saturday,Weekend 1,Techno
7336,Star Warz,Unknown,Foxy Lady & MC Elvee,17:00 - 18:00,23 July,2011,Saturday,Weekend 1,Unknown
7337,Above & Beyond Group Therapy,Unknown,Super8 & Tab,17:00 - 18:30,23 July,2011,Saturday,Weekend 1,Trance
7338,Cafeina,Unknown,Stereo Clash,17:00 - 18:30,23 July,2011,Saturday,Weekend 1,Unknown
7339,Versuz,Unknown,Sharam,17:00 - 19:00,23 July,2011,Saturday,Weekend 1,Tech House
7340,Star Warz,Unknown,Tito & Echo Virus vs MC Ebony,18:00 - 19:00,23 July,2011,Saturday,Weekend 1,Unknown
7341,Krush Club invites Defected,Unknown,Copyright,18:00 - 19:30,23 July,2011,Saturday,Weekend 1,Traditional House
7342,Forma.T,Unknown,Style of eye,18:00 - 19:30,23 July,2011,Saturday,Weekend 1,Traditional House
7343,kozzmozz,Unknown,Ben Sims & Friends (Frequency 7 with Surgeon & Killa Productions with Paul Mac),18:00 - 21:00,23 July,2011,Saturday,Weekend 1,Unknown
7344,Above & Beyond Group Therapy,Unknown,Sander Van Doorn,18:30 - 20:00,23 July,2011,Saturday,Weekend 1,Trance
7345,Cafeina,Unknown,Gregor Salto,18:30 - 20:00,23 July,2011,Saturday,Weekend 1,Electro House
7346,Star Warz,Unknown,One87 & Hookerz feat. MC Nice,19:00 - 20:00,23 July,2011,Saturday,Weekend 1,Unknown
7347,Versuz,Unknown,Joachim Garraud,19:00 - 21:00,23 July,2011,Saturday,Weekend 1,Electro House
7348,Krush Club invites Defected,Unknown,The Shapeshifters,19:30 - 21:00,23 July,2011,Saturday,Weekend 1,Unknown
7349,Forma.T,Unknown,Brodinski,19:30 - 21:00,23 July,2011,Saturday,Weekend 1,Electro House
7350,Forma.T,Unknown,Breakbot,15:00 - 16:30,23 July,2011,Saturday,Weekend 1,"Funk, Disco, House"
7351,Above & Beyond Group Therapy,Unknown,Jaytech,20:00 - 21:30,23 July,2011,Saturday,Weekend 1,Progressive House
7352,Cafeina,Unknown,Younes,20:00 - 22:00,23 July,2011,Saturday,Weekend 1,Unknown
7353,Cafeina,Unknown,Mousa,20:00 - 22:00,23 July,2011,Saturday,Weekend 1,Unknown
7354,Cafeina,Unknown,Nabil,20:00 - 22:00,23 July,2011,Saturday,Weekend 1,Unknown
7355,Star Warz,Unknown,DJ Die,21:00 - 22:00,23 July,2011,Saturday,Weekend 1,"Electronic, Dance"
7356,Forma.T,Unknown,Don Rimini,21:00 - 22:30,23 July,2011,Saturday,Weekend 1,Commercial Dance
7357,kozzmozz,Unknown,Kr!z,21:00 - 22:30,23 July,2011,Saturday,Weekend 1,Unknown
7358,Krush Club invites Defected,Unknown,Sandy Rivera,21:00 - 23:00,23 July,2011,Saturday,Weekend 1,Traditional House
7359,Versuz,Unknown,Hardwell,21:00 - 23:00,23 July,2011,Saturday,Weekend 1,"Electro House, Progressive House"
7360,Above & Beyond Group Therapy,Unknown,Above & Beyond,21:30 - 23:30,23 July,2011,Saturday,Weekend 1,Trance
7361,Cafeina,Unknown,Roma,22:00 - 01:00,23 July,2011,Saturday,Weekend 1,"Electronic, Dance"
7362,Star Warz,Unknown,DJ Silver,22:00 - 23:00,23 July,2011,Saturday,Weekend 1,Unknown
7363,Forma.T,Unknown,Surfing Leons,22:30 - 00:00,23 July,2011,Saturday,Weekend 1,Unknown
7364,kozzmozz,Unknown,Chris Liebing,22:30 - 01:00,23 July,2011,Saturday,Weekend 1,Techno
7365,Star Warz,Unknown,Netsky,23:00 - 00:00,23 July,2011,Saturday,Weekend 1,Drum & Bass
7366,Krush Club invites Defected,Unknown,Chocolate Puma,23:00 - 01:00,23 July,2011,Saturday,Weekend 1,Traditional House
7367,Versuz,Unknown,John Dahlback,23:00 - 01:00,23 July,2011,Saturday,Weekend 1,"Electro House, Progressive House"
7368,Above & Beyond Group Therapy,Unknown,Mat Zo,23:30 - 01:00,23 July,2011,Saturday,Weekend 1,"Progressive House, Trance"
7369,Café D'Anvers invites Ovum Recordings,Café D'Anvers,Bartholomeo,11:30 - 12:30,24 July,2011,Sunday,Weekend 1,Unknown
7370,Café D'Anvers invites Ovum Recordings,Café D'Anvers,Smos,12:30 - 13:30,24 July,2011,Sunday,Weekend 1,Band
7371,Café D'Anvers invites Ovum Recordings,Café D'Anvers,M A N I K,13:30 - 14:15,24 July,2011,Sunday,Weekend 1,Unknown
7372,Café D'Anvers invites Ovum Recordings,Café D'Anvers,Prinz,14:15 - 15:15,24 July,2011,Sunday,Weekend 1,Techno
7373,Café D'Anvers invites Ovum Recordings,Café D'Anvers,Shlomi Aber,15:15 - 17:15,24 July,2011,Sunday,Weekend 1,"Tech House, Techno"
7374,Café D'Anvers invites Ovum Recordings,Café D'Anvers,KiNK,17:15 - 18:00,24 July,2011,Sunday,Weekend 1,Commercial Dance
7375,Star Warz,Unknown,Dom & Roland vs Klute,20:00 - 21:00,23 July,2011,Saturday,Weekend 1,Unknown
7376,Café D'Anvers invites Ovum Recordings,Café D'Anvers,Josh Wink,20:00 - 22:00,24 July,2011,Sunday,Weekend 1,"Tech House, Techno"
7377,Café D'Anvers invites Ovum Recordings,Café D'Anvers,Dubfire,22:00 - 00:00,24 July,2011,Sunday,Weekend 1,Techno
7378,Paul Van Dyk presents Evolution,Castle Stage,Austin Leeds,11:30 - 13:00,24 July,2011,Sunday,Weekend 1,Progressive House
7379,Paul Van Dyk presents Evolution,Castle Stage,Ummet Ozcan,13:00 - 14:30,24 July,2011,Sunday,Weekend 1,Trance
7380,Paul Van Dyk presents Evolution,Castle Stage,Rank 1,14:30 - 15:45,24 July,2011,Sunday,Weekend 1,Trance
7381,Paul Van Dyk presents Evolution,Castle Stage,Giuseppe Ottaviani,15:45 - 16:45,24 July,2011,Sunday,Weekend 1,Trance
7382,Paul Van Dyk presents Evolution,Castle Stage,M.I.K.E.,16:45 - 18:00,24 July,2011,Sunday,Weekend 1,Trance
7383,Paul Van Dyk presents Evolution,Castle Stage,Gabriel & Dresden,18:00 - 19:30,24 July,2011,Sunday,Weekend 1,"Progressive House, Trance"
7384,Paul Van Dyk presents Evolution,Castle Stage,Markus Schulz,19:30 - 22:30,24 July,2011,Sunday,Weekend 1,"Progressive House, Trance"
7385,Paul Van Dyk presents Evolution,Castle Stage,Paul Van Dyk,22:30 - 00:00,24 July,2011,Sunday,Weekend 1,Trance
7386,Mainstage,Mainstage,Nicolaz,11:30 - 13:00,24 July,2011,Sunday,Weekend 1,Unknown
7387,Mainstage,Mainstage,Thomas Gold,13:00 - 14:30,24 July,2011,Sunday,Weekend 1,Progressive House
7388,Mainstage,Mainstage,NERVO,14:30 - 16:00,24 July,2011,Sunday,Weekend 1,"Electro House, Progressive House"
7389,Mainstage,Mainstage,Wolfgang Gartner,16:00 - 17:20,24 July,2011,Sunday,Weekend 1,Electro House
7390,Mainstage,Mainstage,Laidback Luke,17:20 - 18:50,24 July,2011,Sunday,Weekend 1,Electro House
7391,Mainstage,Mainstage,Chuckie,19:00 - 20:30,24 July,2011,Sunday,Weekend 1,Electro House
7392,Mainstage,Mainstage,David Guetta,20:30 - 22:30,24 July,2011,Sunday,Weekend 1,Electro House
7393,Mainstage,Mainstage,2 Many DJ's,22:30 - 00:00,24 July,2011,Sunday,Weekend 1,Unknown
7394,Q-Dance,Q-Dance Stage,Demoniak,12:30 - 13:30,24 July,2011,Sunday,Weekend 1,Unknown
7395,Q-Dance,Q-Dance Stage,Toneshifterz,13:30 - 15:00,24 July,2011,Sunday,Weekend 1,Hard Dance
7396,Q-Dance,Q-Dance Stage,Technoboy,15:00 - 16:30,24 July,2011,Sunday,Weekend 1,Hardcore Techno
7397,Q-Dance,Q-Dance Stage,Ambassador Inc.,16:30 - 17:00,24 July,2011,Sunday,Weekend 1,Unknown
7398,Q-Dance,Q-Dance Stage,Digital Punk,17:00 - 18:30,24 July,2011,Sunday,Weekend 1,Unknown
7399,Q-Dance,Q-Dance Stage,Luna,18:30 - 20:00,24 July,2011,Sunday,Weekend 1,"Synthpop, Trip Hop, Uk Garage"
7400,Café D'Anvers invites Ovum Recordings,Café D'Anvers,Loco Dice,18:00 - 20:00,24 July,2011,Sunday,Weekend 1,"Tech House, Techno"
7401,Q-Dance,Q-Dance Stage,Zatox,21:30 - 23:00,24 July,2011,Sunday,Weekend 1,Hard Dance
7402,Q-Dance,Q-Dance Stage,Promo,23:00 - 00:00,24 July,2011,Sunday,Weekend 1,Trance
7403,Coincidence,The Rave Cave,Kutski,11:00 - 12:30,24 July,2011,Sunday,Weekend 1,Hardcore Techno
7404,Coincidence,The Rave Cave,Edward Molton,11:00 - 13:00,24 July,2011,Sunday,Weekend 1,Unknown
7405,Coincidence,The Rave Cave,Evad,13:00 - 14:30,24 July,2011,Sunday,Weekend 1,Unknown
7406,Coincidence,The Rave Cave,Jazzmin,14:30 - 16:00,24 July,2011,Sunday,Weekend 1,Unknown
7407,Coincidence,The Rave Cave,Psytox,16:00 - 17:30,24 July,2011,Sunday,Weekend 1,"Hardstyle, Rawstyle, Electronic"
7408,Coincidence,The Rave Cave,Tom Dazing & Gols,17:30 - 19:00,24 July,2011,Sunday,Weekend 1,Unknown
7409,Coincidence,The Rave Cave,Steffi,19:00 - 20:30,24 July,2011,Sunday,Weekend 1,Commercial Dance
7410,Coincidence,The Rave Cave,Tama Sumo,20:30 - 22:30,24 July,2011,Sunday,Weekend 1,"Deep House, Techno"
7411,Coincidence,The Rave Cave,Pierre & Juannes,22:30 - 00:00,24 July,2011,Sunday,Weekend 1,Unknown
7412,Versuz invites Size Matters,Unknown,E.S.P.,11:00 - 12:00,24 July,2011,Sunday,Weekend 1,Unknown
7413,Smash The House,Unknown,Yves V,11:00 - 12:00,24 July,2011,Sunday,Weekend 1,Progressive House
7414,Minus,Unknown,Igor Vicente,11:00 - 12:30,24 July,2011,Sunday,Weekend 1,"House, Techno"
7415,La Rocca invites We Love,Unknown,Philip,11:00 - 14:00,24 July,2011,Sunday,Weekend 1,"Techno, Tech House, Deep House"
7416,La Rocca invites We Love,Unknown,Joeri,11:00 - 14:00,24 July,2011,Sunday,Weekend 1,Commercial Dance
7417,Samsung Galaxy Island,Unknown,Samsung Galaxy Island Sunday,11:00 - 23:50,24 July,2011,Sunday,Weekend 1,Unknown
7418,Kne' Deep,Unknown,Matthew Hoag vs Dejan Milcevic,11:15 - 13:15,24 July,2011,Sunday,Weekend 1,Unknown
7419,Versuz invites Size Matters,Unknown,Danny Corten,12:00 - 13:00,24 July,2011,Sunday,Weekend 1,Unknown
7420,Dim Mak,Unknown,Jacob Van Hage,12:00 - 13:00,24 July,2011,Sunday,Weekend 1,"Traditional House, Trance"
7421,Daily Dubstep,Unknown,Subreachers,12:00 - 13:30,24 July,2011,Sunday,Weekend 1,Unknown
7422,Smash The House,Unknown,Swanky Tunes,12:00 - 13:30,24 July,2011,Sunday,Weekend 1,"Electro House, Progressive House"
7423,Radio Ultra Modern,Unknown,Radio Ultra Modern Sunday,12:00 - 23:30,24 July,2011,Sunday,Weekend 1,Unknown
7424,Minus,Unknown,Fabrizio Maurizi,12:30 - 14:00,24 July,2011,Sunday,Weekend 1,Commercial Dance
7425,Q-Dance,Q-Dance Stage,Wildstylez,20:00 - 21:30,24 July,2011,Sunday,Weekend 1,Hard Dance
7426,Versuz invites Size Matters,Unknown,Dave Lambert,13:00 - 14:30,24 July,2011,Sunday,Weekend 1,Traditional House
7427,Kne' Deep,Unknown,Gaetano Parisio,13:15 - 14:45,24 July,2011,Sunday,Weekend 1,Techno
7428,Daily Dubstep,Unknown,Science,13:30 - 15:00,24 July,2011,Sunday,Weekend 1,Commercial Dance
7429,Smash The House,Unknown,Angger Dimas,13:30 - 15:00,24 July,2011,Sunday,Weekend 1,Electro House
7430,Dim Mak,Unknown,Sound of Stereo,14:00 - 15:00,24 July,2011,Sunday,Weekend 1,Unknown
7431,La Rocca invites We Love,Unknown,Iris Menza,14:00 - 15:30,24 July,2011,Sunday,Weekend 1,Unknown
7432,Minus,Unknown,Ambivalent,14:00 - 16:00,24 July,2011,Sunday,Weekend 1,"Minimal, Techno"
7433,Versuz invites Size Matters,Unknown,Norman Doray,14:30 - 16:00,24 July,2011,Sunday,Weekend 1,Progressive House
7434,Kne' Deep,Unknown,Alex Flatner,14:45 - 16:15,24 July,2011,Sunday,Weekend 1,"Electronica, Techno"
7435,Daily Dubstep,Unknown,Cyrax & Numerus,15:00 - 16:00,24 July,2011,Sunday,Weekend 1,Unknown
7436,Dim Mak,Unknown,TAI,15:00 - 16:00,24 July,2011,Sunday,Weekend 1,Progressive House
7437,Smash The House,Unknown,R3hab vs Quintino,15:00 - 16:30,24 July,2011,Sunday,Weekend 1,Unknown
7438,Daily Dubstep,Unknown,Bunzer0,16:00 - 17:00,24 July,2011,Sunday,Weekend 1,Unknown
7439,Dim Mak,Unknown,Mustard Pimp,16:00 - 17:00,24 July,2011,Sunday,Weekend 1,"Electro House, Indie / Underground"
7440,Minus,Unknown,Heartthrob (live),16:00 - 17:00,24 July,2011,Sunday,Weekend 1,Unknown
7441,Versuz invites Size Matters,Unknown,Barry Fore,16:00 - 17:30,24 July,2011,Sunday,Weekend 1,Commercial Dance
7442,La Rocca invites We Love,Unknown,Audiofly,16:00 - 18:00,24 July,2011,Sunday,Weekend 1,"Tech House, Techno"
7443,Kne' Deep,Unknown,Du Art,16:15 - 17:45,24 July,2011,Sunday,Weekend 1,Unknown
7444,Smash The House,Unknown,Michael Woods,16:30 - 18:00,24 July,2011,Sunday,Weekend 1,Progressive House
7445,Dim Mak,Unknown,Uffie,17:00 - 17:30,24 July,2011,Sunday,Weekend 1,Unknown
7446,Daily Dubstep,Unknown,NGA (Allspark & Gaz feat. Mc Nice),17:00 - 18:00,24 July,2011,Sunday,Weekend 1,Unknown
7447,Minus,Unknown,Magda,17:00 - 19:00,24 July,2011,Sunday,Weekend 1,Minimal
7448,Dim Mak,Unknown,MYBACK,17:30 - 18:30,24 July,2011,Sunday,Weekend 1,Unknown
7449,Versuz invites Size Matters,Unknown,Third Party,17:30 - 19:00,24 July,2011,Sunday,Weekend 1,Progressive House
7450,Dim Mak,Unknown,Gtronic,13:00 - 14:00,24 July,2011,Sunday,Weekend 1,"Traditional House, Minimal"
7451,Daily Dubstep,Unknown,Grimelock,18:00 - 19:30,24 July,2011,Sunday,Weekend 1,Unknown
7452,Smash The House,Unknown,Regi,18:00 - 19:30,24 July,2011,Sunday,Weekend 1,"Trance, Big Room House"
7453,La Rocca invites We Love,Unknown,Riva Starr,18:00 - 19:30,24 July,2011,Sunday,Weekend 1,Tech House
7454,Dim Mak,Unknown,Felix Cartal,18:30 - 19:30,24 July,2011,Sunday,Weekend 1,"Electro House, Indie / Underground"
7455,Kne' Deep,Unknown,DJ Rush,18:30 - 20:00,24 July,2011,Sunday,Weekend 1,Unknown
7456,Minus,Unknown,"Barem (live - After The Storm, Album Tour)",19:00 - 20:00,24 July,2011,Sunday,Weekend 1,Unknown
7457,Versuz invites Size Matters,Unknown,AN21 & Max Vangeli,19:00 - 20:30,24 July,2011,Sunday,Weekend 1,Unknown
7458,Dim Mak,Unknown,Autoerotique,19:30 - 20:30,24 July,2011,Sunday,Weekend 1,Electro House
7459,Daily Dubstep,Unknown,Kryptic Minds feat. SP:MC,19:30 - 21:00,24 July,2011,Sunday,Weekend 1,Unknown
7460,Smash The House,Unknown,Sidney Samson,19:30 - 21:00,24 July,2011,Sunday,Weekend 1,Traditional House
7461,La Rocca invites We Love,Unknown,James Zabiela,19:30 - 21:00,24 July,2011,Sunday,Weekend 1,"Tech House, Techno"
7462,Kne' Deep,Unknown,Frank Kvitta,20:00 - 21:30,24 July,2011,Sunday,Weekend 1,Unknown
7463,Minus,Unknown,Marco Carola,20:00 - 22:00,24 July,2011,Sunday,Weekend 1,Techno
7464,Dim Mak,Unknown,Dada Life,20:30 - 21:30,24 July,2011,Sunday,Weekend 1,"Electro House, Progressive House"
7465,Versuz invites Size Matters,Unknown,Groove Armada presents Red Light,20:30 - 22:00,24 July,2011,Sunday,Weekend 1,Unknown
7466,La Rocca invites We Love,Unknown,M.A.N.D.Y,21:00 - 22:00,24 July,2011,Sunday,Weekend 1,"Techno, Techno"
7467,Daily Dubstep,Unknown,N-Type,21:00 - 22:30,24 July,2011,Sunday,Weekend 1,Dubstep
7468,Smash The House,Unknown,David Tort,21:00 - 22:30,24 July,2011,Sunday,Weekend 1,Tech House
7469,Dim Mak,Unknown,Steve Aoki vs Afrojack,21:30 - 00:00,24 July,2011,Sunday,Weekend 1,Unknown
7470,Kne' Deep,Unknown,Pet Trio: Pet Duo vs Miss DJax,21:30 - 22:30,24 July,2011,Sunday,Weekend 1,Unknown
7471,Versuz invites Size Matters,Unknown,Steve Angello,22:00 - 00:00,24 July,2011,Sunday,Weekend 1,Progressive House
7472,La Rocca invites We Love,Unknown,Sasha,22:00 - 00:00,24 July,2011,Sunday,Weekend 1,"Tech House, Techno"
7473,Minus,Unknown,Richie Hawtin,22:00 - 00:00,24 July,2011,Sunday,Weekend 1,"Tech House, Techno"
7474,Kne' Deep,Unknown,Marco Remus,22:30 - 00:00,24 July,2011,Sunday,Weekend 1,Commercial Dance
7475,Kne' Deep,Unknown,Huma Noyd (live),17:45 - 18:30,24 July,2011,Sunday,Weekend 1,Unknown
7476,Smash The House,Unknown,Dimitri Vegas & Like Mike,22:30 - 00:00,24 July,2011,Sunday,Weekend 1,Electro House
7477,Café D'Anvers invites Cocoon,Café D'Anvers,Prinz,12:00 - 13:00,24 July,2010,Saturday,Weekend 1,Techno
7478,Café D'Anvers invites Cocoon,Café D'Anvers,Patrick Schmidt,13:00 - 14:00,24 July,2010,Saturday,Weekend 1,Unknown
7479,Café D'Anvers invites Cocoon,Café D'Anvers,Ricardo Villalobos,14:00 - 17:00,24 July,2010,Saturday,Weekend 1,"Minimal, Techno"
7480,Café D'Anvers invites Cocoon,Café D'Anvers,Cassy,17:00 - 19:30,24 July,2010,Saturday,Weekend 1,"Tech House, Techno"
7481,Café D'Anvers invites Cocoon,Café D'Anvers,Extrawelt (live),19:30 - 21:00,24 July,2010,Saturday,Weekend 1,Unknown
7482,Café D'Anvers invites Cocoon,Café D'Anvers,Karotte,21:00 - 23:00,24 July,2010,Saturday,Weekend 1,Tech House
7483,Café D'Anvers invites Cocoon,Café D'Anvers,Joris Voorn,23:00 - 01:00,24 July,2010,Saturday,Weekend 1,"Tech House, Techno"
7484,Mainstage,Mainstage,The Oddword,12:30 - 14:00,24 July,2010,Saturday,Weekend 1,Unknown
7485,Mainstage,Mainstage,Yves V,14:00 - 15:30,24 July,2010,Saturday,Weekend 1,Progressive House
7486,Mainstage,Mainstage,Afrojack,15:30 - 17:00,24 July,2010,Saturday,Weekend 1,"Electro House, Progressive House"
7487,Mainstage,Mainstage,Dennis Ferrer,17:00 - 18:30,24 July,2010,Saturday,Weekend 1,Traditional House
7488,Mainstage,Mainstage,Dada Life,18:30 - 20:00,24 July,2010,Saturday,Weekend 1,"Electro House, Progressive House"
7489,Mainstage,Mainstage,Swedish House Mafia,20:00 - 22:30,24 July,2010,Saturday,Weekend 1,Progressive House
7490,Mainstage,Mainstage,Dimitri Vegas & Like Mike,22:30 - 23:30,24 July,2010,Saturday,Weekend 1,Electro House
7491,Mainstage,Mainstage,Dirty South,23:30 - 01:00,24 July,2010,Saturday,Weekend 1,"Electro House, Progressive House"
7492,Q-Dance,Q-Dance Stage,The Playah,00:00 - 01:00,24 July,2010,Saturday,Weekend 1,Unknown
7493,Q-Dance,Q-Dance Stage,Dr Rude,12:00 - 13:00,24 July,2010,Saturday,Weekend 1,Unknown
7494,Q-Dance,Q-Dance Stage,Isaac,13:00 - 14:15,24 July,2010,Saturday,Weekend 1,"Hard Dance, Hardcore Techno"
7495,Q-Dance,Q-Dance Stage,The Pitcher,14:15 - 15:15,24 July,2010,Saturday,Weekend 1,Unknown
7496,Q-Dance,Q-Dance Stage,Wildstylez,15:15 - 16:45,24 July,2010,Saturday,Weekend 1,Hard Dance
7497,Q-Dance,Q-Dance Stage,D-Block & S-te-Fan,16:45 - 18:15,24 July,2010,Saturday,Weekend 1,"Hard Dance, Hardcore Techno"
7498,Q-Dance,Q-Dance Stage,Zatox,18:15 - 19:30,24 July,2010,Saturday,Weekend 1,Hard Dance
7499,Q-Dance,Q-Dance Stage,Coone,19:30 - 21:00,24 July,2010,Saturday,Weekend 1,Hard Dance
7500,Daily Dubstep,Unknown,Pinch & Gemmy feat. MC Pokes,22:30 - 00:00,24 July,2011,Sunday,Weekend 1,Unknown
7501,Ghoststyle,Q-Dance Stage,Paul Langley,22:00 - 00:00,24 July,2010,Saturday,Weekend 1,Unknown
7502,Q-Dance,Q-Dance Stage,The Prophet,22:30 - 00:00,24 July,2010,Saturday,Weekend 1,Hardcore Techno
7503,kozzmozz,Unknown,Kr!z,00:00 - 01:00,24 July,2010,Saturday,Weekend 1,Unknown
7504,Tranceaddict,Unknown,John O'Callaghan,00:00 - 01:00,24 July,2010,Saturday,Weekend 1,Trance
7505,Flügel Island,Unknown,Sandro Keejan,12:00 - 13:30,24 July,2010,Saturday,Weekend 1,Unknown
7506,Minus,Unknown,Ambivalent,12:00 - 14:00,24 July,2010,Saturday,Weekend 1,"Minimal, Techno"
7507,Ketaloco,Unknown,Don Cabron,12:00 - 15:00,24 July,2010,Saturday,Weekend 1,Unknown
7508,Versuz invites Martin Solveig & Friends,Unknown,Stefan K & Senor Funk,12:30 - 14:00,24 July,2010,Saturday,Weekend 1,Unknown
7509,RELEASE,Unknown,Dice & Kastor,12:30 - 14:30,24 July,2010,Saturday,Weekend 1,Unknown
7510,Cafeina,Unknown,DonoVan,13:00 - 14:00,24 July,2010,Saturday,Weekend 1,Rock
7511,Tranceaddict,Unknown,Fred Nova,13:00 - 14:00,24 July,2010,Saturday,Weekend 1,Unknown
7512,Star Warz,Unknown,Z Nox,13:00 - 14:00,24 July,2010,Saturday,Weekend 1,Unknown
7513,Ghoststyle,Unknown,Danny C,13:00 - 14:30,24 July,2010,Saturday,Weekend 1,Trance
7514,kozzmozz,Unknown,Spacid,13:00 - 15:00,24 July,2010,Saturday,Weekend 1,Unknown
7515,I Love The 90's,Unknown,DJ Ward,13:00 - 16:30,24 July,2010,Saturday,Weekend 1,Unknown
7516,Flügel Island,Unknown,Vertesse,13:30 - 15:00,24 July,2010,Saturday,Weekend 1,Unknown
7517,Cafeina,Unknown,Sixty69Nine,14:00 - 15:00,24 July,2010,Saturday,Weekend 1,Unknown
7518,Minus,Unknown,Hobo (live),14:00 - 15:00,24 July,2010,Saturday,Weekend 1,Unknown
7519,Tranceaddict,Unknown,DJ Apsara,14:00 - 15:00,24 July,2010,Saturday,Weekend 1,Unknown
7520,Star Warz,Unknown,Speedwagon & Stykz,14:00 - 15:00,24 July,2010,Saturday,Weekend 1,Unknown
7521,Versuz invites Martin Solveig & Friends,Unknown,Dominico,14:00 - 15:30,24 July,2010,Saturday,Weekend 1,Tech House
7522,Ghoststyle,Unknown,Nicolas Clays,14:30 - 15:30,24 July,2010,Saturday,Weekend 1,Unknown
7523,RELEASE,Unknown,Lamont,14:30 - 16:00,24 July,2010,Saturday,Weekend 1,Commercial Dance
7524,Cafeina,Unknown,Phill & Steve,15:00 - 16:00,24 July,2010,Saturday,Weekend 1,Unknown
7525,Q-Dance,Q-Dance Stage,Deepack,21:00 - 22:30,24 July,2010,Saturday,Weekend 1,Hardcore Techno
7526,Star Warz,Unknown,The Nitwits,15:00 - 16:00,24 July,2010,Saturday,Weekend 1,Unknown
7527,kozzmozz,Unknown,Len Faki,15:00 - 16:30,24 July,2010,Saturday,Weekend 1,Techno
7528,Flügel Island,Unknown,Mr Cliff,15:00 - 16:30,24 July,2010,Saturday,Weekend 1,Unknown
7529,Ketaloco,Unknown,The Tech-nicals,15:00 - 17:00,24 July,2010,Saturday,Weekend 1,Unknown
7530,Minus,Unknown,Barem,15:00 - 17:00,24 July,2010,Saturday,Weekend 1,"Minimal, Techno"
7531,Ghoststyle,Unknown,Davoodi,15:30 - 16:30,24 July,2010,Saturday,Weekend 1,Unknown
7532,Versuz invites Martin Solveig & Friends,Unknown,Daniel Bovie & Roy Rox,15:30 - 17:00,24 July,2010,Saturday,Weekend 1,Traditional House
7533,Cafeina,Unknown,2Dirty,16:00 - 17:00,24 July,2010,Saturday,Weekend 1,Unknown
7534,Tranceaddict,Unknown,First State,16:00 - 17:00,24 July,2010,Saturday,Weekend 1,"Progressive House, Trance"
7535,Star Warz,Unknown,Urban Forms feat. Mc Divine,16:00 - 17:00,24 July,2010,Saturday,Weekend 1,Unknown
7536,RELEASE,Unknown,Hyetal,16:00 - 18:00,24 July,2010,Saturday,Weekend 1,Unknown
7537,kozzmozz,Unknown,Robert Hood,16:30 - 18:00,24 July,2010,Saturday,Weekend 1,Techno
7538,Ghoststyle,Unknown,Franky Kloeck,16:30 - 18:00,24 July,2010,Saturday,Weekend 1,"Techno, Hard Trance"
7539,Flügel Island,Unknown,Don Camilo ft. Isaac Maine,16:30 - 18:00,24 July,2010,Saturday,Weekend 1,Unknown
7540,I Love The 90's,Unknown,Push,16:30 - 18:00,24 July,2010,Saturday,Weekend 1,"Trance, Progressive House"
7541,Minus,Unknown,Heartthrob (live),17:00 - 18:00,24 July,2010,Saturday,Weekend 1,Unknown
7542,Tranceaddict,Unknown,Airbase,17:00 - 18:00,24 July,2010,Saturday,Weekend 1,Trance
7543,Star Warz,Unknown,Foxy Lady & MC Elvee,17:00 - 18:00,24 July,2010,Saturday,Weekend 1,Unknown
7544,Cafeina,Unknown,Tofke,17:00 - 18:30,24 July,2010,Saturday,Weekend 1,Tech House
7545,Ketaloco,Unknown,Caspar,17:00 - 19:00,24 July,2010,Saturday,Weekend 1,Unknown
7546,Versuz invites Martin Solveig & Friends,Unknown,Bingoplayers,17:00 - 19:00,24 July,2010,Saturday,Weekend 1,Unknown
7547,Tranceaddict,Unknown,Andy Moor,18:00 - 19:00,24 July,2010,Saturday,Weekend 1,Trance
7548,Star Warz,Unknown,Kasra & One87 feat. DMC,18:00 - 19:00,24 July,2010,Saturday,Weekend 1,Unknown
7549,kozzmozz,Unknown,Carl Craig & Radio Slave,18:00 - 19:30,24 July,2010,Saturday,Weekend 1,Unknown
7550,Tranceaddict,Unknown,Three Drives,15:00 - 16:00,24 July,2010,Saturday,Weekend 1,Unknown
7551,Flügel Island,Unknown,Niels Feijen,18:00 - 19:30,24 July,2010,Saturday,Weekend 1,Unknown
7552,I Love The 90's,Unknown,DJ Wout,18:00 - 19:30,24 July,2010,Saturday,Weekend 1,Unknown
7553,RELEASE,Unknown,Shortstuff,18:00 - 20:00,24 July,2010,Saturday,Weekend 1,Unknown
7554,Minus,Unknown,Magda,18:00 - 20:00,24 July,2010,Saturday,Weekend 1,Minimal
7555,Cafeina,Unknown,Mike S,18:30 - 19:30,24 July,2010,Saturday,Weekend 1,Industrial
7556,Tranceaddict,Unknown,Solarstone,19:00 - 20:00,24 July,2010,Saturday,Weekend 1,"Electronica, Trance"
7557,Star Warz,Unknown,Icicle,19:00 - 20:00,24 July,2010,Saturday,Weekend 1,Drum & Bass
7558,Versuz invites Martin Solveig & Friends,Unknown,Wally Lopez,19:00 - 20:30,24 July,2010,Saturday,Weekend 1,Traditional House
7559,Ketaloco,Unknown,don Santos,19:00 - 21:00,24 July,2010,Saturday,Weekend 1,Unknown
7560,Ghoststyle,Unknown,Manu Kenton vs Max Walder,19:30 - 20:00,24 July,2010,Saturday,Weekend 1,Unknown
7561,Cafeina,Unknown,X-ian,19:30 - 20:30,24 July,2010,Saturday,Weekend 1,Unknown
7562,kozzmozz,Unknown,Ben Klock & Marcel Dettmann,19:30 - 21:00,24 July,2010,Saturday,Weekend 1,Unknown
7563,Flügel Island,Unknown,Delafino,19:30 - 21:00,24 July,2010,Saturday,Weekend 1,House
7564,I Love The 90's,Unknown,DJ Ward,19:30 - 21:00,24 July,2010,Saturday,Weekend 1,Unknown
7565,Minus,Unknown,Marc Houle,20:00 - 21:00,24 July,2010,Saturday,Weekend 1,"Minimal, Tech House"
7566,Tranceaddict,Unknown,W&W,20:00 - 21:00,24 July,2010,Saturday,Weekend 1,Trance
7567,Star Warz,Unknown,Wontime & MC Mush,20:00 - 21:00,24 July,2010,Saturday,Weekend 1,Unknown
7568,Ghoststyle,Unknown,Torsten Kanzler,20:00 - 22:00,24 July,2010,Saturday,Weekend 1,Techno
7569,RELEASE,Unknown,James Blake,20:00 - 22:00,24 July,2010,Saturday,Weekend 1,"Post-Dubstep, R&B, Soul, Eperimental"
7570,Cafeina,Unknown,Roma,20:30 - 22:30,24 July,2010,Saturday,Weekend 1,"Electronic, Dance"
7571,Versuz invites Martin Solveig & Friends,Unknown,Bart B More,20:30 - 22:30,24 July,2010,Saturday,Weekend 1,Electro House
7572,Tranceaddict,Unknown,Lange,21:00 - 22:00,24 July,2010,Saturday,Weekend 1,Trance
7573,Star Warz,Unknown,Murdock & Netsky feat. Quest One MC,21:00 - 22:00,24 July,2010,Saturday,Weekend 1,Unknown
7574,kozzmozz,Unknown,Jeff Mills,21:00 - 22:30,24 July,2010,Saturday,Weekend 1,"Traditional House, Techno"
7575,Ghoststyle,Unknown,DJ Ghost,18:00 - 19:30,24 July,2010,Saturday,Weekend 1,"Hard Trance, Techno"
7576,Ketaloco,Unknown,Stijn,21:00 - 23:00,24 July,2010,Saturday,Weekend 1,Unknown
7577,Flügel Island,Unknown,Licious,21:00 - 23:00,24 July,2010,Saturday,Weekend 1,Traditional House
7578,Minus,Unknown,Marco Carola,21:00 - 23:00,24 July,2010,Saturday,Weekend 1,Techno
7579,RELEASE,Unknown,Zomby,22:00 - 23:00,24 July,2010,Saturday,Weekend 1,Commercial Dance
7580,Tranceaddict,Unknown,Leon Bolier,22:00 - 23:00,24 July,2010,Saturday,Weekend 1,Trance
7581,Star Warz,Unknown,Friction feat. MC ID,22:00 - 23:30,24 July,2010,Saturday,Weekend 1,Unknown
7582,kozzmozz,Unknown,Derrick May,22:30 - 00:00,24 July,2010,Saturday,Weekend 1,Techno
7583,Versuz invites Martin Solveig & Friends,Unknown,Martin Solveig,22:30 - 01:00,24 July,2010,Saturday,Weekend 1,Electro House
7584,Cafeina,Unknown,Dave Lambert & Elektrokid,22:30 - 23:30,24 July,2010,Saturday,Weekend 1,Unknown
7585,I Love The 90's,Unknown,Scooter,22:30 - 23:30,24 July,2010,Saturday,Weekend 1,Techno
7586,Tranceaddict,Unknown,Activa,23:00 - 00:00,24 July,2010,Saturday,Weekend 1,"Chill Out, Trance"
7587,Tranceaddict,Unknown,Jon O'Bir,23:00 - 00:00,24 July,2010,Saturday,Weekend 1,Trance
7588,Flügel Island,Unknown,Raoul,23:00 - 00:30,24 July,2010,Saturday,Weekend 1,Commercial Dance
7589,Ketaloco,Unknown,KetaLoco All Stars,23:00 - 01:00,24 July,2010,Saturday,Weekend 1,Unknown
7590,RELEASE,Unknown,Roska,23:00 - 01:00,24 July,2010,Saturday,Weekend 1,Unknown
7591,Minus,Unknown,Richie Hawtin,23:00 - 01:00,24 July,2010,Saturday,Weekend 1,"Tech House, Techno"
7592,I Love The 90's,Unknown,Johan Gielen & Cor Fijneman back2back (Airscape),23:30 - 01:00,24 July,2010,Saturday,Weekend 1,Unknown
7593,Cafeina,Unknown,Tom de Neef,23:30 - 01:00,24 July,2010,Saturday,Weekend 1,Traditional House
7594,Star Warz,Unknown,Grooverider,23:30 - 01:00,24 July,2010,Saturday,Weekend 1,Drum & Bass
7595,Café D'Anvers celebrates 15 years of Ovum Recordings,Café D'Anvers,Ralpheus,11:30 - 12:00,25 July,2010,Sunday,Weekend 1,Unknown
7596,Café D'Anvers celebrates 15 years of Ovum Recordings,Café D'Anvers,Smos & Baby Bee,12:00 - 13:20,25 July,2010,Sunday,Weekend 1,Unknown
7597,Café D'Anvers celebrates 15 years of Ovum Recordings,Café D'Anvers,Hermanez,13:20 - 14:40,25 July,2010,Sunday,Weekend 1,Tech House
7598,Café D'Anvers celebrates 15 years of Ovum Recordings,Café D'Anvers,Bartholomeo,14:40 - 16:00,25 July,2010,Sunday,Weekend 1,Unknown
7599,Café D'Anvers celebrates 15 years of Ovum Recordings,Café D'Anvers,Steve Bug,16:00 - 18:00,25 July,2010,Sunday,Weekend 1,"Tech House, Techno"
7600,I Love The 90's,Unknown,Regi,21:00 - 22:30,24 July,2010,Saturday,Weekend 1,"Trance, Big Room House"
7601,Café D'Anvers celebrates 15 years of Ovum Recordings,Café D'Anvers,Loco Dice,20:00 - 22:00,25 July,2010,Sunday,Weekend 1,"Tech House, Techno"
7602,Café D'Anvers celebrates 15 years of Ovum Recordings,Café D'Anvers,Josh Wink,22:00 - 00:00,25 July,2010,Sunday,Weekend 1,"Tech House, Techno"
7603,Mainstage,Mainstage,Ben Dover DJ's,11:30 - 13:00,25 July,2010,Sunday,Weekend 1,Unknown
7604,Mainstage,Mainstage,Ida Engberg,13:00 - 14:30,25 July,2010,Sunday,Weekend 1,Techno
7605,Mainstage,Mainstage,Hardwell,14:30 - 16:00,25 July,2010,Sunday,Weekend 1,"Electro House, Progressive House"
7606,Mainstage,Mainstage,Sound of Stereo,16:00 - 17:30,25 July,2010,Sunday,Weekend 1,Unknown
7607,Mainstage,Mainstage,Laidback Luke,17:30 - 19:00,25 July,2010,Sunday,Weekend 1,Electro House
7608,Mainstage,Mainstage,John Dahlbäck,19:00 - 20:30,25 July,2010,Sunday,Weekend 1,"Electro House, Progressive House"
7609,Mainstage,Mainstage,David Guetta,20:30 - 22:30,25 July,2010,Sunday,Weekend 1,Electro House
7610,Mainstage,Mainstage,Chuckie,22:30 - 00:00,25 July,2010,Sunday,Weekend 1,Electro House
7611,Q-Dance,Q-Dance Stage,Fenix,12:00 - 13:00,25 July,2010,Sunday,Weekend 1,"Hip-Hop, Trance"
7612,Q-Dance,Q-Dance Stage,Ruthless,13:00 - 14:00,25 July,2010,Sunday,Weekend 1,Hardcore Techno
7613,Q-Dance,Q-Dance Stage,Brennan Heart,14:00 - 15:15,25 July,2010,Sunday,Weekend 1,Hard Dance
7614,Q-Dance,Q-Dance Stage,Davide Sonar,15:15 - 15:45,25 July,2010,Sunday,Weekend 1,"Hard Dance, Techno"
7615,Q-Dance,Q-Dance Stage,Pavo,15:45 - 16:45,25 July,2010,Sunday,Weekend 1,Trance
7616,Q-Dance,Q-Dance Stage,Psyko Punkz,16:45 - 18:00,25 July,2010,Sunday,Weekend 1,Hardcore Techno
7617,Q-Dance,Q-Dance Stage,Frontliner,18:00 - 19:15,25 July,2010,Sunday,Weekend 1,Hardcore Techno
7618,Q-Dance,Q-Dance Stage,Tuneboy,19:15 - 20:30,25 July,2010,Sunday,Weekend 1,Hardcore Techno
7619,Q-Dance,Q-Dance Stage,Zany & The Beholder,20:30 - 21:45,25 July,2010,Sunday,Weekend 1,Unknown
7620,Q-Dance,Q-Dance Stage,Luna & Crypsis,21:45 - 23:00,25 July,2010,Sunday,Weekend 1,Unknown
7621,Q-Dance,Q-Dance Stage,The Viper,23:00 - 00:00,25 July,2010,Sunday,Weekend 1,Band
7622,Flügel Island,Unknown,MK,11:00 - 12:30,25 July,2010,Sunday,Weekend 1,Commercial Dance
7623,Kne' Deep,Unknown,Dejan Milcevic,11:15 - 12:45,25 July,2010,Sunday,Weekend 1,Unknown
7624,Smash The House,Unknown,Winner Beatport Contest,11:30 - 13:00,25 July,2010,Sunday,Weekend 1,Unknown
7625,Café D'Anvers celebrates 15 years of Ovum Recordings,Café D'Anvers,Sneak vs Derrick Carter,18:00 - 20:00,25 July,2010,Sunday,Weekend 1,Unknown
7626,A State Of Trance,Unknown,Alex M.O.R.P.H,11:30 - 13:15,25 July,2010,Sunday,Weekend 1,"Electro House, Trance"
7627,La Rocca,Unknown,Joeri,11:30 - 14:30,25 July,2010,Sunday,Weekend 1,Commercial Dance
7628,La Rocca,Unknown,Philip,11:30 - 14:30,25 July,2010,Sunday,Weekend 1,"Techno, Tech House, Deep House"
7629,Coincidence,Unknown,Edward Molton,12:00 - 13:30,25 July,2010,Sunday,Weekend 1,Unknown
7630,Forma.T,Unknown,Raph,12:00 - 13:30,25 July,2010,Sunday,Weekend 1,Rock
7631,Kompakt,Unknown,Shumi,12:00 - 13:30,25 July,2010,Sunday,Weekend 1,Unknown
7632,Blue Flame,Unknown,Moonflower,12:00 - 13:30,25 July,2010,Sunday,Weekend 1,Unknown
7633,Versuz,Unknown,Tom Leclercq & Barry Fore,12:00 - 14:30,25 July,2010,Sunday,Weekend 1,Unknown
7634,B2B,Unknown,Vibrasphere (live),12:30 - 14:00,25 July,2010,Sunday,Weekend 1,Unknown
7635,Flügel Island,Unknown,Arnold Deejay,12:30 - 14:00,25 July,2010,Sunday,Weekend 1,Unknown
7636,Kne' Deep,Unknown,Marco Nastic,12:45 - 14:15,25 July,2010,Sunday,Weekend 1,Unknown
7637,Smash The House,Unknown,Sarah Main,13:00 - 14:30,25 July,2010,Sunday,Weekend 1,"Electronica, Traditional House"
7638,A State Of Trance,Unknown,Menno De Jong,13:15 - 15:00,25 July,2010,Sunday,Weekend 1,Trance
7639,Forma.T,Unknown,Surfing Leons,13:30 - 15:00,25 July,2010,Sunday,Weekend 1,Unknown
7640,Kompakt,Unknown,Tobias Thomas,13:30 - 15:00,25 July,2010,Sunday,Weekend 1,Unknown
7641,Blue Flame,Unknown,Neon,13:30 - 15:00,25 July,2010,Sunday,Weekend 1,Electronic
7642,Coincidence,Unknown,RED D,13:30 - 15:15,25 July,2010,Sunday,Weekend 1,"Bass Music, Dubstep"
7643,Flügel Island,Unknown,Guy'Do,14:00 - 15:30,25 July,2010,Sunday,Weekend 1,Unknown
7644,Kne' Deep,Unknown,Bold,14:15 - 15:45,25 July,2010,Sunday,Weekend 1,Commercial Dance
7645,Smash The House,Unknown,Albin Meyers & Jonas Sellberg,14:30 - 16:00,25 July,2010,Sunday,Weekend 1,Unknown
7646,Versuz,Unknown,Dave Lambert,14:30 - 16:00,25 July,2010,Sunday,Weekend 1,Traditional House
7647,La Rocca,Unknown,16 bit lolitas,14:30 - 16:00,25 July,2010,Sunday,Weekend 1,Progressive House
7648,A State Of Trance,Unknown,Rank 1 (live),15:00 - 15:30,25 July,2010,Sunday,Weekend 1,Unknown
7649,Kompakt,Unknown,Jörg Burger,15:00 - 16:00,25 July,2010,Sunday,Weekend 1,Unknown
7650,B2B,Unknown,Tension,11:30 - 13:00,25 July,2010,Sunday,Weekend 1,Unknown
7651,Forma.T,Unknown,Boy 8 Bit,15:00 - 16:30,25 July,2010,Sunday,Weekend 1,Unknown
7652,Coincidence,Unknown,Dufrain,15:15 - 17:00,25 July,2010,Sunday,Weekend 1,Unknown
7653,B2B,Unknown,00.db,15:30 - 16:30,25 July,2010,Sunday,Weekend 1,Unknown
7654,Flügel Island,Unknown,Ya'Mo,15:30 - 17:00,25 July,2010,Sunday,Weekend 1,Unknown
7655,A State Of Trance,Unknown,Gareth Emery,15:30 - 17:30,25 July,2010,Sunday,Weekend 1,Trance
7656,Kne' Deep,Unknown,Du Art,15:45 - 17:15,25 July,2010,Sunday,Weekend 1,Unknown
7657,Blue Flame,Unknown,The Opposites,16:00 - 16:45,25 July,2010,Sunday,Weekend 1,Unknown
7658,Smash The House,Unknown,Kim Fai,16:00 - 17:30,25 July,2010,Sunday,Weekend 1,Traditional House
7659,Kompakt,Unknown,Robag Whrume,16:00 - 17:30,25 July,2010,Sunday,Weekend 1,Unknown
7660,La Rocca,Unknown,Sander Kleinenberg,16:00 - 17:30,25 July,2010,Sunday,Weekend 1,"Progressive House, Trance"
7661,Versuz,Unknown,Joachim Garraud,16:00 - 18:00,25 July,2010,Sunday,Weekend 1,Electro House
7662,Forma.T,Unknown,Mowgli,16:30 - 18:00,25 July,2010,Sunday,Weekend 1,Techno
7663,B2B,Unknown,Norion,16:30 - 18:30,25 July,2010,Sunday,Weekend 1,Unknown
7664,Blue Flame,Unknown,TLP,16:45 - 17:45,25 July,2010,Sunday,Weekend 1,Unknown
7665,Flügel Island,Unknown,Gentil & Nathan Fix,17:00 - 18:30,25 July,2010,Sunday,Weekend 1,Unknown
7666,Coincidence,Unknown,Marcus Vector,17:00 - 18:45,25 July,2010,Sunday,Weekend 1,Unknown
7667,Kne' Deep,Unknown,Miss DJax,17:15 - 18:00,25 July,2010,Sunday,Weekend 1,Commercial Dance
7668,Kompakt,Unknown,Dominik Eulberg,17:30 - 19:00,25 July,2010,Sunday,Weekend 1,Electro House
7669,La Rocca,Unknown,Nick Warren,17:30 - 19:00,25 July,2010,Sunday,Weekend 1,"Progressive House, Tech House"
7670,Smash The House,Unknown,Arno Cost & Norman Doray,17:30 - 19:30,25 July,2010,Sunday,Weekend 1,Unknown
7671,A State Of Trance,Unknown,Paul Oakenfold,17:30 - 19:30,25 July,2010,Sunday,Weekend 1,Trance
7672,Blue Flame,Unknown,Real El Canario,17:45 - 19:00,25 July,2010,Sunday,Weekend 1,Traditional House
7673,Forma.T,Unknown,Drop The Lime,18:00 - 19:30,25 July,2010,Sunday,Weekend 1,Electro House
7674,Kne' Deep,Unknown,Marco Remus,18:00 - 19:30,25 July,2010,Sunday,Weekend 1,Commercial Dance
7675,Blue Flame,Unknown,diMaro,15:00 - 16:00,25 July,2010,Sunday,Weekend 1,House
7676,B2B,Unknown,Bitkit (live),18:30 - 20:00,25 July,2010,Sunday,Weekend 1,Unknown
7677,Flügel Island,Unknown,Davidov,18:30 - 20:00,25 July,2010,Sunday,Weekend 1,Unknown
7678,Coincidence,Unknown,Psytox,18:45 - 20:30,25 July,2010,Sunday,Weekend 1,"Hardstyle, Rawstyle, Electronic"
7679,Blue Flame,Unknown,Nicolaz,19:00 - 20:00,25 July,2010,Sunday,Weekend 1,Unknown
7680,Kompakt,Unknown,Superpitcher,19:00 - 20:30,25 July,2010,Sunday,Weekend 1,Techno
7681,La Rocca,Unknown,James Zabiela,19:00 - 20:30,25 July,2010,Sunday,Weekend 1,"Tech House, Techno"
7682,Kne' Deep,Unknown,Pet Duo,19:30 - 20:15,25 July,2010,Sunday,Weekend 1,"Hardcore Techno, Techno"
7683,Smash The House,Unknown,AN21,19:30 - 21:00,25 July,2010,Sunday,Weekend 1,Progressive House
7684,Forma.T,Unknown,Kissy Sell Out,19:30 - 21:00,25 July,2010,Sunday,Weekend 1,Electro House
7685,A State Of Trance,Unknown,Markus Schulz,19:30 - 21:30,25 July,2010,Sunday,Weekend 1,"Progressive House, Trance"
7686,Blue Flame,Unknown,Tara McDonald,20:00 - 20:30,25 July,2010,Sunday,Weekend 1,Traditional House
7687,Flügel Island,Unknown,DJ Fré vs Lanier,20:00 - 21:30,25 July,2010,Sunday,Weekend 1,Unknown
7688,Versuz,Unknown,Roger Sanchez,20:00 - 22:00,25 July,2010,Sunday,Weekend 1,Traditional House
7689,B2B,Unknown,Firaga vs Synsun,20:00 - 22:30,25 July,2010,Sunday,Weekend 1,Unknown
7690,Kne' Deep,Unknown,DJ Rush,20:15 - 22:15,25 July,2010,Sunday,Weekend 1,Unknown
7691,Kompakt,Unknown,Reinhard Voigt,20:30 - 21:30,25 July,2010,Sunday,Weekend 1,Unknown
7692,Blue Flame,Unknown,Sunnery James & Ryan Marciano,20:30 - 21:30,25 July,2010,Sunday,Weekend 1,Electro House
7693,La Rocca,Unknown,Hernan Cattaneo,20:30 - 22:00,25 July,2010,Sunday,Weekend 1,"Progressive House, Tech House"
7694,Coincidence,Unknown,Tom Dazing & Gols,20:30 - 22:15,25 July,2010,Sunday,Weekend 1,Unknown
7695,Smash The House,Unknown,TV Rock,21:00 - 22:30,25 July,2010,Sunday,Weekend 1,Electro House
7696,Forma.T,Unknown,Wolfgang Gartner,21:00 - 22:30,25 July,2010,Sunday,Weekend 1,Electro House
7697,A State Of Trance,Unknown,Armin Van Buuren,21:30 - 00:00,25 July,2010,Sunday,Weekend 1,Trance
7698,Blue Flame,Unknown,N8N Remixed Presents Deejays R Rockstarz,21:30 - 22:30,25 July,2010,Sunday,Weekend 1,Unknown
7699,Kompakt,Unknown,Michael Mayer,21:30 - 23:00,25 July,2010,Sunday,Weekend 1,Techno
7700,Versuz,Unknown,Mark Knight vs Dirty South,18:00 - 20:00,25 July,2010,Sunday,Weekend 1,Unknown
7701,Versuz,Unknown,Axwell,22:00 - 00:00,25 July,2010,Sunday,Weekend 1,Progressive House
7702,La Rocca,Unknown,Sasha,22:00 - 00:00,25 July,2010,Sunday,Weekend 1,"Tech House, Techno"
7703,Coincidence,Unknown,Tom Hades & Soren Aalberg,22:15 - 00:00,25 July,2010,Sunday,Weekend 1,Unknown
7704,Kne' Deep,Unknown,Frank Kvitta,22:15 - 00:00,25 July,2010,Sunday,Weekend 1,Unknown
7705,Smash The House,Unknown,Dimitri Vegas & Like Mike,22:30 - 00:00,25 July,2010,Sunday,Weekend 1,Electro House
7706,B2B,Unknown,Skazi,22:30 - 00:00,25 July,2010,Sunday,Weekend 1,Trance
7707,Forma.T,Unknown,Don Diablo,22:30 - 00:00,25 July,2010,Sunday,Weekend 1,Progressive House
7708,Blue Flame,Unknown,Discobar Galaxie,22:30 - 00:00,25 July,2010,Sunday,Weekend 1,Unknown
7709,Kompakt,Unknown,Gui Boratto,23:00 - 00:00,25 July,2010,Sunday,Weekend 1,"Tech House, Techno"
7710,Mainstage,Mainstage,Martin Solveig,Unknown,25 July,2009,Saturday,Weekend 1,Electro House
7711,Mainstage,Mainstage,Felix da Housecat,Unknown,25 July,2009,Saturday,Weekend 1,Traditional House
7712,Mainstage,Mainstage,Laidback Luke,Unknown,25 July,2009,Saturday,Weekend 1,Electro House
7713,Mainstage,Mainstage,Yves V,Unknown,25 July,2009,Saturday,Weekend 1,Progressive House
7714,Mainstage,Mainstage,Les Petits Pilous,Unknown,25 July,2009,Saturday,Weekend 1,Commercial Dance
7715,Mainstage,Mainstage,Dada Life,Unknown,25 July,2009,Saturday,Weekend 1,"Electro House, Progressive House"
7716,Mainstage,Mainstage,Style of Eye,Unknown,25 July,2009,Saturday,Weekend 1,Traditional House
7717,Mainstage,Mainstage,Geht’s Noch,Unknown,25 July,2009,Saturday,Weekend 1,Unknown
7718,kozzmozz,Unknown,Kevin Saunderson,Unknown,25 July,2009,Saturday,Weekend 1,"Tech House, Techno"
7719,kozzmozz,Unknown,Derrick May,Unknown,25 July,2009,Saturday,Weekend 1,Techno
7720,kozzmozz,Unknown,Juan Atkins,Unknown,25 July,2009,Saturday,Weekend 1,"Tech House, Techno"
7721,kozzmozz,Unknown,Rolando,Unknown,25 July,2009,Saturday,Weekend 1,Electro House
7722,kozzmozz,Unknown,Stacey Pullen,Unknown,25 July,2009,Saturday,Weekend 1,Techno
7723,kozzmozz,Unknown,Kenny Larkin,Unknown,25 July,2009,Saturday,Weekend 1,Techno
7724,kozzmozz,Unknown,Aril Brikha,Unknown,25 July,2009,Saturday,Weekend 1,"Minimal, Techno"
7725,Flügel Island,Unknown,Les Mecs Eclectics,21:30 - 23:30,25 July,2010,Sunday,Weekend 1,"Electronic, Dance, House"
7726,kozzmozz,Unknown,Spacid,Unknown,25 July,2009,Saturday,Weekend 1,Unknown
7727,Café D'Anvers,Unknown,Joris Voorn,Unknown,25 July,2009,Saturday,Weekend 1,"Tech House, Techno"
7728,Café D'Anvers,Unknown,Radio Slave,Unknown,25 July,2009,Saturday,Weekend 1,"Tech House, Techno"
7729,Café D'Anvers,Unknown,Pig & Dan,Unknown,25 July,2009,Saturday,Weekend 1,Techno
7730,Café D'Anvers,Unknown,Dominik Eulberg,Unknown,25 July,2009,Saturday,Weekend 1,Electro House
7731,Café D'Anvers,Unknown,Marc Romboy,Unknown,25 July,2009,Saturday,Weekend 1,"Tech House, Techno"
7732,Café D'Anvers,Unknown,Kiki,Unknown,25 July,2009,Saturday,Weekend 1,"Tech House, Techno"
7733,Café D'Anvers,Unknown,Prinz,Unknown,25 July,2009,Saturday,Weekend 1,Techno
7734,Café D'Anvers,Unknown,Patrick Schmidt,Unknown,25 July,2009,Saturday,Weekend 1,Unknown
7735,Café D'Anvers,Unknown,MC P-Pholl,Unknown,25 July,2009,Saturday,Weekend 1,Unknown
7736,Q-Dance,Unknown,Technoboy,Unknown,25 July,2009,Saturday,Weekend 1,Hardcore Techno
7737,Q-Dance,Unknown,Zany,Unknown,25 July,2009,Saturday,Weekend 1,Hardcore Techno
7738,Q-Dance,Unknown,Tatanka,Unknown,25 July,2009,Saturday,Weekend 1,Rock
7739,Q-Dance,Unknown,Evil Activities,Unknown,25 July,2009,Saturday,Weekend 1,Hardcore Techno
7740,Q-Dance,Unknown,Pavo,Unknown,25 July,2009,Saturday,Weekend 1,Trance
7741,Q-Dance,Unknown,Deepack,Unknown,25 July,2009,Saturday,Weekend 1,Hardcore Techno
7742,Q-Dance,Unknown,Brennan Heart,Unknown,25 July,2009,Saturday,Weekend 1,Hard Dance
7743,Q-Dance,Unknown,Frontliner,Unknown,25 July,2009,Saturday,Weekend 1,Hardcore Techno
7744,Q-Dance,Unknown,Scope DJ,Unknown,25 July,2009,Saturday,Weekend 1,Hardcore Techno
7745,Q-Dance,Unknown,Binum,Unknown,25 July,2009,Saturday,Weekend 1,Unknown
7746,Q-Dance,Unknown,Playboyz VS Ronald V,Unknown,25 July,2009,Saturday,Weekend 1,Unknown
7747,Q-Dance,Unknown,Chicago Zone,Unknown,25 July,2009,Saturday,Weekend 1,Unknown
7748,Q-Dance,Unknown,MC V,Unknown,25 July,2009,Saturday,Weekend 1,MC
7749,Defected In The House,Unknown,David Morales,Unknown,25 July,2009,Saturday,Weekend 1,Traditional House
7750,kozzmozz,Unknown,Kr!z,Unknown,25 July,2009,Saturday,Weekend 1,Unknown
7751,Defected In The House,Unknown,Simon Dunmore,Unknown,25 July,2009,Saturday,Weekend 1,Unknown
7752,Defected In The House,Unknown,Copyright,Unknown,25 July,2009,Saturday,Weekend 1,Traditional House
7753,Defected In The House,Unknown,Soul Migrantz,Unknown,25 July,2009,Saturday,Weekend 1,Unknown
7754,Defected In The House,Unknown,Yamo vs Red D Feat. Lady Linn,Unknown,25 July,2009,Saturday,Weekend 1,Unknown
7755,Defected In The House,Unknown,Merdan Taplak,Unknown,25 July,2009,Saturday,Weekend 1,Unknown
7756,Defected In The House,Unknown,Shovel live,Unknown,25 July,2009,Saturday,Weekend 1,Unknown
7757,I Love The 90's,Unknown,DJ Sash!,Unknown,25 July,2009,Saturday,Weekend 1,Unknown
7758,I Love The 90's,Unknown,SNAP!,Unknown,25 July,2009,Saturday,Weekend 1,Unknown
7759,I Love The 90's,Unknown,Push,Unknown,25 July,2009,Saturday,Weekend 1,"Trance, Progressive House"
7760,I Love The 90's,Unknown,Regi & Wout,Unknown,25 July,2009,Saturday,Weekend 1,Unknown
7761,I Love The 90's,Unknown,Natural Born Deejays,Unknown,25 July,2009,Saturday,Weekend 1,Unknown
7762,I Love The 90's,Unknown,Pat Krimson,Unknown,25 July,2009,Saturday,Weekend 1,"Electronic, Dance"
7763,I Love The 90's,Unknown,DJ Ward,Unknown,25 July,2009,Saturday,Weekend 1,Unknown
7764,Star Warz,Unknown,Goldie & SP:MC,Unknown,25 July,2009,Saturday,Weekend 1,Unknown
7765,Star Warz,Unknown,D Bridge & SP:MC,Unknown,25 July,2009,Saturday,Weekend 1,Unknown
7766,Star Warz,Unknown,One87 & DMC,Unknown,25 July,2009,Saturday,Weekend 1,Unknown
7767,Star Warz,Unknown,Nymfo & DMC,Unknown,25 July,2009,Saturday,Weekend 1,Unknown
7768,Star Warz,Unknown,Murdock,Unknown,25 July,2009,Saturday,Weekend 1,Drum & Bass
7769,Star Warz,Unknown,Juice Blender,Unknown,25 July,2009,Saturday,Weekend 1,Unknown
7770,Star Warz,Unknown,Tito & Echo Virus and MC,Unknown,25 July,2009,Saturday,Weekend 1,Unknown
7771,Star Warz,Unknown,Ebony,Unknown,25 July,2009,Saturday,Weekend 1,Unknown
7772,Star Warz,Unknown,Wontime,Unknown,25 July,2009,Saturday,Weekend 1,Unknown
7773,Star Warz,Unknown,The Nitrous,Unknown,25 July,2009,Saturday,Weekend 1,Unknown
7774,Star Warz,Unknown,Foxy Lady & MC Elvee,Unknown,25 July,2009,Saturday,Weekend 1,Unknown
7775,Defected In The House,Unknown,Junior Jack & Kid Crème,Unknown,25 July,2009,Saturday,Weekend 1,Unknown
7776,B2E,Unknown,John 00 Flemming,Unknown,25 July,2009,Saturday,Weekend 1,Unknown
7777,B2E,Unknown,Firaga,Unknown,25 July,2009,Saturday,Weekend 1,Psytrance
7778,B2E,Unknown,Norion,Unknown,25 July,2009,Saturday,Weekend 1,Unknown
7779,B2E,Unknown,Ephedrix,Unknown,25 July,2009,Saturday,Weekend 1,Unknown
7780,B2E,Unknown,Loop generation,Unknown,25 July,2009,Saturday,Weekend 1,Unknown
7781,Versuz invites Dirty Dutch,Unknown,Chuckie,Unknown,25 July,2009,Saturday,Weekend 1,Electro House
7782,Versuz invites Dirty Dutch,Unknown,Daniel Bovie & Roy Rox,Unknown,25 July,2009,Saturday,Weekend 1,Traditional House
7783,Versuz invites Dirty Dutch,Unknown,Roog,Unknown,25 July,2009,Saturday,Weekend 1,Traditional House
7784,Versuz invites Dirty Dutch,Unknown,Sunnery James & Ryan Marciano,Unknown,25 July,2009,Saturday,Weekend 1,Electro House
7785,Versuz invites Dirty Dutch,Unknown,Afrojack,Unknown,25 July,2009,Saturday,Weekend 1,"Electro House, Progressive House"
7786,Versuz invites Dirty Dutch,Unknown,Ricky Rivaro,Unknown,25 July,2009,Saturday,Weekend 1,Unknown
7787,Versuz invites Dirty Dutch,Unknown,Shermanology,Unknown,25 July,2009,Saturday,Weekend 1,Unknown
7788,Versuz invites Dirty Dutch,Unknown,DJ Frederico,Unknown,25 July,2009,Saturday,Weekend 1,Unknown
7789,Versuz invites Dirty Dutch,Unknown,Roga vs Zawdi MC,Unknown,25 July,2009,Saturday,Weekend 1,Unknown
7790,Ketaloco,Unknown,Caspar,Unknown,25 July,2009,Saturday,Weekend 1,Unknown
7791,Ketaloco,Unknown,don Santos,Unknown,25 July,2009,Saturday,Weekend 1,Unknown
7792,Ketaloco,Unknown,Don Cabron,Unknown,25 July,2009,Saturday,Weekend 1,Unknown
7793,Ketaloco,Unknown,Stijn,Unknown,25 July,2009,Saturday,Weekend 1,Unknown
7794,Ketaloco,Unknown,El Livin,Unknown,25 July,2009,Saturday,Weekend 1,Unknown
7795,Mainstage,Mainstage,DJ Vertesse,11:00 - 12:30,26 July,2009,Sunday,Weekend 1,Unknown
7796,Mainstage,Mainstage,Jon Rundell,12:30 - 14:00,26 July,2009,Sunday,Weekend 1,Techno
7797,Mainstage,Mainstage,Sharam Jey,14:00 - 15:00,26 July,2009,Sunday,Weekend 1,"Dubstep, Indie / Underground"
7798,Mainstage,Mainstage,The Subs,15:30 - 16:30,26 July,2009,Sunday,Weekend 1,Commercial Dance
7799,Mainstage,Mainstage,Axwell,16:30 - 18:00,26 July,2009,Sunday,Weekend 1,Progressive House
7800,B2E,Unknown,Infected Mushroom,Unknown,25 July,2009,Saturday,Weekend 1,"Psychedelic Trance, Trance"
7801,Mainstage,Mainstage,John Dahlbäck,19:30 - 21:00,26 July,2009,Sunday,Weekend 1,"Electro House, Progressive House"
7802,Mainstage,Mainstage,Moby,21:00 - 22:30,26 July,2009,Sunday,Weekend 1,Electronica
7803,Mainstage,Mainstage,Paul Van Dyk,22:30 - 00:00,26 July,2009,Sunday,Weekend 1,Trance
7804,Kompakt,Unknown,Okinawa 69,11:00 - 11:00,26 July,2009,Sunday,Weekend 1,Unknown
7805,Café D'Anvers,Unknown,Shimtshack,11:00 - 12:00,26 July,2009,Sunday,Weekend 1,Unknown
7806,Flügel Island,Unknown,Senor Funk,11:00 - 13:00,26 July,2009,Sunday,Weekend 1,Unknown
7807,Kompakt,Unknown,Morse Inspectors,11:00 - 13:00,26 July,2009,Sunday,Weekend 1,Unknown
7808,Q-Dance,Unknown,DJ Stephanie,11:30 - 12:30,26 July,2009,Sunday,Weekend 1,Unknown
7809,Vandit,Unknown,Fred Nova,11:30 - 13:00,26 July,2009,Sunday,Weekend 1,Unknown
7810,The Tunnel of Love,Unknown,Mister JB,12:00 - 12:00,26 July,2009,Sunday,Weekend 1,Unknown
7811,The Tunnel of Love,Unknown,Roma,12:00 - 12:00,26 July,2009,Sunday,Weekend 1,"Electronic, Dance"
7812,Deja vu vs Rendez Fou,Unknown,N8N,12:00 - 13:30,26 July,2009,Sunday,Weekend 1,Unknown
7813,Ghoststyle,Unknown,Nicolas Clays,12:00 - 13:30,26 July,2009,Sunday,Weekend 1,Unknown
7814,La Rocca,Unknown,Neon,12:00 - 14:00,26 July,2009,Sunday,Weekend 1,Electronic
7815,Café D'Anvers,Unknown,Bartholomeo,12:00 - 14:00,26 July,2009,Sunday,Weekend 1,Unknown
7816,Versuz invites David Guetta & Friends,Unknown,Tom Leclercq & Barry Fore,12:00 - 15:00,26 July,2009,Sunday,Weekend 1,Unknown
7817,Q-Dance,Unknown,E-Max,13:00 - 14:00,26 July,2009,Sunday,Weekend 1,Unknown
7818,Kompakt,Unknown,Jan Eric Kaiser,13:00 - 14:30,26 July,2009,Sunday,Weekend 1,Unknown
7819,Vandit,Unknown,Leon Bolier & Sied Van Riel,13:00 - 14:30,26 July,2009,Sunday,Weekend 1,Unknown
7820,The Greatest Switch,Unknown,Jan Van Biesen,13:00 - 15:00,26 July,2009,Sunday,Weekend 1,Unknown
7821,Flügel Island,Unknown,Elektrokid,13:00 - 15:00,26 July,2009,Sunday,Weekend 1,Electro House
7822,Deja vu vs Rendez Fou,Unknown,diMaro,13:30 - 15:00,26 July,2009,Sunday,Weekend 1,House
7823,Ghoststyle,Unknown,Mark with a K,13:30 - 15:00,26 July,2009,Sunday,Weekend 1,Hard Dance
7824,Q-Dance,Unknown,Ruthless,14:00 - 15:00,26 July,2009,Sunday,Weekend 1,Hardcore Techno
7825,Mainstage,Mainstage,Armand Van Helden,18:00 - 19:30,26 July,2009,Sunday,Weekend 1,Traditional House
7826,La Rocca,Unknown,Guy J,14:00 - 16:00,26 July,2009,Sunday,Weekend 1,"Tech House, Techno"
7827,Café D'Anvers,Unknown,Smos & Baby Bee,14:00 - 16:00,26 July,2009,Sunday,Weekend 1,Unknown
7828,Kompakt,Unknown,DJ Fra,14:30 - 16:00,26 July,2009,Sunday,Weekend 1,"Deep House, Tech House"
7829,Vandit,Unknown,Filo & Peri,14:30 - 16:00,26 July,2009,Sunday,Weekend 1,Unknown
7830,Q-Dance,Unknown,Alpha²,15:00 - 16:00,26 July,2009,Sunday,Weekend 1,Unknown
7831,Ghoststyle,Unknown,Manu Kenton,15:00 - 16:00,26 July,2009,Sunday,Weekend 1,Unknown
7832,Versuz invites David Guetta & Friends,Unknown,Dave Lambert,15:00 - 16:30,26 July,2009,Sunday,Weekend 1,Traditional House
7833,Deja vu vs Rendez Fou,Unknown,Mystique,15:00 - 16:30,26 July,2009,Sunday,Weekend 1,Hardstyle
7834,The Greatest Switch,Unknown,Raoul,15:00 - 17:00,26 July,2009,Sunday,Weekend 1,Unknown
7835,Flügel Island,Unknown,DJ Sake,15:00 - 17:00,26 July,2009,Sunday,Weekend 1,Hip-Hop
7836,Flügel Island,Unknown,Sir-G,15:00 - 17:00,26 July,2009,Sunday,Weekend 1,Unknown
7837,Kompakt,Unknown,Maxime Dangles,16:00 - 16:45,26 July,2009,Sunday,Weekend 1,Techno
7838,Q-Dance,Unknown,Hardstyle Masterz,16:00 - 17:00,26 July,2009,Sunday,Weekend 1,Unknown
7839,Ghoststyle,Unknown,Q-IC,16:00 - 17:00,26 July,2009,Sunday,Weekend 1,Unknown
7840,Vandit,Unknown,Jon O'Bir,16:00 - 17:30,26 July,2009,Sunday,Weekend 1,Trance
7841,The Tunnel of Love,Unknown,Iris,16:00 - 17:30,26 July,2009,Sunday,Weekend 1,Indie
7842,La Rocca,Unknown,16 bit lolitas,16:00 - 18:00,26 July,2009,Sunday,Weekend 1,Progressive House
7843,Café D'Anvers,Unknown,Silicone Soul,16:00 - 18:00,26 July,2009,Sunday,Weekend 1,"Traditional House, Techno"
7844,Versuz invites David Guetta & Friends,Unknown,Wally Lopez,16:30 - 18:00,26 July,2009,Sunday,Weekend 1,Traditional House
7845,Deja vu vs Rendez Fou,Unknown,TLP vs Davidov,16:30 - 18:30,26 July,2009,Sunday,Weekend 1,Unknown
7846,Kompakt,Unknown,Jennifer Cardini,16:45 - 18:30,26 July,2009,Sunday,Weekend 1,Commercial Dance
7847,Ghoststyle,Unknown,Armani & Ghost,17:00 - 17:30,26 July,2009,Sunday,Weekend 1,Unknown
7848,Q-Dance,Unknown,Noisecontrollers,17:00 - 18:00,26 July,2009,Sunday,Weekend 1,Hardcore Techno
7849,The Greatest Switch,Unknown,Ed & Kim,17:00 - 19:00,26 July,2009,Sunday,Weekend 1,Unknown
7850,The Tunnel of Love,Unknown,Seppe,14:00 - 15:30,26 July,2009,Sunday,Weekend 1,Traditional House
7851,Vandit,Unknown,Thrillseekers,17:30 - 19:00,26 July,2009,Sunday,Weekend 1,Trance
7852,Ghoststyle,Unknown,Max Walder,17:30 - 19:00,26 July,2009,Sunday,Weekend 1,Unknown
7853,Versuz invites David Guetta & Friends,Unknown,Dirty South,18:00 - 19:30,26 July,2009,Sunday,Weekend 1,"Electro House, Progressive House"
7854,The Tunnel of Love,Unknown,Nabil,18:00 - 19:30,26 July,2009,Sunday,Weekend 1,Unknown
7855,Q-Dance,Unknown,The Beholder vs The Prophet,18:00 - 19:30,26 July,2009,Sunday,Weekend 1,Unknown
7856,La Rocca,Unknown,Hernan Cattaneo,18:00 - 20:00,26 July,2009,Sunday,Weekend 1,"Progressive House, Tech House"
7857,Café D'Anvers,Unknown,Timo Maas,18:00 - 20:00,26 July,2009,Sunday,Weekend 1,"Tech House, Techno"
7858,Deja vu vs Rendez Fou,Unknown,Nicolaz,18:30 - 20:00,26 July,2009,Sunday,Weekend 1,Unknown
7859,Kompakt,Unknown,DJ Koze,18:30 - 21:15,26 July,2009,Sunday,Weekend 1,"Techno, Deep House"
7860,Vandit,Unknown,Giuseppe Ottaviani,19:00 - 20:00,26 July,2009,Sunday,Weekend 1,Trance
7861,Q-Dance,Unknown,Dana,19:00 - 20:00,26 July,2009,Sunday,Weekend 1,Tech House
7862,Ghoststyle,Unknown,DJ Ghost,19:00 - 20:00,26 July,2009,Sunday,Weekend 1,"Hard Trance, Techno"
7863,The Greatest Switch,Unknown,T99 aka Olivier Abbeloos,19:00 - 20:30,26 July,2009,Sunday,Weekend 1,Unknown
7864,Flügel Island,Unknown,2 Dirty,19:00 - 22:00,26 July,2009,Sunday,Weekend 1,Unknown
7865,Versuz invites David Guetta & Friends,Unknown,Mark Knight,19:30 - 21:00,26 July,2009,Sunday,Weekend 1,Tech House
7866,Q-Dance,Unknown,Coone,20:00 - 21:00,26 July,2009,Sunday,Weekend 1,Hard Dance
7867,Vandit,Unknown,Above & Beyond,20:00 - 22:00,26 July,2009,Sunday,Weekend 1,Trance
7868,Deja vu vs Rendez Fou,Unknown,Discobar Galaxie,20:00 - 22:00,26 July,2009,Sunday,Weekend 1,Unknown
7869,The Tunnel of Love,Unknown,Tom de Neef,20:00 - 22:00,26 July,2009,Sunday,Weekend 1,Traditional House
7870,La Rocca,Unknown,James Zabiela,20:00 - 22:00,26 July,2009,Sunday,Weekend 1,"Tech House, Techno"
7871,Ghoststyle,Unknown,DJ Rush,20:00 - 22:00,26 July,2009,Sunday,Weekend 1,Unknown
7872,Café D'Anvers,Unknown,Josh Wink,20:00 - 22:00,26 July,2009,Sunday,Weekend 1,"Tech House, Techno"
7873,The Greatest Switch,Unknown,Tomaz,20:30 - 22:30,26 July,2009,Sunday,Weekend 1,Unknown
7874,Versuz invites David Guetta & Friends,Unknown,David Guetta,21:00 - 00:00,26 July,2009,Sunday,Weekend 1,Electro House
7875,Flügel Island,Unknown,Housetrap,17:00 - 19:00,26 July,2009,Sunday,Weekend 1,Unknown
7876,Kompakt,Unknown,Burger/Voigt,21:15 - 22:00,26 July,2009,Sunday,Weekend 1,Unknown
7877,La Rocca,Unknown,Joeri,22:00 - 00:00,26 July,2009,Sunday,Weekend 1,Commercial Dance
7878,Flügel Island,Unknown,Dave Kane,22:00 - 00:00,26 July,2009,Sunday,Weekend 1,Unknown
7879,Kompakt,Unknown,Michael Mayer,22:00 - 00:00,26 July,2009,Sunday,Weekend 1,Techno
7880,Ghoststyle,Unknown,Marco Remus,22:00 - 00:00,26 July,2009,Sunday,Weekend 1,Commercial Dance
7881,Café D'Anvers,Unknown,Sasha & John Digweed,22:00 - 00:00,26 July,2009,Sunday,Weekend 1,Unknown
7882,Q-Dance,Unknown,D-Block & S-te-Fan,22:00 - 23:00,26 July,2009,Sunday,Weekend 1,"Hard Dance, Hardcore Techno"
7883,Deja vu vs Rendez Fou,Unknown,Sound of Stereo,22:00 - 23:50,26 July,2009,Sunday,Weekend 1,Unknown
7884,Q-Dance,Unknown,Donkey Rollers,23:00 - 23:00,26 July,2009,Sunday,Weekend 1,Hardcore Techno
7885,Mainstage,Mainstage,Martin Solveig,Unknown,26 July,2008,Saturday,Weekend 1,Electro House
7886,Mainstage,Mainstage,John Dahlbäck,Unknown,26 July,2008,Saturday,Weekend 1,"Electro House, Progressive House"
7887,Mainstage,Mainstage,The Subs,Unknown,26 July,2008,Saturday,Weekend 1,Commercial Dance
7888,Mainstage,Mainstage,The Glimmers,Unknown,26 July,2008,Saturday,Weekend 1,Electro House
7889,Mainstage,Mainstage,Ida Engberg,Unknown,26 July,2008,Saturday,Weekend 1,Techno
7890,Mainstage,Mainstage,Monica Electronica,Unknown,26 July,2008,Saturday,Weekend 1,Unknown
7891,Mainstage,Mainstage,Winner DJ contest,Unknown,26 July,2008,Saturday,Weekend 1,Unknown
7892,Ghoststyle,Unknown,DJ Rush,Unknown,26 July,2008,Saturday,Weekend 1,Unknown
7893,Ghoststyle,Unknown,Marco Remus,Unknown,26 July,2008,Saturday,Weekend 1,Commercial Dance
7894,Ghoststyle,Unknown,DJ Ghost,Unknown,26 July,2008,Saturday,Weekend 1,"Hard Trance, Techno"
7895,Ghoststyle,Unknown,Manu Kenton,Unknown,26 July,2008,Saturday,Weekend 1,Unknown
7896,Ghoststyle,Unknown,Q-IC,Unknown,26 July,2008,Saturday,Weekend 1,Unknown
7897,Ghoststyle,Unknown,Max Walder,Unknown,26 July,2008,Saturday,Weekend 1,Unknown
7898,Bpitch Control,Unknown,Ellen Allien,Unknown,26 July,2008,Saturday,Weekend 1,Techno
7899,Bpitch Control,Unknown,Paul Kalkbrenner,Unknown,26 July,2008,Saturday,Weekend 1,Techno
7900,Q-Dance,Unknown,Neophyte,21:00 - 22:00,26 July,2009,Sunday,Weekend 1,Unknown
7901,Bpitch Control,Unknown,Sascha Funke,Unknown,26 July,2008,Saturday,Weekend 1,Traditional House
7902,Bpitch Control,Unknown,Thomas Andersson,Unknown,26 July,2008,Saturday,Weekend 1,Unknown
7903,Bpitch Control,Unknown,Thomas Muller,Unknown,26 July,2008,Saturday,Weekend 1,Commercial Dance
7904,Bpitch Control,Unknown,Dave Ellesmere,Unknown,26 July,2008,Saturday,Weekend 1,Unknown
7905,Versuz invites Defected In The House,Unknown,Kenny Dope,Unknown,26 July,2008,Saturday,Weekend 1,Traditional House
7906,Versuz invites Defected In The House,Unknown,Very special guest,Unknown,26 July,2008,Saturday,Weekend 1,Unknown
7907,Versuz invites Defected In The House,Unknown,Simon Dunmore,Unknown,26 July,2008,Saturday,Weekend 1,Unknown
7908,Versuz invites Defected In The House,Unknown,Copyright,Unknown,26 July,2008,Saturday,Weekend 1,Traditional House
7909,Versuz invites Defected In The House,Unknown,Yamo,Unknown,26 July,2008,Saturday,Weekend 1,"Electronic, Experimental"
7910,Versuz invites Defected In The House,Unknown,Dave Lambert,Unknown,26 July,2008,Saturday,Weekend 1,Traditional House
7911,Bonzai,Unknown,Andy Moor,Unknown,26 July,2008,Saturday,Weekend 1,Trance
7912,Bonzai,Unknown,Gareth Emery,Unknown,26 July,2008,Saturday,Weekend 1,Trance
7913,Bonzai,Unknown,Miikha Kuisma,Unknown,26 July,2008,Saturday,Weekend 1,Unknown
7914,Bonzai,Unknown,Yves De Ruyter,Unknown,26 July,2008,Saturday,Weekend 1,Unknown
7915,Bonzai,Unknown,Airwave,Unknown,26 July,2008,Saturday,Weekend 1,"Progressive House, Psychedelic Trance"
7916,Bonzai,Unknown,Capetown,Unknown,26 July,2008,Saturday,Weekend 1,Unknown
7917,Bonzai,Unknown,Fire,Unknown,26 July,2008,Saturday,Weekend 1,Blues
7918,Bonzai,Unknown,DJ Elof,Unknown,26 July,2008,Saturday,Weekend 1,Unknown
7919,Back 2 Basics,Unknown,Yahel,Unknown,26 July,2008,Saturday,Weekend 1,Trance
7920,Back 2 Basics,Unknown,Astral Projection,Unknown,26 July,2008,Saturday,Weekend 1,"Psychedelic Trance, Trance"
7921,Back 2 Basics,Unknown,GMS,Unknown,26 July,2008,Saturday,Weekend 1,"Chill Out, Trance"
7922,Back 2 Basics,Unknown,Norion,Unknown,26 July,2008,Saturday,Weekend 1,Unknown
7923,Back 2 Basics,Unknown,Firaga,Unknown,26 July,2008,Saturday,Weekend 1,Psytrance
7924,Back 2 Basics,Unknown,Euphoria,Unknown,26 July,2008,Saturday,Weekend 1,Unknown
7925,Bpitch Control,Unknown,Zander VT,Unknown,26 July,2008,Saturday,Weekend 1,Unknown
7926,Star Warz,Unknown,Soundweapon aka Fresh & MC Ivory,Unknown,26 July,2008,Saturday,Weekend 1,Unknown
7927,Star Warz,Unknown,Simon Bassline Smith & Youngman Mc,Unknown,26 July,2008,Saturday,Weekend 1,Unknown
7928,Star Warz,Unknown,One87 & DMC,Unknown,26 July,2008,Saturday,Weekend 1,Unknown
7929,Star Warz,Unknown,TLP,Unknown,26 July,2008,Saturday,Weekend 1,Unknown
7930,Star Warz,Unknown,Nymfo,Unknown,26 July,2008,Saturday,Weekend 1,Drum & Bass
7931,Star Warz,Unknown,Murdock,Unknown,26 July,2008,Saturday,Weekend 1,Drum & Bass
7932,Star Warz,Unknown,D Convict,Unknown,26 July,2008,Saturday,Weekend 1,Unknown
7933,Mainstage,Mainstage,Armin Van Buuren,Unknown,27 July,2008,Sunday,Weekend 1,Trance
7934,Mainstage,Mainstage,David Guetta,Unknown,27 July,2008,Sunday,Weekend 1,Electro House
7935,Mainstage,Mainstage,Carl Cox,Unknown,27 July,2008,Sunday,Weekend 1,"Tech House, Techno"
7936,Mainstage,Mainstage,Dr. Lektroluv,Unknown,27 July,2008,Sunday,Weekend 1,Unknown
7937,Mainstage,Mainstage,Felix Da Housecat,Unknown,27 July,2008,Sunday,Weekend 1,Traditional House
7938,Mainstage,Mainstage,Yves-V,Unknown,27 July,2008,Sunday,Weekend 1,Unknown
7939,Mainstage,Mainstage,Brian-V,Unknown,27 July,2008,Sunday,Weekend 1,Unknown
7940,Mainstage,Mainstage,Winner DJ contest,Unknown,27 July,2008,Sunday,Weekend 1,Unknown
7941,Q-Dance,Unknown,Fausto,Unknown,27 July,2008,Sunday,Weekend 1,Hard Dance
7942,Electronic Ghetto,Unknown,IVan Smagghe,Unknown,27 July,2008,Sunday,Weekend 1,Electro House
7943,Electronic Ghetto,Unknown,Mason,Unknown,27 July,2008,Sunday,Weekend 1,"Hip-Hop, Trap, Future Bass"
7944,Electronic Ghetto,Unknown,Para One,Unknown,27 July,2008,Sunday,Weekend 1,Commercial Dance
7945,Electronic Ghetto,Unknown,Les Petits Pilous,Unknown,27 July,2008,Sunday,Weekend 1,Commercial Dance
7946,Electronic Ghetto,Unknown,Teenage Bad Girl,Unknown,27 July,2008,Sunday,Weekend 1,Commercial Dance
7947,Electronic Ghetto,Unknown,Housemeister,Unknown,27 July,2008,Sunday,Weekend 1,Commercial Dance
7948,Electronic Ghetto,Unknown,Shadowdancer,Unknown,27 July,2008,Sunday,Weekend 1,Unknown
7949,Electronic Ghetto,Unknown,Ramon Tapia aka El Carlitto,Unknown,27 July,2008,Sunday,Weekend 1,Unknown
7950,Star Warz,Unknown,Brian G & MC Fearless,Unknown,26 July,2008,Saturday,Weekend 1,Unknown
7951,Armada,Unknown,Markus Schulz,Unknown,27 July,2008,Sunday,Weekend 1,"Progressive House, Trance"
7952,Armada,Unknown,PUSH,Unknown,27 July,2008,Sunday,Weekend 1,"Trance, Progressive House"
7953,Armada,Unknown,Deadmau5,Unknown,27 July,2008,Sunday,Weekend 1,"Electro House, Progressive House"
7954,Armada,Unknown,Menno De Jong,Unknown,27 July,2008,Sunday,Weekend 1,Trance
7955,Armada,Unknown,Fred Baker,Unknown,27 July,2008,Sunday,Weekend 1,"Techno, Trance"
7956,Armada,Unknown,Fred Nova,Unknown,27 July,2008,Sunday,Weekend 1,Unknown
7957,kozzmozz,Unknown,Chris Liebing,Unknown,27 July,2008,Sunday,Weekend 1,Techno
7958,kozzmozz,Unknown,British Murder Boys,Unknown,27 July,2008,Sunday,Weekend 1,Unknown
7959,kozzmozz,Unknown,Claude Young,Unknown,27 July,2008,Sunday,Weekend 1,Commercial Dance
7960,kozzmozz,Unknown,Steve Bug,Unknown,27 July,2008,Sunday,Weekend 1,"Tech House, Techno"
7961,kozzmozz,Unknown,DJ Pierre,Unknown,27 July,2008,Sunday,Weekend 1,House
7962,kozzmozz,Unknown,Spacid,Unknown,27 July,2008,Sunday,Weekend 1,Unknown
7963,kozzmozz,Unknown,Kr!z,Unknown,27 July,2008,Sunday,Weekend 1,Unknown
7964,Versuz,Unknown,Fedde Le Grand,Unknown,27 July,2008,Sunday,Weekend 1,Progressive House
7965,Versuz,Unknown,Joachim Gerraud,Unknown,27 July,2008,Sunday,Weekend 1,Unknown
7966,Versuz,Unknown,Funkerman,Unknown,27 July,2008,Sunday,Weekend 1,Progressive House
7967,Versuz,Unknown,Dave Lambert,Unknown,27 July,2008,Sunday,Weekend 1,Traditional House
7968,Versuz,Unknown,Tom leclerq,Unknown,27 July,2008,Sunday,Weekend 1,Unknown
7969,Versuz,Unknown,B,Unknown,27 July,2008,Sunday,Weekend 1,Commercial Dance
7970,Kompakt,Unknown,Gui Borrato,Unknown,27 July,2008,Sunday,Weekend 1,Unknown
7971,Kompakt,Unknown,Wighnomy Bros,Unknown,27 July,2008,Sunday,Weekend 1,Unknown
7972,Kompakt,Unknown,Superpitcher,Unknown,27 July,2008,Sunday,Weekend 1,Techno
7973,Kompakt,Unknown,Tobias thomas,Unknown,27 July,2008,Sunday,Weekend 1,Unknown
7974,Kompakt,Unknown,Jennifer cardini,Unknown,27 July,2008,Sunday,Weekend 1,Commercial Dance
7975,Armada,Unknown,Above & Beyond,Unknown,27 July,2008,Sunday,Weekend 1,Trance
7976,Kompakt,Unknown,Geo,Unknown,27 July,2008,Sunday,Weekend 1,"Synthpop, Trip Hop, Uk Garage"
7977,Kompakt,Unknown,Morse Inspectors,Unknown,27 July,2008,Sunday,Weekend 1,Unknown
7978,Rendez Fou,Unknown,Discobar Galaxie,Unknown,27 July,2008,Sunday,Weekend 1,Unknown
7979,Rendez Fou,Unknown,Mystique & Davidov,Unknown,27 July,2008,Sunday,Weekend 1,Unknown
7980,Rendez Fou,Unknown,TiNo & Raoul,Unknown,27 July,2008,Sunday,Weekend 1,Unknown
7981,Rendez Fou,Unknown,RedD,Unknown,27 July,2008,Sunday,Weekend 1,Commercial Dance
7982,Rendez Fou,Unknown,Guy Ohm,Unknown,27 July,2008,Sunday,Weekend 1,Unknown
7983,Café D'Anvers,Unknown,Sasha,Unknown,27 July,2008,Sunday,Weekend 1,"Tech House, Techno"
7984,Café D'Anvers,Unknown,Dubfire,Unknown,27 July,2008,Sunday,Weekend 1,Techno
7985,Café D'Anvers,Unknown,Loco Dice,Unknown,27 July,2008,Sunday,Weekend 1,"Tech House, Techno"
7986,Café D'Anvers,Unknown,Dominik Eulberg,Unknown,27 July,2008,Sunday,Weekend 1,Electro House
7987,Café D'Anvers,Unknown,Smos & Baby Bee,Unknown,27 July,2008,Sunday,Weekend 1,Unknown
7988,Café D'Anvers,Unknown,Prinz,Unknown,27 July,2008,Sunday,Weekend 1,Techno
7989,Café D'Anvers,Unknown,Patrick Schmidt vs Bartholomeo,Unknown,27 July,2008,Sunday,Weekend 1,Unknown
7990,Q-Dance,Unknown,Zany,Unknown,27 July,2008,Sunday,Weekend 1,Hardcore Techno
7991,Q-Dance,Unknown,The Prophet,Unknown,27 July,2008,Sunday,Weekend 1,Hardcore Techno
7992,Q-Dance,Unknown,Showtek,Unknown,27 July,2008,Sunday,Weekend 1,Hardcore Techno
7993,Q-Dance,Unknown,Coone,Unknown,27 July,2008,Sunday,Weekend 1,Hard Dance
7994,Q-Dance,Unknown,Headhunterz & Wildstylez,Unknown,27 July,2008,Sunday,Weekend 1,Unknown
7995,Q-Dance,Unknown,The Viper,Unknown,27 July,2008,Sunday,Weekend 1,Band
7996,Q-Dance,Unknown,Deepack,Unknown,27 July,2008,Sunday,Weekend 1,Hardcore Techno
7997,Q-Dance,Unknown,Josh & Wesz,Unknown,27 July,2008,Sunday,Weekend 1,Unknown
7998,Q-Dance,Unknown,Max Enforcer & Balistic,Unknown,27 July,2008,Sunday,Weekend 1,Unknown
7999,Mainstage,Mainstage,Winner DJ Contest 'Chaos in Mind',14:00 - 16:00,28 July,2007,Saturday,Weekend 1,Unknown
8000,Kompakt,Unknown,Navid tahernia,Unknown,27 July,2008,Sunday,Weekend 1,Unknown
8001,Mainstage,Mainstage,Buscemi,18:00 - 20:00,28 July,2007,Saturday,Weekend 1,Unknown
8002,Mainstage,Mainstage,Shameboy,20:00 - 21:00,28 July,2007,Saturday,Weekend 1,Unknown
8003,Mainstage,Mainstage,Marco Bailey,21:00 - 23:00,28 July,2007,Saturday,Weekend 1,"Tech House, Techno"
8004,Mainstage,Mainstage,Magnus,23:00 - 01:00,28 July,2007,Saturday,Weekend 1,Commercial Dance
8005,Bonzai,Unknown,Guiseppe Ottaviani (live),00:00 - 01:00,28 July,2007,Saturday,Weekend 1,Unknown
8006,Bonzai,Unknown,DJ Elof,14:00 - 15:15,28 July,2007,Saturday,Weekend 1,Unknown
8007,G.Oststyle,Unknown,Lethal MG,14:00 - 15:30,28 July,2007,Saturday,Weekend 1,Unknown
8008,Star Warz,Unknown,Murdock,14:00 - 17:00,28 July,2007,Saturday,Weekend 1,Drum & Bass
8009,Back 2 Basics,Unknown,Norion,14:30 - 16:00,28 July,2007,Saturday,Weekend 1,Unknown
8010,Bonzai,Unknown,DJ Fire,15:15 - 16:30,28 July,2007,Saturday,Weekend 1,Electronic
8011,G.Oststyle,Unknown,Danny-C,15:30 - 17:00,28 July,2007,Saturday,Weekend 1,Unknown
8012,Back 2 Basics,Unknown,Kairon,16:00 - 17:30,28 July,2007,Saturday,Weekend 1,Unknown
8013,Bonzai,Unknown,Airwave,16:30 - 18:00,28 July,2007,Saturday,Weekend 1,"Progressive House, Psychedelic Trance"
8014,G.Oststyle,Unknown,Q-IC,17:00 - 18:30,28 July,2007,Saturday,Weekend 1,Unknown
8015,Star Warz,Unknown,Simon Basline Smith & Youngman MC,17:00 - 19:00,28 July,2007,Saturday,Weekend 1,Unknown
8016,Back 2 Basics,Unknown,Firaga,17:30 - 19:00,28 July,2007,Saturday,Weekend 1,Psytrance
8017,Bonzai,Unknown,Roger Orb,18:00 - 19:30,28 July,2007,Saturday,Weekend 1,Unknown
8018,G.Oststyle,Unknown,Eric Sneo,18:30 - 20:00,28 July,2007,Saturday,Weekend 1,Techno
8019,Back 2 Basics,Unknown,John '00' Flemming,19:00 - 20:30,28 July,2007,Saturday,Weekend 1,Unknown
8020,Star Warz,Unknown,Fresh & Stamina MC,19:00 - 21:00,28 July,2007,Saturday,Weekend 1,Unknown
8021,Bonzai,Unknown,Armandi,19:30 - 21:00,28 July,2007,Saturday,Weekend 1,Unknown
8022,G.Oststyle,Unknown,DJ Ghost,20:00 - 21:30,28 July,2007,Saturday,Weekend 1,"Hard Trance, Techno"
8023,Back 2 Basics,Unknown,Lani,20:30 - 22:00,28 July,2007,Saturday,Weekend 1,Unknown
8024,Bonzai,Unknown,Yves De Ruyter,21:00 - 22:30,28 July,2007,Saturday,Weekend 1,Unknown
8025,Mainstage,Mainstage,Jan Van Biesen,16:00 - 18:00,28 July,2007,Saturday,Weekend 1,Unknown
8026,G.Oststyle,Unknown,Miss DJax,21:30 - 23:00,28 July,2007,Saturday,Weekend 1,Commercial Dance
8027,Back 2 Basics,Unknown,Yahel,22:00 - 23:30,28 July,2007,Saturday,Weekend 1,Trance
8028,Bonzai,Unknown,Manuel Le Saux,22:30 - 00:00,28 July,2007,Saturday,Weekend 1,Trance
8029,G.Oststyle,Unknown,Marco Remus,23:00 - 01:00,28 July,2007,Saturday,Weekend 1,Commercial Dance
8030,Star Warz,Unknown,Millenium Kru & MC Dapper,23:00 - 01:00,28 July,2007,Saturday,Weekend 1,Unknown
8031,Back 2 Basics,Unknown,Astrix,23:30 - 01:00,28 July,2007,Saturday,Weekend 1,Psychedelic Trance
8032,Mainstage,Mainstage,Opening winner DJ Contest “Cool hand Luke”,11:15 - 12:45,29 July,2007,Sunday,Weekend 1,Unknown
8033,Mainstage,Mainstage,Marko,12:45 - 14:15,29 July,2007,Sunday,Weekend 1,Techno
8034,Mainstage,Mainstage,Mason,14:15 - 15:45,29 July,2007,Sunday,Weekend 1,"Hip-Hop, Trap, Future Bass"
8035,Mainstage,Mainstage,Yves V,15:45 - 17:15,29 July,2007,Sunday,Weekend 1,Progressive House
8036,Mainstage,Mainstage,Sander Kleinenberg,17:15 - 18:45,29 July,2007,Sunday,Weekend 1,"Progressive House, Trance"
8037,Mainstage,Mainstage,David Guetta,18:45 - 20:30,29 July,2007,Sunday,Weekend 1,Electro House
8038,Mainstage,Mainstage,Roger Sanchez,20:30 - 22:15,29 July,2007,Sunday,Weekend 1,Traditional House
8039,Mainstage,Mainstage,Paul Van Dyk,22:15 - 00:00,29 July,2007,Sunday,Weekend 1,Trance
8040,Armada,Unknown,Fred Nova,11:00 - 12:30,29 July,2007,Sunday,Weekend 1,Unknown
8041,Q-Dance,Unknown,Chicago Zone Vs. Lobotomy Inc,11:30 - 13:30,29 July,2007,Sunday,Weekend 1,Unknown
8042,kozzmozz,Unknown,Kozz,12:00 - 13:30,29 July,2007,Sunday,Weekend 1,Unknown
8043,Café D'Anvers,Unknown,Tweety,12:00 - 14:00,29 July,2007,Sunday,Weekend 1,Unknown
8044,Mondial,Unknown,Baby Bang,12:00 - 14:00,29 July,2007,Sunday,Weekend 1,Unknown
8045,Versuz,Unknown,Tom Leclerq & B,12:00 - 15:00,29 July,2007,Sunday,Weekend 1,Unknown
8046,Armada,Unknown,Perry O' Neill,12:30 - 14:00,29 July,2007,Sunday,Weekend 1,Unknown
8047,Rendez Fou,Unknown,TiNo,13:00 - 14:30,29 July,2007,Sunday,Weekend 1,Techno
8048,kozzmozz,Unknown,Kr!z,13:30 - 15:00,29 July,2007,Sunday,Weekend 1,Unknown
8049,Q-Dance,Unknown,Yoji Biomehanika,13:30 - 15:30,29 July,2007,Sunday,Weekend 1,Unknown
8050,Star Warz,Unknown,Ed Rush & MC Justyce,21:00 - 23:00,28 July,2007,Saturday,Weekend 1,Unknown
8051,Café D'Anvers,Unknown,Bart:elomeo,14:00 - 15:30,29 July,2007,Sunday,Weekend 1,Unknown
8052,Samsung,Unknown,Mr. Brown,14:00 - 16:00,29 July,2007,Sunday,Weekend 1,Unknown
8053,Mondial,Unknown,B Rock,14:00 - 16:00,29 July,2007,Sunday,Weekend 1,Unknown
8054,Rendez Fou,Unknown,Red D vs Ya'Mo,14:30 - 16:30,29 July,2007,Sunday,Weekend 1,Unknown
8055,kozzmozz,Unknown,Joris Voorn,15:00 - 17:00,29 July,2007,Sunday,Weekend 1,"Tech House, Techno"
8056,Versuz,Unknown,Tom De Neef,15:00 - 17:00,29 July,2007,Sunday,Weekend 1,Traditional House
8057,Armada,Unknown,Rank 1,15:30 - 17:00,29 July,2007,Sunday,Weekend 1,Trance
8058,Café D'Anvers,Unknown,Prinz,15:30 - 17:00,29 July,2007,Sunday,Weekend 1,Techno
8059,Q-Dance,Unknown,Coone Vs Ruthless,15:30 - 17:00,29 July,2007,Sunday,Weekend 1,Unknown
8060,Mondial,Unknown,Uneal,16:00 - 17:00,29 July,2007,Sunday,Weekend 1,Unknown
8061,Samsung,Unknown,Davidov,16:00 - 18:00,29 July,2007,Sunday,Weekend 1,Unknown
8062,Rendez Fou,Unknown,Raoul,16:30 - 18:30,29 July,2007,Sunday,Weekend 1,Commercial Dance
8063,Mondial,Unknown,Cosmic,17:00 - 18:00,29 July,2007,Sunday,Weekend 1,Disco
8064,Q-Dance,Unknown,Zatox,17:00 - 18:30,29 July,2007,Sunday,Weekend 1,Hard Dance
8065,Armada,Unknown,Markus Schulz,17:00 - 19:00,29 July,2007,Sunday,Weekend 1,"Progressive House, Trance"
8066,kozzmozz,Unknown,T-Quest,17:00 - 19:00,29 July,2007,Sunday,Weekend 1,Unknown
8067,Café D'Anvers,Unknown,Carl Craig,17:00 - 19:00,29 July,2007,Sunday,Weekend 1,Techno
8068,Versuz,Unknown,Steve Angello,17:00 - 19:00,29 July,2007,Sunday,Weekend 1,Progressive House
8069,Mondial,Unknown,Joss,18:00 - 19:00,29 July,2007,Sunday,Weekend 1,Unknown
8070,Samsung,Unknown,DJ 4T4,18:00 - 20:00,29 July,2007,Sunday,Weekend 1,Unknown
8071,Q-Dance,Unknown,Headhunterz,18:30 - 20:00,29 July,2007,Sunday,Weekend 1,Hard Dance
8072,Rendez Fou,Unknown,Davidov vs Mystique,18:30 - 20:30,29 July,2007,Sunday,Weekend 1,Unknown
8073,Mondial,Unknown,Sake,19:00 - 20:00,29 July,2007,Sunday,Weekend 1,Hip-Hop
8074,Café D'Anvers,Unknown,Filliz,19:00 - 20:30,29 July,2007,Sunday,Weekend 1,Unknown
8075,Armada,Unknown,Blake Jarrell,14:00 - 15:30,29 July,2007,Sunday,Weekend 1,"Progressive House, Trance"
8076,kozzmozz,Unknown,Technasia,19:00 - 21:00,29 July,2007,Sunday,Weekend 1,Commercial Dance
8077,Armada,Unknown,Armin Van Buuren,19:00 - 22:00,29 July,2007,Sunday,Weekend 1,Trance
8078,Q-Dance,Unknown,Showtek,20:00 - 21:00,29 July,2007,Sunday,Weekend 1,Hardcore Techno
8079,Samsung,Unknown,Discobar Galaxie,20:00 - 22:00,29 July,2007,Sunday,Weekend 1,Unknown
8080,Mondial,Unknown,Cash Money,20:00 - 22:00,29 July,2007,Sunday,Weekend 1,Unknown
8081,Café D'Anvers,Unknown,Smos & Baby B,20:30 - 22:00,29 July,2007,Sunday,Weekend 1,Unknown
8082,Rendez Fou,Unknown,Maxim Lany vs El Carlitto,20:30 - 22:30,29 July,2007,Sunday,Weekend 1,Unknown
8083,Versuz,Unknown,Bob Sinclar,21:00 - 00:00,29 July,2007,Sunday,Weekend 1,Traditional House
8084,Q-Dance,Unknown,Luna,21:00 - 22:00,29 July,2007,Sunday,Weekend 1,"Synthpop, Trip Hop, Uk Garage"
8085,kozzmozz,Unknown,Jeff Mills,21:00 - 22:30,29 July,2007,Sunday,Weekend 1,"Traditional House, Techno"
8086,Armada,Unknown,Menno De Jong,22:00 - 00:00,29 July,2007,Sunday,Weekend 1,Trance
8087,Café D'Anvers,Unknown,Luciano,22:00 - 00:00,29 July,2007,Sunday,Weekend 1,"Minimal, Techno"
8088,Q-Dance,Unknown,Zany,22:00 - 23:00,29 July,2007,Sunday,Weekend 1,Hardcore Techno
8089,Samsung,Unknown,Les Freres Deluxe,22:00 - 23:30,29 July,2007,Sunday,Weekend 1,Unknown
8090,Mondial,Unknown,Crack T,22:00 - 23:30,29 July,2007,Sunday,Weekend 1,Unknown
8091,kozzmozz,Unknown,DJ Rush,22:30 - 00:00,29 July,2007,Sunday,Weekend 1,Unknown
8092,Rendez Fou,Unknown,Guy Ohm feat. Funky Frenic,22:30 - 23:45,29 July,2007,Sunday,Weekend 1,Unknown
8093,Q-Dance,Unknown,Promo Vs Lady Dana,23:00 - 00:00,29 July,2007,Sunday,Weekend 1,Unknown
8094,Mainstage,Mainstage,Armin Van Buuren,Unknown,30 July,2006,Sunday,Weekend 1,Trance
8095,Mainstage,Mainstage,Ferry Corsten,Unknown,30 July,2006,Sunday,Weekend 1,Trance
8096,Mainstage,Mainstage,David Guetta,Unknown,30 July,2006,Sunday,Weekend 1,Electro House
8097,Mainstage,Mainstage,Filterheadz (live),Unknown,30 July,2006,Sunday,Weekend 1,Unknown
8098,Mainstage,Mainstage,Chris Liebing,Unknown,30 July,2006,Sunday,Weekend 1,Techno
8099,Mainstage,Mainstage,Marco Bailey,Unknown,30 July,2006,Sunday,Weekend 1,"Tech House, Techno"
8100,Versuz,Unknown,Dave Lambert,19:00 - 21:00,29 July,2007,Sunday,Weekend 1,Traditional House
8101,kozzmozz,Unknown,T-Quest,Unknown,30 July,2006,Sunday,Weekend 1,Unknown
8102,kozzmozz,Unknown,Kozz,Unknown,30 July,2006,Sunday,Weekend 1,Unknown
8103,kozzmozz,Unknown,Kr!z,Unknown,30 July,2006,Sunday,Weekend 1,Unknown
8104,Versuz,Unknown,Bob Sinclar,Unknown,30 July,2006,Sunday,Weekend 1,Traditional House
8105,Versuz,Unknown,Axwell,Unknown,30 July,2006,Sunday,Weekend 1,Progressive House
8106,Versuz,Unknown,Dave Lambert,Unknown,30 July,2006,Sunday,Weekend 1,Traditional House
8107,Versuz,Unknown,Bart Maes,Unknown,30 July,2006,Sunday,Weekend 1,Unknown
8108,Versuz,Unknown,Tom Leclerq,Unknown,30 July,2006,Sunday,Weekend 1,Unknown
8109,Café D'Anvers,Unknown,Silicone Soul,Unknown,30 July,2006,Sunday,Weekend 1,"Traditional House, Techno"
8110,Café D'Anvers,Unknown,Raul,Unknown,30 July,2006,Sunday,Weekend 1,Electro House
8111,Café D'Anvers,Unknown,Smos & Baby B,Unknown,30 July,2006,Sunday,Weekend 1,Unknown
8112,Café D'Anvers,Unknown,Prinz,Unknown,30 July,2006,Sunday,Weekend 1,Techno
8113,Café D'Anvers,Unknown,Filliz,Unknown,30 July,2006,Sunday,Weekend 1,Unknown
8114,Café D'Anvers,Unknown,Bartholomeo,Unknown,30 July,2006,Sunday,Weekend 1,Unknown
8115,Q-Dance,Unknown,Balistic,Unknown,30 July,2006,Sunday,Weekend 1,Unknown
8116,Q-Dance,Unknown,Beholder,Unknown,30 July,2006,Sunday,Weekend 1,Commercial Dance
8117,Q-Dance,Unknown,Coone,Unknown,30 July,2006,Sunday,Weekend 1,Hard Dance
8118,Q-Dance,Unknown,Dana,Unknown,30 July,2006,Sunday,Weekend 1,Tech House
8119,Q-Dance,Unknown,Dark-E,Unknown,30 July,2006,Sunday,Weekend 1,Unknown
8120,Q-Dance,Unknown,Ghost,Unknown,30 July,2006,Sunday,Weekend 1,Rock
8121,Q-Dance,Unknown,Massiv,Unknown,30 July,2006,Sunday,Weekend 1,Hardcore
8122,Q-Dance,Unknown,Promo,Unknown,30 July,2006,Sunday,Weekend 1,Trance
8123,Q-Dance,Unknown,Ruthless,Unknown,30 July,2006,Sunday,Weekend 1,Hardcore Techno
8124,Q-Dance,Unknown,Scot Project,Unknown,30 July,2006,Sunday,Weekend 1,"Hard Dance, Trance"
8125,kozzmozz,Unknown,Oscar Mulero,Unknown,30 July,2006,Sunday,Weekend 1,Techno
8126,Q-Dance,Unknown,The Rebel,Unknown,30 July,2006,Sunday,Weekend 1,Unknown
8127,Q-Dance,Unknown,Zany,Unknown,30 July,2006,Sunday,Weekend 1,Hardcore Techno
8128,Perfecto,Unknown,Paul Oakenfold,Unknown,30 July,2006,Sunday,Weekend 1,Trance
8129,Perfecto,Unknown,Markus Schulz,Unknown,30 July,2006,Sunday,Weekend 1,"Progressive House, Trance"
8130,Perfecto,Unknown,Mark Norman vs Cor Fijneman,Unknown,30 July,2006,Sunday,Weekend 1,Unknown
8131,Perfecto,Unknown,Menno De Jong vs Estuera,Unknown,30 July,2006,Sunday,Weekend 1,Unknown
8132,Perfecto,Unknown,Phynn vs Fred Baker,Unknown,30 July,2006,Sunday,Weekend 1,Unknown
8133,Perfecto,Unknown,Emjay,Unknown,30 July,2006,Sunday,Weekend 1,Unknown
8134,Perfecto,Unknown,Ronald Van Gelderen,Unknown,30 July,2006,Sunday,Weekend 1,Unknown
8135,Perfecto,Unknown,Liam Shachar,Unknown,30 July,2006,Sunday,Weekend 1,"Progressive House, Trance"
8136,Rendez Fou,Unknown,Starski & Tonic,Unknown,30 July,2006,Sunday,Weekend 1,Unknown
8137,Rendez Fou,Unknown,Guy Ohm & Funky Frenic (Sax),Unknown,30 July,2006,Sunday,Weekend 1,Unknown
8138,Rendez Fou,Unknown,Maxim Lany & El Carlito,Unknown,30 July,2006,Sunday,Weekend 1,Unknown
8139,Rendez Fou,Unknown,Red D,Unknown,30 July,2006,Sunday,Weekend 1,"Bass Music, Dubstep"
8140,Rendez Fou,Unknown,Mystique,Unknown,30 July,2006,Sunday,Weekend 1,Hardstyle
8141,Rendez Fou,Unknown,Tino,Unknown,30 July,2006,Sunday,Weekend 1,Techno
8142,Mississipi,Unknown,DJ Kool,Unknown,30 July,2006,Sunday,Weekend 1,Unknown
8143,Mississipi,Unknown,TLP,Unknown,30 July,2006,Sunday,Weekend 1,Unknown
8144,Mississipi,Unknown,Mad D & Vista,Unknown,30 July,2006,Sunday,Weekend 1,Unknown
8145,Mississipi,Unknown,Chen,Unknown,30 July,2006,Sunday,Weekend 1,Electro House
8146,Mississipi,Unknown,Serom,Unknown,30 July,2006,Sunday,Weekend 1,Unknown
8147,Mississipi,Unknown,Luck E,Unknown,30 July,2006,Sunday,Weekend 1,Unknown
8148,Mississipi,Unknown,Sense,Unknown,30 July,2006,Sunday,Weekend 1,Rap
8149,Area 9,Unknown,Neon,Unknown,30 July,2006,Sunday,Weekend 1,Electronic
8150,Q-Dance,Unknown,Tatanka,Unknown,30 July,2006,Sunday,Weekend 1,Rock
8151,Area 9,Unknown,Elof de Neve,Unknown,30 July,2006,Sunday,Weekend 1,Unknown
8152,Area 9,Unknown,Yves Deruyter,Unknown,30 July,2006,Sunday,Weekend 1,Trance
8153,kozzmozz,Unknown,Rush,Unknown,30 July,2006,Sunday,Weekend 1,Minimal
8154,kozzmozz,Unknown,Ben Sims,Unknown,30 July,2006,Sunday,Weekend 1,Techno
8155,kozzmozz,Unknown,Surgeon,Unknown,30 July,2006,Sunday,Weekend 1,Unknown
8156,Mainstage,Mainstage,M.I.K.E.,00:00 - 01:00,14 August,2005,Sunday,Weekend 1,Trance
8157,Mainstage,Mainstage,Ronald Van Gelderen,13:30 - 15:30,14 August,2005,Sunday,Weekend 1,Unknown
8158,Mainstage,Mainstage,Ferry Corsten,15:30 - 17:45,14 August,2005,Sunday,Weekend 1,Trance
8159,Mainstage,Mainstage,Ghost,17:45 - 20:00,14 August,2005,Sunday,Weekend 1,Rock
8160,Mainstage,Mainstage,M.I.K.E. live,20:00 - 21:00,14 August,2005,Sunday,Weekend 1,Unknown
8161,Mainstage,Mainstage,Introducing DJ Sasha,21:00 - 22:00,14 August,2005,Sunday,Weekend 1,Unknown
8162,Mainstage,Mainstage,Sasha,22:00 - 00:00,14 August,2005,Sunday,Weekend 1,"Tech House, Techno"
8163,kozzmozz,Unknown,Advent Live,00:00 - 00:55,14 August,2005,Sunday,Weekend 1,Unknown
8164,Culture Club,Unknown,Felix Da Housecat,00:00 - 00:55,14 August,2005,Sunday,Weekend 1,Traditional House
8165,Black Hole,Unknown,Dimitri Andreas,00:00 - 00:55,14 August,2005,Sunday,Weekend 1,Unknown
8166,Q-Dance,Unknown,Promo,00:00 - 01:00,14 August,2005,Sunday,Weekend 1,Trance
8167,(Area2),Unknown,Gigantic Outdoor Fireworks,01:00 - 01:10,14 August,2005,Sunday,Weekend 1,Unknown
8168,Black Hole,Unknown,Estuara,13:00 - 14:00,14 August,2005,Sunday,Weekend 1,Unknown
8169,Q-Dance,Unknown,Greg C,13:00 - 14:30,14 August,2005,Sunday,Weekend 1,Unknown
8170,kozzmozz,Unknown,Cyrix,13:00 - 15:00,14 August,2005,Sunday,Weekend 1,Unknown
8171,Culture Club,Unknown,Maxim lany,13:00 - 15:00,14 August,2005,Sunday,Weekend 1,"House, Deep House"
8172,(Area2),Unknown,Mystique,13:00 - 15:00,14 August,2005,Sunday,Weekend 1,Hardstyle
8173,Versuz,Unknown,Tom Leclerq,13:00 - 15:00,14 August,2005,Sunday,Weekend 1,Unknown
8174,Café D'Anvers,Unknown,Smos & Baby Bee,13:00 - 15:00,14 August,2005,Sunday,Weekend 1,Unknown
8175,Area 9,Unknown,Filip Delie,Unknown,30 July,2006,Sunday,Weekend 1,Unknown
8176,Black Hole,Unknown,Fred Baker,14:00 - 15:00,14 August,2005,Sunday,Weekend 1,"Techno, Trance"
8177,Q-Dance,Unknown,Coone & Dark e,14:30 - 16:00,14 August,2005,Sunday,Weekend 1,Unknown
8178,Cocoon,Unknown,Ada,15:00 - 16:00,14 August,2005,Sunday,Weekend 1,"Techno, House"
8179,Café D'Anvers,Unknown,Filliz,15:00 - 16:15,14 August,2005,Sunday,Weekend 1,Unknown
8180,Black Hole,Unknown,Eddie Halliwell,15:00 - 16:30,14 August,2005,Sunday,Weekend 1,"Progressive House, Trance"
8181,kozzmozz,Unknown,Kozz,15:00 - 17:00,14 August,2005,Sunday,Weekend 1,Unknown
8182,Culture Club,Unknown,Fredo & Thang,15:00 - 17:00,14 August,2005,Sunday,Weekend 1,Unknown
8183,(Area2),Unknown,Chuckie,15:00 - 17:00,14 August,2005,Sunday,Weekend 1,Electro House
8184,Versuz,Unknown,B,15:00 - 17:00,14 August,2005,Sunday,Weekend 1,Commercial Dance
8185,Q-Dance,Unknown,Yoji Biomehanika,16:00 - 17:15,14 August,2005,Sunday,Weekend 1,Unknown
8186,Cocoon,Unknown,Marco Bailey,16:00 - 17:30,14 August,2005,Sunday,Weekend 1,"Tech House, Techno"
8187,Café D'Anvers,Unknown,Tweety,16:15 - 17:30,14 August,2005,Sunday,Weekend 1,Unknown
8188,Black Hole,Unknown,DJ Ton TB,16:30 - 18:00,14 August,2005,Sunday,Weekend 1,Unknown
8189,kozzmozz,Unknown,André Galuzzi,17:00 - 19:00,14 August,2005,Sunday,Weekend 1,Unknown
8190,Culture Club,Unknown,Starski & Tonic,17:00 - 19:00,14 August,2005,Sunday,Weekend 1,Unknown
8191,(Area2),Unknown,Jahzulluh & Davidov,17:00 - 19:00,14 August,2005,Sunday,Weekend 1,Unknown
8192,Versuz,Unknown,Bart Maes,17:00 - 19:00,14 August,2005,Sunday,Weekend 1,Unknown
8193,Q-Dance,Unknown,Yves De Ruyter,17:15 - 18:30,14 August,2005,Sunday,Weekend 1,Unknown
8194,Café D'Anvers,Unknown,Bartholomeo,17:30 - 18:45,14 August,2005,Sunday,Weekend 1,Unknown
8195,Cocoon,Unknown,Toni Rios,17:30 - 19:00,14 August,2005,Sunday,Weekend 1,Electronica
8196,Black Hole,Unknown,Mojado (live),18:00 - 19:00,14 August,2005,Sunday,Weekend 1,Unknown
8197,Q-Dance,Unknown,Pavo,18:30 - 19:45,14 August,2005,Sunday,Weekend 1,Trance
8198,Café D'Anvers,Unknown,Sven Van Hees,18:45 - 20:30,14 August,2005,Sunday,Weekend 1,"Chill Out, Traditional House"
8199,(Area2),Unknown,TLP aka Troubleman,19:00 - 00:55,14 August,2005,Sunday,Weekend 1,Unknown
8200,Cocoon,Unknown,Frank Lober,13:00 - 15:00,14 August,2005,Sunday,Weekend 1,Unknown
8201,Black Hole,Unknown,John O'Bir,19:00 - 20:30,14 August,2005,Sunday,Weekend 1,Unknown
8202,Culture Club,Unknown,Justice,19:00 - 21:00,14 August,2005,Sunday,Weekend 1,"Electro House, Indie / Underground"
8203,Versuz,Unknown,Dr. Kucho,19:00 - 21:00,14 August,2005,Sunday,Weekend 1,Traditional House
8204,Cocoon,Unknown,Sven Väth,19:00 - 22:00,14 August,2005,Sunday,Weekend 1,Techno
8205,Q-Dance,Unknown,The Prophet,19:45 - 21:00,14 August,2005,Sunday,Weekend 1,Hardcore Techno
8206,kozzmozz,Unknown,T-Quest,20:00 - 22:00,14 August,2005,Sunday,Weekend 1,Unknown
8207,Café D'Anvers,Unknown,Isabel,20:30 - 21:45,14 August,2005,Sunday,Weekend 1,Unknown
8208,Black Hole,Unknown,Cor Fijneman,20:30 - 22:30,14 August,2005,Sunday,Weekend 1,Unknown
8209,Q-Dance,Unknown,DJ Luna,21:00 - 22:00,14 August,2005,Sunday,Weekend 1,Unknown
8210,Culture Club,Unknown,Erol Alkan,21:00 - 23:00,14 August,2005,Sunday,Weekend 1,"Electro House, Indie / Underground"
8211,Versuz,Unknown,Dave Lambert,21:00 - 23:00,14 August,2005,Sunday,Weekend 1,Traditional House
8212,Café D'Anvers,Unknown,Andy Caldwell,21:45 - 23:45,14 August,2005,Sunday,Weekend 1,Traditional House
8213,kozzmozz,Unknown,Monika Kruse,22:00 - 00:00,14 August,2005,Sunday,Weekend 1,"Tech House, Techno"
8214,Q-Dance,Unknown,Technoboy,22:00 - 23:00,14 August,2005,Sunday,Weekend 1,Hardcore Techno
8215,Cocoon,Unknown,Richard Bartz,22:00 - 23:00,14 August,2005,Sunday,Weekend 1,Unknown
8216,Black Hole,Unknown,DJ Montana,22:30 - 00:00,14 August,2005,Sunday,Weekend 1,Unknown
8217,Q-Dance,Unknown,Darkraver,23:00 - 00:00,14 August,2005,Sunday,Weekend 1,"Electro House, Hard Dance"
8218,Versuz,Unknown,Armin Van Buuren,23:00 - 00:55,14 August,2005,Sunday,Weekend 1,Trance
8219,Cocoon,Unknown,Pacal FEOS,23:00 - 00:55,14 August,2005,Sunday,Weekend 1,Unknown
8220,Café D'Anvers,Unknown,Prinz,23:45 - 00:55,14 August,2005,Sunday,Weekend 1,Techno
