artist,artist_display,played_1_years_ago,played_2_years_ago,played_3_years_ago,total_past_appearances,appearance_rate,consecutive_years,years_since_last,is_insomniac,has_agency,has_residency,producer_rank_score,log_followers,log_streams,log_playlists,log_playlist_reach,log_charts,log_shazams,log_videos,log_views,log_dj_supports,probability,result
armin van buuren,armin van buuren,1,1,1,4,1.0,4,0.0,1,1,1,93.0,17.376556668977415,23.390494043597812,10.950824090522445,20.301671348432752,8.07215530818825,18.20872439438966,14.727793670047236,0.0,11.282266241614355,0.84467,1
hugel,hugel,1,1,1,4,1.0,4,0.0,0,1,0,95.0,15.919644712234481,22.19114018528914,10.635879484421974,20.298617910950526,7.949091499830517,17.61771871970664,15.28798284468299,23.85876005291904,9.820160289946374,0.8103,1
tiësto,tiësto,1,1,1,4,1.0,4,0.0,1,1,0,91.0,17.90148688732258,24.05547034715733,11.759793355371237,21.12873094572124,8.662677858158219,18.95717412031489,16.642824239064897,24.42209562193827,11.35159406537374,0.80264,1
deorro,deorro,1,1,1,4,1.0,4,0.0,0,1,1,0.0,15.799266987061275,22.165467830241003,10.502351525774941,19.893152803606885,7.630461261783627,17.9426449591384,14.04662307257814,22.119510529166995,9.60245002503719,0.79736,1
kaskade,kaskade,1,1,1,4,1.0,4,0.0,0,1,1,0.0,15.981129910564055,22.0765203442465,10.419330568113901,19.991377830149037,7.673223121121708,16.86478364583966,13.498057700804253,21.09482939406855,9.825580063659602,0.78857,1
martin garrix,martin garrix,1,1,1,3,0.75,3,0.0,0,1,1,52.0,18.271019981012362,23.897144295925717,11.226589153242802,20.772056002068226,8.054204897064407,18.450239555902648,15.121137287019383,22.7434880190989,10.942013616092948,0.77384,1
vintage culture,vintage culture,1,1,0,3,0.75,2,0.0,0,1,1,85.0,16.785925074816024,22.314539778956508,10.510559281627845,20.05967746056976,7.590346945602565,16.705882371415992,14.297937324492327,21.44597182023334,10.158168529848494,0.75039,1
bones,bones,1,1,1,4,1.0,4,0.0,1,1,0,0.0,15.08527138372705,22.3719244627261,9.495594499353297,18.151493267225753,6.784457062637643,16.257857680289998,14.04662307257814,22.251493694171888,2.0794415416798357,0.72679,1
dom dolla,dom dolla,1,1,1,4,1.0,4,0.0,0,1,1,0.0,15.252973443188226,21.431301630000107,10.090008612393838,19.74243658660135,7.447751280047908,16.213405921671733,12.577639650232573,21.193269466817146,9.53249633228804,0.72589,1
john summit,john summit,0,1,0,2,0.5,0,1.0,0,1,1,90.0,15.38620784998213,21.534196053607186,10.2328272702548,19.843789080604612,7.323830566202317,16.257857680289998,12.91657092142417,21.316592682776633,10.122663242288953,0.72037,1
fisher,fisher,1,1,1,4,1.0,4,0.0,0,1,1,60.0,9.908524844053396,20.356540558597178,9.367429587218957,19.253589871235295,7.02197642307216,15.19427690455251,11.58989576532275,19.558513748978886,8.705828110266784,0.71618,1
mau p,mau p,1,1,1,3,0.75,3,0.0,0,1,1,92.0,14.115615891155079,20.469663079436152,9.588845298501564,19.535822337850373,7.023758954738443,15.233788207067937,13.269059483669357,20.94640938906062,9.350189267092581,0.70997,1
matroda,matroda,1,1,1,4,1.0,4,0.0,0,1,1,54.0,13.555444949561487,20.036100730052084,9.392745258631441,18.974565862925928,6.634633357861686,14.648420115681892,10.25769445336048,18.985994558684244,9.401043372798053,0.69809,1
trouble,trouble,1,1,1,4,1.0,4,0.0,1,1,0,0.0,13.265599278590988,20.26598098168823,8.37378460812088,18.147558835972518,5.996452088619021,15.126542704125361,11.904974309480183,17.778226696719344,2.3978952727983707,0.69339,1
alesso,alesso,1,1,0,3,0.75,2,0.0,1,1,1,0.0,16.924571561468124,23.182854678835593,11.008760940077243,20.61901581668249,8.10832229017324,18.033546607256465,13.348703414510117,21.38595381053711,10.468829770273567,0.69147,1
excision,excision,1,1,1,4,1.0,4,0.0,0,1,1,0.0,15.656060350091908,21.09482939406855,9.074291527512907,18.31420851056532,7.065613363597717,15.030423599064406,11.571203807011969,20.020068322553165,9.581972891547895,0.68565,1
illenium,illenium,1,1,0,3,0.75,2,0.0,0,1,1,0.0,15.802014241159043,22.909317113796863,10.510559281627845,20.29555512142467,7.836764783264067,16.60667572712668,13.697853639354802,21.421400559017396,9.367429587218957,0.68217,1
dj snake,dj snake,1,1,0,3,0.75,2,0.0,0,1,1,0.0,18.142288731617718,24.281466967446722,11.571203807011969,21.03807657751637,8.458716261657262,19.143386731608224,17.867295523158884,24.107656100326082,10.295563423525277,0.68023,1
fireworks,fireworks,1,1,1,4,1.0,4,0.0,0,0,0,0.0,11.982935344196433,16.231424425551033,5.198497031265826,13.883170141017091,2.5649493574615367,9.055322649709574,4.672828834461906,10.611547975828369,0.0,0.67822,1
zedd,zedd,0,1,1,3,0.75,0,1.0,0,1,1,0.0,17.652810038748207,23.608066549848985,11.225256725762893,20.752824640158828,7.918992488165245,18.430631084706523,15.799266987061275,22.449597501029945,10.081675578048475,0.66527,1
da tweekaz,da tweekaz,1,1,1,4,1.0,4,0.0,0,1,0,0.0,14.452087916136215,21.09482939406855,9.249657234353133,18.078190449090098,6.838405200847344,14.819812533461441,12.682309930111785,20.652843373722828,9.375939552625749,0.66343,1
alok,alok,1,0,1,3,0.75,1,0.0,0,1,1,73.0,18.198786424522982,23.21647128963175,11.11395422597838,20.752824640158828,8.243282523048375,17.949075849365297,16.357112630168974,23.71398556872711,9.711176264112805,0.66089,1
slander,slander,1,1,1,3,0.75,3,0.0,0,1,1,0.0,15.434898999271326,21.831828456797723,9.792611856190192,19.443131675252033,7.519692404116539,15.879838588737607,15.299385474180372,24.57765972955911,9.124346658809207,0.65753,1
dillon francis,dillon francis,0,1,0,2,0.5,0,1.0,0,1,1,0.0,16.840801682303496,22.21392021361577,10.471666571132038,20.09964472090075,7.530479995245536,17.133326366919263,14.75551820708067,23.102811971169178,9.898525260706313,0.65257,1
lil texas,lil texas,1,1,1,4,1.0,4,0.0,1,1,0,0.0,13.034626646500051,19.39524038772408,8.12415060330663,17.10017416082366,6.180016653652572,13.079457964073546,11.03973275601109,19.801962565761276,7.00033446027523,0.65014,1
max styler,max styler,1,1,0,2,0.5,2,0.0,0,1,0,100.0,12.992256969959042,19.850991992881376,9.38437770918244,19.083368722182243,6.810142450115136,15.05966544010744,10.357774570341576,18.86536657162407,9.305741456739435,0.64682,1
eli brown,eli brown,1,1,1,3,0.75,3,0.0,0,1,0,46.0,13.527829818844937,20.180261316537354,9.546884034617925,19.25792827281507,7.15305163493748,15.10749451433816,10.465984899076615,19.17209683735327,9.588845298501564,0.64624,1
odd mob,odd mob,1,1,1,3,0.75,3,0.0,1,1,0,82.0,13.275944180597024,20.21244021484709,9.34145634983372,19.103777593709314,6.52795791762255,14.562198979385785,13.010316110729669,19.48539148439307,9.166910814048848,0.64535,1
sub zero project,sub zero project,1,1,1,4,1.0,4,0.0,0,1,0,0.0,13.684263411604524,20.524814899442084,8.85922139360813,18.099097133618006,6.133398042996649,13.8924725250259,10.463131911491967,19.00846741441004,9.220389707829185,0.64244,1
svdden death,svdden death,1,1,1,4,1.0,4,0.0,1,1,0,0.0,14.33430494661736,19.763545549755886,8.182279739259018,17.928022440508435,6.212606095751519,13.401510631691982,11.021918808236205,18.603002309079653,9.08805973726735,0.6395,1
meduza,meduza,1,0,1,3,0.75,1,0.0,0,1,1,87.0,15.29711532616119,22.677710888593204,10.922352923113982,20.617905322399697,8.235095497258357,17.75709238505144,15.745581788127712,23.48958494623549,9.928228944424575,0.63564,1
argy,argy,1,1,0,2,0.5,2,0.0,0,1,0,89.0,14.357835430184815,20.346388187147884,9.147507062804614,18.832790401401716,7.270312886079025,16.053023760938185,13.096021455450709,20.9055873945737,9.305741456739435,0.63217,1
marc v,marc v,1,1,1,4,1.0,4,0.0,1,1,0,0.0,9.20974019190415,13.347107247525049,2.833213344056216,11.863589378812122,0.0,5.247024072160486,4.859812404361672,9.575052927597383,0.0,0.63088,1
maddix,maddix,1,1,0,2,0.5,2,0.0,0,1,0,33.0,14.425276673063282,20.781534746013783,9.53249633228804,19.11382792951231,6.922643891475888,15.35880888156902,12.926350926565435,21.50716738123144,9.539716058977092,0.62647,1
level up,level up,1,1,1,4,1.0,4,0.0,0,1,0,0.0,13.176853456625999,17.931290417219653,7.072421900537371,16.811242881518265,4.948759890378168,10.6782377612977,8.409830673087738,16.275099485238066,6.684611727667927,0.62407,1
jessica audiffred,jessica audiffred,1,1,1,4,1.0,4,0.0,0,1,0,0.0,13.506265669993544,17.8879503018341,7.385230923066573,17.022313842084035,5.318119993844216,11.409795792463761,9.888424674859083,17.9031661488141,6.90875477931522,0.62405,1
lady faith,lady faith,1,1,1,4,1.0,4,0.0,1,1,0,0.0,13.005831808336863,16.24031337217814,6.436150368369428,15.568182811794493,4.343805421853684,10.090008612393838,6.762729506931879,17.265498135541893,6.1463292576688975,0.62256,1
assembly,assembly,1,1,1,4,1.0,4,0.0,1,1,0,0.0,6.517671272912275,9.65509029374725,0.0,0.0,1.0986122886681098,4.007333185232471,0.6931471805599453,7.569927655242652,0.0,0.62194,1
d-sturb,d-sturb,1,1,1,4,1.0,4,0.0,1,1,0,0.0,13.11029282045951,19.82432374586387,8.4071550862073,17.338925601849205,5.968707559985366,13.157732451741687,8.847934753328465,17.335971390039045,8.889997357284841,0.601,1
armnhmr,armnhmr,1,1,1,4,1.0,4,0.0,0,1,0,0.0,13.223115088821102,19.20913810886209,8.048149101665201,17.840862266556567,5.963579343618446,12.52815976788113,9.069122370060645,17.516812556768127,7.177782416195197,0.60032,1
baggi,baggi,1,1,1,4,1.0,4,0.0,1,1,0,0.0,11.951186847493476,18.459901466721032,7.291656209174461,16.388122864507256,4.927253685157205,14.070153551531353,11.01206667357142,17.562658943787092,7.374001859350161,0.59755,1
alison wonderland,alison wonderland,1,1,1,3,0.75,3,0.0,0,1,1,0.0,15.24582180450094,20.61901581668249,9.23024103368252,19.05195252611337,6.561030665896573,14.99108419641044,10.821796246953596,18.909260764906005,8.55333223803211,0.59604,1
adrenalize,adrenalize,1,1,1,4,1.0,4,0.0,0,1,0,0.0,12.669809806411457,18.71335036537787,7.904334842085095,16.54987813231892,5.062595033026967,12.066816325306588,7.610357618312838,16.099931782163637,7.968319500012717,0.59171,1
timmy trumpet,timmy trumpet,0,1,0,2,0.5,0,1.0,0,1,1,0.0,16.231424425551033,22.424370938088817,10.537441898283253,19.893152803606885,7.759614150696903,16.98519618065851,14.054528245836039,22.593528367816493,9.729193687429403,0.58896,1
big gigantic,big gigantic,0,0,0,0,0.0,0,99.0,1,1,0,0.0,14.316286451937186,20.39753569824214,0.0,18.675322970077882,6.26530121273771,14.75551820708067,10.416341118636355,18.072540716627778,6.9930151229329605,0.58576,1
eric prydz,eric prydz,1,1,0,3,0.75,2,0.0,0,1,1,0.0,14.959733676355723,21.825205916039423,10.181157167204903,19.320842097961677,7.534228326274089,17.13694300725865,12.001511614739405,20.659260508036596,9.770013301136158,0.58168,1
adam beyer,adam beyer,0,1,0,2,0.5,0,1.0,0,1,0,74.0,15.145234832146,19.352844828919817,9.025816391627028,18.627694921466773,6.71295620067707,14.508658238524095,10.114599007626499,18.927498352344912,9.588845298501564,0.58082,1
declan james,declan james,0,0,0,0,0.0,0,99.0,1,1,0,0.0,10.094149233605084,15.758559618005021,0.0,16.13789837629371,4.564348191467836,10.896757843893464,0.0,12.791080452981857,5.958424693029782,0.58021,1
diplo,diplo,0,1,0,1,0.25,0,1.0,0,1,1,0.0,17.312018149733785,24.134413549494738,11.80560254159177,21.236089463973876,8.65591111072806,18.778355195217188,15.814284332078001,23.51443094482048,10.499600568082863,0.57863,1
james hype,james hype,1,0,1,3,0.75,1,0.0,1,1,0,70.0,15.685773242763466,21.794849453569068,10.382822509210747,20.193936743313653,7.7475968386928855,16.806230339945976,13.217675375388819,21.253894088596816,9.898525260706313,0.57507,1
david guetta,david guetta,0,1,1,2,0.5,0,1.0,0,1,1,97.0,18.985994558684244,18.11415559728606,12.037659911047468,21.29424538409712,8.791790024319363,19.707154772552474,16.65458907995242,24.619159460465,11.23850177707664,0.57503,1
noizu,noizu,1,1,1,3,0.75,3,0.0,0,1,0,0.0,13.087774003025942,20.01804607717649,9.38437770918244,19.06253463538792,6.71901315438526,14.75551820708067,12.768544351446794,21.05973807428191,9.01322999770879,0.57417,1
nghtmre,nghtmre,1,1,0,2,0.5,2,0.0,0,1,1,0.0,14.88022163978423,21.101702273351588,9.735128070758227,19.39524038772408,6.894670039433482,15.06541258071152,11.39640288460621,19.535822337850373,9.358846580275406,0.57199,1
bunny,bunny,1,1,1,4,1.0,4,0.0,1,1,0,0.0,9.465060106725137,16.530205368010318,5.537334267018537,16.308716093211594,3.367295829986474,8.926384681265215,6.1224928095143865,15.552461966753656,3.970291913552122,0.56416,1
4b,4b,0,0,0,0,0.0,0,99.0,0,1,1,0.0,13.467371932904971,19.118815470998474,0.0,18.065433366270153,6.052089168924417,13.311331132544721,14.006131744018864,19.709913394983946,8.744009988096744,0.56251,1
soren,soren,1,1,1,4,1.0,4,0.0,1,1,0,0.0,9.131838143821225,14.594835893480763,5.834810737062605,15.341567078850604,3.6109179126442243,8.744488113852924,7.876638460975463,16.98519618065851,4.941642422609304,0.55997,1
interplanetary criminal,interplanetary criminal,1,1,0,2,0.5,2,0.0,0,1,0,0.0,13.116347317149176,20.28320928562142,9.45727857185611,19.77134793001978,7.7488913372555315,15.371547904641702,13.963931425151141,22.786323899502786,8.12415060330663,0.55967,1
afrojack,afrojack,1,0,1,2,0.5,1,0.0,0,1,1,0.0,16.749367480991666,23.383525374282204,11.210481638644469,20.627855653241863,8.173293438966228,18.186223445380108,14.357835430184815,22.622383824644665,10.5610334618531,0.55949,1
kream,kream,0,1,1,3,0.75,0,1.0,0,1,0,80.0,14.214287349062356,21.14853357300435,9.77571099759397,19.56808319996451,6.78897174299217,15.088076433867828,12.721888795877375,19.97882536410418,9.209139651399664,0.55415,1
matt sassari,matt sassari,0,1,0,1,0.25,0,1.0,0,1,0,71.0,13.3739015584285,20.93837721736981,9.648659816955295,19.492264363657213,7.132497551660044,15.06541258071152,12.33270970174018,20.11261987973983,9.392745258631441,0.54909,1
neon deluz,neon deluz,1,1,0,3,0.75,2,0.0,1,1,0,0.0,9.090430075303626,4.330733340286331,0.6931471805599453,4.143134726391533,1.0986122886681098,3.6375861597263857,1.0986122886681098,0.0,0.6931471805599453,0.54863,1
space 92,space 92,0,0,0,0,0.0,0,99.0,1,1,0,10.0,13.079457964073546,19.204582292346984,0.0,17.835490722850835,6.3561076606958915,13.946539697563276,10.064798252418377,18.282567453303788,8.851949671253948,0.541,1
ferry corsten,ferry corsten,0,1,1,3,0.75,0,1.0,1,1,1,62.0,14.759416845976386,20.407184291344674,9.239996256883693,18.459901466721032,7.1785454837637,15.625437494813886,10.86477077032911,18.7922443072814,10.264687244346277,0.53905,1
decoder,decoder,0,0,0,0,0.0,0,99.0,1,1,0,0.0,10.382822509210747,11.635151947212842,0.0,11.898194668458823,3.332204510175204,0.0,0.0,10.034559673629849,4.442651256490317,0.53853,1
dimension,dimension,1,1,1,3,0.75,3,0.0,0,1,0,0.0,13.695601388686796,20.539342999987404,8.960339366492091,18.65969765229688,6.834108738813838,15.04807111068727,11.25416768929685,19.632621720903668,8.95712413640568,0.53691,1
paul oakenfold,paul oakenfold,1,1,0,2,0.5,2,0.0,1,1,0,0.0,15.10198486004501,20.650695145186845,9.525224101853109,19.00289636939162,7.32052696227274,15.956752618058363,14.014362236381235,22.554246019488005,9.249657234353133,0.53468,1
yellow claw,yellow claw,1,0,1,3,0.75,1,0.0,0,1,1,0.0,15.55947953818114,22.063516259826674,10.142543822310387,19.62365305094772,7.486613313139955,16.816230422780546,13.901689171636098,21.18699985380748,9.648659816955295,0.52279,1
aaron k,aaron k,1,1,0,2,0.5,2,0.0,1,1,0,0.0,0.6931471805599453,7.679713639966372,0.0,0.0,0.6931471805599453,1.6094379124341003,1.0986122886681098,0.0,0.0,0.52209,1
deadmau5,deadmau5,0,1,0,1,0.25,0,1.0,0,1,1,0.0,16.97251102166758,22.19114018528914,10.25769445336048,19.701614592192207,7.653969180478774,16.860033043306743,12.712893259942282,20.790924486354804,10.098272780745283,0.51946,1
paul van dyk,paul van dyk,0,1,0,2,0.5,0,1.0,0,1,0,0.0,15.990262393084793,21.343842325209156,9.239996256883693,18.997294113874336,7.3796321526095525,15.693447876338569,11.695255355062795,19.580701663883914,9.803722464346553,0.51724,1
crankdat,crankdat,1,1,0,2,0.5,2,0.0,1,1,1,0.0,14.869822936167798,20.0281166557198,8.632305998516742,18.497641794347754,6.385194398997726,13.747232787874218,10.540090836284206,19.27083167759548,9.097731427593528,0.51677,1
benny benassi,benny benassi,0,1,0,1,0.25,0,1.0,0,1,1,0.0,15.557729756763527,22.566985045263404,10.751520856703959,20.101508654335337,7.886081401775745,17.550796408758714,14.436087583323648,23.065071643189892,9.75272280064639,0.51554,1
tim clark,tim clark,1,1,1,3,0.75,3,0.0,1,1,0,0.0,10.789339695269716,14.214287349062356,2.995732273553991,10.003378135350923,2.3978952727983707,7.58629630715272,6.926577033222725,10.39516093745751,0.0,0.51541,1
purple disco machine,purple disco machine,0,1,0,1,0.25,0,1.0,0,1,1,0.0,14.978661680269907,22.18652123943391,10.518700218288165,20.06548580215426,7.943427767876373,17.782021767615884,13.034626646500051,21.14853357300435,9.952325334619427,0.51429,1
layton giordani,layton giordani,1,0,0,1,0.25,1,0.0,0,1,0,84.0,13.42246945133505,19.5423583088088,9.157466882369114,18.78532386448472,6.823286122355687,14.751604309291395,10.817796321618971,18.963005040591682,9.375939552625749,0.50355,1
valentino khan,valentino khan,0,1,1,2,0.5,0,1.0,0,1,1,0.0,14.375126917328105,21.04534933684016,9.581972891547895,19.24485619130468,7.37650812632622,15.649690902820678,15.10198486004501,23.148068562753203,9.661479683575521,0.50078,1
k.gianni,k.gianni,1,1,0,2,0.5,2,0.0,1,1,0,0.0,12.672949516558306,10.102379394048045,2.0794415416798357,10.87806606028079,1.0986122886681098,6.270988431858299,1.6094379124341003,0.0,2.4849066497880004,0.49934,1
zomboy,zomboy,0,1,0,2,0.5,0,1.0,0,1,0,0.0,15.24582180450094,20.510072617722994,0.0,18.032072767659887,6.492239835020471,14.759416845976386,10.34177474101152,18.386089309534714,9.539716058977092,0.49852,1
lf system,lf system,1,1,0,2,0.5,2,0.0,0,1,0,0.0,12.765691290604371,20.451457114963258,9.433563920090563,19.481937249536912,7.1785454837637,15.369435971884585,12.388398368982115,22.26656394708964,8.139440521874608,0.49138,1
atliens,atliens,1,1,0,3,0.75,2,0.0,0,1,0,0.0,13.845070331079134,19.07300593520039,7.943072717277933,16.840801682303496,5.7430031878094825,12.928781055513184,10.012386799492118,18.5159909328476,7.669028288589683,0.48907,1
yosuf,yosuf,1,1,0,2,0.5,2,0.0,0,1,0,0.0,12.785493861878301,19.635593491283995,8.115819701211327,16.97251102166758,5.680172609017068,12.00762780434872,11.046132675457146,20.83659452314627,3.8501476017100584,0.48653,1
clawz,clawz,1,1,0,2,0.5,2,0.0,0,1,0,0.0,9.957075711706057,12.962196972666593,4.219507705176107,13.78916760931819,1.791759469228055,6.862757913051401,3.7376696182833684,12.388398368982115,1.3862943611198906,0.48355,1
myles o'neal,myles o'neal,1,1,0,2,0.5,2,0.0,0,1,0,0.0,13.845070331079134,14.735793709514262,6.38856140554563,16.775615705688583,2.9444389791664403,8.990316947998217,6.654152520183219,16.97251102166758,5.4510384535657,0.48271,1
hannah laing,hannah laing,1,1,0,2,0.5,2,0.0,0,1,0,0.0,13.83531416565213,19.876967479223293,8.719644119505357,19.083368722182243,6.519147287940395,14.093143052138025,11.097425172408931,19.577561943889105,7.97728198675515,0.4787,1
cloonee,cloonee,1,0,0,2,0.5,1,0.0,0,1,1,25.0,14.227620871042543,20.298617910950526,9.45727857185611,19.00846741441004,6.773080375655535,15.341567078850604,11.128747176317603,19.545610344184603,9.079320109537779,0.47564,1
sara landry,sara landry,1,1,0,2,0.5,2,0.0,0,1,0,0.0,15.045151401436407,19.162618093443648,0.0,18.079597908838167,6.150602768446279,13.26212705890841,10.734242182303689,19.42863866800198,7.181591944611865,0.47517,1
sosa,sosa,1,1,0,2,0.5,2,0.0,0,1,0,0.0,7.347299700743164,15.622158803889679,5.808142489980444,16.489659276356317,3.332204510175204,9.980494888896912,6.569481420414296,13.019224835777257,1.791759469228055,0.4747,1
roadhouse,roadhouse,1,1,0,2,0.5,2,0.0,1,1,0,0.0,9.305741456739435,14.69513772040451,4.74493212836325,14.774861162440565,4.605170185988092,8.496378051702317,4.77912349311153,13.972515161474428,0.0,0.4713,1
sidepiece,sidepiece,1,0,1,3,0.75,1,0.0,0,1,1,63.0,13.399996629152975,20.702042201516235,9.918425424900335,19.505870015666712,7.129297548929373,15.568182811794493,10.876177521259402,19.98512129254778,9.165447603085447,0.46874,1
zevy,zevy,1,1,0,2,0.5,2,0.0,0,1,0,0.0,11.34333452885509,16.46168542627038,5.955837369464831,15.86578085104395,3.4657359027997265,8.645762292210945,6.617402977974478,14.859314962250004,2.302585092994046,0.46802,1
jamie jones,jamie jones,0,1,0,1,0.25,0,1.0,0,1,1,0.0,15.04807111068727,19.97882536410418,9.55400099583723,18.945409278804508,6.951772164398911,15.24342683358311,11.39640288460621,19.580701663883914,9.595670797663967,0.46685,1
acraze,acraze,0,1,1,3,0.75,0,1.0,0,1,1,0.0,13.626769641096136,21.21184585237858,10.073272520325904,20.219084757554718,7.917536353943631,16.349207451286784,14.876767406109316,23.82335812586969,8.94884572927805,0.46636,1
caspa,caspa,1,1,0,2,0.5,2,0.0,0,1,0,0.0,13.589865129563993,18.497641794347754,7.27931883541462,16.341239282272525,5.37989735354046,13.457407451830088,8.811652248147043,18.635792131633828,7.129297548929373,0.46223,1
seven lions,seven lions,0,1,0,2,0.5,0,1.0,0,1,0,0.0,15.633587497847351,21.14853357300435,9.488047863280759,19.00846741441004,7.228388451573604,15.248211530561777,11.206413891581187,19.406497542206473,9.060331104649475,0.4621,1
mk,mk,0,1,0,1,0.25,0,1.0,0,1,1,0.0,14.70340222683928,21.85143692817969,10.542732775946709,20.132675246516612,7.877017895622398,16.937875526504495,12.91164481522143,21.431301630000107,9.711176264112805,0.46115,1
blklght,blklght,1,1,0,2,0.5,2,0.0,1,1,0,0.0,10.335302435967074,15.83838188043084,5.749392985908253,15.588766725407043,3.4339872044851463,10.485731104959568,6.499787040655854,16.942271137784317,4.127134385045092,0.46101,1
peggy gou,peggy gou,0,1,0,1,0.25,0,1.0,0,1,1,0.0,15.790979647957377,21.09482939406855,10.094149233605084,20.152336290880626,8.058643712215618,16.67198082165602,14.452087916136215,22.666314753863958,8.669742589876522,0.45927,1
sub focus,sub focus,0,1,0,1,0.25,0,1.0,0,1,0,0.0,15.179048187715992,21.333031409110784,9.674137279312397,19.249232565885325,7.272398392570047,16.266515742283485,11.891368749982085,20.25964181625454,9.661479683575521,0.4561,1
subtronics,subtronics,0,1,1,3,0.75,0,1.0,0,1,1,0.0,14.937188445296226,20.680358336978976,8.76732914779405,18.440483381052466,6.573680166960646,14.408837955728044,12.715900771961074,21.760002722251045,9.568084743872936,0.45507,1
virtual riot,virtual riot,0,1,0,2,0.5,0,1.0,0,1,0,0.0,14.639686439527019,20.40306057416648,8.811652248147043,18.006679304821915,6.406879986069314,14.0225255403564,10.31231367277647,18.92145603792546,9.109082539901955,0.45434,1
discrete,discrete,1,1,1,3,0.75,3,0.0,1,1,0,0.0,9.686636660844938,12.785493861878301,4.1588830833596715,11.404237196256764,3.58351893845611,9.44943600950432,4.499809670330265,8.021584533455107,3.871201010907891,0.45419,1
vari,vari,1,1,0,2,0.5,2,0.0,1,1,0,0.0,9.153664194782626,15.145234832146,6.184148890937483,16.29204904211537,3.044522437723423,7.9157131993821155,5.978885764901122,15.518438995635059,5.093750200806762,0.45387,1
wuki,wuki,0,1,0,2,0.5,0,1.0,0,1,0,0.0,14.159100971573958,20.080811772603123,9.23024103368252,19.23604556166134,7.080026499922591,14.81614280591917,14.446782866720884,21.864298841817963,8.793612071589308,0.4532,1
riordan,riordan,1,1,0,2,0.5,2,0.0,0,1,0,0.0,13.1421679654829,18.048166750497675,8.31164394850298,18.237959119141873,5.929589143389895,12.782688818818986,11.669937760751914,18.7922443072814,7.7284157798410416,0.45231,1
chris lake,chris lake,0,0,1,2,0.5,0,2.0,0,1,1,98.0,14.933925800725897,21.635548547824634,10.513280297700861,19.789320172378066,7.527255919373784,17.0926553286923,12.413090879946887,20.772056002068226,10.295563423525277,0.45042,1
cassian,cassian,0,1,0,1,0.25,0,1.0,0,1,0,49.0,13.45883704259595,19.492264363657213,9.089414904047302,18.812722838485147,6.771935555839602,14.782494784382012,11.091346218718432,19.181486577659022,9.033245134153809,0.44817,1
dead x,dead x,1,1,0,2,0.5,2,0.0,1,1,0,0.0,10.098272780745283,16.099931782163637,6.253828811575473,15.030423599064406,4.174387269895637,9.060795734696166,5.934894195619588,13.87378040948403,3.2188758248682006,0.44691,1
loco dice,loco dice,1,1,1,3,0.75,3,0.0,0,1,0,0.0,14.782494784382012,17.889652429875657,8.112827478751374,17.90148688732258,6.525029657843462,13.508986756405742,8.514389264083503,16.677711496036597,8.292798858200374,0.44523,1
biscits,biscits,1,0,1,3,0.75,1,0.0,0,1,0,15.0,12.807655372286902,19.96611332854275,9.401043372798053,18.915376991886035,6.577861357721047,14.80876270134486,10.351405324899678,18.80594315154573,9.350189267092581,0.44332,1
angerfist,angerfist,0,1,0,1,0.25,0,1.0,0,1,0,0.0,15.371547904641702,20.677221899492125,8.488176242345745,16.97251102166758,6.278521424165844,14.159100971573958,11.268315653289422,19.13363055671045,8.971448463693834,0.44037,1
andrew rayel,andrew rayel,0,1,0,2,0.5,0,1.0,1,1,1,0.0,14.53821702620254,19.96611332854275,8.81060879571578,18.560442695023177,6.638567789166521,14.830741600012107,10.881832472145556,18.450239555902648,9.60245002503719,0.43947,1
vavo,vavo,1,1,0,2,0.5,2,0.0,0,1,0,0.0,13.679691980296456,19.2271566142836,8.50045386741194,18.819456870621142,6.593044534142437,12.985399815906522,11.652696102959753,19.153048642473284,6.07073772800249,0.4381,1
water spirit,water spirit,1,1,0,2,0.5,2,0.0,0,1,0,0.0,10.947309210188068,15.728011792598934,6.091309882077698,15.821036551283434,4.736198448394496,9.048174321385792,7.208600337960199,17.30288566644852,5.0106352940962555,0.43797,1
vini vici,vini vici,1,0,1,3,0.75,1,0.0,1,1,0,0.0,15.339390799901627,21.27715095074756,9.787009914477434,19.30857200542005,7.585788821732034,16.257857680289998,12.310437165348775,20.561922687712737,9.358846580275406,0.43476,1
levenkhan,levenkhan,1,1,1,3,0.75,3,0.0,1,1,0,0.0,10.633472802314019,17.36225027373553,7.033506484287697,15.848908292032746,5.093750200806762,11.170449240431308,8.431417414394833,16.68340951682656,5.278114659230517,0.43424,1
hedex,hedex,1,1,0,2,0.5,2,0.0,0,1,0,0.0,13.83531416565213,19.6146032154551,8.336630087637147,18.110071180499446,6.364750756851911,13.81049902116535,10.891186902297498,19.488833828572194,7.600902459542082,0.4335,1
nora en pure,nora en pure,1,0,0,2,0.5,1,0.0,1,1,1,0.0,14.74767503269543,21.135375488435496,10.081675578048475,19.410221941283584,7.417580402414544,17.404569704420307,11.87757552297847,19.97460594857037,9.425532393502772,0.43236,1
artbat,artbat,1,0,1,2,0.5,1,0.0,0,1,0,99.0,14.933925800725897,20.743068465222983,9.581972891547895,19.04125723705382,7.43955930913332,16.40327466837995,13.079457964073546,21.16795165884888,9.798182590890704,0.43226,1
green velvet,green velvet,0,1,0,1,0.25,0,1.0,0,1,1,0.0,14.45736497045232,20.06548580215426,9.61587214452889,18.8906843794481,6.968850378341948,15.576810991528912,10.650199196425806,19.611568311769158,10.203629181337648,0.42942,1
kaysin,kaysin,1,1,1,3,0.75,3,0.0,1,1,0,0.0,9.90353755128617,15.35666984377782,7.080026499922591,16.801192546169812,4.477336814478207,10.392098241730961,5.908082938168931,15.929353526361442,6.748759547491679,0.42936,1
tape b,tape b,1,1,0,2,0.5,2,0.0,0,1,0,0.0,13.174957725054906,18.40149793472927,7.416378479192928,17.840862266556567,5.220355825078324,11.884495917930655,9.893487720457795,18.08520802165025,7.499423290592229,0.42925,1
sofi tukker,sofi tukker,0,1,0,1,0.25,0,1.0,0,1,1,0.0,15.06541258071152,21.76706988947164,10.428245666832275,20.159390993848074,8.041091003708633,17.168917310755116,13.825461878915961,21.316592682776633,9.042513261332681,0.42595,1
gryffin,gryffin,0,1,0,1,0.25,0,1.0,0,1,1,0.0,14.930652476452392,22.3719244627261,10.39821428171237,20.250057078356864,7.529406457837013,16.395727463314174,13.919871474189012,21.534196053607186,8.432506383249043,0.42573,1
lost frequencies,lost frequencies,0,1,0,1,0.25,0,1.0,0,1,0,0.0,16.213405921671733,23.693680302567394,10.868587496017359,20.589734445464746,8.068716192714781,18.395362946224484,14.763300344494624,22.240588460692003,9.401043372798053,0.42504,1
malcolm zeller,malcolm zeller,1,1,0,2,0.5,2,0.0,1,1,0,0.0,9.642187721358466,16.166885910365842,6.875232087276577,17.287477041570536,4.543294782270004,10.239995502805316,10.61890979160975,18.643824303266577,5.627621113690637,0.42355,1
shlømo,shlømo,1,1,0,2,0.5,2,0.0,0,1,0,0.0,13.597355791941425,17.855046901297012,7.952615111651,17.543610749269952,6.003887067106539,12.185875040240456,9.143986871426161,17.731525604582277,6.839476438228843,0.42346,1
death code,death code,1,1,0,2,0.5,2,0.0,0,1,0,0.0,8.053887083618223,15.201805169084134,5.942799375126701,14.436087583323648,4.02535169073515,8.62191350218664,5.19295685089021,13.126357390703754,5.236441962829949,0.42334,1
celo,celo,1,1,0,2,0.5,2,0.0,1,1,0,0.0,9.503084610020228,14.674172600730516,5.53338948872752,14.47303107901565,3.7612001156935624,8.572249397164315,5.910796644040527,13.435714658591923,5.863631175598097,0.42254,1
morten,morten,1,0,1,2,0.5,1,0.0,0,1,0,69.0,14.272936037914342,20.93837721736981,9.83097062169695,19.71266442834827,7.416378479192928,15.785416352045807,11.970356641102999,20.001719183922383,9.539716058977092,0.42235,1
layz,layz,1,1,0,2,0.5,2,0.0,0,1,0,0.0,12.591338447675579,17.01418371633128,6.51471269087253,16.372737946851277,4.204692619390966,10.114599007626499,7.388946097618437,15.752812476575196,6.396929655216146,0.42183,1
yotto,yotto,0,1,1,2,0.5,0,1.0,0,1,0,0.0,13.567050480716235,20.107079699374445,9.401043372798053,18.8906843794481,7.13966033596492,15.173919972664004,10.664316745782925,18.778355195217188,9.595670797663967,0.41934,1
deborah de luca,deborah de luca,0,1,0,2,0.5,0,1.0,1,1,0,0.0,15.641671614940245,19.67914173640328,8.521981708148035,18.099097133618006,6.913737350659685,14.59023818634603,11.976665770490767,19.035866388448003,7.734996194022781,0.41832,1
taylor kade,taylor kade,1,1,0,3,0.75,2,0.0,1,1,0,0.0,11.273411140805074,15.967272877502799,6.345636360828596,16.785925074816024,3.784189633918261,9.296609807128359,6.698268054115413,16.029264546541317,5.3471075307174685,0.41831,1
majestic,majestic,0,1,0,2,0.5,0,1.0,0,1,0,0.0,12.919024904363686,21.12873094572124,9.918425424900335,20.10522613072856,7.569927655242652,15.676485251734785,13.140205260167273,21.639556569220566,8.394347361417392,0.41779,1
öwnboss,öwnboss,0,1,0,1,0.25,0,1.0,1,1,0,36.0,13.07107218827772,20.888780276271444,9.908524844053396,19.829225716452065,7.430707082545968,16.051955955291376,13.655342979519684,22.613361207046385,8.864322722511439,0.41587,1
miss monique,miss monique,1,0,0,1,0.25,1,0.0,0,1,0,26.0,15.19679262851687,19.38766459394432,8.44741429680832,18.182423567518462,6.70808408385307,14.014362236381235,10.853232402669228,18.76427045543464,8.549466751966532,0.41534,1
soul purpose,soul purpose,1,1,0,3,0.75,2,0.0,1,1,0,0.0,8.159660737063376,14.617512591866694,5.521460917862246,15.252973443188226,3.784189633918261,10.911463720944793,5.54907608489522,12.84529412258351,5.556828061699537,0.41398,1
giuseppe ottaviani,giuseppe ottaviani,0,1,1,3,0.75,0,1.0,1,1,0,44.0,14.187074804051692,20.845483470555617,0.0,18.009700470239046,6.639875833826536,14.64406281221155,10.92415631759022,0.0,10.106469212026385,0.41083,1
kian,kian,1,1,0,2,0.5,2,0.0,0,0,0,0.0,11.608244735642321,18.78532386448472,7.487733761436444,17.849751213815786,5.598421958998375,13.603555432133808,8.532475814947395,16.749367480991666,1.9459101490553132,0.40859,1
troyboi,troyboi,0,1,0,1,0.25,0,1.0,0,1,1,0.0,14.53335035111459,22.081674994833836,10.090008612393838,19.723593498850597,7.642524134232902,16.52356082573315,14.630875813726247,22.45845495486244,8.123854263105914,0.40855,1
blond:ish,blond:ish,1,0,0,1,0.25,1,0.0,0,1,0,0.0,14.425276673063282,20.169880600500754,9.648659816955295,19.410221941283584,7.192182058713246,15.276448694098464,11.669937760751914,20.465789607845355,8.88516409509682,0.40762,1
wade,wade,0,1,0,2,0.5,0,1.0,1,1,0,0.0,14.937188445296226,19.380030969118383,8.85051762174672,18.488339401771974,6.553933404025811,14.66566191468422,11.005444242454628,19.963978856018674,8.893984438939794,0.40477,1
josh baker,josh baker,1,0,0,1,0.25,1,0.0,0,1,0,0.0,13.60231857512623,18.7922443072814,8.089175678837561,18.25344483639678,5.82600010738045,12.861001210669146,11.149096419938578,19.545610344184603,7.711548979629146,0.40219,1
matt faulk,matt faulk,1,1,0,2,0.5,2,0.0,1,1,0,0.0,10.934908916663861,15.656060350091908,6.198478716492308,16.357112630168974,3.6635616461296463,10.457401400981889,6.261491684321042,15.11023799953124,5.955837369464831,0.40057,1
lilly palmer,lilly palmer,0,1,0,1,0.25,0,1.0,1,1,0,0.0,15.179048187715992,18.939474543319914,8.299534570332597,18.042344317830995,6.240275845170769,13.079457964073546,10.328787967145063,19.030446321008043,8.156797046675651,0.40039,1
lucky lou,lucky lou,1,1,0,2,0.5,2,0.0,1,1,0,0.0,8.133000218583613,15.257712787429051,5.777652323222656,15.43291683846023,5.181783550292085,9.358846580275406,5.973809611869261,13.428377879293798,4.477336814478207,0.40031,1
southstar,southstar,1,0,0,1,0.25,1,0.0,0,1,0,0.0,13.003582093664077,20.617905322399697,9.239996256883693,19.421312627936743,7.288244401020124,14.978661680269907,13.124363376072994,22.811419319352183,6.030685260261263,0.39946,1
kayzo,kayzo,0,1,0,2,0.5,0,1.0,0,1,0,0.0,14.352004513273993,20.155869863455695,8.848652886213905,18.37568338848188,6.398594934535208,13.555444949561487,10.106469212026385,18.132998684833918,8.725669705687043,0.39829,1
steve aoki,steve aoki,0,1,0,1,0.25,0,1.0,0,1,1,35.0,17.67413280776235,23.139179615336747,11.200964361058276,0.0,17.947471999809046,14.99416586199818,23.240962309638046,10.367253014814716,0.0,0.39829,1
westend,westend,0,1,1,3,0.75,0,1.0,0,1,0,34.0,12.748399843328054,19.555303473358943,9.19085169539232,18.858935681335133,6.566672429803241,14.488455541410652,10.188704088048116,18.757152987716434,9.07004328643746,0.3964,1
liquid stranger,liquid stranger,1,0,0,2,0.5,1,0.0,0,1,0,0.0,14.159100971573958,19.424982356812237,8.057060681965766,17.531518703797364,5.53338948872752,13.093965960493682,10.373522431293592,18.459901466721032,7.911690520708339,0.39634,1
miyuki,miyuki,1,1,0,2,0.5,2,0.0,1,1,0,0.0,11.375971077721223,15.652880697680038,5.978885764901122,15.44278858499034,5.2832037287379885,10.36410350510914,8.4906438561827,17.01418371633128,6.385194398997726,0.39628,1
infected mushroom,infected mushroom,0,1,1,2,0.5,0,1.0,0,1,0,0.0,15.19427690455251,20.809443534104894,8.634442751466477,17.36799741582595,6.543911845564792,14.763300344494624,10.841559345471941,18.812722838485147,7.550661243105336,0.39409,1
amelie lens,amelie lens,1,0,0,1,0.25,1,0.0,0,1,0,0.0,15.662389484142103,19.577561943889105,8.720786883485731,18.148872033780233,6.470799503782602,13.695601388686796,10.288783966353765,18.86536657162407,8.131530710604252,0.39299,1
rezz,rezz,1,0,0,2,0.5,1,0.0,0,1,0,0.0,15.068273812173887,20.710180598410926,9.02063159674821,18.683045016112164,6.8885724595653635,14.80876270134486,14.603968372873895,23.12116110983569,8.400209835930418,0.39291,1
the martinez brothers,the martinez brothers,1,0,1,2,0.5,1,0.0,0,1,1,0.0,14.74767503269543,19.781657299652068,9.401043372798053,19.093625222296833,7.252762418053187,14.97239206922172,11.010415172807951,19.39900687050537,8.864322722511439,0.39074,1
damon sharpe,damon sharpe,1,1,0,3,0.75,2,0.0,1,1,0,0.0,12.621491384816093,18.812722838485147,8.491054533806542,18.832790401401716,5.937536205082426,12.531776395271262,8.609042845046117,18.46947091764561,7.068172000388042,0.38801,1
loud luxury,loud luxury,1,0,1,2,0.5,1,0.0,0,1,1,0.0,15.11570249251028,22.02345749928537,10.254179634797001,20.254860930661817,7.557994958530806,17.10017416082366,12.653961664405365,20.68348496797515,8.556029215201436,0.38744,1
warface,warface,0,1,1,2,0.5,0,1.0,0,1,0,0.0,14.363632544508476,19.9618398177745,8.464425125877582,17.1654146803266,5.817111159963204,13.551546314212295,9.846970109700957,18.61130111182548,8.974997713204976,0.386,1
nico moreno,nico moreno,1,0,0,1,0.25,1,0.0,0,1,0,0.0,14.657078174676883,19.20000562534052,8.209308411646937,17.065885088651534,6.021023349349527,13.556741124342862,10.114599007626499,18.569100757691327,6.478509642208569,0.38572,1
four tet,four tet,0,1,0,1,0.25,0,1.0,0,1,0,0.0,15.257712787429051,21.770584831577846,10.471666571132038,19.865244015554723,7.617759576608505,16.924571561468124,11.870606902224587,20.535730714305842,8.791486026749002,0.3857,1
cat and maomi,cat & maomi,0,0,0,0,0.0,0,99.0,0,0,0,0.0,0.0,9.517898598432753,0.0,12.160033942617156,1.3862943611198906,0.0,0.0,10.53212287826962,1.3862943611198906,0.38518,1
boys noize,boys noize,1,0,0,1,0.25,1,0.0,0,1,0,0.0,14.669926311652166,20.322788271841823,9.798182590890704,19.39524038772408,7.631916513071252,15.62707281788719,10.905974329106854,18.963005040591682,9.184919994629272,0.38479,1
blastoyz,blastoyz,0,1,1,3,0.75,0,1.0,0,1,0,0.0,14.557448378884015,19.48539148439307,8.19063168090354,17.249497794707484,6.297109319933935,13.883170141017091,10.591647316585027,18.198786424522982,7.768110378525988,0.3844,1
cosmic gate,cosmic gate,1,0,1,3,0.75,1,0.0,0,1,0,0.0,14.122995993006082,20.25964181625454,8.939318740417509,18.005165315142214,6.678342114654332,15.646490900602007,10.847412906506923,18.683045016112164,9.961803629358965,0.38251,1
tchami,tchami,0,0,1,2,0.5,0,2.0,0,1,1,0.0,14.80876270134486,20.962282738204312,9.966509298952284,19.519293035953808,7.517520850603031,15.716124581581232,11.711784520403112,20.180261316537354,9.55400099583723,0.38128,1
charlotte de witte,charlotte de witte,1,0,0,2,0.5,1,0.0,0,1,0,0.0,16.357112630168974,20.26598098168823,9.144734614878189,18.560442695023177,7.112327444710911,15.28798284468299,11.849404844423074,21.242059630956817,8.97259066827261,0.38001,1
carl cox,carl cox,0,1,0,1,0.25,0,1.0,1,1,1,0.0,15.987987079506508,19.641510668294575,9.220389707829185,18.683045016112164,7.0192966537150445,14.669926311652166,10.373522431293592,18.342719213293464,9.035391569511642,0.3797,1
marlon hoffstadt,marlon hoffstadt,1,0,0,1,0.25,1,0.0,0,1,0,0.0,13.937729075643883,19.99552721368724,9.196951134857168,19.078200752050506,7.060476365999801,15.166178000508337,11.367911253546788,19.888555094368826,8.38160253710989,0.37802,1
rl grime,rl grime,1,0,0,1,0.25,1,0.0,0,1,1,0.0,14.940440479625028,21.282881625453264,9.770013301136158,19.20000562534052,6.97354301952014,15.43291683846023,11.444657330797734,19.935807979113026,9.517898598432753,0.37735,1
porter robinson,porter robinson,0,0,0,1,0.25,0,3.0,0,1,1,0.0,16.185754392890075,21.590366325049963,9.857495968685136,19.35677410704427,7.4318919168078,15.998185467025328,14.115615891155079,21.37036907952851,9.472781556562168,0.37722,1
ky william,ky william,1,1,0,2,0.5,2,0.0,1,1,0,0.0,10.474495347310453,15.754252361425857,7.071573364211532,16.749367480991666,5.093750200806762,10.909637269778615,6.932447891572509,15.238619133170708,7.091742115095153,0.37569,1
it's murph,it's murph,1,0,0,1,0.25,1,0.0,0,1,0,0.0,13.130333531178522,19.698832949238067,8.42222295382501,18.33729914588288,5.529429087511423,13.297997623898429,12.06105265381003,20.809443534104894,6.380122536899765,0.37425,1
ganja white night,ganja white night,0,0,0,1,0.25,0,3.0,0,1,0,0.0,14.187074804051692,19.753046765685223,8.019612794400267,17.468762860341794,5.934894195619588,13.132315688453556,10.518700218288165,18.603002309079653,7.3031700512368,0.37284,1
nitti,nitti,0,0,0,1,0.25,0,3.0,0,1,0,0.0,13.919871474189012,20.400301951731205,9.259225769705994,19.083368722182243,6.774223886357614,14.97239206922172,14.137594781770806,21.569134104953203,8.329175442077402,0.36981,1
jackie hollander,jackie hollander,1,1,0,2,0.5,2,0.0,1,1,0,0.0,11.163382173096926,16.36495580701484,7.311886164077165,17.840862266556567,4.574710978503383,10.70551155928146,6.881411303642535,15.527505239228866,6.255750041753367,0.36931,1
pocket,pocket,1,1,0,2,0.5,2,0.0,1,1,0,0.0,10.900454637442037,15.85802887524119,6.950814768442584,17.216707972959764,4.553876891600541,9.61587214452889,5.7745515455444085,14.346139397261565,5.225746673713202,0.36912,1
rzrkt,rzrkt,1,0,0,1,0.25,1,0.0,0,1,0,0.0,11.128747176317603,16.300417291085605,6.313548046277095,15.90737474309945,4.356708826689592,9.852246888342531,6.760414691083428,14.92736840232972,6.76849321164863,0.36838,1
devin wild,devin wild,1,1,0,2,0.5,2,0.0,0,1,0,0.0,12.618185607609803,18.65179247285226,7.888334500738654,17.262318482725615,5.8805329864007,12.19602736016897,7.664815785285735,16.231424425551033,8.256866848974312,0.36763,1
gorgon city,gorgon city,1,0,0,1,0.25,1,0.0,0,1,1,22.0,14.984892228079548,21.534196053607186,10.261196961231647,19.73171262326713,7.507690077819904,16.612791892794426,12.715900771961074,19.92475814295086,9.692828247710418,0.3658,1
disco lines,disco lines,1,0,1,2,0.5,1,0.0,0,1,0,0.0,14.47303107901565,20.9055873945737,9.581972891547895,19.970368654103833,7.322510433997394,15.456447331256177,14.346139397261565,22.73282125129613,8.017966703493599,0.36544,1
samplifire,samplifire,1,0,0,1,0.25,1,0.0,0,1,0,0.0,12.637858308703688,18.742764250367856,0.0,0.0,11.744045122410057,0.0,17.460960480260535,0.0,0.0,0.3653,1
getter,getter,0,0,0,1,0.25,0,3.0,0,1,1,0.0,14.812459561859505,21.17434145694357,8.895903562215581,18.043803107273373,6.278521424165844,14.436087583323648,11.353941456740479,19.078200752050506,8.326758814511733,0.36466,1
dea magna,dea magna,1,0,0,1,0.25,1,0.0,0,1,0,0.0,8.299037181613066,15.418930599280035,6.658011045870748,16.5563506464056,3.912023005428146,9.723223876851618,6.20050917404269,15.670244982848228,4.7535901911063645,0.36328,1
drinkurwater,drinkurwater,1,0,0,1,0.25,1,0.0,0,1,0,0.0,11.703554089007538,16.341239282272525,6.335054251498059,15.536490024022143,3.4965075614664802,9.862717639992917,6.98933526597456,17.252718409303803,5.840641657373398,0.3617,1
chris lorenzo,chris lorenzo,0,0,1,2,0.5,0,2.0,1,1,0,79.0,13.45883704259595,20.593157152738343,9.820160289946374,19.372338623524815,7.215239978730097,15.602257652872959,11.046132675457146,19.696043547158272,9.53249633228804,0.36061,1
adventure club,adventure club,0,1,0,1,0.25,0,1.0,0,1,0,0.0,15.211755497462054,20.95437755870345,8.99961934066053,18.403534595290335,6.249975242259483,15.29711532616119,10.791399385808587,18.122274721614698,7.3777589082278725,0.35988,1
mattilo,mattilo,1,0,0,1,0.25,1,0.0,0,1,0,0.0,12.138869243416009,17.437181289122726,7.197435354096591,17.284366619252893,5.44673737166631,12.225880174775122,10.918736348043124,19.71266442834827,5.231108616854587,0.35987,1
restricted,restricted,1,0,0,1,0.25,1,0.0,0,1,0,0.0,14.24729362374025,20.114459806658452,8.737292112544221,18.57768450130904,6.937314081223682,14.488455541410652,13.809493491674422,23.035801260892637,7.457609289715606,0.35961,1
kasablanca,kasablanca,0,1,0,2,0.5,0,1.0,0,1,0,0.0,13.021439671201302,19.865244015554723,8.433376705323127,18.360930750162304,6.586171654854675,13.551546314212295,11.532737896139919,18.50685844936773,8.242756345714477,0.35957,1
brutalismus 3000,brutalismus 3000,1,0,0,1,0.25,1,0.0,0,1,0,0.0,14.115615891155079,19.71266442834827,8.194229304819817,17.795192230557824,6.48768401848461,14.115615891155079,10.77270764101727,19.9225334479337,5.583496308781699,0.35827,1
tokimonsta,tokimonsta,1,0,0,1,0.25,1,0.0,0,1,0,0.0,14.260197020251155,20.00991595110976,9.147400572202308,18.896914929159916,7.114769448366463,14.285514812209815,10.288783966353765,18.927498352344912,6.3784261836515865,0.35819,1
danny avila,danny avila,1,0,0,1,0.25,1,0.0,1,1,0,0.0,15.05966544010744,20.44355193546656,9.48044384215367,19.283570703318816,7.04141166379481,15.49633865270477,13.704580114574805,21.1806906846182,8.950662495933999,0.35811,1
uncle waffles,uncle waffles,1,0,0,1,0.25,1,0.0,0,1,0,0.0,16.039052551842968,19.56490354705724,8.10258642539079,18.10322652690318,6.456769655572163,16.128046080821385,14.503645699213111,22.195737894536713,5.241747015059643,0.35694,1
korolova,korolova,1,0,1,2,0.5,1,0.0,0,1,0,17.0,15.24342683358311,19.499090328704316,8.39366870513074,18.325270570148806,6.508769136971682,14.24729362374025,11.496806245590331,19.410221941283584,8.273336598504486,0.35603,1
wooli,wooli,0,1,1,2,0.5,0,1.0,0,1,0,0.0,13.777809729201323,19.9225334479337,8.520587424484253,18.029118555806093,6.498282149476434,13.68540301156877,11.751950239425476,19.931402685654813,9.170039075202657,0.35593,1
ben nicky,ben nicky,1,0,1,3,0.75,1,0.0,0,1,0,0.0,14.937188445296226,19.478471041572444,8.695171998776056,18.247517136833782,6.887552571664617,14.108180918195472,11.703554089007538,19.913584842377706,8.849083518532339,0.35561,1
bou,bou,0,1,0,1,0.25,0,1.0,0,1,0,0.0,13.779884416590017,20.578240066052224,8.872346978983032,18.619531610894253,6.984716320118266,14.969242461310827,11.522885696764481,19.96611332854275,8.531293315795018,0.35538,1
haylee wood,haylee wood,1,0,0,1,0.25,1,0.0,0,1,0,0.0,11.870606902224587,15.181602466868654,6.816735880594968,17.00598694946304,4.110873864173311,9.841665338892785,6.391917113392602,15.186691535081192,6.29156913955832,0.35536,1
koven,koven,0,1,0,2,0.5,0,1.0,0,1,0,0.0,13.215855541983634,20.088387566397234,8.851233902846035,18.1462439114085,6.939253946041508,14.408837955728044,10.505094936455558,18.61130111182548,7.931644021454311,0.35484,1
darren styles,darren styles,1,0,1,3,0.75,1,0.0,1,1,0,0.0,13.620712694725297,20.698973145401958,9.350189267092581,18.5517090151307,6.927557906278317,14.89051332229012,11.261909563554315,19.681978617730433,9.005405040310642,0.35453,1
steller,steller,1,0,0,1,0.25,1,0.0,0,1,0,0.0,11.580593459194764,16.333207111220425,6.459904454377535,15.827743483640491,4.110873864173311,9.6678285081515,8.045908742270779,15.844973861243904,4.634728988229636,0.35427,1
basstripper,basstripper,1,0,0,1,0.25,1,0.0,0,1,0,0.0,11.995357787034976,18.355608757881008,7.560601162768557,17.10763688174679,5.765191102784844,13.021439671201302,9.729193687429403,19.402759220109843,7.099201743553092,0.35346,1
jauz,jauz,0,0,0,1,0.25,0,3.0,1,1,1,0.0,14.96608290201874,20.888780276271444,9.503084610020228,18.896914929159916,7.246368080102461,15.585365362162015,14.82346884332769,21.57768116552801,9.392745258631441,0.35311,1
madeon,madeon,0,0,0,1,0.25,0,3.0,0,1,0,0.0,15.562969942511762,21.12204195757492,9.417435838868785,18.73549149109167,6.732210706467206,15.394489469099211,11.261909563554315,19.312678787355836,8.71292443512011,0.35225,1
2ar,2ar,1,0,0,1,0.25,1,0.0,0,1,0,0.0,12.128116509451258,13.45883704259595,5.855071922202427,15.550699852070762,3.1354942159291497,7.45876269238096,6.082218910376446,13.937729075643883,3.713572066704308,0.35195,1
hi-lo,hi-lo,0,1,0,1,0.25,0,1.0,0,1,0,0.0,13.502170106720037,19.791861469800278,9.085797036901582,18.71335036537787,6.608000625296087,14.669926311652166,10.67130147767883,19.13363055671045,9.38437770918244,0.35161,1
dombresky,dombresky,1,0,1,2,0.5,1,0.0,0,1,1,0.0,13.680836798801778,19.545610344184603,9.278092474027002,18.896914929159916,6.8001700683022,14.580978865220017,11.532737896139919,20.686601853612164,9.024974184996003,0.35132,1
audien,audien,0,0,0,1,0.25,0,3.0,0,1,1,0.0,14.310207409556293,21.365119723645122,9.425532393502772,18.974565862925928,6.849066282633458,15.620515418416021,12.889172015485954,21.12204195757492,9.038602608721874,0.35093,1
moonlght,moonlght,1,0,0,1,0.25,1,0.0,0,1,0,0.0,13.367661298303675,19.676296784279142,8.32845106681936,18.826145858727198,6.586171654854675,13.989464705423494,15.163583966004193,22.635766924018306,4.454347296253507,0.35074,1
zhu,zhu,0,0,0,1,0.25,0,3.0,0,1,1,0.0,15.24342683358311,22.096981416112605,10.315630315397533,19.67914173640328,7.550135342488429,16.612791892794426,13.378556330751158,21.52077303328105,8.794673401383422,0.35066,1
joel corry,joel corry,0,0,0,1,0.25,0,3.0,0,1,1,0.0,14.920767720476825,22.491415440705982,10.657282884047461,20.516241668742097,8.074337694089515,17.20328495307807,14.180154365996387,22.03159865686686,9.581972891547895,0.35057,1
horsegiirl,horsegiirl,1,0,0,1,0.25,1,0.0,0,1,0,0.0,13.174957725054906,18.488339401771974,7.845024417241484,17.6867115897055,6.186208623900494,13.389333939650964,12.128116509451258,21.416413018006356,4.68213122712422,0.34985,1
€uro tra$h,€uro tra$h,1,0,0,2,0.5,1,0.0,1,1,0,0.0,14.180154365996387,17.759032249831638,7.5745584842024805,17.486735102284783,5.869296913133774,12.676079399771027,11.310821520675269,18.635792131633828,7.126890808898808,0.34916,1
dabin,dabin,0,1,0,1,0.25,0,1.0,0,1,0,0.0,13.691081612088286,20.468373588607943,8.908694592507015,18.459901466721032,6.833031732786201,14.014362236381235,10.727684925086583,18.757152987716434,7.827639546366422,0.34906,1
rossi.,rossi.,1,0,0,1,0.25,1,0.0,0,1,0,0.0,12.777055016970678,18.3307560473653,8.15708378502887,18.259337605294483,6.298949246855942,12.945628585536271,9.989711119284745,19.26224793394093,7.742402021815782,0.34862,1
emo nite,emo nite,1,0,1,2,0.5,1,0.0,0,0,0,0.0,0.0,0.0,0.0,0.0,0.0,0.0,0.0,0.0,0.0,0.34802,1
inzo,inzo,1,0,0,1,0.25,1,0.0,0,1,0,0.0,13.308014385419147,19.561713751699315,8.200288260287554,17.370858648025116,5.986452005284438,13.423949834313948,12.644330802262578,21.760002722251045,6.423246963533519,0.3469,1
galantis,galantis,0,0,1,1,0.25,0,2.0,0,1,1,0.0,16.447399470043365,22.914919369344908,10.887455624298198,20.535730714305842,7.775695749915245,17.103912482794517,15.153140009570041,22.141543244161483,9.69898173460629,0.34632,1
san holo,san holo,0,0,0,1,0.25,0,3.0,0,1,1,0.0,14.869822936167798,21.37036907952851,9.510519035757246,19.24485619130468,7.093404625868766,15.292559510663105,11.751950239425476,19.39524038772408,8.548110294050959,0.34443,1
joseph capriati,joseph capriati,0,1,0,2,0.5,0,1.0,1,1,0,0.0,14.719729113462378,17.858561843342684,7.742835955430749,16.937875526504495,6.326149473155099,12.748399843328054,8.65486599654131,16.86951178681205,8.108623268354595,0.34408,1
apashe,apashe,1,0,0,1,0.25,1,0.0,0,1,0,0.0,14.441449523589984,20.962282738204312,9.249657234353133,18.36305164170895,6.815639990074331,15.71163019266671,13.642348128015021,21.967420431193364,7.980365765111246,0.34381,1
oguz,oguz,1,0,0,1,0.25,1,0.0,0,1,0,0.0,14.763300344494624,18.202524746587006,7.486613313139955,16.395727463314174,5.6131281063880705,12.679199517372098,8.876125585396185,17.641975696817266,5.117993812416755,0.3434,1
francis mercier,francis mercier,1,0,0,2,0.5,1,0.0,1,1,0,0.0,13.541075028051122,20.053835184956906,9.32375833901174,19.04125723705382,6.860663671448287,15.479436845076366,12.837347081942964,20.633341130512516,8.37378460812088,0.34294,1
cole knight,cole knight,1,0,0,1,0.25,1,0.0,0,1,0,0.0,10.721084386282662,14.566927118346197,6.212606095751519,16.40327466837995,3.970291913552122,9.70509758756311,5.135798437050262,14.04662307257814,5.43372200355424,0.34277,1
partiboi69,partiboi69,1,0,0,2,0.5,1,0.0,0,1,0,0.0,13.471612215950506,17.937794505083072,7.624130585661289,17.458346099754813,6.586171654854675,12.77422616877261,9.867912187022208,18.370439538030865,5.545177444479562,0.34239,1
anatta,anatta,1,0,0,2,0.5,1,0.0,1,1,0,0.0,10.55323128448846,15.473738825043979,6.918695219020472,16.13789837629371,4.454347296253507,10.056251557087757,6.133398042996649,14.253766134056512,5.916202062607435,0.34141,1
habstrakt,habstrakt,0,1,1,3,0.75,0,1.0,0,1,0,0.0,13.691081612088286,19.71814389409788,9.010791269515602,18.643824303266577,6.580639137284949,14.085538458535822,9.928228944424575,18.71335036537787,9.268703615273097,0.34116,1
knock2,knock2,0,0,0,1,0.25,0,3.0,0,1,0,0.0,13.372345140303285,19.804471977360404,8.50045386741194,18.36516804459293,6.470799503782602,13.758941264676379,10.881832472145556,19.696043547158272,8.972717499397138,0.34115,1
kami,kami,1,0,0,2,0.5,1,0.0,1,1,0,0.0,11.299744620670225,17.088874605995333,6.345636360828596,16.447399470043365,3.1354942159291497,11.542493975902508,6.040254711277414,13.212205909556012,1.3862943611198906,0.34093,1
trickstar,trickstar,1,0,0,1,0.25,1,0.0,1,1,0,0.0,9.417435838868785,15.507449876072164,5.945420608606575,15.979982463639242,4.394449154672439,8.948455992345542,6.327936783729195,14.950133605698774,5.66988092298052,0.33979,1
ben sterling,ben sterling,1,1,0,2,0.5,2,0.0,1,1,0,0.0,12.35017731849889,16.65458907995242,7.61972421378267,16.840801682303496,5.752572638825633,12.250094315624496,6.967909201801884,15.676485251734785,7.8528278122817445,0.33975,1
kilimanjaro,kilimanjaro,1,0,0,1,0.25,1,0.0,0,1,0,0.0,11.374823643830945,19.291974114079885,8.514990767861038,18.50685844936773,6.369900982828227,13.671641342278317,11.050905878263567,19.17209683735327,7.123672785204607,0.33834,1
wilkinson,wilkinson,0,1,0,1,0.25,0,1.0,0,1,0,0.0,14.04662307257814,21.073922709263805,9.239996256883693,18.586195190904515,6.826545223556594,15.580241526037272,11.3373928113354,19.6146032154551,8.813289762469037,0.33816,1
sihk,sihk,1,0,0,1,0.25,1,0.0,0,1,0,0.0,10.839600519357369,16.765198945372877,6.90875477931522,16.780783675579947,5.4638318050256105,10.526775414924009,6.795705775173514,15.315133827605429,6.220590170099739,0.33724,1
mcr-t,mcr-t,1,0,0,1,0.25,1,0.0,0,1,0,0.0,12.392556361841777,18.845948485892656,7.978996370854115,17.353567151413394,6.591673732008658,13.727772735358728,12.185875040240456,21.4887336795511,5.204006687076795,0.33708,1
anoluxx,anoluxx,1,0,0,1,0.25,1,0.0,0,1,0,0.0,10.606609816118151,14.24729362374025,5.332718793265369,15.090873637706453,3.1780538303479458,8.049427057110695,4.912654885736052,12.429220196836383,2.0794415416798357,0.3368,1
the archer,the archer,1,0,0,2,0.5,1,0.0,1,1,0,0.0,10.016860879703811,16.204273438942487,6.810142450115136,16.796129244469636,4.418840607796598,10.978507040265917,7.284134806195205,16.46168542627038,5.683579767338681,0.33675,1
ward andrews,ward andrews,1,0,0,1,0.25,1,0.0,1,1,0,0.0,10.410335274932896,14.397726736475999,5.3612921657094255,15.50005612841392,1.791759469228055,8.3774712482411,7.1731917424865985,18.627694921466773,3.044522437723423,0.33669,1
alex chapman,alex chapman,1,0,0,1,0.25,1,0.0,1,1,0,0.0,12.425212191503038,16.357112630168974,6.666956792429207,17.373711716926124,4.820281565605037,10.448743588106625,11.281006017883909,18.757152987716434,2.9444389791664403,0.33565,1
honey dijon,honey dijon,0,0,0,1,0.25,0,3.0,0,1,0,0.0,13.753636218075409,18.95717412031489,9.007121989469242,18.8906843794481,6.996681488176539,14.253766134056512,11.408686542313973,19.876967479223293,8.841881989497114,0.33469,1
kevin de vries,kevin de vries,0,1,0,1,0.25,0,1.0,0,1,0,0.0,13.531821834802397,19.23604556166134,8.790269111478656,18.287149362756413,6.985641817639208,14.801327725621299,11.033291613631048,18.80594315154573,8.768885326134862,0.33466,1
lp giobbi,lp giobbi,0,0,0,1,0.25,0,3.0,0,1,0,0.0,13.434251602680698,19.906820442304415,9.239996256883693,19.23161096461314,7.050122520269059,14.253766134056512,12.992256969959042,20.383588470780744,8.253227645581772,0.33435,1
mish,mish,1,0,0,1,0.25,1,0.0,0,1,0,0.0,12.51723073716405,18.61130111182548,7.436617265234227,16.039052551842968,5.288267030694535,11.759793355371237,8.753213480544126,18.271019981012362,7.173958319756794,0.33371,1
sound rush,sound rush,0,1,1,3,0.75,0,1.0,0,1,0,0.0,13.159661088928443,19.93800336967164,8.660080678964786,17.553180200057167,6.263398262591624,13.460264592549233,10.97337452485014,19.690441291625294,8.795127912413138,0.33358,1
ayybo,ayybo,1,0,0,1,0.25,1,0.0,0,1,0,0.0,12.973865689268807,19.48539148439307,8.532475814947395,18.5517090151307,6.410174881966167,14.04662307257814,11.235866764155578,19.25792827281507,7.656810091480378,0.3333,1
showtek,showtek,1,0,0,1,0.25,1,0.0,0,1,0,0.0,15.942551197632893,21.876997425151057,10.236417809461043,19.57441233499613,7.1631723908466425,16.959662879739987,11.891368749982085,20.312285549658434,10.122663242288953,0.33168,1
skream,skream,1,0,0,1,0.25,1,0.0,0,1,0,0.0,14.397726736475999,19.931402685654813,9.34145634983372,18.826145858727198,7.532623618788788,15.926935266562529,11.571203807011969,19.647393038180343,8.591743922680534,0.33151,1
blunts and blondes,blunts & blondes,0,0,0,0,0.0,0,99.0,0,0,0,0.0,13.003582093664077,18.147558835972518,7.352441100243583,17.189679301485086,4.890349128221754,11.488643018250334,8.593598522618644,16.432906463791053,5.950642552587727,0.33096,1
aqutie,aqutie,1,0,0,1,0.25,1,0.0,0,1,0,0.0,9.841665338892785,13.327751835792448,5.3230099791384085,14.452087916136215,3.332204510175204,8.45553053102413,4.820281565605037,13.883170141017091,3.9512437185814275,0.33081,1
chyl,chyl,1,0,1,2,0.5,1,0.0,0,1,0,0.0,12.621491384816093,17.062001588775953,7.252762418053187,17.338925601849205,5.272999558563747,11.719947764402807,12.799402253235032,19.62365305094772,6.436150368369428,0.33062,1
griz,griz,0,0,1,1,0.25,0,2.0,0,1,0,0.0,14.975531788240602,20.781534746013783,9.028818495352793,18.440483381052466,6.672032945461067,14.699278511355924,12.328294703023394,21.556174960316298,8.32845106681936,0.33041,1
elephante,elephante,1,0,0,1,0.25,1,0.0,0,1,1,0.0,13.393917592315308,20.225685441575177,8.48714627006394,17.770593072009955,6.142037405587356,13.825461878915961,12.388398368982115,20.61901581668249,7.005789019253503,0.32992,1
raecola,raecola,1,0,0,1,0.25,1,0.0,0,1,0,0.0,10.158168529848494,12.813119851828635,5.308267697401205,14.59023818634603,2.70805020110221,8.080237416216702,5.117993812416755,13.277657974137664,4.584967478670572,0.32984,1
lizdek,lizdek,1,0,0,1,0.25,1,0.0,1,1,0,0.0,10.39821428171237,15.955576839107596,6.505784060128229,16.562781536322326,4.276666119016055,9.030615441029495,6.324358962381311,14.64406281221155,6.0014148779611505,0.32979,1
andromedik,andromedik,1,0,0,1,0.25,1,0.0,0,1,0,0.0,12.292254928916668,19.38766459394432,8.15908865466791,17.707330876483063,6.20455776256869,13.883170141017091,10.188704088048116,18.705859693704824,7.468513271496337,0.32969,1
of the trees,of the trees,1,0,0,1,0.25,1,0.0,0,1,0,0.0,13.334245354561496,18.799117186521926,7.43307534889858,16.835935492889124,5.69035945432406,12.396697137361691,10.025749432069084,17.538791462950133,5.849324779946859,0.32952,1
rusko,rusko,1,0,0,2,0.5,1,0.0,0,1,0,0.0,14.862829903121964,19.801962565761276,8.475120414994329,17.822843761378564,6.18826412308259,14.498607907721096,9.05321861620397,16.963963961454382,7.847762537473608,0.32918,1
kai wachi,kai wachi,0,1,1,3,0.75,0,1.0,0,1,0,0.0,13.83531416565213,19.76875389484946,8.24143968982973,17.353567151413394,5.953243334287785,13.005831808336863,9.908524844053396,18.420680753952364,8.040768994367578,0.32888,1
dual damage,dual damage,1,0,0,1,0.25,1,0.0,0,1,0,0.0,12.45293662970407,19.06253463538792,7.29505641646263,16.308716093211594,5.0106352940962555,12.230770136157428,8.481566013773087,17.560297667657167,7.8351837552667485,0.32873,1
a-trak,a-trak,0,0,0,1,0.25,0,3.0,0,1,0,0.0,15.884901890053227,21.682616058664156,10.413342705547674,19.667713040612313,7.623153068476902,17.11134746100564,12.520887034998584,20.478643255232218,9.581972891547895,0.32809,1
netsky,netsky,1,0,1,2,0.5,1,0.0,0,1,0,0.0,14.743730255960541,21.04534933684016,9.433563920090563,19.23161096461314,6.948897222313312,15.792365649373155,11.635151947212842,19.853381480273047,8.659213451436667,0.32799,1
indira paganotto,indira paganotto,0,1,0,2,0.5,0,1.0,1,1,0,0.0,14.635290829986122,18.014215135510618,7.508787170634276,17.590567731255042,6.222576268071369,12.476103599529843,9.14782646658694,17.847979734198784,6.806829360392176,0.32782,1
cid,cid,0,0,1,2,0.5,0,2.0,0,1,0,19.0,12.876465396508989,21.008444779931953,9.97119292889014,19.799446841170358,7.095064377287131,15.674928831429371,11.18859323930985,19.67914173640328,9.729193687429403,0.3278,1
torren foot,torren foot,1,0,0,2,0.5,1,0.0,0,1,0,0.0,11.820417517632333,19.019517250535575,8.757311846936409,18.440483381052466,6.68586094706836,14.316286451937186,11.813037464800539,20.76248655106123,8.029107054619736,0.32728,1
masha mar,masha mar,1,0,0,2,0.5,1,0.0,1,1,0,0.0,9.472781556562168,12.969214528909768,4.709530201312334,14.53821702620254,2.4849066497880004,7.05617528410041,2.833213344056216,7.893572073504902,2.70805020110221,0.32723,1
calussa,calussa,1,1,0,2,0.5,2,0.0,1,1,0,0.0,11.110969193687714,17.88282646492174,8.248790733696413,17.949075849365297,5.84354441703136,13.3374763699232,9.358846580275406,17.56736483471378,7.741099090035366,0.32706,1
wakyin,wakyin,1,0,0,1,0.25,1,0.0,0,1,0,0.0,12.133507329024972,19.20000562534052,8.402231172946555,18.127651078578815,6.20455776256869,14.227620871042543,12.049424683420915,20.772056002068226,6.226536669287466,0.32677,1
marie vaunt,marie vaunt,1,0,0,1,0.25,1,0.0,1,1,0,41.0,13.332625923631754,18.144927255541088,7.715123603632105,17.70324089131518,5.886104031450156,12.739640688812674,9.99884318585288,18.228308863426122,8.239857411018601,0.32664,1
jai wolf,jai wolf,0,0,0,1,0.25,0,3.0,0,1,0,0.0,14.19394767861579,20.6387966814081,9.220389707829185,18.65969765229688,6.729824070489475,15.11023799953124,11.87757552297847,19.424982356812237,6.668228248417403,0.32643,1
ben hemsley,ben hemsley,1,1,0,2,0.5,2,0.0,1,1,0,0.0,12.926350926565435,18.799117186521926,8.20685642839965,17.8947414992968,6.673297967767654,13.593617474489168,9.898525260706313,18.197537205138154,7.949444420250626,0.32638,1
øtta,øtta,1,0,0,1,0.25,1,0.0,0,1,0,0.0,12.400820837540556,16.082468576942105,6.447305862541213,15.003354285238329,4.68213122712422,10.344995251991222,6.077642243349034,14.363632544508476,2.6390573296152584,0.32624,1
duck sauce,duck sauce,0,0,0,1,0.25,0,3.0,0,1,0,0.0,14.151983508870947,20.682443843467823,9.38437770918244,18.878105597320356,6.75343791859778,16.028171052839518,11.445727410406752,20.452768590559348,8.511577452630602,0.32605,1
mochakk,mochakk,1,0,1,2,0.5,1,0.0,0,1,0,0.0,15.377857072508109,19.52262082603541,8.893984438939794,18.440483381052466,6.635946555686647,14.60850352598252,10.998777662206932,19.46095745914108,8.227375506834035,0.32454,1
infekt,infekt,1,0,0,1,0.25,1,0.0,0,1,0,0.0,12.91657092142417,18.127651078578815,7.282073658093465,16.357112630168974,5.135798437050262,11.203692838488003,8.297792626380861,16.562781536322326,7.872836175025724,0.32436,1
funk tribu,funk tribu,1,0,0,1,0.25,1,0.0,0,1,0,0.0,13.423949834313948,19.632621720903668,8.37816098272068,18.283714900347096,7.034387929915503,14.19394767861579,12.637858308703688,22.079100990839326,6.238324625039508,0.32425,1
eli fola,eli fola,1,0,0,1,0.25,1,0.0,1,1,0,0.0,10.480129006333248,14.478199046503295,6.311734809152915,16.372737946851277,4.59511985013459,10.207325906555994,6.345636360828596,14.735793709514262,5.986452005284438,0.32422,1
sota,sota,1,0,0,1,0.25,1,0.0,0,1,0,0.0,10.815790343132422,17.6867115897055,7.2456550675945355,16.204273438942487,5.424950017481403,12.083910661257521,7.848153086199526,17.226658303482896,7.063903961472068,0.32392,1
sultan + shepard,sultan + shepard,0,0,1,2,0.5,0,2.0,0,1,0,0.0,13.937729075643883,20.6999972110306,9.441531454869693,19.123778260315973,7.071573364211532,15.848908292032746,11.143324481431074,18.603002309079653,9.314790473332646,0.32367,1
gareth emery,gareth emery,0,0,1,1,0.25,0,2.0,0,1,1,0.0,15.199302039492581,20.92211669651125,9.030615441029495,18.430631084706523,6.976348070447749,15.505606557917657,12.487488878546145,19.53909566318463,9.741027444837728,0.32345,1
tale of us,tale of us,0,0,0,1,0.25,0,3.0,0,1,0,0.0,15.04222314251479,19.580701663883914,8.961237781491876,18.02615559071933,6.93537044601511,14.735793709514262,9.546884034617925,17.87076774880935,8.75115798136203,0.3231,1
sarah de warren,sarah de warren,1,0,0,1,0.25,1,0.0,1,1,0,0.0,12.100717685412471,19.71814389409788,9.417435838868785,19.478471041572444,7.086737934510577,14.24729362374025,13.461690107508359,21.11530792539811,8.963160242833732,0.32264,1
levity,levity,1,0,0,1,0.25,1,0.0,0,1,0,0.0,13.522482219667573,18.619531610894253,7.369600720526409,17.619948374984197,5.41610040220442,12.206077645517674,9.510519035757246,18.17093652367795,6.905753276311464,0.32247,1
coco and breezy,coco & breezy,0,0,0,0,0.0,0,99.0,0,0,0,0.0,12.785493861878301,18.08939504794603,7.868254265520613,18.386089309534714,5.8888779583328805,12.310437165348775,8.734881892047483,17.14413728263389,5.953243334287785,0.32243,1
alan walker,alan walker,0,0,0,1,0.25,0,3.0,1,1,1,0.0,18.705859693704824,24.20142425977556,11.10045084755119,20.752824640158828,8.38022733634308,18.819456870621142,17.14413728263389,24.529928326738954,9.278092474027002,0.32204,1
truth,truth,1,0,0,1,0.25,1,0.0,0,1,0,0.0,13.010316110729669,17.997560715872655,7.191429330036379,15.575091300945118,5.407171771460119,12.250094315624496,8.796490207333578,17.98835819708264,6.551080335043404,0.32168,1
headhunterz,headhunterz,0,0,0,1,0.25,0,3.0,1,1,0,0.0,15.315133827605429,21.02337043013749,9.332646496360152,17.916499679461335,6.684611727667927,15.369435971884585,11.476271853988816,19.20913810886209,9.65509029374725,0.32062,1
clara cuvé,clara cuvé,1,0,0,1,0.25,1,0.0,0,1,0,0.0,11.252871529635922,14.576316854287645,5.631211781821365,14.648420115681892,4.382026634673881,8.496582237512113,3.8918202981106265,10.434145214930487,3.2188758248682006,0.32042,1
zeds dead,zeds dead,0,0,1,2,0.5,0,2.0,0,1,0,0.0,16.13789837629371,21.299879201812203,9.488047863280759,19.024996716270177,6.792344427470809,15.511126350125648,11.470028402317833,19.24485619130468,9.092907275084087,0.32032,1
fcukers,fcukers,1,0,0,1,0.25,1,0.0,0,1,0,0.0,12.33270970174018,17.41282284594998,7.671360923190644,18.02169460194191,5.680172609017068,12.460718739865236,7.958576903813898,16.91108821173685,5.176149732573829,0.31953,1
ahmed spins,ahmed spins,1,0,0,1,0.25,1,0.0,0,1,0,0.0,12.624786269856633,19.046619180166456,8.277411998949004,17.68462608325797,6.625392368007956,15.348067642045114,13.617060838751888,20.620125079135544,5.945420608606575,0.31943,1
distinct motive,distinct motive,1,0,0,1,0.25,1,0.0,0,1,0,0.0,11.798111925972618,16.636889503897294,6.040254711277414,15.142585824676148,4.736198448394496,12.33270970174018,8.748463629942055,17.555558322405577,6.118097198041348,0.31923,1
linska,linska,1,0,0,1,0.25,1,0.0,0,1,0,0.0,11.686887175419702,16.759949589762293,7.284820912568604,17.780126032486923,4.718498871295094,12.06105265381003,8.239857411018601,16.59432989206649,6.855408798609928,0.3191,1
maz,maz,1,0,0,1,0.25,1,0.0,0,1,0,0.0,13.608487618541492,19.602407942398468,0.0,0.0,14.876767406109316,12.45293662970407,20.490071951041326,0.0,0.0,0.31908,1
riot ten,riot ten,1,0,1,3,0.75,1,0.0,1,1,0,0.0,13.928840136128022,19.450300164704952,8.464214266625351,18.260512003536633,6.573680166960646,13.317931805683793,14.751604309291395,22.95004921663205,8.571870752706934,0.31893,1
dennis cruz,dennis cruz,1,0,0,2,0.5,1,0.0,0,1,0,0.0,13.745089166628526,19.190788970278067,8.831857935197906,17.725531580761828,6.652863029353347,14.933925800725897,10.177362240256695,18.17093652367795,9.314790473332646,0.31862,1
jon casey,jon casey,1,1,0,2,0.5,2,0.0,1,1,0,0.0,11.635151947212842,17.206657637442962,7.268920128193722,17.376556668977415,5.6240175061873385,11.013715451376466,7.280697195384741,16.077273760604726,7.004881989712859,0.31861,1
disco dom,disco dom,1,0,0,1,0.25,1,0.0,1,1,0,0.0,9.942756341456828,15.479436845076366,6.315358001522335,15.974225396012052,4.356708826689592,10.732061203925053,5.926926025970411,13.989464705423494,5.313205979041787,0.3184,1
prospa,prospa,1,0,0,1,0.25,1,0.0,0,1,0,0.0,12.791080452981857,19.360688006350088,8.933004591578547,18.8906843794481,6.61472560020376,14.48334044336031,10.064798252418377,18.683045016112164,8.441607204459642,0.3183,1
ydg,ydg,1,0,0,1,0.25,1,0.0,0,1,0,0.0,12.468440756144114,19.24485619130468,8.108623268354595,17.798923578101068,6.75343791859778,13.883170141017091,12.019749091416921,20.181981007413924,7.234177179749849,0.31762,1
oppidan,oppidan,1,0,0,1,0.25,1,0.0,0,1,0,0.0,12.28765724080691,17.747336210296442,7.658227526161352,17.68879275586601,5.796057750765372,12.36308066783498,8.263848131368906,16.920097281273396,7.585788821732034,0.31748,1
tinlicker,tinlicker,0,0,0,1,0.25,0,3.0,0,1,0,0.0,13.81451105863119,21.359842666547063,9.792611856190192,19.43952806776172,7.57353126274595,16.15731646026544,13.22672519452875,20.809443534104894,9.23024103368252,0.31722,1
creeds,creeds,0,1,0,1,0.25,0,1.0,1,1,0,0.0,13.032440858057756,20.523594643038344,9.20230820027892,19.181486577659022,7.402451520818244,15.469922027245676,13.972515161474428,22.012498485498654,7.530479995245536,0.31719,1
wildstylez,wildstylez,0,0,0,1,0.25,0,3.0,1,1,0,0.0,14.310207409556293,20.490071951041326,9.104646467417119,18.0935646161248,6.53813982376767,14.830741600012107,11.944714374881176,19.737088980289055,9.392745258631441,0.31718,1
slugg,slugg,1,0,0,1,0.25,1,0.0,1,1,0,0.0,10.2328272702548,14.897316067298997,6.1224928095143865,15.317363482435562,4.31748811353631,10.640675541671662,6.068425588244111,14.093143052138025,6.20455776256869,0.31697,1
sarz,sarz,1,0,0,1,0.25,1,0.0,0,1,0,0.0,14.674172600730516,21.193269466817146,0.0,18.57768450130904,7.223295679562314,16.275099485238066,13.140205260167273,20.589734445464746,5.170483995038151,0.31678,1
le youth,le youth,1,0,1,2,0.5,1,0.0,1,1,0,0.0,13.461690107508359,21.000897574302268,9.60918360377546,19.11382792951231,7.411556287811163,15.947307448601993,12.460718739865236,20.415381058537655,7.9287663216266955,0.31624,1
omnom,omnom,1,0,0,1,0.25,1,0.0,0,1,1,0.0,11.918397239722838,18.400478046838927,8.335191583433202,18.440483381052466,5.905361848054571,12.962196972666593,9.472781556562168,18.212425817447176,8.030084094267563,0.31603,1
mesa and boss,mesa & boss,0,0,0,0,0.0,0,99.0,0,0,0,0.0,10.292179440058462,16.266515742283485,6.927557906278317,17.189679301485086,3.713572066704308,9.60918360377546,6.272877006546167,16.185754392890075,6.398594934535208,0.31508,1
kromi,kromi,1,0,0,1,0.25,1,0.0,1,1,0,0.0,8.509564164251746,15.708622672055014,6.6039438246004725,16.61887099947687,4.709530201312334,11.957617696467539,15.592156558587005,21.97029813102015,5.814130531825066,0.31508,1
dylan brady,dylan brady,1,0,0,1,0.25,1,0.0,0,1,0,0.0,12.969214528909768,20.56778093527424,9.035510680940524,18.65969765229688,6.660575149839686,14.207553321415745,12.319405795112926,19.96824325479604,6.298949246855942,0.3148,1
champion,champion,1,0,0,1,0.25,1,0.0,0,1,0,0.0,11.599112335481124,17.811874730208523,7.9966538754626075,17.886245271612086,6.349138991379798,12.721888795877375,8.436200032206706,18.049617077054286,7.326465613840322,0.31456,1
eliminate,eliminate,0,0,1,1,0.25,0,2.0,0,1,0,0.0,14.062371417145494,18.974565862925928,8.16735198705607,17.46616882523204,6.040254711277414,13.073175234051686,9.90353755128617,18.560442695023177,8.319229938632326,0.31438,1
honeyluv,honeyluv,0,1,0,2,0.5,0,1.0,0,1,0,0.0,12.025755079404917,18.096334700960252,8.160232492367689,18.16836582820789,6.171700597410915,13.815511557963774,12.502470376049185,17.932920409404016,7.888709524182015,0.31346,1
atb,atb,0,0,0,1,0.25,0,3.0,0,1,0,0.0,15.121137287019383,21.59455920330824,10.098272780745283,20.08271110840317,7.67693714581808,17.030378401595577,12.863595239117187,20.336131686995724,8.484669999710677,0.31283,1
dennis ferrer,dennis ferrer,0,0,1,1,0.25,0,2.0,0,1,0,0.0,13.749371823835228,19.776515900164867,9.167537249650874,18.37568338848188,6.796823718274855,16.02268557616466,10.401258331428318,19.098714291778403,9.34145634983372,0.3128,1
country night,country night,1,0,0,1,0.25,1,0.0,1,1,0,0.0,11.279744203985432,16.785925074816024,5.198497031265826,14.686804342317648,4.454347296253507,10.357774570341576,7.554334823725748,16.733281344102608,0.6931471805599453,0.31275,1
gem and tauri,gem & tauri,0,0,0,0,0.0,0,99.0,0,0,0,0.0,10.419330568113901,16.021584860709627,6.09807428216624,15.523888599412683,5.220355825078324,10.328787967145063,6.066108090103747,13.981025843899115,5.402677381872279,0.31232,1
marsh,marsh,0,1,0,1,0.25,0,1.0,0,1,0,6.0,12.969214528909768,19.328939308161516,8.551401362745974,18.08520802165025,6.948897222313312,14.462614323582885,10.801634680173994,19.190788970278067,9.11085147347544,0.31213,1
black tiger sex machine,black tiger sex machine,1,0,1,2,0.5,1,0.0,1,1,0,0.0,14.253766134056512,19.283570703318816,8.086410275323782,17.44781968704484,5.187385805840755,12.90669432231532,10.038935856711177,18.039420339182307,7.544861068658458,0.31147,1
yoji biomehanika,yoji biomehanika,1,0,0,1,0.25,1,0.0,1,1,0,0.0,10.93133754807084,15.641671614940245,5.932245187448011,15.056779436051206,5.14166355650266,9.561067663645012,5.84354441703136,12.133507329024972,6.246106765481563,0.31144,1
simula,simula,1,0,0,1,0.25,1,0.0,0,1,0,0.0,12.211065162153215,19.176802728368536,8.164510268747042,16.86478364583966,6.371611847231857,13.28448392755959,9.83633227734872,18.413656139085894,7.288244401020124,0.31132,1
castor and pollux,castor & pollux,0,0,0,0,0.0,0,99.0,0,0,0,0.0,11.038126355768453,16.116093748488044,7.062191632286556,17.278116599103036,4.127134385045092,10.485731104959568,6.499787040655854,14.53335035111459,6.761572768804055,0.31131,1
brody jenner,brody jenner,1,0,0,1,0.25,1,0.0,1,1,1,0.0,15.176487367510099,14.866332532446323,6.054439346269371,16.575520561288332,2.70805020110221,8.569975376855206,7.734996194022781,15.308414878861498,3.912023005428146,0.31109,1
borgore,borgore,0,0,1,2,0.5,0,2.0,0,1,0,0.0,15.977683612316367,20.977908056095185,8.939974177289633,18.03059675265355,6.470799503782602,15.315133827605429,10.843514342086866,19.019517250535575,8.790573479157159,0.31087,1
gesaffelstein,gesaffelstein,1,0,0,1,0.25,1,0.0,0,1,0,0.0,14.92736840232972,22.360318916608037,10.288783966353765,19.897729470623826,7.919719760924575,16.749367480991666,14.285514812209815,23.182854678835593,8.010359588919783,0.31077,1
dj gigola,dj gigola,1,0,0,1,0.25,1,0.0,0,1,0,0.0,12.45293662970407,17.63760887774627,7.4645098346365275,17.546011710749845,5.631211781821365,12.425212191503038,8.13739583005665,16.733281344102608,5.3612921657094255,0.31074,1
marshmello,marshmello,0,0,1,1,0.25,0,2.0,0,1,1,0.0,18.997294113874336,24.414642171283873,11.571203807011969,21.193269466817146,8.568836424568076,18.450239555902648,16.624913313567735,24.323314077381053,9.296609807128359,0.31065,1
trivecta,trivecta,1,0,0,1,0.25,1,0.0,0,1,0,0.0,12.69771850797869,19.39900687050537,8.359134886757962,17.879395929883795,6.29156913955832,13.232116033476537,10.173552856959743,18.211193531416097,7.831617276352611,0.30984,1
andrew bayer,andrew bayer,0,1,0,1,0.25,0,1.0,0,1,0,0.0,13.19189130572284,18.903106899369497,8.216898580913613,17.842646388318236,6.665683717782408,14.493544608328255,10.416341118636355,19.36847014676186,9.239996256883693,0.30973,1
cat dealers,cat dealers,0,0,0,1,0.25,0,3.0,1,1,0,0.0,14.866332532446323,21.205691986807988,9.83097062169695,19.617628936362486,7.151485463904735,15.89620144388848,13.464535055593716,21.09482939406855,8.661120360222881,0.30969,1
malugi,malugi,1,0,0,1,0.25,1,0.0,0,1,0,0.0,12.51723073716405,18.053955478590147,7.580699752224563,17.77250694815561,5.793013608384144,12.417147664184915,8.014996894348302,16.87890152672105,6.51471269087253,0.30963,1
anfisa letyago,anfisa letyago,0,0,0,1,0.25,0,3.0,0,1,0,0.0,14.699278511355924,17.626607666926354,7.879669914604289,17.546011710749845,6.423246963533519,12.563750586299374,8.71292443512011,16.86951178681205,7.333023014386481,0.30958,1
adam ten,adam ten,1,0,0,1,0.25,1,0.0,0,1,0,0.0,12.429220196836383,18.27218074723485,8.439231649946526,17.971263763989,6.60934924316738,14.33430494661736,9.989711119284745,18.420680753952364,8.432724034789787,0.30957,1
telykast,telykast,0,0,0,1,0.25,0,3.0,0,1,0,0.0,13.296318365198623,19.935807979113026,8.984944285608679,19.240460579850964,6.664409020350408,14.006131744018864,12.901719200051183,21.29424538409712,7.193685818395112,0.30921,1
fury,fury,0,1,1,3,0.75,0,1.0,0,1,0,0.0,10.434145214930487,15.739759356223798,0.0,14.24729362374025,5.673323267171493,0.0,12.240478903153711,0.0,0.0,0.3092,1
gabriel and dresden,gabriel & dresden,0,0,0,0,0.0,0,99.0,0,0,0,0.0,13.22672519452875,19.435911427304614,8.471149252914831,17.931290417219653,6.5998704992128365,14.869822936167798,9.472781556562168,17.034386422832473,9.314790473332646,0.30895,1
junkie kid,junkie kid,0,0,0,1,0.25,0,3.0,0,1,0,0.0,13.217675375388819,19.06253463538792,8.026823576217629,17.259128687459263,6.1070228877422545,13.561909087824318,12.201065128819632,20.310776115411855,7.903596289614301,0.30868,1
33 below,33 below,1,0,0,1,0.25,1,0.0,0,1,0,0.0,11.918397239722838,17.81003480332037,7.465082736399547,17.626607666926354,5.44673737166631,11.626263078808801,7.171656822768514,15.952041184691984,6.111467339502679,0.3079,1
bicep,bicep,1,0,0,1,0.25,1,0.0,1,1,0,0.0,14.94368197249847,21.02337043013749,9.635673464721814,18.92145603792546,7.4360278163518485,16.051955955291376,12.601490784782536,21.436215645292734,8.824383730256061,0.30769,1
good times ahead,good times ahead,0,0,0,1,0.25,0,3.0,1,1,0,0.0,14.47303107901565,21.000897574302268,9.873079890114703,19.123778260315973,7.072421900537371,16.530205368010318,11.101960259016467,19.443131675252033,9.908524844053396,0.30765,1
lady sinclair,lady sinclair,1,0,1,3,0.75,1,0.0,1,1,0,0.0,9.433563920090563,11.813037464800539,4.143134726391533,14.503645699213111,1.6094379124341003,7.195937226475569,4.532599493153256,12.881567435377423,3.1780538303479458,0.30755,1
skepta,skepta,1,0,0,1,0.25,1,0.0,1,1,0,0.0,16.15731646026544,22.857432278315493,10.747229096720554,20.278540016445007,8.16876982367527,17.140546614632086,14.340239678615058,22.748779036732618,8.196987927258897,0.30738,1
classmatic,classmatic,1,0,0,1,0.25,1,0.0,0,1,0,0.0,12.06105265381003,17.04235459216419,7.565793282428515,16.489659276356317,5.8916442118257715,12.90917263218775,8.567506005289827,17.02635425145779,7.896924656268864,0.30713,1
grimes,grimes,0,0,0,1,0.25,0,3.0,0,1,0,0.0,16.249124001084017,21.864298841817963,10.25769445336048,19.632621720903668,7.6255950721324535,16.060466644053882,13.67854584967945,22.818826760629133,7.495541943884256,0.30712,1
tom and collins,tom & collins,0,0,0,0,0.0,0,99.0,0,0,0,0.0,13.329379172803593,18.65179247285226,8.545780648268149,18.497641794347754,6.137727054086234,13.568331709230735,9.198470199405696,18.0977168711681,7.958227192322312,0.30623,1
lane 8,lane 8,0,0,1,1,0.25,0,2.0,0,1,1,0.0,14.166168133802548,21.0159354516555,9.503084610020228,18.963005040591682,7.183870715062453,15.469922027245676,13.440091026807503,21.401299380203923,8.920923462230686,0.30586,1
kompany,kompany,1,0,0,2,0.5,1,0.0,0,1,0,0.0,13.279368835614243,18.812722838485147,8.064636475774222,17.665658180950928,5.91350300563827,12.483708170000067,9.042631527550073,17.546011710749845,8.711607995897575,0.30576,1
ray volpe,ray volpe,1,0,1,2,0.5,1,0.0,1,1,0,0.0,13.928840136128022,19.406497542206473,8.239329427901795,17.50688691721445,6.320768294250582,13.230322314239945,11.091346218718432,18.749984498289212,8.981052985901483,0.30483,1
gravedgr,gravedgr,0,1,0,1,0.25,0,1.0,0,1,0,0.0,12.574185427296195,18.878105597320356,8.247220052745229,17.877676239033843,6.073044534100405,12.904209855160254,14.436087583323648,21.426363348854576,7.244941546337007,0.30463,1
hot since 82,hot since 82,1,0,1,2,0.5,1,0.0,0,1,0,0.0,14.782494784382012,19.737088980289055,9.100971834920818,18.488339401771974,6.887552571664617,15.226497531674536,9.980494888896912,18.402516783507995,9.62911649414402,0.3041,1
1991,1991,0,0,0,1,0.25,0,3.0,0,1,0,0.0,12.591338447675579,19.816925438400673,8.750524669117937,18.34811006187022,6.255750041753367,13.654168582642953,10.889323003601277,19.39145966489847,7.979681302387741,0.30409,1
sullivan king,sullivan king,1,0,1,2,0.5,1,0.0,1,1,1,0.0,14.639686439527019,20.080811772603123,8.525359754082631,17.856805916671252,6.386879319362645,13.578522867254332,11.608244735642321,19.68480747392291,8.685922794690725,0.30365,1
soothslayer,soothslayer,1,0,0,2,0.5,1,0.0,1,1,0,0.0,8.416930769477844,13.19189130572284,3.6635616461296463,13.854732232655556,2.8903717578961645,6.2324480165505225,2.1972245773362196,8.631771096123673,2.995732273553991,0.30327,1
hybrid minds,hybrid minds,0,0,0,1,0.25,0,3.0,0,1,0,0.0,13.799382192294036,20.465789607845355,8.5814816812986,17.904842595113248,6.9167150203536085,14.467836264837162,10.207325906555994,18.151493267225753,7.461640392208575,0.30304,1
alleycvt,alleycvt,1,0,1,2,0.5,1,0.0,0,1,0,0.0,13.356646255406224,18.258161826219297,7.037905963447182,16.929025911619092,4.882801922586371,11.49273296168228,9.746892220313054,18.065433366270153,6.133398042996649,0.30291,1
x club.,x club.,1,0,0,1,0.25,1,0.0,0,1,0,0.0,12.160033942617156,17.423722136111028,7.522400231387125,17.471350183839803,5.986452005284438,12.549665896013254,8.664232934065552,17.38222240635259,6.418364935936212,0.30281,1
chase and status,chase & status,0,0,0,0,0.0,0,99.0,0,0,0,0.0,15.654471787659123,21.57341676674337,9.648659816955295,19.30857200542005,7.364547014255642,16.41820031748273,12.54254845357358,20.642055782605468,9.083415678402515,0.3019,1
cristoph,cristoph,0,1,0,1,0.25,0,1.0,0,1,0,0.0,12.73670383776449,19.848596782161156,9.23024103368252,18.92145603792546,7.050989447068045,15.118423581884207,10.090008612393838,17.793321322657015,9.45727857185611,0.30165,1
alves,alves,1,0,0,1,0.25,1,0.0,1,1,0,0.0,10.34177474101152,14.108180918195472,5.62040086571715,15.71163019266671,4.060443010546419,10.360944044643913,5.14166355650266,14.678400935052153,5.493061443340548,0.30034,1
muzz,muzz,0,0,0,1,0.25,0,3.0,0,1,0,0.0,12.765691290604371,19.53253826265997,8.399085102935908,17.085079535170806,5.8998973535824915,13.426904041847699,10.34177474101152,18.560442695023177,7.575071699507561,0.30024,1
xandra,xandra,1,0,0,1,0.25,1,0.0,0,1,0,0.0,6.660575149839686,13.197472705176983,3.091042453358316,9.975854724662028,2.995732273553991,7.476472381163905,4.897839799950911,9.45727857185611,1.9459101490553132,0.29974,1
dj fuckoff,dj fuckoff,1,0,0,1,0.25,1,0.0,1,1,0,0.0,11.433893080082035,14.69513772040451,5.796057750765372,15.099218607317335,4.343805421853684,9.392745258631441,5.786897381366708,12.666660207428574,3.4965075614664802,0.29922,1
mike posner,mike posner,1,0,0,1,0.25,1,0.0,1,1,0,0.0,16.536806051605975,23.019832857715496,10.628641991731053,20.069339371462824,7.764296006450518,17.886245271612086,16.8261314932731,22.506657056672015,6.963189985870238,0.29905,1
sonny fodera,sonny fodera,0,0,1,1,0.25,0,2.0,0,1,0,0.0,14.72376952136689,21.44110563009673,10.138599199626192,19.831667720101652,7.357556200910353,16.24031337217814,12.618185607609803,20.498871504982112,9.852246888342531,0.29904,1
airrica,airrica,1,0,0,1,0.25,1,0.0,1,1,0,0.0,10.413342705547674,14.414347608503377,5.948034989180646,16.077273760604726,3.7612001156935624,9.34145634983372,4.997212273764115,13.04115549117383,5.198497031265826,0.29875,1
wes mills,wes mills,1,0,0,1,0.25,1,0.0,1,1,0,0.0,11.542493975902508,17.296750678069195,7.1569563646156364,17.423722136111028,4.983606621708336,10.064798252418377,7.0925737159746784,16.0422940454169,4.770684624465665,0.29759,1
kieran san jose,kieran san jose,1,0,0,1,0.25,1,0.0,1,1,0,0.0,9.588845298501564,14.363632544508476,5.869296913133774,15.233788207067937,3.5263605246161616,9.87822102528824,5.652489180268651,13.80141264778304,5.808142489980444,0.29715,1
hanz,hanz,1,0,0,1,0.25,1,0.0,1,1,0,0.0,11.203692838488003,17.837284445272687,7.330405211844402,17.154832571369333,5.799092654460526,10.563620718477313,6.873163834212518,15.77701294242639,3.332204510175204,0.29712,1
oddly godly,oddly godly,1,0,0,1,0.25,1,0.0,1,1,0,0.0,8.688790784847216,14.408837955728044,5.568344503761097,14.621986870259695,3.6888794541139363,9.809231816610408,8.698847859222488,15.04222314251479,4.68213122712422,0.29663,1
da capo,da capo,1,0,0,1,0.25,1,0.0,1,1,0,0.0,14.310207409556293,18.3296613565181,7.931284761525891,16.87421767762801,6.706862336602747,15.226497531674536,10.382822509210747,18.643824303266577,7.8547691834991324,0.2963,1
carlita,carlita,1,0,0,1,0.25,1,0.0,0,1,0,0.0,13.049794835104816,18.560442695023177,8.67709870892586,18.6983124881264,6.342121418721152,13.447342679685468,9.062652099076578,17.597424900824443,7.668561108015897,0.29629,1
invt,invt,1,0,0,1,0.25,1,0.0,1,1,0,0.0,10.978507040265917,15.10749451433816,6.418364935936212,15.475641774827944,5.484796933490655,10.827766295132466,6.45833828334479,13.712370907691596,5.720311776607412,0.2962,1
malaa,malaa,0,0,1,1,0.25,0,2.0,0,1,0,0.0,14.014362236381235,21.854667948760092,9.287394001418473,18.812722838485147,6.776506992372183,14.969242461310827,11.05881093278828,20.34054021727401,9.259225769705994,0.29617,1
delta heavy,delta heavy,0,0,0,1,0.25,0,3.0,0,1,0,0.0,13.989464705423494,20.11077656124894,8.540909718033554,17.453096744006448,6.285998094508865,13.8924725250259,9.268703615273097,17.562658943787092,8.240385115516334,0.29607,1
amal nemer,amal nemer,1,0,0,1,0.25,1,0.0,1,1,0,0.0,12.999067423500716,16.166885910365842,7.2485040723706105,16.83104550783405,5.062595033026967,12.235636302128867,10.698762529141884,18.183691798490372,6.773080375655535,0.29602,1
ship wrek,ship wrek,0,0,1,1,0.25,0,2.0,0,1,0,0.0,13.060490101343552,20.148790187880163,9.433563920090563,19.413932520666354,6.78897174299217,14.997238060091309,11.87757552297847,20.330223250318287,8.53503310954457,0.29541,1
omri.,omri.,1,0,0,1,0.25,1,0.0,1,1,0,0.0,11.199597325534862,16.128046080821385,7.098375638590786,16.308716093211594,5.159055299214529,12.479913113434042,7.363913501405819,16.231424425551033,7.089243155027514,0.29522,1
allenora,allenora,1,0,0,1,0.25,1,0.0,0,0,0,0.0,8.07246736935477,10.169728906753061,1.9459101490553132,8.410943391573527,0.6931471805599453,2.6390573296152584,1.791759469228055,4.795790545596741,0.6931471805599453,0.29522,1
mitis,mitis,0,1,0,2,0.5,0,1.0,0,1,0,0.0,13.624351263156136,20.005825965866602,8.275885669474356,17.40732832678329,6.0473721790462776,13.428377879293798,9.517898598432753,17.062001588775953,6.831953565565855,0.29471,1
vnssa,vnssa,1,0,0,1,0.25,1,0.0,0,1,0,0.0,11.798111925972618,17.32406648788705,7.983781068977451,17.75709238505144,6.1903154058531475,12.754196944209095,8.366835309827675,17.359364268929685,7.86172707782398,0.29458,1
todd terry,todd terry,0,0,1,1,0.25,0,2.0,1,1,0,0.0,13.573440270649085,20.370867451197412,9.674137279312397,19.046619180166456,7.3537223303996315,16.440179222591198,11.46374572492597,19.904555435678695,9.862717639992917,0.2935,1
haai,haai,0,1,0,1,0.25,0,1.0,0,1,0,0.0,12.688501881189456,18.239158879319383,8.283241441385425,18.182423567518462,6.16541785423142,12.779875885354993,12.025755079404917,18.53400943818794,6.400257445308821,0.29311,1
kettama,kettama,0,0,1,1,0.25,0,2.0,0,1,0,0.0,13.671641342278317,19.406497542206473,8.619208116822968,18.430631084706523,6.591673732008658,13.545014620881725,10.7706090484022,19.275096076363752,7.768533300926033,0.29272,1
lsdream,lsdream,0,1,0,1,0.25,0,1.0,0,1,0,0.0,13.463113593266897,19.083368722182243,7.80954132465341,17.05418904934434,5.545177444479562,12.739640688812674,10.87049040995193,18.3777732533795,7.318539548567902,0.29264,1
vastive,vastive,1,0,0,1,0.25,1,0.0,1,1,0,0.0,11.466891997618188,17.278116599103036,6.748759547491679,16.447399470043365,5.220355825078324,10.789339695269716,9.23024103368252,16.775615705688583,7.380879035564116,0.29224,1
doozie,doozie,1,0,0,1,0.25,1,0.0,1,1,0,0.0,13.120363378739663,17.182806422433504,7.4318919168078,17.36799741582595,5.568344503761097,12.476103599529843,11.635151947212842,19.836533909740986,5.634789603169249,0.29214,1
i hate models,i hate models,1,0,1,3,0.75,1,0.0,1,1,0,0.0,14.45736497045232,18.627694921466773,8.09132127353041,17.30288566644852,6.156978985585555,13.493928313146206,9.723223876851618,17.8947414992968,5.976350909297934,0.29151,1
tdj,tdj,1,0,0,1,0.25,1,0.0,1,1,0,0.0,10.868587496017359,16.933460508490302,7.114769448366463,16.924571561468124,5.638354669333745,10.703266939811954,6.5638555265321274,13.825461878915961,4.709530201312334,0.29147,1
duke dumont,duke dumont,0,0,1,1,0.25,0,2.0,0,1,1,0.0,15.576810991528912,22.036989505500284,10.428245666832275,19.806975107572256,7.67368812926773,17.239773245130714,12.691583538230217,20.063553434406938,9.195125206169703,0.29119,1
caravel,caravel,1,0,0,1,0.25,1,0.0,1,1,0,0.0,11.744045122410057,15.276448694098464,6.253828811575473,15.324022773047327,4.394449154672439,9.510519035757246,5.8377304471659395,12.896719202134523,4.8283137373023015,0.29106,1
a shade of black,a shade of black,0,1,0,1,0.25,0,1.0,0,0,0,0.0,0.0,9.62251624577579,0.0,9.305741456739435,2.0794415416798357,0.0,0.0,0.0,0.0,0.29091,1
hex cougar,hex cougar,1,0,0,1,0.25,1,0.0,1,1,0,0.0,11.995357787034976,18.749984498289212,7.903596289614301,17.442514634955867,5.5053315359323625,12.866182555987908,9.6678285081515,18.85246316687141,7.1308988302963465,0.29087,1
ricky retro,ricky retro,1,0,0,1,0.25,1,0.0,1,1,0,0.0,13.282781802386296,17.819200770166418,7.283448228756631,18.049617077054286,5.723585101952381,11.91170829631447,9.472781556562168,18.50685844936773,5.135798437050262,0.29062,1
ben böhmer,ben böhmer,0,0,0,1,0.25,0,3.0,1,1,0,0.0,14.690979711984754,21.052569584808435,9.441531454869693,18.77133762260779,7.179307969504034,15.536490024022143,11.964007453736912,20.057733825364963,8.769351707798972,0.29046,1
kitty amor,kitty amor,1,0,0,1,0.25,1,0.0,1,1,0,0.0,10.86477077032911,15.10198486004501,6.546785410760524,16.5563506464056,5.181783550292085,11.661354090741,6.556778356158042,14.291745358078465,6.660575149839686,0.29041,1
san pacho,san pacho,0,1,1,2,0.5,0,1.0,0,1,0,9.0,12.413090879946887,19.17209683735327,8.560827228436299,18.300770458553764,6.413458957167357,14.062371417145494,11.352768449837729,19.108815387713893,8.527737405291909,0.29003,1
isoxo,isoxo,1,0,0,1,0.25,1,0.0,0,1,0,0.0,13.023649611968253,18.9688021582424,8.078998258685154,17.985271774927078,6.093569770045136,12.847929163278053,9.674137279312397,18.34703421454833,8.802672840312818,0.28947,1
odd language,odd language,1,0,0,1,0.25,1,0.0,1,1,0,0.0,9.803722464346553,14.917450968950916,5.733341276897746,15.920863603231282,3.332204510175204,8.1797604936999,4.941642422609304,11.571203807011969,4.290459441148391,0.2894,1
walker and royce,walker & royce,0,0,0,0,0.0,0,99.0,0,0,0,0.0,12.95749109270188,18.7922443072814,8.738094230177667,18.387123970764783,6.584791392385716,14.137594781770806,9.195226734166134,18.104599210696307,8.805075243870684,0.28893,1
silcrow,silcrow,1,0,0,1,0.25,1,0.0,1,1,0,0.0,9.401043372798053,15.807486210288474,5.733341276897746,14.99108419641044,4.48863636973214,10.797553125151618,5.4680601411351315,13.58231793342203,5.087596335232384,0.28889,1
mph,mph,1,0,0,1,0.25,1,0.0,0,1,0,0.0,12.250094315624496,18.420680753952364,8.248790733696413,18.151493267225753,6.255750041753367,12.959846800844963,8.382975849296429,16.98938905874274,8.483843211734683,0.28866,1
reza,reza,1,0,0,1,0.25,1,0.0,1,1,0,0.0,8.3654396361887,14.89392047945086,6.453624998892692,16.316946591670696,5.159055299214529,11.669937760751914,6.424869023905388,12.999067423500716,7.635786861395585,0.28854,1
hamdi,hamdi,0,1,1,2,0.5,0,1.0,0,1,0,0.0,13.085701467719382,18.57768450130904,8.206583614320753,18.131664461838582,6.637258031284457,13.461690107508359,10.25769445336048,18.980296537602072,8.126813720726114,0.2881,1
david forbes,david forbes,1,0,0,1,0.25,1,0.0,1,1,0,67.0,11.203692838488003,17.344807971579257,7.557994958530806,16.447399470043365,6.159095388491933,13.725586944527592,7.97728198675515,15.371547904641702,9.38437770918244,0.28701,1
armand van helden,armand van helden,1,0,0,1,0.25,1,0.0,1,1,0,0.0,14.077875591662238,21.411400476185324,10.354595018522993,19.602407942398468,7.470224135899966,17.02635425145779,12.165255859329688,20.541743961522062,9.814710982145282,0.28637,1
boris brejcha,boris brejcha,0,0,1,2,0.5,0,2.0,0,1,0,0.0,15.968434992547925,21.1806906846182,9.091444217032327,18.335122866483964,6.977281341630747,15.938968985060884,12.608202196848836,20.272280215106296,8.522578663692576,0.28624,1
recess,recess,1,0,0,1,0.25,1,0.0,1,1,0,0.0,9.278092474027002,14.89051332229012,5.683579767338681,14.528460856016357,3.4011973816621555,8.134174272137903,4.852030263919617,11.571203807011969,0.0,0.28607,1
inigma,inigma,1,0,0,1,0.25,1,0.0,1,1,0,0.0,10.146472946063877,13.955273369904273,5.093750200806762,14.862829903121964,2.8903717578961645,7.73718007783463,5.645446897643238,14.848695397181752,3.4339872044851463,0.2859,1
oden and fatzo,oden & fatzo,0,0,0,0,0.0,0,99.0,0,0,0,0.0,12.531776395271262,19.739766358052602,8.97979449089521,18.627694921466773,6.740519359606223,14.122995993006082,10.723289410218579,19.352844828919817,7.952615111651,0.28582,1
anime,anime,1,0,1,3,0.75,1,0.0,0,1,0,0.0,13.919871474189012,18.450239555902648,7.583247524303362,16.176364653421913,6.297109319933935,13.575984798046763,8.86120833720818,16.432906463791053,7.667158255319148,0.28554,1
shaded,shaded,1,0,0,1,0.25,1,0.0,1,1,0,0.0,10.652566005416872,16.111071136726284,6.8690144506657065,16.283610174181653,5.575949103146316,11.957617696467539,6.483107351457199,14.962913328262083,7.119635638017636,0.28491,1
cutdwn,cutdwn,1,0,0,1,0.25,1,0.0,1,1,0,0.0,10.292179440058462,14.711598990684092,4.770684624465665,14.322328762742183,1.791759469228055,7.24422751560335,4.844187086458591,13.034626646500051,2.302585092994046,0.28419,1
rooler,rooler,1,0,0,1,0.25,1,0.0,1,1,0,0.0,13.159661088928443,20.107079699374445,8.447199819595703,16.933460508490302,6.144185634125646,13.81049902116535,10.229223792606835,19.046619180166456,8.417814747435958,0.28396,1
angel cannon,angel cannon,1,0,0,1,0.25,1,0.0,1,1,0,0.0,10.118639253920785,16.933460508490302,7.060476365999801,16.51687183802978,4.736198448394496,11.552155793461898,7.527255919373784,16.257857680289998,5.8377304471659395,0.28353,1
lauren mia,lauren mia,1,0,0,1,0.25,1,0.0,1,1,0,0.0,11.898194668458823,16.107034804711123,7.171656822768514,16.61887099947687,5.560681631015528,10.783135046711445,6.432940092739179,14.392124484065864,6.499787040655854,0.28254,1
mer bear,mer bear,1,0,0,1,0.25,1,0.0,1,1,0,0.0,10.038935856711177,10.281958234245314,1.6094379124341003,8.34711636103872,1.0986122886681098,0.0,0.6931471805599453,0.0,0.0,0.28239,1
geo,geo,0,1,0,2,0.5,0,1.0,0,1,0,0.0,9.44943600950432,15.456447331256177,5.198497031265826,13.845070331079134,3.6109179126442243,9.873079890114703,7.983781068977451,14.887094516710158,3.828641396489095,0.28239,1
dena,dena,1,0,0,1,0.25,1,0.0,1,1,0,0.0,9.056139690898883,16.341239282272525,6.4425401664681985,15.477541110270847,4.382026634673881,11.325402403776808,6.923628628138427,13.586098651497313,4.532599493153256,0.28237,1
twenty six,twenty six,1,0,0,1,0.25,1,0.0,1,1,0,0.0,11.310821520675269,19.372338623524815,8.457018468380168,18.871756369682007,6.561030665896573,14.260197020251155,14.030622744032508,22.46898136784758,7.183111701743281,0.28216,1
devault,devault,0,1,0,1,0.25,0,1.0,0,1,0,0.0,12.53897064502647,20.39753569824214,9.332646496360152,19.35677410704427,6.920671504248683,14.571633007169066,9.332646496360152,18.53400943818794,6.875232087276577,0.28216,1
aly and fila,aly & fila,0,0,0,0,0.0,0,99.0,0,0,0,0.0,14.950133605698774,19.519293035953808,8.097426298597213,17.393458479303888,6.899723107284872,14.975531788240602,9.975854724662028,17.32406648788705,9.820160289946374,0.28158,1
plsandty,pls&ty,0,0,0,0,0.0,0,99.0,0,0,0,0.0,13.366095129723817,19.26224793394093,8.636574948436317,18.488339401771974,5.820082930352362,12.955129822091815,10.360944044643913,19.90000997331735,6.745236349484363,0.28145,1
rudimental,rudimental,1,0,0,1,0.25,1,0.0,0,1,0,0.0,15.913528607916424,22.614870641295013,10.628641991731053,20.516241668742097,7.88344635413774,17.715461002401067,13.263864675787632,20.651769836315456,8.85395110151461,0.28123,1
brennan heart,brennan heart,0,0,1,1,0.25,0,2.0,1,1,0,0.0,14.674172600730516,21.101702273351588,9.44943600950432,18.92145603792546,7.044905117129371,15.191754835755884,11.293537353157436,19.28778123583743,9.305741456739435,0.28093,1
tsha,tsha,0,0,0,1,0.25,0,3.0,0,1,0,0.0,12.863595239117187,19.157844814713773,9.055089086704891,19.098714291778403,6.877296071497429,14.207553321415745,9.918425424900335,18.839391085389497,7.746300662231439,0.28075,1
caleb dent,caleb dent,1,0,0,1,0.25,1,0.0,1,1,0,0.0,9.803722464346553,13.499430382731967,5.429345628954441,15.088076433867828,3.58351893845611,8.742893471512136,5.236441962829949,13.815511557963774,5.176149732573829,0.28024,1
bryan matthew,bryan matthew,0,1,0,1,0.25,0,1.0,1,1,0,0.0,12.90917263218775,3.9889840465642745,11.013715451376466,0.0,0.6931471805599453,0.0,0.6931471805599453,12.868763195921677,0.0,0.27981,1
said the sky,said the sky,0,0,1,1,0.25,0,2.0,0,1,0,0.0,14.077875591662238,20.752824640158828,8.994296557777195,18.635792131633828,6.784457062637643,14.144815024531075,11.275949181024878,19.457417632448486,7.767687277186908,0.2794,1
billy gillies,billy gillies,1,0,1,2,0.5,1,0.0,1,1,0,0.0,13.778847610936543,19.352844828919817,8.047509510981422,18.488339401771974,6.9167150203536085,14.340239678615058,12.095146671399466,19.30857200542005,8.4040244933106,0.27933,1
nekter,nekter,1,0,0,1,0.25,1,0.0,1,1,0,0.0,10.494075844768336,14.617512591866694,5.521460917862246,15.166178000508337,2.302585092994046,7.6511201757027,3.9512437185814275,13.230322314239945,0.0,0.2787,0
veggi,veggi,1,0,0,1,0.25,1,0.0,1,1,0,0.0,14.346139397261565,18.014215135510618,7.473069088032197,17.64632352965885,5.181783550292085,11.571203807011969,8.880585523102495,17.997560715872655,4.499809670330265,0.2784,0
gudfella,gudfella,1,0,0,1,0.25,1,0.0,1,1,0,0.0,11.489667073393028,18.279117191151315,8.129174996911793,18.46947091764561,6.18826412308259,13.134293924552235,10.440010162389305,19.046619180166456,6.668228248417403,0.27797,0
omiki,omiki,1,0,0,1,0.25,1,0.0,1,1,0,0.0,13.460264592549233,19.312678787355836,8.338544879988579,18.05683732492351,6.508769136971682,14.24729362374025,11.0186455364637,18.65179247285226,7.655390644826152,0.27761,0
malixe,malixe,1,0,0,1,0.25,1,0.0,1,1,0,0.0,9.510519035757246,14.36939624590319,5.673323267171493,15.522075362617285,2.9444389791664403,7.801800401908973,4.653960350157523,11.141876276228,4.189654742026425,0.27759,0
dee/ma,dee/ma,1,0,0,1,0.25,1,0.0,1,1,0,0.0,9.825580063659602,13.66119436444038,5.389071729816501,16.300417291085605,3.7376696182833684,10.718874489469398,5.262690188904886,13.811503540582295,3.4657359027997265,0.27754,0
lavern,lavern,1,0,0,1,0.25,1,0.0,1,1,0,0.0,13.167338655091122,20.40168221419826,8.77539495854551,18.6983124881264,6.906754778648554,14.30409118627969,14.220976332738882,20.9055873945737,6.440946540632921,0.27666,0
karaba,karaba,1,0,0,1,0.25,1,0.0,1,1,0,0.0,14.122995993006082,15.328437790281823,5.940171252720432,16.845644306544774,5.579729825986222,10.918736348043124,8.207946941048617,16.54987813231892,3.7376696182833684,0.27642,0
synymata,synymata,0,1,0,2,0.5,0,1.0,0,1,0,0.0,10.534785924769006,17.64632352965885,7.249215057114389,16.759949589762293,5.10594547390058,10.904137815028022,8.005367067316664,17.421008430313073,5.602118820879701,0.27589,0
fallon,fallon,0,1,0,1,0.25,0,1.0,0,1,0,0.0,10.736418414365376,17.862064473832543,7.946263643580541,18.049617077054286,6.028278520230698,13.108266481420335,9.268703615273097,19.108815387713893,7.149131598557407,0.27565,0
lumberjvck,lumberjvck,1,0,0,1,0.25,1,0.0,1,1,0,0.0,12.437188334739655,17.030378401595577,6.470799503782602,15.941358591790001,3.8918202981106265,11.185823192802378,6.918695219020472,15.179048187715992,6.432940092739179,0.27551,0
remk,remk,0,1,0,2,0.5,0,1.0,0,1,0,0.0,11.046132675457146,16.388122864507256,6.546785410760524,16.801192546169812,4.912654885736052,10.085850775128717,6.778784897685177,15.85543147152083,6.706862336602747,0.27545,0
silver panda,silver panda,1,0,0,1,0.25,1,0.0,1,1,0,0.0,11.782960235741939,18.980296537602072,8.319473692442186,18.20003408530557,6.154858094016418,13.919871474189012,11.37826200322577,18.749984498289212,7.94873845481361,0.27536,0
kaytranada,kaytranada,0,0,1,1,0.25,0,2.0,0,1,0,0.0,15.78262305453032,22.15596657111912,10.428245666832275,19.935807979113026,7.571473648851271,16.489659276356317,14.159100971573958,22.702887043482157,7.610357618312838,0.27455,0
jenna shaw,jenna shaw,1,0,0,1,0.25,1,0.0,0,1,0,0.0,6.616065185132817,8.771990436532242,1.0986122886681098,7.307202314764738,0.0,4.31748811353631,1.9459101490553132,6.75343791859778,0.6931471805599453,0.27431,0
brdwy,brdwy,1,0,0,1,0.25,1,0.0,1,1,0,0.0,1.0986122886681098,5.147494476813453,0.0,0.0,0.0,1.6094379124341003,1.0986122886681098,0.0,0.0,0.27409,0
imanbek,imanbek,0,0,0,1,0.25,0,3.0,1,1,0,0.0,13.78711211224863,22.87269975056283,10.795506083434564,20.717247765626883,8.206583614320753,18.0935646161248,15.216693531577915,23.917848969286553,8.20849175174038,0.27402,0
jyoty,jyoty,0,1,0,1,0.25,0,1.0,0,1,0,0.0,6.771935555839602,13.083624628087817,3.4657359027997265,10.16203685698089,0.0,1.0986122886681098,10.905974329106854,14.414347608503377,0.0,0.27385,0
stoley,stoley,1,0,0,1,0.25,1,0.0,1,1,0,0.0,8.945723572455398,14.328334783195153,5.978885764901122,15.747032114495013,3.4965075614664802,9.48044384215367,4.9344739331306915,12.855792879125431,4.820281565605037,0.27365,0
ghastly,ghastly,0,1,0,1,0.25,0,1.0,0,1,0,0.0,13.937729075643883,19.39145966489847,8.38160253710989,18.2628566704684,5.958424693029782,12.896719202134523,8.988695696785708,16.942271137784317,7.886457270977689,0.27356,0
nicole moudaber,nicole moudaber,0,1,0,1,0.25,0,1.0,1,1,1,0.0,14.462614323582885,18.183691798490372,8.404696160189092,18.052511435038763,6.573680166960646,13.825461878915961,9.249657234353133,17.20328495307807,9.205026277152413,0.27281,0
pawsa,pawsa,0,0,1,1,0.25,0,2.0,1,1,0,11.0,14.488455541410652,20.613450972055276,9.417435838868785,19.218187944341057,7.1276936993473985,15.674928831429371,13.215855541983634,21.756450320647936,8.743053050224676,0.27255,0
biia,biia,1,0,0,1,0.25,1,0.0,1,1,0,0.0,12.624786269856633,14.830741600012107,5.393627546352362,14.159100971573958,3.9512437185814275,9.588845298501564,5.318119993844216,14.122995993006082,3.091042453358316,0.27102,0
pablo bozzi,pablo bozzi,1,0,0,1,0.25,1,0.0,1,1,0,0.0,11.695255355062795,15.48886198375927,5.940171252720432,14.735793709514262,5.484796933490655,11.08523008522044,6.126869184114185,13.660026823347495,5.176149732573829,0.27096,0
david rust,david rust,1,0,0,1,0.25,1,0.0,1,1,0,0.0,12.679199517372098,16.575520561288332,6.645090969505644,16.24031337217814,5.683579767338681,10.766398604507042,7.791935956938058,15.575091300945118,7.503840746698951,0.27084,0
cato anaya,cato anaya,1,0,0,1,0.25,1,0.0,1,1,0,0.0,11.419724060136211,16.722411672456456,7.354362330421477,17.220035762941695,5.062595033026967,12.413090879946887,7.355001921105257,16.48273883399067,7.3901814282264295,0.27071,0
loco and jam,loco & jam,0,0,0,0,0.0,0,99.0,0,0,0,0.0,11.820417517632333,16.636889503897294,7.119635638017636,16.68907525404123,5.8289456176102075,12.201065128819632,7.069023426578259,15.19427690455251,8.469891918298224,0.2707,0
andy c,andy c,1,0,1,2,0.5,1,0.0,0,1,0,0.0,14.200773639026796,19.51595413469944,8.545586265917455,17.697074376526267,6.3835066348840055,14.392124484065864,9.268703615273097,17.6867115897055,7.748460023899697,0.27064,0
kanine,kanine,0,0,0,1,0.25,0,3.0,0,1,0,0.0,12.931205293247745,19.760931169188652,8.409385238781931,17.70324089131518,6.284134161070802,13.660026823347495,9.873079890114703,18.187486869410918,8.03398273468322,0.27022,0
goshfather,goshfather,1,0,0,1,0.25,1,0.0,1,1,0,0.0,11.467938559235831,17.3180604640072,7.186144304522325,17.822843761378564,4.983606621708336,12.556733038263905,7.711548979629146,16.380459992348886,6.499787040655854,0.27014,0
doctor p,doctor p,0,0,0,1,0.25,0,3.0,1,1,0,0.0,14.363632544508476,19.92475814295086,0.0,17.782021767615884,6.5337888379333435,18.909260764906005,11.982935344196433,20.93837721736981,8.523175263093785,0.26978,0
tritonal,tritonal,0,0,0,1,0.25,0,3.0,1,1,1,0.0,14.446782866720884,21.0159354516555,9.441531454869693,18.858935681335133,7.110696122978827,15.434898999271326,9.937937287265354,17.751250109540987,9.433563920090563,0.26944,0
villager,villager,1,0,0,1,0.25,1,0.0,1,1,0,0.0,12.037659911047468,15.764273918452126,6.78105762593618,16.468752592994022,5.66988092298052,10.988693712621323,7.977625098784593,14.130322027731049,5.634789603169249,0.26854,0
joyryde,joyryde,0,1,0,1,0.25,0,1.0,0,1,0,0.0,13.87378040948403,19.747755748064804,8.585972706811063,18.34595720853229,6.198478716492308,14.014362236381235,9.268703615273097,17.904842595113248,8.780172651227646,0.26811,0
code black,code black,1,0,1,2,0.5,1,0.0,0,1,0,0.0,12.84529412258351,19.332963458445047,8.29853954537488,16.955343218782065,5.786897381366708,13.404531777462488,8.719317375506371,16.325109901643454,8.725832056527565,0.26807,0
darksiderz,darksiderz,0,1,0,2,0.5,0,1.0,0,1,0,0.0,12.117246896289503,15.056779436051206,6.008813185442595,15.486984049287734,3.9512437185814275,8.331345424845724,5.187385805840755,13.724492254866757,4.51085950651685,0.26767,0
lostly,lostly,1,0,0,1,0.25,1,0.0,1,1,0,0.0,11.127277689932466,15.979982463639242,6.343880434126331,15.561226263210976,5.556828061699537,11.856522261533737,7.191429330036379,14.159100971573958,8.591558273371545,0.26719,0
louie vega,louie vega,0,0,1,1,0.25,0,2.0,1,1,0,0.0,13.771559715366624,19.38766459394432,9.332646496360152,18.370439538030865,7.152268856032539,15.815638428242373,10.843514342086866,18.799117186521926,9.980494888896912,0.26632,0
rayben,rayben,0,1,0,1,0.25,0,1.0,1,1,0,0.0,14.674172600730516,17.00598694946304,6.331501849893691,16.72786127692704,3.4965075614664802,10.97337452485014,9.44943600950432,17.543610749269952,3.912023005428146,0.26533,0
tnt,tnt,0,0,0,1,0.25,0,3.0,1,1,0,0.0,13.286183160425152,20.152336290880626,8.696343057044556,17.7011896085867,6.013715156042802,13.87378040948403,10.909637269778615,19.632621720903668,8.817742129574842,0.26527,0
selective response,selective response,1,0,0,1,0.25,1,0.0,1,1,0,0.0,9.503084610020228,13.353476685668044,4.74493212836325,13.451668563394815,4.127134385045092,9.040263541598666,4.882801922586371,11.128747176317603,4.672828834461906,0.26515,0
mind against,mind against,0,1,0,1,0.25,0,1.0,0,1,0,0.0,13.989464705423494,18.72078534381011,8.691314551644853,18.155412279375295,6.682108597449809,14.070153551531353,9.166283985779263,17.206657637442962,8.718827059242566,0.2643,0
arodes,arodes,1,0,0,1,0.25,1,0.0,1,1,0,0.0,12.049424683420915,17.977513784236514,8.318742252692399,17.835490722850835,5.926926025970411,13.453106376097134,8.665095821339733,17.445170678943438,8.06117135969092,0.26422,0
mary droppinz,mary droppinz,0,1,0,2,0.5,0,1.0,0,1,0,0.0,12.456835254920371,15.944932150855188,6.877296071497429,17.252718409303803,4.700480365792417,10.70101727068921,7.641564441260972,15.587067489942822,5.971261839790462,0.26405,0
amémé,amémé,1,0,0,1,0.25,1,0.0,1,1,0,0.0,12.149507585033072,17.947471999809046,8.426611813185,18.073956145011074,5.993961427306569,13.390864159490155,8.796187635470453,17.678343340210052,7.824845691026856,0.26374,0
goodboys,goodboys,0,0,1,1,0.25,0,2.0,0,1,0,0.0,12.837347081942964,22.12936282560758,10.661977618146238,20.464495109284385,7.9599745280805365,17.434503911423697,15.613914735473898,23.61917777527344,9.17367638760459,0.26295,0
linney,linney,1,0,0,1,0.25,1,0.0,1,1,0,0.0,11.736077016252437,18.839391085389497,8.779557455883728,18.72078534381011,6.727431724850855,13.19375523568666,9.401043372798053,19.91806915481498,8.202208436436448,0.26264,0
avi snow,avi snow,1,0,0,1,0.25,1,0.0,1,1,0,0.0,11.478344372113902,19.19540791611303,8.357024439263416,18.478949661510303,6.298949246855942,13.475834594887509,13.68767832281738,20.007873049484136,5.8944028342648505,0.26225,0
yoshi and razner,yoshi & razner,0,0,0,0,0.0,0,99.0,0,0,0,0.0,10.134638955251866,15.665539092548997,6.18826412308259,15.424948670398354,5.5909869805108565,10.623787731088578,7.1308988302963465,13.963931425151141,8.110727582974489,0.26205,0
fjaak,fjaak,0,0,0,1,0.25,0,3.0,0,1,0,0.0,13.689948468775134,18.086605645897354,8.044947049617722,16.73867219244687,6.163314804034641,12.765691290604371,8.73052880173936,17.840862266556567,7.489970898834801,0.26163,0
fleur shore,fleur shore,0,1,0,1,0.25,0,1.0,0,1,0,0.0,12.91164481522143,15.184150238298338,6.680854678790215,16.801192546169812,4.718498871295094,10.5506169722625,6.767343125265392,16.341239282272525,6.86484777797086,0.26142,0
rommii,rommii,0,1,0,1,0.25,0,1.0,0,1,0,0.0,10.315630315397533,16.71142255148467,6.894670039433482,17.473930830366697,4.74493212836325,10.668978650219241,7.441906728051625,16.380459992348886,3.912023005428146,0.26115,0
beltran,beltran,1,0,0,1,0.25,1,0.0,1,1,0,0.0,10.997104049659168,17.25592868483099,6.642486801367256,15.60393129315088,3.871201010907891,11.842236406331555,5.2832037287379885,11.995357787034976,5.225746673713202,0.26048,0
human404,human404,1,0,0,1,0.25,1,0.0,1,1,0,0.0,9.38437770918244,13.680836798801778,5.030437921392435,15.04807111068727,3.1780538303479458,8.354674261918463,4.406719247264253,11.995357787034976,5.594711379601839,0.26048,0
cera khin,cera khin,1,0,0,1,0.25,1,0.0,1,1,0,0.0,11.153403615295403,14.200773639026796,5.231108616854587,13.78916760931819,4.30406509320417,8.085178748074537,4.1588830833596715,11.002116507732017,2.6390573296152584,0.25994,0
rayray,rayray,1,0,0,1,0.25,1,0.0,1,1,0,0.0,13.054086677976365,17.824660292271965,7.977968093128549,18.096334700960252,5.948034989180646,12.502470376049185,9.049232211581426,17.460960480260535,7.736743682453495,0.25993,0
macky gee,macky gee,0,0,0,1,0.25,0,3.0,1,1,0,0.0,13.539758373899955,20.09777730672944,8.382518288089635,16.929025911619092,6.556778356158042,14.59023818634603,11.48247656671073,21.27715095074756,6.131226489483141,0.25965,0
sam divine,sam divine,0,0,0,1,0.25,0,3.0,0,1,0,0.0,13.642348128015021,17.667783580218067,7.841099765422119,17.613244439411815,5.726847747587197,13.233906541044401,8.104401307921613,16.489659276356317,8.158229916959494,0.25892,0
hannah wants,hannah wants,0,0,1,1,0.25,0,2.0,1,1,1,0.0,14.173185701536545,19.467999741741696,8.909775673693389,18.57768450130904,6.655440350367647,14.82346884332769,11.767575435251748,19.664835340792976,8.411388132519262,0.25869,0
6ejou,6ejou,1,0,0,1,0.25,1,0.0,1,1,0,0.0,12.296831574998258,17.379393550232137,7.018401799069201,15.19427690455251,5.10594547390058,11.608244735642321,7.791522819150732,16.325109901643454,3.091042453358316,0.25861,0
onlynumbers,onlynumbers,1,0,0,1,0.25,1,0.0,1,1,0,0.0,12.138869243416009,18.06114458205925,7.187657164114956,15.775605482856605,5.117993812416755,12.449022745701502,8.161089512845797,16.29204904211537,5.645446897643238,0.25841,0
shades,shades,1,0,0,1,0.25,1,0.0,1,1,0,0.0,11.782960235741939,16.806230339945976,6.516193076042964,15.276448694098464,4.941642422609304,11.233224789593368,7.353081920515432,15.184150238298338,6.210600077024653,0.25827,0
zoe gitter,zoe gitter,1,0,0,1,0.25,1,0.0,1,1,0,0.0,9.820160289946374,12.301387370778713,3.713572066704308,15.722085850209309,2.4849066497880004,5.717027701406222,2.995732273553991,10.485731104959568,1.0986122886681098,0.25824,0
kallaghan,kallaghan,0,1,0,2,0.5,0,1.0,1,1,0,0.0,9.83097062169695,14.786289853910306,6.52649485957079,16.980985648299452,3.784189633918261,8.323851131338817,6.650279048587422,16.791040175221152,1.791759469228055,0.25812,0
blake webber,blake webber,0,1,1,3,0.75,0,1.0,1,1,0,0.0,14.33430494661736,14.719729113462378,5.332718793265369,16.059406760654173,2.8903717578961645,8.760609847570002,6.80128303447162,16.15731646026544,3.8918202981106265,0.25803,0
boogie t,boogie t,0,1,1,3,0.75,0,1.0,0,1,0,0.0,13.530492932718326,18.99166029618782,7.579678823090456,16.630919337267223,5.313205979041787,12.35017731849889,9.792611856190192,16.612791892794426,6.917705609835305,0.25773,0
egzod,egzod,0,1,0,1,0.25,0,1.0,1,1,0,0.0,13.425428028998196,21.27715095074756,8.879333174786028,18.251077971414528,7.170119543449628,15.953221125692608,14.64406281221155,23.397414486441907,5.655991810819852,0.25762,0
ahee,ahee,1,0,0,1,0.25,1,0.0,1,1,0,0.0,12.672949516558306,17.833693777206424,7.473069088032197,17.1618997383427,5.736572297479192,11.43281025466844,9.190545744648004,17.330036654695338,6.432940092739179,0.25758,0
dj heartstring,dj heartstring,0,1,0,1,0.25,0,1.0,0,1,0,0.0,12.85840043573314,18.951309000896888,8.043342170441608,17.865554878711396,6.38856140554563,12.921472880009725,9.510519035757246,18.569100757691327,6.4457198193855785,0.25711,0
daniel allan,daniel allan,1,0,0,1,0.25,1,0.0,1,1,0,0.0,12.283038316285214,18.418678751301734,7.947325027016463,18.158016447479774,6.198478716492308,12.417147664184915,12.591338447675579,20.01601973403536,5.762051382780177,0.25706,0
wax motif,wax motif,0,0,1,2,0.5,0,2.0,1,1,0,0.0,13.461690107508359,19.799446841170358,9.249657234353133,18.832790401401716,6.706862336602747,14.834358239174286,12.36308066783498,20.664576841658178,8.872066513408342,0.25698,0
kasango,kasango,1,0,0,1,0.25,1,0.0,1,1,0,0.0,12.235636302128867,18.963005040591682,8.499640032168648,18.110071180499446,6.71174039505618,14.933925800725897,12.400820837540556,19.583831556883045,7.643482907077201,0.25647,0
zingara,zingara,0,1,0,1,0.25,0,1.0,0,1,0,0.0,13.395440819535605,17.91980546754119,0.0,16.15731646026544,4.605170185988092,11.088292827848269,9.76428295481558,17.529082649058825,5.298317366548036,0.25575,0
who's john,who's john,0,1,0,1,0.25,0,1.0,0,0,0,0.0,9.433563920090563,14.53335035111459,0.0,15.281078330925528,2.70805020110221,0.0,0.0,12.10625783509458,4.394449154672439,0.25575,0
xijaro and pitch,xijaro & pitch,0,0,0,0,0.0,0,99.0,0,0,0,0.0,11.286037411751035,17.798923578101068,7.091742115095153,15.970755178934459,5.902633333401366,12.230770136157428,9.38437770918244,15.953221125692608,9.014811987694946,0.25574,0
corey biggs,corey biggs,1,0,0,1,0.25,1,0.0,1,1,0,0.0,8.388222810119277,9.152075463844207,1.3862943611198906,10.716659698193956,1.791759469228055,9.122601457668177,4.060443010546419,0.0,2.6390573296152584,0.25558,0
atmozfears,atmozfears,0,1,0,1,0.25,0,1.0,0,1,0,0.0,13.547632419997361,19.709913394983946,8.53915035876828,17.6571111205551,5.834810737062605,13.425428028998196,8.406038142050075,16.42558042423569,8.919854372191667,0.25548,0
papa lu,papa lu,1,0,0,1,0.25,1,0.0,1,1,0,0.0,9.781376414141157,12.225880174775122,4.663439094112067,14.715672314412528,2.6390573296152584,7.427738840532894,4.2626798770413155,12.07824495582233,3.6635616461296463,0.2548,0
marlo,marlo,0,0,0,1,0.25,0,3.0,1,1,0,0.0,14.054528245836039,19.33697147982652,8.376090350438238,17.8026410544321,6.621405651764134,14.093143052138025,11.457423325808623,18.115513370728085,9.122819774446688,0.2547,0
lake hills,lake hills,1,0,0,1,0.25,1,0.0,1,1,0,0.0,9.741027444837728,13.279368835614243,4.948759890378168,14.166168133802548,3.4339872044851463,8.318498320504338,4.2626798770413155,11.522885696764481,3.9318256327243257,0.25438,0
roxy ferrari,roxy ferrari,1,0,0,1,0.25,1,0.0,1,1,0,0.0,10.778977123006351,10.460270761075149,2.302585092994046,11.608244735642321,1.791759469228055,4.276666119016055,1.9459101490553132,10.885584751364705,0.0,0.25396,0
whipped cream,whipped cream,0,0,0,1,0.25,0,3.0,0,1,0,0.0,13.258642740896052,18.980296537602072,8.246695943718557,18.349184752988435,6.274762021241939,12.409017571151187,9.367429587218957,17.293669011626754,6.892641641172089,0.25363,0
trance wax,trance wax,1,0,0,1,0.25,1,0.0,1,1,0,0.0,11.507922973347437,17.0926553286923,7.547501682814967,16.980985648299452,6.523562306149512,11.856522261533737,9.741027444837728,18.132998684833918,7.502186486602924,0.25352,0
radical redemption,radical redemption,0,0,0,1,0.25,0,3.0,1,1,0,0.0,14.108180918195472,19.467999741741696,8.203577736937952,16.955343218782065,6.093569770045136,13.617060838751888,10.146472946063877,18.268694398595926,8.71948076085107,0.25317,0
sam blacky,sam blacky,1,0,0,1,0.25,1,0.0,1,1,0,0.0,13.274227444925158,16.02598047169963,0.0,16.530205368010318,5.111987788356544,9.648659816955295,0.0,15.576810991528912,5.37989735354046,0.25282,0
g jones,g jones,0,0,0,1,0.25,0,3.0,0,1,0,0.0,13.407543823396258,18.683045016112164,7.779885115070522,17.541204009297314,5.579729825986222,12.07254696717504,7.862112211662748,16.440179222591198,8.204945165019208,0.25207,0
backcourt,backcourt,1,0,0,1,0.25,1,0.0,1,1,0,0.0,9.495594499353297,11.049317340813348,3.4965075614664802,12.928781055513184,1.3862943611198906,5.459585514144159,2.302585092994046,8.316055720364643,0.0,0.25205,0
kreation,kreation,0,1,0,1,0.25,0,1.0,0,1,0,0.0,8.764053269347762,15.554220981849422,5.8377304471659395,14.488455541410652,4.356708826689592,8.522976436171964,5.3706380281276624,15.335023981688744,3.091042453358316,0.25203,0
chris avantgarde,chris avantgarde,1,0,0,1,0.25,1,0.0,1,1,0,0.0,12.959846800844963,19.796924771744006,8.816853240627426,18.53400943818794,7.473637108496206,14.94368197249847,12.111767460549332,20.175084428366755,8.490233009833455,0.25155,0
pizzi,pizzi,1,0,0,1,0.25,1,0.0,1,1,0,0.0,9.375939552625749,10.762170357789895,2.1972245773362196,10.709985739582528,1.9459101490553132,6.202535517187923,3.4339872044851463,11.964007453736912,0.0,0.25125,0
ilario alicante,ilario alicante,0,0,0,1,0.25,0,3.0,0,1,0,0.0,13.38318953651709,17.499377495380294,7.395721608602045,16.29204904211537,5.976350909297934,13.384729180332174,8.881697406469304,17.32705602664604,7.535830462798367,0.25085,0
chapter and verse,chapter & verse,0,0,0,0,0.0,0,99.0,0,0,0,32.0,12.019749091416921,18.408608172839553,8.68541582383069,18.78532386448472,6.220590170099739,13.560619598657233,9.04617302576227,18.217339832189236,8.855235623206967,0.25067,0
lny tnz,lny tnz,0,0,0,1,0.25,0,3.0,1,1,0,0.0,12.866182555987908,19.93800336967164,8.839131752546109,18.478949661510303,6.423246963533519,13.8125070519525,11.227919807721856,18.974565862925928,8.476371196895983,0.25056,0
klangkuenstler,klangkuenstler,0,1,0,1,0.25,0,1.0,0,1,0,0.0,13.451668563394815,18.939474543319914,8.411388132519262,17.39624788131366,6.395261598115449,13.845070331079134,9.000729834944558,17.284366619252893,8.08394570229562,0.25051,0
bakr,bakr,0,0,1,1,0.25,0,2.0,1,1,0,0.0,14.441449523589984,19.12871654193217,6.263398262591624,14.51364528003526,6.016157159698354,15.547166280113759,10.077482875583607,17.555558322405577,0.0,0.25046,0
kyle watson,kyle watson,1,0,0,1,0.25,1,0.0,1,1,0,0.0,13.165424782571753,19.27083167759548,8.949235314374855,18.459901466721032,6.456769655572163,14.498607907721096,11.350418300109132,19.758309935715648,8.701346403039162,0.25044,0
thomas garcia,thomas garcia,0,1,0,1,0.25,0,1.0,0,1,0,0.0,10.778977123006351,16.080393887616463,7.186144304522325,16.73867219244687,4.736198448394496,10.922352923113982,6.922643891475888,15.236206345801497,6.327936783729195,0.24967,0
jason ross,jason ross,0,0,0,1,0.25,0,3.0,0,1,0,0.0,12.84529412258351,19.535822337850373,8.498621805830801,18.406581829714852,6.714170529909472,13.649457154271039,9.661479683575521,17.529082649058825,8.634086942887738,0.2495,0
mrd,mrd,1,0,0,1,0.25,1,0.0,1,1,0,0.0,11.552155793461898,17.287477041570536,7.443078374348516,16.54336345172214,5.786897381366708,12.502470376049185,7.101675971619444,16.02488337900562,5.638354669333745,0.24899,0
blossom,blossom,0,0,0,1,0.25,0,3.0,0,1,0,0.0,12.133507329024972,17.038378443942648,7.286191714702382,17.179352187684735,4.477336814478207,10.616461869895815,7.113956109566034,15.438851572806005,6.324358962381311,0.24774,0
basswell,basswell,1,0,0,1,0.25,1,0.0,1,1,0,0.0,13.221305136851795,18.525040768285617,7.731053144007127,16.700311326676903,5.541263545158426,12.660331092405906,8.789355452209982,17.10763688174679,6.161207321695077,0.24773,0
patrick topping,patrick topping,0,0,1,1,0.25,0,2.0,0,1,0,0.0,14.375126917328105,19.283570703318816,8.78462153484075,18.276810385080008,6.683360945766275,14.859314962250004,9.287394001418473,17.924743749100486,8.88405606174246,0.24748,0
drėėėmy,drėėėmy,1,0,0,1,0.25,1,0.0,1,1,0,0.0,9.893487720457795,11.017004873924424,2.833213344056216,13.058360179622305,0.6931471805599453,6.056784013228625,4.430816798843313,11.143324481431074,0.0,0.247,0
autograf,autograf,0,0,0,1,0.25,0,3.0,1,1,0,0.0,13.66119436444038,20.13627885401342,9.080003870248179,18.749984498289212,6.725033642166843,14.436087583323648,10.229223792606835,18.430631084706523,7.081708586105575,0.24692,0
culture shock,culture shock,0,1,0,1,0.25,0,1.0,0,1,0,0.0,13.108266481420335,19.499090328704316,8.37770121259764,17.71140420178774,6.628041376179533,14.0225255403564,9.510519035757246,17.20328495307807,8.607947554684701,0.24678,0
narciss,narciss,1,0,0,1,0.25,1,0.0,1,1,0,0.0,11.744045122410057,17.562658943787092,7.54274354536855,16.811242881518265,5.645446897643238,11.898194668458823,7.870547844507712,16.395727463314174,6.111467339502679,0.24677,0
taylor torrence,taylor torrence,0,1,0,2,0.5,0,1.0,0,1,0,0.0,10.841559345471941,16.612791892794426,6.931471805599453,16.588099342704055,5.4680601411351315,11.03973275601109,7.3453648404168685,15.728011792598934,7.313886831633462,0.2466,0
orso,orso,0,0,1,1,0.25,0,2.0,0,0,0,0.0,6.813444599510896,20.68763866033953,9.465060106725137,19.799446841170358,6.942156705699469,16.308716093211594,13.809493491674422,22.081674994833836,7.617759576608505,0.24646,0
harvard bass,harvard bass,1,0,0,1,0.25,1,0.0,1,1,0,0.0,11.643962499267984,16.46168542627038,6.834108738813838,15.694975760283178,5.8664680569332965,12.400820837540556,7.90100705199242,14.498607907721096,7.978310969867722,0.24517,0
link,link,0,0,0,1,0.25,0,3.0,0,1,0,0.0,10.211009016314167,18.430631084706523,6.620073206530356,16.372737946851277,5.293304824724492,12.269052139516223,9.758519582283522,17.6332229058992,3.713572066704308,0.24496,0
sam binga,sam binga,1,0,0,1,0.25,1,0.0,1,1,0,0.0,11.775297421715827,17.05418904934434,7.4073177104694174,16.300417291085605,5.883322388488279,12.138869243416009,7.076653815443951,14.774861162440565,7.05617528410041,0.24472,0
justin jay,justin jay,0,1,0,1,0.25,0,1.0,1,1,0,0.0,12.945628585536271,18.627694921466773,8.433594167539924,17.9914351071788,6.5998704992128365,13.864301674514206,11.510933482289435,18.675322970077882,7.875499292445208,0.24455,0
shiba san,shiba san,0,1,0,2,0.5,0,1.0,1,1,0,0.0,13.467371932904971,18.78532386448472,8.58858318750291,18.069703835332817,6.327936783729195,13.710151153416941,8.879611609982035,17.182806422433504,8.693664334532016,0.24437,0
dømina,dømina,0,1,0,1,0.25,0,1.0,0,1,0,0.0,12.264346270624157,14.978661680269907,5.14166355650266,15.377857072508109,3.4657359027997265,9.648659816955295,7.315218389752975,15.33283340078879,3.4657359027997265,0.24415,0
a.m.c,a.m.c,0,0,0,1,0.25,0,3.0,0,1,0,0.0,12.727841176689147,18.193780156307493,7.6984827878809465,16.51687183802978,5.752572638825633,12.694655727828803,8.773694146384443,17.29982287701178,7.786136437783072,0.24345,0
mark lizaola,mark lizaola,0,1,0,2,0.5,0,1.0,1,1,0,0.0,8.278682162970906,9.48044384215367,2.6390573296152584,12.682309930111785,0.6931471805599453,3.4965075614664802,1.6094379124341003,4.543294782270004,0.6931471805599453,0.24306,0
nils hoffmann,nils hoffmann,1,0,0,1,0.25,1,0.0,1,1,0,0.0,12.498745990829315,19.94456077020347,8.90720619496548,18.400478046838927,7.011213987350367,14.316286451937186,10.465984899076615,18.392281279718734,7.732807530422021,0.24268,0
memba,memba,0,0,1,2,0.5,0,2.0,0,1,0,0.0,13.098072734013513,19.519293035953808,8.488999457045455,18.124966513244182,6.329720905522696,14.260197020251155,13.784020922864116,20.379366085906838,6.546785410760524,0.24199,0
alec monopoly,alec monopoly,0,0,1,1,0.25,0,2.0,0,1,0,0.0,14.200773639026796,15.160983184980543,6.175867270105761,16.195056784687036,3.828641396489095,8.416709652837914,7.820840879907344,17.54840692141843,5.278114659230517,0.24163,0
matt steffanina,matt steffanina,0,0,1,2,0.5,0,2.0,1,1,0,0.0,17.29982287701178,16.447399470043365,6.882437470997847,17.423722136111028,4.890349128221754,11.052491896264268,9.033006356693267,18.15280131186866,5.262690188904886,0.24138,0
kidmaverick,kidmaverick,1,0,0,1,0.25,1,0.0,1,1,0,0.0,7.888709524182015,13.058360179622305,2.833213344056216,12.07824495582233,2.6390573296152584,5.8377304471659395,4.770684624465665,14.77102238760702,0.0,0.24066,0
mandy,mandy,0,1,0,1,0.25,0,1.0,0,1,0,0.0,12.938442943086665,18.225881677797968,7.650644551436897,16.906553056777135,4.897839799950911,11.870606902224587,8.682368589375221,16.68340951682656,6.80128303447162,0.24064,0
andre power,andre power,1,0,0,1,0.25,1,0.0,1,1,0,0.0,9.259225769705994,16.660419999923214,0.0,15.015475642097446,4.74493212836325,12.51723073716405,0.0,15.38620784998213,6.352629396319567,0.2403,0
d!ced,d!ced,0,1,0,2,0.5,0,1.0,1,1,0,0.0,7.557472901614746,9.199986959896691,2.1972245773362196,11.918397239722838,0.0,2.302585092994046,0.6931471805599453,0.0,0.0,0.24026,0
gaia (co),gaia (co),1,0,0,1,0.25,1,0.0,1,1,0,0.0,8.646641258603124,8.798454696065095,1.0986122886681098,10.778977123006351,0.0,0.6931471805599453,0.6931471805599453,0.0,0.0,0.23995,0
boizy,boizy,1,0,0,1,0.25,1,0.0,1,1,0,0.0,7.334981878871814,13.339087971220277,3.784189633918261,14.19394767861579,1.3862943611198906,7.4205789054108005,2.0794415416798357,0.0,0.0,0.23981,0
laura van dam,laura van dam,1,0,0,1,0.25,1,0.0,1,1,0,0.0,12.35017731849889,17.40732832678329,7.372118028337787,17.30288566644852,5.993961427306569,12.066816325306588,7.837554360881084,16.24031337217814,7.952615111651,0.23914,0
morelia,morelia,0,0,0,1,0.25,0,3.0,0,1,0,0.0,10.431199791458543,15.532905791436665,6.612041034833092,15.693447876338569,5.049856007249537,11.033291613631048,6.663132695990803,14.253766134056512,5.8664680569332965,0.23883,0
camden cox,camden cox,0,1,1,2,0.5,0,1.0,1,1,0,0.0,11.388506711556236,19.443131675252033,0.0,19.093625222296833,6.876264611890766,14.547878932446617,10.332050506334692,19.240460579850964,8.216358332386156,0.23833,0
haliene,haliene,0,1,0,1,0.25,0,1.0,1,1,0,0.0,13.480039220276565,19.99552721368724,9.074176947163311,18.5517090151307,6.9167150203536085,14.207553321415745,10.056251557087757,17.759032249831638,8.923457979694966,0.23816,0
vlcn,vlcn,0,1,0,1,0.25,0,1.0,0,1,0,0.0,11.226589153242802,16.266515742283485,6.418364935936212,16.536806051605975,4.2626798770413155,9.525224101853109,6.568077911411976,14.36939624590319,5.857933154483459,0.23781,0
súbelo neo,súbelo neo,0,1,0,1,0.25,0,1.0,1,1,0,0.0,12.36308066783498,19.545610344184603,8.145839612936841,18.15931599280497,6.222576268071369,13.4856180275228,12.049424683420915,20.522372895789516,4.127134385045092,0.23774,0
emorfik,emorfik,0,1,0,1,0.25,0,1.0,0,1,0,0.0,12.476103599529843,16.357112630168974,6.182084906716632,15.583660332201646,4.0943445622221,9.34145634983372,7.4318919168078,15.436877238892087,5.267858159063328,0.23759,0
sicaria,sicaria,0,1,0,1,0.25,0,1.0,0,1,0,0.0,11.571203807011969,14.23422155071698,5.19295685089021,14.690979711984754,3.58351893845611,8.798756582859841,5.545177444479562,12.966880811009803,4.394449154672439,0.23758,0
colored craig,colored craig,0,0,0,1,0.25,0,3.0,1,1,0,0.0,0.0,0.0,0.0,0.0,1.0986122886681098,0.0,0.0,0.0,0.0,0.23758,0
vtss,vtss,0,1,0,1,0.25,0,1.0,0,1,0,0.0,13.534474352733596,17.468762860341794,7.888709524182015,17.863811199136975,6.2285110035911835,12.669809806411457,7.815207062189088,17.226658303482896,6.0112671744041615,0.23756,0
dj isaac,dj isaac,0,0,1,2,0.5,0,2.0,1,1,0,0.0,13.49116588426581,20.310776115411855,9.021477467138807,17.9426449591384,6.525029657843462,14.51860856442677,11.842236406331555,19.906820442304415,8.950273466557375,0.23742,0
mita gami,mita gami,1,0,0,1,0.25,1,0.0,1,1,0,0.0,12.08954444723597,17.429127554531842,7.881182202227102,16.915602891887552,6.297109319933935,13.83531416565213,8.866299565855018,17.36799741582595,7.98139158158007,0.23715,0
alignment,alignment,1,0,0,1,0.25,1,0.0,1,1,0,0.0,13.358227280903897,18.293983102257144,8.00469951054955,16.700311326676903,6.09807428216624,13.030250281476574,8.504107951867582,17.21001898503268,7.504942068396171,0.23647,0
john o'callaghan,john o'callaghan,0,0,0,1,0.25,0,3.0,0,0,0,0.0,13.668171128813444,19.383855065542164,8.125039097367745,17.473930830366697,6.261491684321042,14.562198979385785,9.781376414141157,17.133326366919263,9.711176264112805,0.23615,0
volac,volac,0,0,0,1,0.25,0,3.0,1,1,0,0.0,13.130333531178522,19.035866388448003,8.782629654920699,18.156715211138735,6.517671272912275,14.59023818634603,13.62556118319494,21.55181765494924,8.618485442898109,0.23569,0
wasted penguinz,wasted penguinz,0,1,0,1,0.25,0,1.0,0,1,0,0.0,13.454542124461861,19.181486577659022,7.8724551500639794,16.73867219244687,5.159055299214529,12.745488641595722,8.160232492367689,16.562781536322326,7.902857191280582,0.23535,0
avalon,avalon,1,0,0,1,0.25,1,0.0,1,1,0,0.0,12.429220196836383,18.381939926030945,7.1276936993473985,16.333207111220425,6.175867270105761,12.863595239117187,8.586719254064848,16.58182973008354,5.476463551931511,0.23516,0
marauda,marauda,0,1,0,2,0.5,0,1.0,1,1,0,0.0,13.19375523568666,18.53400943818794,7.452402451223638,16.454567959008102,5.556828061699537,11.842236406331555,8.6164953924901,17.281246492014,8.632305998516742,0.23487,0
yolanda be cool,yolanda be cool,0,0,0,1,0.25,0,3.0,1,1,0,0.0,12.577639650232573,20.781534746013783,9.054855469135788,18.683045016112164,6.816735880594968,15.870915649856833,13.299674067415213,20.461901074110706,8.261009786023827,0.23477,0
ranger trucco,ranger trucco,0,1,0,1,0.25,0,1.0,0,1,0,0.0,11.452123952509567,17.022313842084035,7.850103545175582,17.458346099754813,5.860786223465865,11.91170829631447,8.962263554116761,18.139643227464287,7.389563953677635,0.23364,0
lab group,lab group,0,0,0,1,0.25,0,3.0,0,1,0,0.0,11.476271853988816,15.665539092548997,5.43372200355424,14.173185701536545,4.820281565605037,9.34145634983372,6.498282149476434,13.438634364432907,2.6390573296152584,0.23356,0
mersiv,mersiv,0,1,0,1,0.25,0,1.0,0,1,0,0.0,12.876465396508989,17.98835819708264,7.049254841255837,16.54336345172214,5.049856007249537,11.370220696727491,8.681520484837913,16.333207111220425,6.171700597410915,0.23327,0
kx5,kx5,0,0,0,1,0.25,0,3.0,1,1,0,0.0,12.587931300962664,19.67058248303203,8.914760527397261,19.067783991246507,6.785587645007929,14.580978865220017,10.616461869895815,18.963005040591682,8.112527763478637,0.23311,0
skellytn,skellytn,0,1,1,2,0.5,0,1.0,0,1,0,0.0,10.468829770273567,15.018483162256882,6.042632833682381,16.185754392890075,4.394449154672439,8.606485298894999,6.612041034833092,15.879838588737607,5.521460917862246,0.23298,0
bear grillz,bear grillz,0,0,0,1,0.25,0,3.0,1,1,0,0.0,13.883170141017091,18.86536657162407,7.933438387627489,17.863811199136975,5.6937321388027,12.358798024384122,9.933094897288786,17.713434659296894,7.422971251049421,0.23288,0
lee foss,lee foss,0,0,0,1,0.25,0,3.0,1,1,0,0.0,13.667011709737965,19.23161096461314,9.099297073182859,18.80594315154573,6.656726524178391,14.51860856442677,9.862717639992917,18.17860919549149,8.739696537843024,0.23164,0
nurko,nurko,0,0,1,1,0.25,0,2.0,0,1,0,0.0,12.90669432231532,19.81939762753995,8.381831553485561,18.33947069937281,6.331501849893691,13.396961730063138,12.628070334272698,20.61679359354824,7.001245622069476,0.23145,0
kaleena zanders,kaleena zanders,0,0,1,2,0.5,0,2.0,0,1,0,0.0,11.711784520403112,19.505870015666712,9.081711229379001,18.997294113874336,6.74993119378857,14.488455541410652,10.454523783963511,20.9055873945737,8.08394570229562,0.23122,0
ellen allien,ellen allien,0,0,1,1,0.25,0,2.0,0,1,0,0.0,14.585619242623203,17.924743749100486,7.75833346749091,16.5691713340128,6.173786103901937,12.724869415131389,8.142936010432265,15.71163019266671,7.368970402194793,0.23101,0
eptic,eptic,0,0,1,1,0.25,0,2.0,0,1,0,0.0,14.173185701536545,19.617628936362486,8.556221578383715,18.119575664681957,6.39024066706535,13.772604100793789,9.472781556562168,17.90818707978017,9.392745258631441,0.23048,0
golf clap,golf clap,0,0,0,1,0.25,0,3.0,0,1,0,0.0,11.92504173829169,16.46168542627038,7.113956109566034,16.60667572712668,5.62040086571715,11.34333452885509,6.555356891810665,14.386490669521603,7.1276936993473985,0.23036,0
martin ikin,martin ikin,0,0,1,2,0.5,0,2.0,0,1,0,45.0,12.476103599529843,19.34493964944395,9.207335862955883,18.667540829696392,6.684611727667927,14.735793709514262,9.53249633228804,17.8879503018341,9.488047863280759,0.22995,0
joshwa,joshwa,0,0,1,2,0.5,0,2.0,0,1,0,5.0,12.175618592671356,19.067783991246507,9.083415678402515,18.826145858727198,6.5638555265321274,14.240778946963175,10.428245666832275,18.896914929159916,8.929567707825337,0.22957,0
talla 2xlc,talla 2xlc,0,1,0,1,0.25,0,1.0,1,1,0,0.0,12.863595239117187,18.6983124881264,8.047189562170502,17.376556668977415,6.18826412308259,13.367661298303675,11.01206667357142,18.068282371005644,9.38437770918244,0.22944,0
peekaboo,peekaboo,0,0,1,1,0.25,0,2.0,0,1,0,0.0,13.321215875492413,19.43952806776172,8.379997952238393,18.039420339182307,6.2324480165505225,13.210376086227196,10.335302435967074,18.184958423089522,8.363342466597977,0.2291,0
meedy,meedy,1,0,0,1,0.25,1,0.0,1,1,0,0.0,5.545177444479562,9.918425424900335,2.6390573296152584,11.39302644219128,2.1972245773362196,7.374629015218945,3.713572066704308,13.946539697563276,3.2188758248682006,0.22908,0
prunk,prunk,0,1,0,1,0.25,0,1.0,0,1,0,0.0,11.088292827848269,17.387856223912145,7.87359778968554,17.133326366919263,5.749392985908253,12.35017731849889,7.891330757661889,16.97675731236872,7.788211557847076,0.22875,0
evan giia,evan giia,0,0,0,1,0.25,0,3.0,1,1,0,0.0,12.495007682693725,19.529243366773972,8.791029857045965,18.826145858727198,6.553933404025811,13.864301674514206,12.483708170000067,19.424982356812237,6.507277712385012,0.22872,0
dj slim mcgraw,dj slim mcgraw,1,0,0,1,0.25,1,0.0,1,1,0,0.0,3.9889840465642745,10.154285180632154,0.0,0.0,0.6931471805599453,5.579729825986222,1.0986122886681098,5.69035945432406,0.0,0.22868,0
keltek,keltek,0,1,0,1,0.25,0,1.0,0,1,0,0.0,12.739640688812674,18.99166029618782,7.927685045615778,16.496532155171714,5.4116460518550396,12.472279517715116,8.412943170042439,16.380459992348886,7.803435056952168,0.22847,0
luttrell,luttrell,0,1,0,2,0.5,0,1.0,1,1,0,0.0,12.647551406590285,18.667540829696392,7.968319500012717,17.690869599767716,6.598509028614515,13.372345140303285,8.890961212781146,17.081270006899263,7.886081401775745,0.22823,0
tim underscore,tim underscore,1,0,0,1,0.25,1,0.0,1,1,0,0.0,8.987196820661973,10.623787731088578,2.6390573296152584,11.138973558699526,0.6931471805599453,4.941642422609304,2.833213344056216,7.5406215286571525,0.0,0.22794,0
jayda g,jayda g,0,0,0,1,0.25,0,3.0,1,1,0,0.0,13.233906541044401,18.951309000896888,8.82379514872053,18.742764250367856,6.654152520183219,13.63877457278093,10.184937747111391,18.985994558684244,6.831953565565855,0.22786,0
jerome isma-ae,jerome isma-ae,0,1,1,2,0.5,0,1.0,1,1,0,0.0,12.598118111678868,20.330223250318287,8.491875383431948,17.546011710749845,6.723832440821209,14.639686439527019,9.97119292889014,18.017213653476933,9.45727857185611,0.22777,0
bontan,bontan,1,0,0,1,0.25,1,0.0,1,1,0,0.0,12.07254696717504,18.5517090151307,8.619208116822968,17.95705673756892,6.421622267806518,15.012459049468003,10.351405324899678,17.964974435180324,9.06843112579349,0.2272,0
mc4d,mc4d,0,1,0,1,0.25,0,1.0,1,1,0,0.0,13.389333939650964,18.255806112554584,7.404279118037268,17.747336210296442,6.035481432524756,12.30592250537653,10.451637862362272,19.617628936362486,4.68213122712422,0.22696,0
one true god,one true god,0,0,0,1,0.25,0,3.0,1,1,0,0.0,12.791080452981857,19.380030969118383,8.0861025356691,17.71748324774094,6.423246963533519,13.937729075643883,12.829336379587506,21.716517610327063,5.777652323222656,0.22602,0
metta and glyde,metta & glyde,0,0,0,0,0.0,0,99.0,0,0,0,0.0,10.239995502805316,16.058345752709652,6.361302477572996,15.50375983566553,5.564520407322694,11.275949181024878,7.180069874302796,14.498607907721096,8.813735892300215,0.2255,0
hpnotic,hpnotic,0,0,0,1,0.25,0,3.0,0,1,0,0.0,10.50783084142058,13.513054553109397,5.267858159063328,14.617512591866694,3.295836866004329,6.246106765481563,3.784189633918261,9.472781556562168,3.8066624897703196,0.22501,0
friction,friction,0,0,1,2,0.5,0,2.0,0,1,0,0.0,13.539758373899955,19.786772400305757,8.609772372709331,17.923100363383764,6.663132695990803,14.030622744032508,9.425532393502772,17.877676239033843,7.964503363551548,0.22464,0
airwolf paradise,airwolf paradise,0,1,0,1,0.25,0,1.0,0,1,0,0.0,11.279744203985432,17.514340367683854,7.851661177889265,17.57438240720827,5.8522024797744745,12.983103608918753,8.115819701211327,17.065885088651534,7.765569081097317,0.22443,0
mija,mija,0,0,0,1,0.25,0,3.0,1,1,0,0.0,13.282781802386296,18.2756549834628,7.877017895622398,17.73550175288287,5.8805329864007,12.319405795112926,11.407576060361786,18.0977168711681,6.490723534502507,0.22398,0
victor ruiz,victor ruiz,1,0,0,1,0.25,1,0.0,1,1,0,0.0,13.854732232655556,18.832790401401716,8.375860015299594,17.458346099754813,6.598509028614515,14.866332532446323,9.135185698375423,17.479072229734946,9.126958763037132,0.22385,0
above and beyond,above & beyond,0,0,0,0,0.0,0,99.0,0,0,1,0.0,15.86963441986494,21.288579646564653,9.581972891547895,19.123778260315973,7.555381944240273,16.185754392890075,15.04222314251479,23.084119838158774,10.524090921620362,0.22305,0
rollz royce,rollz royce,1,0,0,1,0.25,1,0.0,1,1,0,0.0,8.943114308091785,12.77138929548529,3.6375861597263857,11.47107168834584,2.0794415416798357,5.438079308923196,3.295836866004329,11.119897691565697,0.0,0.22217,0
tinykvt,tinykvt,0,0,0,1,0.25,0,3.0,0,0,0,0.0,11.759793355371237,16.380459992348886,6.70073110954781,16.388122864507256,4.624972813284271,10.5815464756746,6.899723107284872,16.41820031748273,4.394449154672439,0.22112,0
disco fries,disco fries,0,1,0,1,0.25,0,1.0,1,1,0,0.0,12.013706813470414,19.176802728368536,8.909235279192261,18.909260764906005,6.274762021241939,14.006131744018864,10.354595018522993,18.915376991886035,8.085794701281568,0.22062,0
skin on skin,skin on skin,0,1,0,1,0.25,0,1.0,0,1,0,0.0,12.69771850797869,18.3296613565181,7.888334500738654,17.729531586015174,6.338594078203183,12.700771936142122,8.453187861440325,17.11134746100564,6.0330862217988015,0.22046,0
andruss,andruss,0,1,0,1,0.25,0,1.0,1,1,0,0.0,11.884495917930655,18.635792131633828,8.46863300080086,18.218564572070132,6.610696044717759,14.266586814266963,10.36410350510914,18.675322970077882,8.567125560164447,0.22045,0
bijou,bijou,0,0,0,1,0.25,0,3.0,1,1,0,0.0,12.700771936142122,18.819456870621142,8.65259782842244,18.53400943818794,6.192362489474872,13.228525371792253,9.975854724662028,18.440483381052466,8.215276958936633,0.22032,0
black v neck,black v neck,0,0,0,1,0.25,0,3.0,1,1,0,0.0,11.863589378812122,18.619531610894253,8.586905803827538,18.497641794347754,6.499787040655854,13.989464705423494,12.345838935721968,20.171618220396276,8.496990484098719,0.21961,0
reinier zonneveld,reinier zonneveld,0,0,1,1,0.25,0,2.0,1,1,0,0.0,14.100690252077353,19.729013566305248,9.107864580386947,18.212425817447176,7.069023426578259,14.953343880298434,9.70509758756311,19.240460579850964,8.917444732471514,0.21902,0
pickle,pickle,0,1,0,1,0.25,0,1.0,1,1,0,0.0,12.476103599529843,20.57476582978806,8.498418036089904,18.459901466721032,6.677083461247136,13.919871474189012,10.596659732783579,18.037955137476448,8.471358655072438,0.21879,0
kyle walker,kyle walker,0,1,0,1,0.25,0,1.0,1,1,0,0.0,11.744045122410057,17.259128687459263,0.0,17.889652429875657,6.07993319509559,12.928781055513184,12.745488641595722,21.406362682157905,7.7142311448490855,0.21874,0
jstjr,jstjr,0,0,1,2,0.5,0,2.0,0,1,0,0.0,12.871337193291367,17.613244439411815,7.493317248862145,16.97251102166758,5.641907070938114,11.944714374881176,9.038365107236372,20.51130947625886,7.444248649496705,0.21845,0
james kennedy,james kennedy,0,1,0,1,0.25,0,1.0,1,1,0,0.0,14.272936037914342,16.10905500721434,6.135564891081739,16.195056784687036,3.8066624897703196,9.87822102528824,6.84587987526405,16.54336345172214,4.060443010546419,0.21831,0
panteros666,panteros666,0,1,0,1,0.25,0,1.0,0,1,0,0.0,12.358798024384122,17.1618997383427,7.242797922793756,17.26866771020271,5.958424693029782,12.611541086966115,7.802618063442671,16.432906463791053,6.280395838960195,0.21736,0
mxm,mxm,0,0,0,1,0.25,0,3.0,1,1,0,0.0,8.65032450401942,17.479072229734946,6.406879986069314,16.90199724044883,4.23410650459726,10.904137815028022,9.401043372798053,17.68879275586601,0.0,0.21689,0
pryda,pryda,1,0,0,1,0.25,1,0.0,1,1,0,0.0,12.685410698175234,19.213673264006914,8.313852267398207,17.75709238505144,6.5722825426940075,15.778418423837588,8.163940954755008,17.233237274364523,9.48044384215367,0.21677,0
hol!,hol!,0,1,1,2,0.5,0,1.0,0,1,0,0.0,12.748399843328054,18.218564572070132,7.075808863978387,16.775615705688583,5.3471075307174685,12.269052139516223,9.48044384215367,17.944256563006768,7.868636894184167,0.21615,0
ac slater,ac slater,0,0,1,2,0.5,0,2.0,0,1,0,0.0,13.461690107508359,19.638556456405873,8.826881344130634,18.124966513244182,6.408528791059498,14.408837955728044,9.76428295481558,18.104599210696307,8.92930284224307,0.21519,0
coone,coone,0,0,1,1,0.25,0,2.0,1,1,0,0.0,14.503645699213111,20.888780276271444,9.53249633228804,18.46947091764561,6.8885724595653635,15.984564372619506,10.285376924115587,17.989897843244528,9.184099060770956,0.21507,0
x-coast,x-coast,0,1,0,1,0.25,0,1.0,1,1,0,0.0,11.264476926102367,17.20328495307807,7.644919344958857,16.341239282272525,6.20455776256869,12.694655727828803,11.163382173096926,19.77134793001978,6.349138991379798,0.21502,0
star seed,star seed,0,1,0,2,0.5,0,1.0,1,1,0,0.0,11.340962076644454,16.41820031748273,6.981934677156389,16.791040175221152,4.9344739331306915,10.36410350510914,7.873978379604501,15.902424238552282,5.662960480135946,0.21484,0
sidney charles,sidney charles,0,1,0,1,0.25,0,1.0,1,1,0,0.0,13.019224835777257,18.298513121277594,8.178919332848396,17.415558825694,6.269096283706261,13.762110836088922,9.433563920090563,18.72816545105327,9.13270310224903,0.21478,0
fetish,fetish,0,0,1,2,0.5,0,2.0,1,1,0,0.0,11.904974309480183,18.31975483642435,7.792348924113037,17.350655941290686,6.594413459749778,14.151983508870947,16.410765339548004,22.994360262952284,6.311734809152915,0.21464,0
will clarke,will clarke,0,1,1,2,0.5,0,1.0,0,1,0,0.0,12.881567435377423,18.71335036537787,8.68541582383069,18.5159909328476,6.71295620067707,13.643536480872214,8.508152446764088,17.52664064546291,8.816556768641856,0.21429,0
synnhaven,synnhaven,1,0,0,1,0.25,1,0.0,1,1,0,0.0,5.8377304471659395,10.659633006160352,3.7376696182833684,12.560247968016562,1.6094379124341003,5.170483995038151,2.0794415416798357,8.576405051048084,0.0,0.21423,0
saymyname,saymyname,0,0,1,1,0.25,0,2.0,1,1,1,0.0,13.237477967034438,18.287149362756413,7.862497197230545,17.778226696719344,5.84354441703136,12.380030154325457,10.872389709681492,19.831667720101652,7.741533589281828,0.21401,0
deadly guns,deadly guns,0,1,1,3,0.75,0,1.0,1,1,0,0.0,13.120363378739663,19.51595413469944,7.975908360165538,16.60667572712668,5.666426688112432,12.90917263218775,8.85623355614316,17.365127973480334,8.069342366811636,0.21343,0
taylor jaymin,taylor jaymin,0,1,0,2,0.5,0,1.0,1,1,0,0.0,9.525224101853109,12.574185427296195,4.897839799950911,14.805052123325165,2.302585092994046,7.5953872788539725,3.713572066704308,10.077482875583607,4.2626798770413155,0.21322,0
ilan bluestone,ilan bluestone,0,0,0,1,0.25,0,3.0,1,1,0,0.0,13.081543466215237,19.05725757831492,8.266164436612492,17.690869599767716,6.645090969505644,14.285514812209815,10.102379394048045,17.929657763822423,9.488047863280759,0.21301,0
kittrix,kittrix,0,1,0,2,0.5,0,1.0,1,1,0,0.0,9.758519582283522,13.658857917508856,5.811140992976701,14.962913328262083,2.3978952727983707,6.431331081933479,4.442651256490317,12.598118111678868,2.5649493574615367,0.21278,0
kendoll,kendoll,0,1,0,2,0.5,0,1.0,1,1,0,0.0,11.18859323930985,14.914123179965662,6.013715156042802,15.46609060566811,4.969813299576001,8.978786553302003,6.489204931325317,14.66137925472634,5.480638923341991,0.21262,0
ferreck dawn,ferreck dawn,0,0,1,1,0.25,0,2.0,1,1,0,0.0,13.286183160425152,19.955395112345702,9.503084610020228,19.083368722182243,6.738152494595957,15.11023799953124,9.635673464721814,18.124966513244182,9.38437770918244,0.21243,0
riot,riot,0,1,0,1,0.25,0,1.0,1,1,0,0.0,13.499430382731967,19.529243366773972,8.409162447202533,17.95067713070663,6.324358962381311,13.260386417460465,9.287394001418473,17.972829934997215,7.957877358489813,0.21155,0
renato s,renato s,0,0,0,1,0.25,0,3.0,1,1,0,0.0,11.571203807011969,15.83705825367553,6.945051063725834,17.172407715573055,4.1588830833596715,9.692828247710418,5.869296913133774,12.762830066509972,6.210600077024653,0.21142,0
bryan kearney,bryan kearney,0,1,0,1,0.25,0,1.0,1,1,0,0.0,13.418015107599418,18.73549149109167,8.0861025356691,16.845644306544774,6.391917113392602,13.778847610936543,10.025749432069084,17.32106795495067,9.44943600950432,0.21139,0
felix da housecat,felix da housecat,0,0,0,1,0.25,0,3.0,1,1,0,0.0,13.546324377048325,19.17209683735327,8.758569510991506,18.191267592203175,7.181591944611865,15.171345969331382,9.45727857185611,18.039420339182307,8.09712193091871,0.21133,0
trym,trym,0,1,0,1,0.25,0,1.0,1,1,0,0.0,14.159100971573958,18.059710890077955,7.772752716468742,16.997722439954657,6.152732694704104,12.644330802262578,8.660427359502146,17.233237274364523,6.025865973825314,0.20997,0
crystal skies,crystal skies,0,1,0,2,0.5,0,1.0,1,1,0,0.0,12.06105265381003,18.77133762260779,7.962415680121064,17.379393550232137,6.061456918928017,12.437188334739655,9.146654820290049,16.624913313567735,6.706862336602747,0.20981,0
fantom freq,fantom freq,0,0,0,1,0.25,0,3.0,1,1,0,0.0,9.711176264112805,15.299385474180372,6.63200177739563,16.357112630168974,4.31748811353631,8.842315546841863,6.543911845564792,13.122365377402328,6.393590753950631,0.20969,0
kevin saunderson,kevin saunderson,0,1,0,1,0.25,0,1.0,1,1,0,0.0,13.249878458265119,20.24845065231117,9.332646496360152,18.525040768285617,7.07326971745971,17.00598694946304,9.32375833901174,16.98938905874274,8.773694146384443,0.20958,0
12th planet,12th planet,0,0,1,2,0.5,0,2.0,1,1,0,0.0,14.207553321415745,18.86536657162407,0.0,17.239773245130714,5.37989735354046,12.721888795877375,0.0,17.853284786334665,7.7702232041587855,0.20944,0
salute,salute,0,0,1,1,0.25,0,2.0,0,1,0,0.0,12.866182555987908,19.07300593520039,8.709795057617749,18.586195190904515,6.78105762593618,13.672795409164552,10.616461869895815,17.429127554531842,7.721791776817535,0.20886,0
sabrosura boyz,sabrosura boyz,1,0,0,1,0.25,1,0.0,1,1,0,0.0,0.0,11.415323661400773,0.0,13.322853874813605,1.9459101490553132,0.0,0.0,12.400820837540556,3.1780538303479458,0.20654,0
mars,mars,0,0,0,1,0.25,0,3.0,0,0,0,0.0,9.401043372798053,17.293669011626754,7.444248649496705,16.811242881518265,5.736572297479192,12.460718739865236,6.806829360392176,14.782494784382012,7.074116816197362,0.20647,0
space laces,space laces,0,0,1,2,0.5,0,2.0,0,1,0,0.0,13.345508528717259,19.39524038772408,8.245384468120747,17.847979734198784,6.091309882077698,13.370786295963992,9.063463176115423,17.287477041570536,9.375939552625749,0.20501,0
space motion,space motion,0,0,1,1,0.25,0,2.0,1,1,0,0.0,13.083624628087817,18.9688021582424,8.655737000864297,17.926384438531027,6.80128303447162,15.278766191701747,12.066816325306588,20.662453698612353,9.020873347021357,0.20413,0
on deck,on deck,0,0,0,1,0.25,0,3.0,1,1,0,0.0,9.898525260706313,15.42894069087108,6.504288173536645,17.189679301485086,5.056245805348308,10.154285180632154,6.455198563340122,13.541075028051122,5.68697535633982,0.20404,0
heidi lawden,heidi lawden,0,1,1,3,0.75,0,1.0,1,1,0,0.0,0.0,11.849404844423074,0.0,10.70551155928146,3.044522437723423,0.0,0.0,0.0,0.0,0.20399,0
fallen,fallen,0,1,1,3,0.75,0,1.0,1,1,0,0.0,0.0,11.458479838780507,0.0,12.460718739865236,1.3862943611198906,0.0,0.0,0.0,3.1354942159291497,0.20304,0
bombays,bombays,0,0,0,1,0.25,0,3.0,1,1,0,0.0,9.770013301136158,15.786810080300164,6.484635235635252,16.36495580701484,5.099866427824199,10.332050506334692,6.311734809152915,15.84759853432223,5.5134287461649825,0.20268,0
baby weight,baby weight,0,0,0,1,0.25,0,3.0,1,1,0,0.0,9.867912187022208,14.363632544508476,6.3784261836515865,16.51013780630191,4.948759890378168,9.472781556562168,6.406879986069314,15.807486210288474,5.4680601411351315,0.20257,0
brandi cyrus,brandi cyrus,0,1,0,1,0.25,0,1.0,1,1,0,0.0,14.054528245836039,14.59023818634603,4.68213122712422,14.493544608328255,3.912023005428146,7.039660349862076,5.998936561946683,13.765270393051685,0.0,0.2024,0
thunderpony,thunderpony,0,0,0,1,0.25,0,3.0,1,1,0,0.0,9.332646496360152,10.911463720944793,3.5553480614894135,14.933925800725897,2.0794415416798357,6.059123195581797,1.3862943611198906,0.0,3.332204510175204,0.20201,0
barely alive,barely alive,0,0,1,1,0.25,0,2.0,1,1,0,0.0,14.038654909278163,19.46095745914108,8.236950048061455,17.650652540654736,5.968707559985366,13.399996629152975,9.642187721358466,17.95387202155211,8.950792138768174,0.20147,0
helloworld,helloworld,0,0,0,1,0.25,0,3.0,1,1,0,0.0,10.97337452485014,16.46168542627038,6.7357800142423265,16.283610174181653,4.48863636973214,10.102379394048045,7.002155954403621,14.467836264837162,5.476463551931511,0.20083,0
mat zo,mat zo,0,0,0,1,0.25,0,3.0,1,1,0,0.0,13.815511557963774,19.450300164704952,8.526351129201004,18.24035720179713,6.695798917058491,14.23422155071698,8.571491964823617,16.74403413530075,9.179365567676752,0.19933,0
grafix,grafix,0,0,1,1,0.25,0,2.0,0,1,0,0.0,12.425212191503038,19.806975107572256,8.480944058741116,17.68044197682293,6.618738983517219,13.937729075643883,9.525224101853109,17.650652540654736,8.503499864284235,0.19927,0
anabel englund,anabel englund,0,0,1,1,0.25,0,2.0,0,1,0,0.0,12.75130259456002,19.49568317039431,9.20170317858052,19.046619180166456,6.610696044717759,14.873301199334291,9.409273194575334,18.229520250597744,8.226573474977114,0.19899,0
audiofreq,audiofreq,0,1,1,3,0.75,0,1.0,0,1,0,0.0,12.604852121186608,17.87595358575207,7.652545692693921,16.410765339548004,5.332718793265369,11.989165855127435,8.022896869601457,14.674172600730516,8.304247465078474,0.19768,0
replicant,replicant,0,1,0,2,0.5,0,1.0,1,1,0,0.0,9.152181457802651,14.352004513273993,5.267858159063328,13.75788250444911,4.553876891600541,9.994287576862567,5.093750200806762,12.170450649220749,4.3694478524670215,0.1974,0
samwise,samwise,0,0,0,1,0.25,0,3.0,1,1,0,0.0,8.911260254572033,18.086605645897354,6.792344427470809,16.29204904211537,3.1354942159291497,9.401043372798053,6.682108597449809,14.81614280591917,4.007333185232471,0.1973,0
dj mad dog,dj mad dog,0,0,0,1,0.25,0,3.0,1,1,0,0.0,13.717898831632498,18.845948485892656,7.630946580890459,15.662389484142103,5.66988092298052,12.676079399771027,8.707813551024888,16.775615705688583,8.245121966478605,0.19714,0
dee jay silver,dee jay silver,0,1,0,1,0.25,0,1.0,1,1,0,0.0,12.739640688812674,17.341871111992198,5.963579343618446,14.855787622976248,2.6390573296152584,11.561725152903833,9.99884318585288,18.354540952131583,0.0,0.197,0
dvrko,dvrko,0,0,0,1,0.25,0,3.0,1,1,0,0.0,12.259618151783465,17.590567731255042,7.459338895220296,18.079597908838167,4.653960350157523,10.542732775946709,6.799055862058796,16.380459992348886,6.0867747269123065,0.19674,0
dion timmer,dion timmer,0,0,1,1,0.25,0,2.0,1,1,0,0.0,13.451668563394815,19.67914173640328,8.360305435879093,17.546011710749845,6.349138991379798,13.719000758904409,10.839600519357369,19.348900050644364,8.122074375362217,0.19672,0
gibson parker,gibson parker,0,0,0,1,0.25,0,3.0,1,1,0,0.0,9.546884034617925,17.249497794707484,6.917705609835305,16.906553056777135,4.394449154672439,11.088292827848269,6.9726062513017535,14.603968372873895,4.663439094112067,0.19655,0
skonka,skonka,0,0,0,1,0.25,0,3.0,1,1,0,0.0,9.735128070758227,13.64472342322291,5.986452005284438,15.768538316632412,3.8501476017100584,9.08421009483197,6.0063531596017325,12.931205293247745,5.459585514144159,0.19522,0
jaded,jaded,0,0,1,1,0.25,0,2.0,1,1,0,0.0,11.863589378812122,19.71266442834827,9.161255164285691,18.86536657162407,6.573680166960646,15.056779436051206,10.465984899076615,19.902285287149308,8.420021279663963,0.19505,0
alchimyst,alchimyst,0,1,0,1,0.25,0,1.0,1,1,0,0.0,11.703554089007538,16.5691713340128,6.729824070489475,16.68907525404123,5.4638318050256105,11.522885696764481,10.6782377612977,18.2675295761132,6.26530121273771,0.19499,0
dknow (mc dino),dknow (mc dino),0,1,1,3,0.75,0,1.0,1,1,0,0.0,13.811503540582295,17.126053607854647,0.0,15.201805169084134,5.0106352940962555,11.989165855127435,0.0,13.680836798801778,4.382026634673881,0.19402,0
highlnd,highlnd,0,1,1,3,0.75,0,1.0,1,1,0,0.0,9.61587214452889,17.32106795495067,6.976348070447749,17.088874605995333,4.59511985013459,10.734242182303689,7.740229524763182,15.77137117931546,4.48863636973214,0.19225,0
staysick,staysick,0,1,0,1,0.25,0,1.0,1,1,0,0.0,10.382822509210747,15.585365362162015,6.073044534100405,15.83705825367553,4.276666119016055,9.933094897288786,6.248042874508429,17.370858648025116,5.313205979041787,0.19206,0
pauline herr,pauline herr,0,0,1,2,0.5,0,2.0,1,1,0,0.0,11.371373421319406,18.594634059479166,8.184513753033722,18.00060949867554,5.926926025970411,12.663500657121004,9.588845298501564,18.478949661510303,6.539585955617669,0.19194,0
rad cat,rad cat,0,0,0,1,0.25,0,3.0,1,1,0,0.0,11.478344372113902,17.648490377696987,6.75343791859778,16.266515742283485,4.941642422609304,10.896757843893464,8.035602692918582,17.030378401595577,3.828641396489095,0.19146,0
metrik,metrik,0,0,1,1,0.25,0,2.0,1,1,0,0.0,13.407543823396258,19.82186372002906,8.494743062578646,17.639794670918473,6.824373670043086,14.272936037914342,11.884495917930655,18.3383855120833,8.613048677059759,0.19135,0
deeper purpose,deeper purpose,0,1,1,3,0.75,0,1.0,1,1,0,0.0,12.149507585033072,18.143608863805213,8.453187861440325,17.543610749269952,6.257667587882639,13.487007879880162,8.590815331286851,17.648490377696987,8.353732642263202,0.19133,0
renegade system,renegade system,0,0,0,1,0.25,0,3.0,1,1,0,0.0,10.422311107413181,19.6085241693972,5.802118375377063,14.64406281221155,5.2832037287379885,9.980494888896912,9.539716058977092,16.0116235176825,8.107720061910534,0.19104,0
carl craig,carl craig,0,0,0,1,0.25,0,3.0,1,1,0,0.0,13.563196916350243,18.61130111182548,8.686598356276965,17.73550175288287,6.879355804460439,14.859314962250004,8.414938957377482,16.060466644053882,8.80131894766524,0.19082,0
qlank,qlank,0,0,1,2,0.5,0,2.0,1,1,0,0.0,10.936689829317784,17.560297667657167,7.455876687491824,17.158372397949154,5.3981627015177525,11.159117834926688,8.718172930028725,18.46947091764561,7.2399325913204695,0.19067,0
ms. mada,ms. mada,0,0,1,2,0.5,0,2.0,1,1,0,0.0,10.419330568113901,11.08367982819666,3.828641396489095,14.452087916136215,0.0,4.605170185988092,0.6931471805599453,0.0,1.791759469228055,0.19064,0
fredy lane,fredy lane,0,1,1,2,0.5,0,1.0,1,1,0,0.0,9.568084743872936,14.014362236381235,5.752572638825633,16.22245575637265,2.772588722239781,7.547501682814967,6.415096959171596,15.887423959167895,4.394449154672439,0.19044,0
hana,hana,0,0,1,2,0.5,0,2.0,0,1,0,0.0,13.190023895035274,18.73549149109167,8.32093496888341,18.440483381052466,6.501289670540389,13.089842251812337,9.085570485020233,17.924743749100486,7.367077059881012,0.19013,0
svnf8,svnf8,0,0,0,1,0.25,0,3.0,1,1,0,0.0,9.648659816955295,14.014362236381235,5.056245805348308,14.594835893480763,3.6635616461296463,10.007892611890918,6.885509670034818,14.562198979385785,5.327876168789581,0.18995,0
julienne by,julienne by,0,0,0,1,0.25,0,3.0,1,1,0,0.0,11.157692338256169,14.731801689838349,5.634789603169249,15.485102581542021,2.9444389791664403,7.745002803515839,5.488937726156687,13.246351123968212,4.110873864173311,0.18992,0
wenzday,wenzday,0,0,0,1,0.25,0,3.0,1,1,0,0.0,11.552155793461898,16.906553056777135,7.595889917718538,17.70324089131518,5.267858159063328,11.635151947212842,9.62911649414402,17.14413728263389,7.119635638017636,0.18989,0
nifra,nifra,0,1,0,1,0.25,0,1.0,1,1,0,0.0,13.791218889984869,17.66352825473847,7.242082359256962,16.915602891887552,5.8916442118257715,12.556733038263905,9.723223876851618,16.811242881518265,8.412499120301572,0.18981,0
reaper,reaper,0,0,1,2,0.5,0,2.0,0,1,0,0.0,12.235636302128867,18.985994558684244,8.06211758275474,17.828283484575746,5.739792912179234,12.345838935721968,8.858652969548489,17.918153939529997,7.725771441587952,0.18962,0
ann clue,ann clue,0,0,0,1,0.25,0,3.0,1,1,0,0.0,12.876465396508989,18.181153726094113,7.416979621381154,16.924571561468124,5.8522024797744745,12.931205293247745,9.010180657052349,17.32406648788705,5.786897381366708,0.18958,0
longstoryshort,longstoryshort,0,0,0,1,0.25,0,3.0,1,1,0,0.0,11.938199736300925,17.80819148486006,7.7752758464868625,17.77250694815561,5.697093486505405,11.870606902224587,9.332646496360152,17.937794505083072,7.4377951216719325,0.18926,0
burko,burko,0,0,0,1,0.25,0,3.0,1,1,0,0.0,10.348205424565993,16.61887099947687,7.062191632286556,16.892822864593636,5.3230099791384085,11.033291613631048,6.71901315438526,14.969242461310827,6.171700597410915,0.18904,0
talon,talon,0,0,0,1,0.25,0,3.0,1,1,0,0.0,10.056251557087757,14.322328762742183,5.655991810819852,14.690979711984754,3.2188758248682006,9.332646496360152,6.037870919922137,13.345508528717259,4.543294782270004,0.18892,0
daxson,daxson,0,1,0,1,0.25,0,1.0,1,1,0,0.0,12.788291058675025,17.619948374984197,6.883462586413092,15.989125383426996,5.963579343618446,12.384223015005313,10.499600568082863,17.7011896085867,8.586346050104554,0.18885,0
harry romero,harry romero,0,0,0,1,0.25,0,3.0,1,1,0,0.0,12.06105265381003,18.292847383806116,8.761393485256058,17.9868161767546,6.61338421837956,14.528460856016357,9.048174321385792,17.290577788192884,9.898525260706313,0.1886,0
k?d,k?d,0,0,0,1,0.25,0,3.0,1,1,0,0.0,12.976183182038383,18.8906843794481,7.972810784121404,17.904842595113248,5.4116460518550396,12.644330802262578,7.555381944240273,15.250595321348806,7.007600613951853,0.18855,0
airglo,airglo,0,1,1,2,0.5,0,1.0,0,1,0,0.0,10.36410350510914,15.716124581581232,6.464588303689961,15.592156558587005,5.153291594497779,10.451637862362272,6.669498089857879,14.547878932446617,5.877735781779639,0.18847,0
lizzy jane,lizzy jane,0,1,0,1,0.25,0,1.0,1,1,0,0.0,11.021918808236205,15.10749451433816,5.886104031450156,15.458383439908191,3.2188758248682006,7.851271997109883,5.726847747587197,12.999067423500716,4.584967478670572,0.18801,0
craig connelly,craig connelly,0,0,0,1,0.25,0,3.0,1,1,0,0.0,12.931205293247745,18.909260764906005,7.543273346705446,16.72786127692704,6.20050917404269,13.670485941982712,10.188704088048116,17.179352187684735,9.179056081936416,0.18792,0
boston bun,boston bun,0,0,0,1,0.25,0,3.0,1,1,0,0.0,12.269052139516223,18.9688021582424,8.642062173462106,18.7922443072814,6.398594934535208,14.006131744018864,9.025455532779063,17.5339488385916,7.566828479208331,0.18765,0
diesel,diesel,0,0,0,1,0.25,0,3.0,1,1,0,0.0,12.235636302128867,18.147558835972518,6.570882962339584,15.501909696719672,4.454347296253507,12.441148720271016,7.202661196523238,13.428377879293798,1.3862943611198906,0.18738,0
wave point,wave point,0,0,0,1,0.25,0,3.0,1,1,0,0.0,8.608860379942062,13.453106376097134,5.762051382780177,14.74767503269543,3.332204510175204,8.610683534503575,5.117993812416755,14.187074804051692,5.579729825986222,0.18737,0
lupa,lupa,0,0,0,1,0.25,0,3.0,1,1,0,0.0,9.957075711706057,14.657078174676883,5.700443573390687,15.646490900602007,5.0238805208462765,9.957075711706057,6.148468295917647,13.795308871054397,4.927253685157205,0.18695,0
alix perez,alix perez,0,0,0,1,0.25,0,3.0,1,1,0,0.0,13.140205260167273,18.569100757691327,8.096817470572319,16.759949589762293,6.45833828334479,13.19375523568666,8.777401286867264,16.118095750958314,8.343791731996841,0.1864,0
funtcase,funtcase,0,0,1,2,0.5,0,2.0,0,1,0,0.0,13.64472342322291,18.04525977174862,0.0,16.642824239064897,5.298317366548036,11.782960235741939,0.0,13.981025843899115,7.739794458408701,0.18636,0
truth x lies,truth x lies,0,0,0,1,0.25,0,3.0,1,1,0,0.0,11.407576060361786,17.50188690692275,8.00736706798333,17.63541829641444,5.641907070938114,12.464587201678082,7.805882040228621,17.186248766505983,8.17188200612782,0.18592,0
lāsh,lāsh,0,0,0,1,0.25,0,3.0,1,1,0,0.0,11.472113887062386,18.402516783507995,0.0,17.129696599000436,5.476463551931511,12.886643575525625,10.077482875583607,17.379393550232137,5.062595033026967,0.18579,0
morpei,morpei,0,0,0,1,0.25,0,3.0,1,1,0,0.0,10.281958234245314,15.835732872610125,6.4457198193855785,16.128046080821385,5.236441962829949,11.11395422597838,6.251903883165888,14.038654909278163,6.541029999189903,0.18562,0
hixxy,hixxy,0,1,0,1,0.25,0,1.0,1,1,0,0.0,12.190964083849375,18.02763817065757,7.275172319452771,16.036885703992642,5.2832037287379885,11.626263078808801,9.87822102528824,18.176058173732425,6.652863029353347,0.18556,0
skemaddox,skemaddox,0,0,0,1,0.25,0,3.0,1,1,0,0.0,10.2328272702548,14.357835430184815,6.152732694704104,16.14765455028724,4.605170185988092,9.107864580386947,5.703782474656201,12.468440756144114,5.720311776607412,0.18444,0
derrick carter,derrick carter,0,0,0,1,0.25,0,3.0,1,1,0,0.0,11.314486721293981,15.699545455277173,6.899723107284872,15.815638428242373,5.673323267171493,12.36308066783498,7.768533300926033,16.54336345172214,7.29505641646263,0.18439,0
swage,swage,0,0,0,1,0.25,0,3.0,1,1,0,0.0,11.086762629082946,15.41084974885861,5.5134287461649825,15.62707281788719,3.8918202981106265,9.259225769705994,5.700443573390687,13.75043962845585,5.278114659230517,0.18414,0
moore kismet,moore kismet,0,0,0,1,0.25,0,3.0,1,1,0,0.0,12.185875040240456,17.595144398177723,7.7488913372555315,17.968124044033623,5.71042701737487,10.96648993456911,7.515889085215125,16.060466644053882,7.046647277848756,0.18381,0
eddie,eddie,0,0,0,1,0.25,0,3.0,1,1,0,0.0,11.58989576532275,18.5517090151307,7.388946097618437,16.816230422780546,5.3981627015177525,12.310437165348775,8.159374736775426,16.855259764781927,6.434546518787453,0.18381,0
joluca,joluca,0,1,0,1,0.25,0,1.0,1,1,0,0.0,9.208438564686587,14.801327725621299,6.51025834052315,16.40327466837995,4.248495242049359,9.642187721358466,5.924255797414532,14.774861162440565,5.730099782973574,0.18371,0
fester,fester,0,1,1,3,0.75,0,1.0,1,1,0,0.0,7.8636512654486515,9.814710982145282,3.295836866004329,12.834683971615659,1.3862943611198906,4.8283137373023015,2.995732273553991,8.552174160311482,2.0794415416798357,0.18309,0
no thanks,no thanks,0,0,0,1,0.25,0,3.0,1,1,0,0.0,10.813780332606648,16.997722439954657,7.555381944240273,17.57438240720827,5.420534999272286,11.652696102959753,7.801800401908973,16.24031337217814,7.2682230211595655,0.18294,0
tobehonest,tobehonest,0,1,1,2,0.5,0,1.0,0,1,0,0.0,11.05881093278828,17.705287974894997,7.795646536334594,17.175885979828397,5.545177444479562,12.923914877701906,8.306472160100585,16.892822864593636,7.477604243197589,0.18257,0
nitepunk,nitepunk,0,0,0,1,0.25,0,3.0,1,1,0,0.0,11.989165855127435,17.410079360079497,7.479299637782834,17.824660292271965,5.736572297479192,10.92415631759022,7.885329239273191,16.395727463314174,7.3395376954076745,0.18248,0
vulllgur,vulllgur,0,1,1,2,0.5,0,1.0,1,1,0,0.0,10.060534035475412,13.645908958411516,3.091042453358316,12.37581963951765,0.6931471805599453,4.2626798770413155,2.6390573296152584,8.552946361122055,4.418840607796598,0.1822,0
ruben de ronde,ruben de ronde,0,0,0,1,0.25,0,3.0,1,1,0,0.0,13.153863982446317,18.2628566704684,7.781138509845015,17.41282284594998,6.352629396319567,13.508986756405742,9.495594499353297,16.722411672456456,9.109082539901955,0.18183,0
bleu clair,bleu clair,0,0,1,2,0.5,0,2.0,0,1,0,0.0,11.989165855127435,18.450239555902648,8.492080490601163,18.497641794347754,6.338594078203183,12.821260987319457,8.658519127506672,17.760968358821017,8.4906438561827,0.18156,0
jeanie,jeanie,0,1,0,1,0.25,0,1.0,1,1,0,0.0,11.599112335481124,16.22245575637265,6.75343791859778,16.308716093211594,4.356708826689592,10.094149233605084,6.54965074223381,16.52356082573315,5.631211781821365,0.18152,0
kwon,kwon,0,0,0,1,0.25,0,3.0,1,1,0,0.0,9.200492035921368,15.934172932989691,5.860786223465865,14.950133605698774,3.970291913552122,8.896724917497897,5.225746673713202,11.856522261533737,2.5649493574615367,0.18144,0
morgin madison,morgin madison,0,0,0,1,0.25,0,3.0,1,1,0,0.0,10.62135173563291,17.5339488385916,7.480992162869525,17.6441519761925,6.280395838960195,12.80216086806413,8.996528148090857,15.894952224644102,7.156176637480615,0.18136,0
hush,hush,0,0,0,1,0.25,0,3.0,1,1,0,0.0,10.392098241730961,17.10763688174679,6.802394763324311,15.371547904641702,5.181783550292085,11.989165855127435,6.92951677076365,15.748480340461642,4.356708826689592,0.18125,0
testpilot,testpilot,0,0,0,1,0.25,0,3.0,1,1,0,0.0,9.913487387114461,14.914123179965662,5.796057750765372,15.233788207067937,4.532599493153256,9.019905995071678,4.990432586778736,13.575984798046763,5.231108616854587,0.18109,0
uniiqu3,uniiqu3,0,0,0,1,0.25,0,3.0,1,1,0,0.0,11.884495917930655,17.189679301485086,7.73718007783463,17.877676239033843,6.415096959171596,12.853178505386333,9.084890521258767,17.8947414992968,6.665683717782408,0.18096,0
eprom,eprom,0,0,0,1,0.25,0,3.0,1,1,0,0.0,12.90669432231532,18.293983102257144,7.748460023899697,17.069753565279804,5.996452088619021,12.206077645517674,8.193676665955241,16.677711496036597,7.752335163302292,0.18085,0
slippy,slippy,0,0,0,1,0.25,0,3.0,1,1,0,0.0,11.31813853725963,18.36305164170895,7.75833346749091,17.290577788192884,5.43372200355424,12.549665896013254,9.305741456739435,16.166885910365842,6.9726062513017535,0.18073,0
omar santana,omar santana,0,1,1,3,0.75,0,1.0,1,1,0,0.0,10.571342565808699,16.765198945372877,5.886104031450156,14.786289853910306,4.330733340286331,10.134638955251866,7.818027938530729,16.40327466837995,4.143134726391533,0.18063,0
gammer,gammer,0,0,1,1,0.25,0,2.0,1,1,0,0.0,12.733758336210744,19.552082858669273,0.0,18.799117186521926,6.568077911411976,14.207553321415745,10.980212041446208,18.643824303266577,9.070273383079064,0.18063,0
sabai,sabai,0,0,1,1,0.25,0,2.0,0,1,0,0.0,12.138869243416009,19.30857200542005,7.450660796211539,17.284366619252893,6.073044534100405,12.553205710188037,9.803722464346553,17.817374285673743,5.19295685089021,0.18042,0
adam pearce,adam pearce,0,1,0,1,0.25,0,1.0,1,1,0,0.0,10.146472946063877,16.801192546169812,6.698268054115413,16.90199724044883,5.062595033026967,9.55400099583723,7.398174092970465,14.707509007105367,4.0943445622221,0.18031,0
alexandar smash,alexandar smash,0,0,0,1,0.25,0,3.0,1,1,0,0.0,9.102643796520809,15.827743483640491,5.948034989180646,16.316946591670696,4.61512051684126,10.322230781590136,4.990432586778736,13.784020922864116,4.787491742782046,0.18022,0
young bombs,young bombs,0,0,1,1,0.25,0,2.0,1,1,0,0.0,12.742568940017076,20.00991595110976,8.624791202014256,18.478949661510303,6.255750041753367,14.062371417145494,11.751950239425476,19.955395112345702,5.983936280687191,0.18018,0
schala,schala,0,0,0,1,0.25,0,3.0,1,1,0,0.0,9.711176264112805,16.68340951682656,6.698268054115413,16.52356082573315,5.225746673713202,11.086762629082946,6.030685260261263,14.180154365996387,6.473890696352274,0.18005,0
louiejayxx,louiejayxx,0,1,0,1,0.25,0,1.0,1,1,0,0.0,11.07443600653965,16.48273883399067,6.523562306149512,15.9159795892352,4.9344739331306915,10.335302435967074,6.628041376179533,15.947307448601993,6.943122422819428,0.17975,0
polar bears,polar bears,0,1,0,1,0.25,0,1.0,1,1,0,0.0,11.10045084755119,17.421008430313073,7.43955930913332,17.486735102284783,4.532599493153256,11.157692338256169,7.2399325913204695,16.780783675579947,5.978885764901122,0.17974,0
pretty pink,pretty pink,0,0,1,2,0.5,0,2.0,1,1,0,0.0,13.78916760931819,19.00289636939162,8.357962965845681,17.9426449591384,6.418364935936212,14.070153551531353,8.75384509275524,17.278116599103036,8.24800570160062,0.17958,0
pyke,pyke,0,1,0,1,0.25,0,1.0,1,1,0,0.0,9.857495968685136,15.112973978601556,5.10594547390058,15.121137287019383,2.9444389791664403,8.0323601479245,5.823045895483019,13.542389950903406,4.77912349311153,0.17958,0
azzecca,azzecca,0,1,1,2,0.5,0,1.0,0,1,0,0.0,11.571203807011969,17.426428497635523,7.894318063841624,17.9426449591384,5.700443573390687,12.95039048795861,8.66406026722579,16.87421767762801,7.324489979348532,0.17957,0
alyx ander,alyx ander,0,0,0,1,0.25,0,3.0,1,1,0,0.0,10.376642461280849,17.553180200057167,7.489970898834801,18.02169460194191,5.556828061699537,12.371591321286905,7.028201432058005,14.876767406109316,6.07073772800249,0.17953,0
nightstalker,nightstalker,0,1,1,3,0.75,0,1.0,1,1,0,0.0,12.001511614739405,15.966109410374866,4.919980925828125,13.517105869857504,3.367295829986474,10.889323003601277,5.375278407684165,12.441148720271016,0.0,0.17946,0
craze,craze,0,0,0,1,0.25,0,3.0,1,1,0,0.0,13.014780393893403,17.650652540654736,7.199678345691172,16.440179222591198,5.099866427824199,13.327751835792448,9.116139576577355,14.122995993006082,6.322565239927284,0.17942,0
tsu nami,tsu nami,0,0,1,2,0.5,0,2.0,0,1,0,0.0,11.374823643830945,16.54336345172214,6.787844982309579,16.72786127692704,4.897839799950911,9.741027444837728,6.648984550024776,16.41820031748273,5.181783550292085,0.17939,0
lucati,lucati,0,0,0,1,0.25,0,3.0,1,1,0,0.0,11.426288563310505,16.68340951682656,7.444833273892193,17.126053607854647,5.598421958998375,11.870606902224587,9.161150127785412,16.388122864507256,7.408530566894626,0.17911,0
the living proof,the living proof,0,1,0,1,0.25,0,1.0,1,1,0,0.0,9.803722464346553,16.13789837629371,5.872117789475416,15.38620784998213,3.367295829986474,8.439231649946526,5.697093486505405,11.608244735642321,4.897839799950911,0.17901,0
brina knauss,brina knauss,0,1,0,1,0.25,0,1.0,1,1,0,0.0,12.660331092405906,15.360943353642055,6.499787040655854,16.128046080821385,4.859812404361672,10.468829770273567,6.214608098422191,15.803385043104912,5.683579767338681,0.17883,0
j. worra,j. worra,0,1,1,2,0.5,0,1.0,1,1,0,0.0,12.498745990829315,19.30444828825319,8.790116892892472,18.73549149109167,6.257667587882639,13.159661088928443,8.806873266530692,17.473930830366697,7.9617188159813645,0.17872,0
jawns,jawns,0,0,0,1,0.25,0,3.0,1,1,0,0.0,11.918397239722838,17.265498135541893,7.173958319756794,16.85046359274847,5.318119993844216,12.07254696717504,8.67334187390617,15.363073279446223,6.773080375655535,0.17855,0
chef boyarbeatz,chef boyarbeatz,0,1,0,1,0.25,0,1.0,1,1,0,0.0,11.146214615088313,15.29484001284176,6.068425588244111,15.121137287019383,3.912023005428146,9.409273194575334,6.464588303689961,13.901689171636098,5.3471075307174685,0.17816,0
marcel dettmann,marcel dettmann,0,1,0,1,0.25,0,1.0,1,1,0,0.0,13.608487618541492,17.341871111992198,7.6953031349635665,16.770420889081343,6.380122536899765,13.188152990599754,8.263590432617319,16.103996827998692,7.681099001536359,0.17794,0
lavish life,lavish life,0,1,0,1,0.25,0,1.0,1,1,0,0.0,11.652696102959753,17.592858682949114,6.144185634125646,16.204273438942487,4.248495242049359,10.203629181337648,8.830396801098097,17.546011710749845,3.6375861597263857,0.17789,0
eric mark,eric mark,0,0,0,1,0.25,0,3.0,1,1,0,0.0,8.59711281459211,14.093143052138025,5.736572297479192,15.475641774827944,4.2626798770413155,7.984803389734406,5.327876168789581,11.374823643830945,5.147494476813453,0.17779,0
kaivon,kaivon,0,0,1,1,0.25,0,2.0,0,1,0,0.0,12.921472880009725,19.240460579850964,8.04012466444838,17.553180200057167,5.855071922202427,12.85840043573314,9.367429587218957,17.085079535170806,6.573680166960646,0.17771,0
nick garcia,nick garcia,0,1,1,3,0.75,0,1.0,1,1,0,0.0,8.875985891325971,13.41204494952365,5.123963979403259,14.841552512220423,3.5553480614894135,8.034306936339489,4.330733340286331,9.472781556562168,4.897839799950911,0.17762,0
tempo giusto,tempo giusto,0,0,0,1,0.25,0,3.0,1,1,0,0.0,11.289794413577894,18.29964242686199,7.7823903355874595,18.05106530320968,6.440946540632921,12.969214528909768,7.9287663216266955,15.82372472458392,8.84922702143852,0.17735,0
marten hørger,marten hørger,0,0,1,1,0.25,0,2.0,1,1,0,2.0,12.614868865984631,19.222682333908697,9.004913941467132,18.76427045543464,6.774223886357614,14.19394767861579,12.685410698175234,20.078908822460658,8.989943046329998,0.17707,0
onyvaa,onyvaa,0,0,0,1,0.25,0,3.0,1,1,0,0.0,12.621491384816093,14.790070575320824,6.016157159698354,15.598901945589025,5.0689042022202315,9.798182590890704,5.429345628954441,13.513054553109397,5.407171771460119,0.17703,0
algo,algo,0,1,0,1,0.25,0,1.0,1,1,0,0.0,11.189975390433117,15.86963441986494,6.042632833682381,16.52356082573315,3.5263605246161616,9.314790473332646,5.402677381872279,13.161586013632684,5.937536205082426,0.17698,0
evol intent,evol intent,0,0,0,1,0.25,0,3.0,1,1,0,0.0,12.739640688812674,17.186248766505983,6.481577129276431,15.426946672661826,5.501258210544727,11.147656555612986,6.163314804034641,12.996802422000108,6.236369590203704,0.17647,0
gene farris,gene farris,0,0,0,1,0.25,0,3.0,1,1,0,0.0,12.577639650232573,17.692942139326735,8.30671904320269,17.555558322405577,6.2878585601617845,13.651815643149092,8.409830673087738,16.372737946851277,9.23024103368252,0.17628,0
khiva,khiva,0,1,0,1,0.25,0,1.0,1,1,0,0.0,11.397525836740476,15.46609060566811,5.846438775057725,14.53821702620254,3.8066624897703196,10.275085591132715,8.036573409707312,15.369435971884585,4.3694478524670215,0.17617,0
kozmoz,kozmoz,0,1,0,1,0.25,0,1.0,1,1,0,0.0,11.038126355768453,16.83104550783405,6.437751649736401,15.901182773618341,4.454347296253507,9.661479683575521,6.309918278226516,14.014362236381235,5.846438775057725,0.17617,0
chelina manuhutu,chelina manuhutu,0,1,0,1,0.25,0,1.0,1,1,0,0.0,13.155800087724673,15.299385474180372,6.52795791762255,16.071004148246267,4.787491742782046,10.685126264117057,6.755768921984255,14.89392047945086,6.285998094508865,0.17582,0
manolo,manolo,0,0,1,2,0.5,0,2.0,1,1,0,0.0,9.278092474027002,17.236510599602347,5.4638318050256105,14.674172600730516,4.204692619390966,11.373674891823535,11.015361515187424,17.10763688174679,4.74493212836325,0.17578,0
llllnnnn,llllnnnn,0,0,0,1,0.25,0,3.0,1,1,0,0.0,8.596928159435091,14.414347608503377,5.762051382780177,15.701064058223746,2.3978952727983707,7.696212639346407,4.204692619390966,12.931205293247745,3.6888794541139363,0.17575,0
melé,melé,0,1,0,1,0.25,0,1.0,1,1,0,0.0,12.34148164933907,18.00060949867554,8.531490496117062,18.41566821217907,6.415096959171596,14.030622744032508,8.39049553837028,17.24626677423043,8.764365720529808,0.17568,0
definitive,definitive,0,0,0,1,0.25,0,3.0,1,1,0,0.0,10.92775337907558,15.168765323403864,5.652489180268651,15.176487367510099,3.4657359027997265,8.933927891782632,4.718498871295094,9.44943600950432,5.209486152841421,0.17557,0
blanke,blanke,0,0,1,1,0.25,0,2.0,0,1,0,0.0,12.969214528909768,19.38766459394432,0.0,18.683045016112164,6.3473892096560105,13.224921770781943,9.642187721358466,18.073956145011074,8.041734711487537,0.17537,0
stanley kubrix,stanley kubrix,0,0,0,1,0.25,0,3.0,1,1,0,0.0,8.586346050104554,13.64472342322291,5.7899601708972535,14.408837955728044,3.8918202981106265,8.74973246437081,5.43372200355424,12.884108726347916,5.135798437050262,0.17518,0
hvdes,hvdes,0,0,1,1,0.25,0,2.0,0,1,0,0.0,12.230770136157428,17.697074376526267,7.167809184316444,16.54987813231892,5.220355825078324,11.18859323930985,9.798182590890704,17.5192786492025,5.455321115357702,0.1747,0
skye,skye,0,0,0,1,0.25,0,3.0,1,1,0,0.0,11.031674824544641,17.379393550232137,6.900730664045173,16.072051817168948,5.846438775057725,13.343907249914384,8.309676895987726,15.696501313359285,6.450470422144176,0.17427,0
abana,abana,0,1,1,3,0.75,0,1.0,1,1,0,0.0,8.95040315983296,13.056225711649638,5.170483995038151,15.255345922978991,4.110873864173311,9.635673464721814,4.709530201312334,14.452087916136215,4.543294782270004,0.17423,0
dj holographic,dj holographic,0,0,0,1,0.25,0,3.0,1,1,0,0.0,10.791399385808587,13.758941264676379,5.723585101952381,15.11023799953124,3.7612001156935624,9.075093222568157,4.770684624465665,12.100717685412471,4.394449154672439,0.17406,0
vktm,vktm,0,1,0,1,0.25,0,1.0,1,1,0,0.0,10.843514342086866,14.89392047945086,5.111987788356544,14.997238060091309,2.6390573296152584,7.8156105320351905,5.2574953720277815,12.502470376049185,4.51085950651685,0.17406,0
lovefingers,lovefingers,0,0,1,1,0.25,0,2.0,1,1,0,0.0,10.747229096720554,14.130322027731049,4.9344739331306915,15.9159795892352,3.5263605246161616,9.239996256883693,2.772588722239781,6.778784897685177,2.833213344056216,0.17398,0
ghost in real life,ghost in real life,0,1,0,1,0.25,0,1.0,1,1,0,0.0,10.385944565501662,15.176487367510099,6.040254711277414,15.953221125692608,2.70805020110221,8.768574284141687,5.4116460518550396,13.134293924552235,4.948759890378168,0.17344,0
dot,dot,0,0,0,1,0.25,0,3.0,1,1,0,0.0,11.013715451376466,16.051955955291376,0.0,16.87421767762801,5.14166355650266,10.25769445336048,0.0,14.585619242623203,4.844187086458591,0.17331,0
rebel scum,rebel scum,0,1,0,1,0.25,0,1.0,1,1,0,0.0,10.247112717290387,16.031447953283894,6.492239835020471,15.821036551283434,4.867534450455582,10.849356503939038,7.157735484249907,14.528460856016357,6.208590026096629,0.1729,0
dustycloud,dustycloud,0,0,0,1,0.25,0,3.0,1,1,0,0.0,12.037659911047468,18.188748699215417,7.601901959875166,16.73867219244687,5.786897381366708,13.025854679664231,7.671360923190644,15.536490024022143,6.9726062513017535,0.17276,0
qrion,qrion,0,0,0,1,0.25,0,3.0,1,1,0,0.0,12.245298166364206,17.98835819708264,7.8804263442924,17.753201329634177,6.525029657843462,12.392556361841777,7.748460023899697,16.29204904211537,7.614805364711073,0.17202,0
maanic,maanic,0,0,0,1,0.25,0,3.0,1,1,0,0.0,6.263398262591624,8.575650760987806,1.791759469228055,8.802973456578423,0.0,4.04305126783455,0.6931471805599453,0.0,0.0,0.1719,0
franky wah,franky wah,0,0,1,1,0.25,0,2.0,1,1,0,0.0,12.688501881189456,19.509242700133978,9.024733424190698,18.749984498289212,6.966967138613983,14.51364528003526,12.84265212010087,18.41968025362879,8.846928500099018,0.17183,0
monika santucci,monika santucci,0,1,0,1,0.25,0,1.0,1,1,0,0.0,10.225607282932941,18.53400943818794,7.643961949002529,17.27182727039325,6.161207321695077,11.970356641102999,8.746716349694486,16.325109901643454,6.732210706467206,0.17164,0
rachep,rachep,0,0,0,1,0.25,0,3.0,1,1,0,0.0,7.22983877815125,11.931642378754141,4.454347296253507,14.187074804051692,1.6094379124341003,6.405228458030842,2.4849066497880004,8.39795910349254,3.258096538021482,0.17123,0
malóne,malóne,0,1,0,1,0.25,0,1.0,1,1,0,0.0,11.451060699493427,18.478949661510303,8.424858580213442,18.161910027948373,6.021023349349527,13.091906231773164,8.248529124800218,16.8261314932731,7.7706452341291765,0.17114,0
dr phunk,dr phunk,0,0,1,2,0.5,0,2.0,1,1,0,0.0,13.008076473152153,20.19901719453747,8.96341629199657,18.0935646161248,6.481577129276431,14.0225255403564,10.236417809461043,18.251077971414528,8.277920258172143,0.17078,0
niles shepard,niles shepard,0,0,0,1,0.25,0,3.0,1,1,0,0.0,8.804024902413179,13.334245354561496,4.859812404361672,14.66566191468422,3.1780538303479458,8.261784679514752,4.51085950651685,11.06195554002416,4.110873864173311,0.17063,0
frosttop,frosttop,0,1,1,3,0.75,0,1.0,1,1,0,0.0,10.725489582719506,16.700311326676903,6.862757913051401,16.636889503897294,5.135798437050262,10.21833478806055,6.661854740545311,15.348067642045114,6.858565034791365,0.1702,0
lisbona sisters,lisbona sisters,0,1,0,1,0.25,0,1.0,1,1,0,0.0,9.83633227734872,13.116347317149176,5.170483995038151,14.778685257416596,3.5263605246161616,8.726481196440007,5.087596335232384,12.745488641595722,4.727387818712341,0.16977,0
bec,bec,0,1,0,1,0.25,0,1.0,1,1,0,0.0,11.944714374881176,16.04013421759671,6.748759547491679,16.54336345172214,5.407171771460119,10.791399385808587,6.473890696352274,16.600521861931007,6.9957661563048505,0.16959,0
helen ka,helen ka,0,1,0,1,0.25,0,1.0,1,1,0,0.0,8.968141414126814,16.85046359274847,5.963579343618446,14.062371417145494,3.367295829986474,10.821796246953596,6.660575149839686,13.989464705423494,3.5263605246161616,0.16957,0
chibs,chibs,0,1,0,1,0.25,0,1.0,1,1,0,0.0,11.938199736300925,17.308983246130737,6.748759547491679,14.904072847479162,4.770684624465665,10.434145214930487,7.60887062919126,16.67198082165602,6.375024819828097,0.16945,0
born dirty,born dirty,0,0,1,2,0.5,0,2.0,1,1,0,0.0,11.367911253546788,17.595144398177723,7.979681302387741,18.015715525878356,6.206575926724928,12.894209796826232,11.002116507732017,18.3383855120833,7.616775808698373,0.16857,0
layla benitez,layla benitez,0,0,1,1,0.25,0,2.0,0,1,0,0.0,12.388398368982115,16.00828089655825,7.142036574706803,17.553180200057167,4.897839799950911,11.195484970354173,7.174724309836376,15.592156558587005,6.298949246855942,0.16855,0
nala,nala,0,0,1,1,0.25,0,2.0,0,1,0,0.0,11.196857635323791,16.87890152672105,7.592366128519796,17.479072229734946,6.056784013228625,12.52815976788113,8.325306029752582,17.249497794707484,7.089243155027514,0.16848,0
avision,avision,0,0,0,1,0.25,0,3.0,1,1,0,0.0,11.80560254159177,16.22245575637265,7.222566018822171,16.231424425551033,6.030685260261263,13.286183160425152,7.177782416195197,14.528460856016357,8.091933455979893,0.16822,0
imanu,imanu,0,0,1,2,0.5,0,2.0,0,1,0,0.0,12.456835254920371,18.915376991886035,0.0,17.583663216067407,6.102558594613569,12.703816069256568,0.0,17.249497794707484,8.035278911144667,0.16817,0
rob gee,rob gee,0,0,1,2,0.5,0,2.0,0,1,0,0.0,11.399767965010177,16.97675731236872,6.92951677076365,15.147876840910817,5.017279836814924,10.847412906506923,6.628041376179533,15.250595321348806,6.405228458030842,0.16766,0
flashgang,flashgang,0,0,0,1,0.25,0,3.0,1,1,0,0.0,7.8083230503910555,8.366835309827675,2.5649493574615367,10.87806606028079,1.3862943611198906,4.1588830833596715,2.1972245773362196,5.10594547390058,1.0986122886681098,0.16748,0
justin hawkes,justin hawkes,0,0,1,2,0.5,0,2.0,0,1,0,0.0,11.561725152903833,18.29964242686199,7.6708948313621175,17.431819346125096,5.5254529391317835,12.464587201678082,8.112827478751374,17.560297667657167,7.213031659834869,0.16728,0
zof,zof,0,1,0,1,0.25,0,1.0,1,1,0,0.0,9.692828247710418,13.542389950903406,0.0,15.418930599280035,3.713572066704308,0.0,0.0,12.77138929548529,4.787491742782046,0.16727,0
a hundred drums,a hundred drums,0,0,1,1,0.25,0,2.0,0,1,0,0.0,11.661354090741,15.48886198375927,6.161207321695077,15.66081095209823,3.6635616461296463,8.872907674259846,6.270988431858299,13.386266457287837,3.970291913552122,0.16691,0
kepik,kepik,0,1,0,1,0.25,0,1.0,1,1,0,0.0,10.751520856703959,16.806230339945976,6.587550014824796,16.915602891887552,5.545177444479562,10.196194479235656,6.70196036600254,13.845070331079134,5.996452088619021,0.16661,0
piques,piques,0,0,0,1,0.25,0,3.0,1,1,0,0.0,4.795790545596741,10.657282884047461,0.6931471805599453,10.566201298475118,0.0,2.302585092994046,1.3862943611198906,0.0,0.0,0.16654,0
mark farina,mark farina,0,0,0,1,0.25,0,3.0,1,1,0,0.0,13.146081857144738,18.116869303120836,7.502186486602924,15.602257652872959,5.937536205082426,13.256896018612155,7.892452043520352,14.414347608503377,7.803435056952168,0.1665,0
codeko,codeko,0,1,0,1,0.25,0,1.0,1,1,0,0.0,11.989165855127435,19.046619180166456,0.0,18.321964782050735,6.073044534100405,12.669809806411457,9.62911649414402,16.937875526504495,7.0326242610280065,0.16636,0
bianca oblivion,bianca oblivion,0,1,0,1,0.25,0,1.0,1,1,0,0.0,10.70551155928146,15.150511887854474,6.586171654854675,16.58182973008354,5.198497031265826,11.136062390867204,6.8658910748834385,15.24582180450094,5.808142489980444,0.16571,0
korsky,korsky,0,0,0,1,0.25,0,3.0,1,1,0,0.0,4.356708826689592,5.393627546352362,1.3862943611198906,7.6638772587034705,0.0,3.784189633918261,2.0794415416798357,5.908082938168931,0.6931471805599453,0.16571,0
charles feelgood,charles feelgood,0,0,0,1,0.25,0,3.0,1,1,0,0.0,9.758519582283522,13.372345140303285,4.204692619390966,11.982935344196433,4.248495242049359,10.547995807489514,4.812184355372417,10.894904309600681,5.799092654460526,0.16562,0
matthias,matthias,0,0,0,1,0.25,0,3.0,1,1,0,0.0,10.130662964963708,13.78916760931819,3.8066624897703196,12.392556361841777,3.2188758248682006,11.430641079947755,3.871201010907891,7.475905969367397,4.68213122712422,0.16556,0
gentlemens club,gentlemens club,0,0,1,1,0.25,0,2.0,1,1,0,0.0,12.782688818818986,18.17221939747438,7.8804263442924,16.94664751219259,5.736572297479192,11.751950239425476,7.846198815497425,18.41566821217907,7.191429330036379,0.16535,0
yokai,yokai,0,0,1,2,0.5,0,2.0,1,1,0,0.0,9.417435838868785,13.8924725250259,4.634728988229636,13.910821646859095,2.5649493574615367,6.666956792429207,7.755767170102998,16.660419999923214,2.5649493574615367,0.16508,0
marques wyatt,marques wyatt,0,0,0,1,0.25,0,3.0,1,1,0,0.0,11.505910920476012,14.89051332229012,5.030437921392435,13.148033073468746,4.007333185232471,10.902297921958713,5.662960480135946,12.962196972666593,4.477336814478207,0.16507,0
manics,manics,0,1,0,1,0.25,0,1.0,1,1,0,0.0,10.308985993422082,15.575091300945118,6.84587987526405,16.341239282272525,4.23410650459726,11.49171204297103,7.338888133838879,14.310207409556293,4.8283137373023015,0.16441,0
og nixin,og nixin,0,1,1,2,0.5,0,1.0,1,1,0,0.0,11.842236406331555,16.906553056777135,6.3784261836515865,15.799266987061275,3.828641396489095,9.961803629358965,7.341483852363161,15.000300848683787,5.973809611869261,0.16384,0
everen maxwell,everen maxwell,0,1,0,1,0.25,0,1.0,1,1,0,0.0,10.102379394048045,17.690869599767716,6.361302477572996,16.128046080821385,5.484796933490655,11.196857635323791,8.39660622842712,17.030378401595577,5.247024072160486,0.16372,0
carola,carola,0,0,1,1,0.25,0,2.0,1,1,0,0.0,12.083910661257521,20.103369119984794,8.058960017769417,17.02635425145779,5.752572638825633,13.005831808336863,10.332050506334692,17.6592547440524,4.969813299576001,0.16334,0
matisa,matisa,0,1,0,1,0.25,0,1.0,1,1,0,0.0,10.698762529141884,14.441449523589984,5.918893854273146,16.089696279317273,4.6913478822291435,10.069044362997353,5.356586274672012,10.709985739582528,5.272999558563747,0.16322,0
brainchild,brainchild,0,0,0,1,0.25,0,3.0,1,1,0,0.0,8.782629654920699,14.950133605698774,5.605802066295998,13.651815643149092,4.04305126783455,10.747229096720554,4.8283137373023015,11.728044909070785,4.454347296253507,0.1631,0
so tuff so cute,so tuff so cute,0,0,0,1,0.25,0,3.0,1,1,0,0.0,9.985113621416073,14.24729362374025,4.5217885770490405,12.91164481522143,2.1972245773362196,7.066466970136958,4.663439094112067,12.777055016970678,2.3978952727983707,0.16264,0
ninajirachi,ninajirachi,0,1,0,1,0.25,0,1.0,1,1,0,0.0,13.079457964073546,18.525040768285617,7.931644021454311,18.34487904132357,6.180016653652572,12.881567435377423,8.011355109161286,16.496532155171714,6.621405651764134,0.16249,0
akaio,akaio,0,1,0,1,0.25,0,1.0,1,1,0,0.0,3.4339872044851463,9.278092474027002,0.6931471805599453,6.536691597591305,0.0,1.6094379124341003,0.6931471805599453,5.099866427824199,0.0,0.16245,0
john 00 fleming,john 00 fleming,0,1,0,1,0.25,0,1.0,1,1,0,0.0,13.759998905115909,16.11509124223892,6.326149473155099,15.079637567595793,5.71042701737487,12.160033942617156,6.93537044601511,15.88363846616608,7.444833273892193,0.16232,0
sherelle,sherelle,0,0,1,1,0.25,0,2.0,0,1,0,0.0,12.06105265381003,15.713130567816833,7.194436851100335,17.168917310755116,5.356586274672012,11.225256725762893,6.63200177739563,15.006398426692876,5.236441962829949,0.16162,0
tweekacore,tweekacore,0,0,1,2,0.5,0,2.0,0,1,0,0.0,10.729875458480967,18.219787813797915,7.5352967024440884,16.40327466837995,5.147494476813453,11.552155793461898,7.490529402060711,15.912300860828838,7.00850518208228,0.16116,0
roy wilkins,roy wilkins,0,0,0,1,0.25,0,3.0,1,1,0,0.0,7.094234845924755,8.339739766019143,1.3862943611198906,10.413342705547674,0.0,2.3978952727983707,1.6094379124341003,6.668228248417403,1.6094379124341003,0.16006,0
no mana,no mana,0,0,0,1,0.25,0,3.0,1,1,0,0.0,12.54254845357358,18.381939926030945,0.0,16.88356353960952,5.932245187448011,12.175618592671356,0.0,16.231424425551033,7.465655310134056,0.15975,0
wes pierce,wes pierce,0,1,0,1,0.25,0,1.0,1,1,0,0.0,8.587465244401569,13.928840136128022,5.081404364984463,14.80876270134486,2.302585092994046,6.93537044601511,4.1588830833596715,11.125806040978839,3.295836866004329,0.1595,0
mike dunn,mike dunn,0,0,1,1,0.25,0,2.0,1,1,0,0.0,12.06105265381003,19.067783991246507,8.814627555310697,18.22466587219186,6.513230110912307,14.876767406109316,9.994287576862567,18.351330676535685,9.141740280483926,0.15924,0
diamond dallas tex,diamond dallas tex,0,0,0,1,0.25,0,3.0,1,1,0,0.0,12.779875885354993,13.206706364071684,4.59511985013459,12.980802117227352,1.6094379124341003,7.60887062919126,3.713572066704308,12.323860125621126,3.6109179126442243,0.15762,0
lala,lala,0,1,0,1,0.25,0,1.0,1,1,0,0.0,8.966228514225776,13.06896471037963,3.9889840465642745,13.316285717486736,1.9459101490553132,7.81035268372429,6.558197802812269,15.155761242362829,0.0,0.15749,0
dr. defiant,dr. defiant,0,0,0,1,0.25,0,3.0,1,1,0,0.0,8.246433786160365,11.49782197939291,1.791759469228055,8.630700432209832,1.6094379124341003,8.041734711487537,5.236441962829949,16.372737946851277,1.791759469228055,0.15732,0
denis sulta,denis sulta,0,1,0,1,0.25,0,1.0,1,1,0,0.0,13.062615496138552,17.778226696719344,7.734121303328305,17.1654146803266,5.7745515455444085,12.691583538230217,6.934397209928558,15.292559510663105,6.565264970035361,0.15712,0
purple,purple,0,0,0,1,0.25,0,3.0,1,1,0,0.0,9.893487720457795,14.630875813726247,4.5217885770490405,12.826651821423713,3.332204510175204,9.510519035757246,4.442651256490317,10.537441898283253,4.553876891600541,0.15691,0
echod,echod,0,0,0,1,0.25,0,3.0,1,1,0,0.0,9.392745258631441,10.778977123006351,2.302585092994046,11.242441323346558,0.6931471805599453,3.9889840465642745,1.6094379124341003,9.01663425631559,1.791759469228055,0.15682,0
yetep,yetep,0,0,1,2,0.5,0,2.0,0,1,0,0.0,11.686887175419702,18.234351177809064,7.646353722445999,17.344807971579257,5.713732805509369,11.263194068746921,8.328934041955529,15.511126350125648,5.973809611869261,0.15674,0
lucky rabbit,lucky rabbit,0,0,0,1,0.25,0,3.0,1,1,0,0.0,9.259225769705994,12.91657092142417,4.406719247264253,13.507627138738266,2.302585092994046,6.297109319933935,5.4510384535657,11.532737896139919,3.295836866004329,0.15673,0
kj sawka,kj sawka,0,0,1,1,0.25,0,2.0,0,1,0,0.0,12.345838935721968,16.056220353623207,6.161207321695077,15.418930599280035,4.718498871295094,10.034559673629849,5.918893854273146,12.495007682693725,5.087596335232384,0.1565,0
khomha,khomha,0,1,0,1,0.25,0,1.0,1,1,0,0.0,12.762830066509972,18.392281279718734,7.675546002537848,17.00598694946304,6.126869184114185,13.1421679654829,8.419580362549237,16.41820031748273,8.686429508661536,0.15576,0
crime family,crime family,0,0,0,1,0.25,0,3.0,1,1,0,0.0,4.736198448394496,10.694237736914808,0.0,0.0,0.0,5.049856007249537,4.574710978503383,11.488643018250334,0.0,0.15571,0
friendly fire,friendly fire,0,1,0,1,0.25,0,1.0,1,1,0,0.0,7.867871490396322,14.47303107901565,5.389071729816501,14.862829903121964,2.833213344056216,8.231109840328154,4.31748811353631,11.669937760751914,5.267858159063328,0.15555,0
markus schulz,markus schulz,0,1,0,1,0.25,0,1.0,1,1,1,0.0,1.791759469228055,10.579005242826247,0.0,0.0,1.3862943611198906,6.639875833826536,1.0986122886681098,7.215239978730097,0.0,0.15533,0
anderson m,anderson m,0,0,0,1,0.25,0,3.0,1,1,0,0.0,8.871365005136852,12.653961664405365,4.574710978503383,13.398480330934175,2.9444389791664403,7.044032897274685,4.955827057601261,10.650199196425806,4.330733340286331,0.15497,0
999999999,999999999,0,0,1,1,0.25,0,2.0,1,1,0,0.0,13.955273369904273,17.789568973108864,7.631431664576906,16.357112630168974,5.739792912179234,11.898194668458823,8.952475967933584,16.700311326676903,5.726847747587197,0.15486,0
ben ufo,ben ufo,0,0,1,1,0.25,0,2.0,0,1,0,0.0,7.462789157412448,9.898525260706313,1.0986122886681098,8.325548307161398,0.0,0.0,0.0,0.0,0.0,0.15467,0
khromata,khromata,0,0,0,1,0.25,0,3.0,1,1,0,0.0,10.451637862362272,11.369066641827967,3.6375861597263857,12.653961664405365,3.091042453358316,6.999422467507961,3.5263605246161616,9.723223876851618,3.784189633918261,0.15465,0
mystery jack,mystery jack,0,0,0,1,0.25,0,3.0,1,1,0,0.0,7.509335266016592,9.510519035757246,2.1972245773362196,11.635151947212842,0.0,2.3978952727983707,1.791759469228055,8.242229891372231,0.0,0.15417,0
sinopoli,sinopoli,0,0,0,1,0.25,0,3.0,1,1,0,0.0,5.3471075307174685,9.472781556562168,1.3862943611198906,11.138973558699526,0.0,1.0986122886681098,2.1972245773362196,11.444657330797734,0.0,0.15401,0
bensley,bensley,0,0,1,1,0.25,0,2.0,0,1,0,0.0,11.510933482289435,18.214885843257782,7.533158807455563,16.660419999923214,5.66988092298052,12.498745990829315,8.506738733512378,16.10602317093862,6.784457062637643,0.15399,0
roswell,roswell,0,0,0,1,0.25,0,3.0,1,1,0,0.0,5.988961416889864,13.981025843899115,4.290459441148391,12.30592250537653,1.3862943611198906,6.953684210870537,3.332204510175204,13.782988399316032,0.0,0.15385,0
sally c,sally c,0,1,0,1,0.25,0,1.0,1,1,0,0.0,11.394153190178114,15.83838188043084,7.1631723908466425,16.677711496036597,5.298317366548036,12.323860125621126,6.650279048587422,14.53335035111459,6.738152494595957,0.15361,0
chris jay,chris jay,0,0,0,1,0.25,0,3.0,1,1,0,0.0,5.8971538676367405,13.777809729201323,3.713572066704308,12.111767460549332,2.8903717578961645,10.485731104959568,5.147494476813453,12.220966184120165,2.0794415416798357,0.15313,0
matt fax,matt fax,0,0,1,2,0.5,0,2.0,1,1,0,0.0,11.45318607621936,18.683045016112164,8.168486417126681,17.98062420660253,6.814542897259958,14.557448378884015,8.98882050177807,17.755148749880647,9.10597935665144,0.15297,0
candl,candl,0,0,0,1,0.25,0,3.0,1,1,0,0.0,9.268703615273097,12.264346270624157,4.290459441148391,13.292951364319082,3.2188758248682006,6.066108090103747,4.174387269895637,10.367253014814716,3.7376696182833684,0.15265,0
rebelion,rebelion,0,0,1,1,0.25,0,2.0,1,1,0,0.0,13.108266481420335,19.791861469800278,8.217978203150732,16.74403413530075,5.780743515792329,12.926350926565435,8.850947451970402,16.85046359274847,8.881280595070423,0.1523,0
marlie,marlie,0,1,0,1,0.25,0,1.0,1,1,0,0.0,6.779921907472252,12.926350926565435,3.367295829986474,13.448786721172443,0.6931471805599453,2.5649493574615367,1.6094379124341003,5.7899601708972535,0.0,0.15197,0
east end dubs,east end dubs,0,1,0,1,0.25,0,1.0,1,1,0,0.0,13.124363376072994,17.39624788131366,7.344719054149673,16.536806051605975,5.488937726156687,12.220966184120165,7.142827401161621,15.444751293772967,7.423568444259167,0.15094,0
bingewatch,bingewatch,0,0,1,2,0.5,0,2.0,1,1,0,0.0,9.980494888896912,14.917450968950916,6.769641976852503,16.68340951682656,4.248495242049359,10.275085591132715,5.8805329864007,14.566927118346197,5.8888779583328805,0.15083,0
layd,layd,0,0,0,1,0.25,0,3.0,1,1,0,0.0,4.356708826689592,9.220389707829185,1.3862943611198906,9.025214887849494,0.6931471805599453,0.0,2.9444389791664403,9.425532393502772,1.791759469228055,0.1508,0
deyo,deyo,0,0,0,1,0.25,0,3.0,1,1,0,0.0,7.894690850425624,12.618185607609803,4.007333185232471,13.20302312543853,0.0,5.998936561946683,3.784189633918261,12.479913113434042,0.0,0.15053,0
capozzi,capozzi,0,0,1,2,0.5,0,2.0,1,1,0,0.0,10.382822509210747,16.41820031748273,6.994849985833071,16.98938905874274,4.532599493153256,10.292179440058462,6.39024066706535,14.38082493519599,6.786716950605081,0.14975,0
doses,doses,0,1,0,1,0.25,0,1.0,1,1,0,0.0,8.114922974204593,10.43708198835482,1.6094379124341003,11.118415133585586,0.0,3.1354942159291497,2.0794415416798357,8.17413934342947,0.0,0.14972,0
ksofresko,ksofresko,0,0,1,2,0.5,0,2.0,1,1,0,0.0,8.087640287778983,9.83633227734872,1.791759469228055,9.758519582283522,3.713572066704308,5.537334267018537,7.2682230211595655,16.5691713340128,2.6390573296152584,0.1496,0
spency be,spency be,0,0,0,1,0.25,0,3.0,1,1,0,0.0,8.694167141883597,12.495007682693725,3.9512437185814275,13.29463628184505,1.6094379124341003,7.985824666418917,3.6888794541139363,10.425282789490705,0.0,0.14955,0
ruff hauser,ruff hauser,0,0,0,1,0.25,0,3.0,1,1,0,0.0,7.419380582918692,11.931642378754141,3.367295829986474,11.402005077384885,1.0986122886681098,7.075808863978387,3.5263605246161616,8.279950715722526,3.4965075614664802,0.14903,0
dj heather,dj heather,0,0,0,1,0.25,0,3.0,1,1,0,0.0,8.182559264068665,12.601490784782536,4.477336814478207,12.987690762404629,3.258096538021482,9.121509158269568,4.219507705176107,11.143324481431074,4.976733742420574,0.14828,0
simply jeff,simply jeff,0,0,1,1,0.25,0,2.0,1,1,0,0.0,8.335431477880796,10.31231367277647,0.0,0.0,2.302585092994046,7.757906208351747,2.70805020110221,0.0,0.0,0.14802,0
lost like us,lost like us,0,1,0,1,0.25,0,1.0,1,1,0,0.0,7.641084249174914,13.06896471037963,4.127134385045092,14.207553321415745,0.0,6.650279048587422,3.6888794541139363,9.852246888342531,0.6931471805599453,0.14778,0
spencer brown,spencer brown,0,0,1,1,0.25,0,2.0,1,1,0,0.0,12.498745990829315,18.525040768285617,8.101677747454572,17.516812556768127,6.666956792429207,13.435714658591923,8.710619527942297,16.90199724044883,8.664750755773852,0.14765,0
el monk,el monk,0,0,0,1,0.25,0,3.0,1,1,0,0.0,8.80597465931132,10.894904309600681,3.295836866004329,11.827743504053695,2.1972245773362196,6.284134161070802,4.394449154672439,10.038935856711177,3.1354942159291497,0.14765,0
klaxx,klaxx,0,0,1,1,0.25,0,2.0,1,1,0,0.0,10.379752786950895,17.154832571369333,7.104144092987527,17.442514634955867,4.890349128221754,9.97119292889014,7.202661196523238,15.10198486004501,5.8805329864007,0.14749,0
keekz,keekz,0,0,0,1,0.25,0,3.0,1,1,0,0.0,9.133351330448047,11.319352851746254,2.0794415416798357,8.275376374836407,0.0,7.932003152361385,2.8903717578961645,8.93247660846174,0.0,0.14746,0
modapit,modapit,0,0,1,1,0.25,0,2.0,1,1,0,0.0,12.00762780434872,14.89051332229012,6.77078942390898,16.530205368010318,3.8066624897703196,8.881419551507804,5.8998973535824915,16.42558042423569,5.056245805348308,0.14682,0
hoang,hoang,0,0,1,1,0.25,0,2.0,1,1,0,0.0,11.728044909070785,19.320842097961677,7.417580402414544,16.648723960844016,5.955837369464831,12.574185427296195,10.357774570341576,17.667783580218067,4.248495242049359,0.14634,0
1080p,1080p,0,1,0,1,0.25,0,1.0,1,1,0,0.0,1.9459101490553132,8.697345730925353,0.6931471805599453,6.464588303689961,0.0,2.8903717578961645,3.828641396489095,9.19023970026918,0.0,0.14622,0
chocolate sushi,chocolate sushi,0,0,0,1,0.25,0,3.0,1,1,0,0.0,7.033506484287697,10.025749432069084,3.1780538303479458,12.832013750189885,0.6931471805599453,4.110873864173311,2.3978952727983707,9.588845298501564,1.791759469228055,0.14578,0
solh,solh,0,0,0,1,0.25,0,3.0,1,1,0,0.0,7.022868086082641,11.964007453736912,3.4339872044851463,11.891368749982085,0.0,5.648974238161206,4.343805421853684,11.695255355062795,0.0,0.14459,0
naz,naz,0,1,0,1,0.25,0,1.0,1,1,0,0.0,6.9363427358340495,13.043322334563697,3.044522437723423,10.5815464756746,3.828641396489095,10.65492722584759,6.1092475827643655,12.06105265381003,4.2626798770413155,0.14424,0
tong,tong,0,1,0,1,0.25,0,1.0,1,1,0,0.0,5.62040086571715,12.785493861878301,4.31748811353631,13.726680437153236,2.0794415416798357,9.375939552625749,3.8918202981106265,10.401258331428318,5.662960480135946,0.14422,0
knowmans,knowmans,0,0,0,1,0.25,0,3.0,1,1,0,0.0,7.421177528595393,9.867912187022208,2.1972245773362196,9.735128070758227,2.302585092994046,6.3818160174060985,3.2188758248682006,10.268165387743457,2.8903717578961645,0.14405,0
rohaan,rohaan,0,1,1,2,0.5,0,1.0,1,1,0,0.0,11.075969689770693,16.5691713340128,7.147559271189454,16.67198082165602,5.272999558563747,10.367253014814716,6.745236349484363,14.987993004796314,6.535241271013659,0.1438,0
max low,max low,0,0,1,2,0.5,0,2.0,1,1,0,0.0,10.034559673629849,14.790070575320824,6.692083742506628,16.5691713340128,4.532599493153256,9.193295937366925,6.47543271670409,14.52354635101797,6.411818267709897,0.14371,0
xenaa,xenaa,0,1,0,1,0.25,0,1.0,1,1,1,0.0,9.44943600950432,9.814710982145282,1.791759469228055,10.734242182303689,1.9459101490553132,5.857933154483459,4.948759890378168,11.552155793461898,2.8903717578961645,0.1436,0
rated r,rated r,0,1,0,1,0.25,0,1.0,1,1,0,0.0,8.167068178341237,14.180154365996387,4.59511985013459,13.478639641880966,3.58351893845611,10.50783084142058,5.645446897643238,12.00762780434872,3.6635616461296463,0.14332,0
dreya v,dreya v,0,1,1,2,0.5,0,1.0,1,1,0,0.0,10.614007941153417,15.83705825367553,7.13966033596492,17.541204009297314,5.25227342804663,10.985309671896763,6.267200548541362,14.316286451937186,6.93828448401696,0.14299,0
bexxie,bexxie,0,0,1,2,0.5,0,2.0,1,1,0,0.0,10.410335274932896,16.915602891887552,7.427144133408616,18.140966854377275,5.84354441703136,10.468829770273567,8.640648995343156,17.1618997383427,6.80903930604298,0.14257,0
thee-o,thee-o,0,0,1,2,0.5,0,2.0,1,1,0,0.0,8.89740886527095,10.86477077032911,1.3862943611198906,7.098375638590786,1.0986122886681098,7.821643126239982,3.7376696182833684,0.6931471805599453,2.4849066497880004,0.1424,0
oscure,oscure,0,0,1,1,0.25,0,2.0,1,1,0,0.0,8.355379895253634,6.99117688712121,0.6931471805599453,7.238496840894365,0.0,2.0794415416798357,0.6931471805599453,0.0,1.0986122886681098,0.14239,0
dj hazel,dj hazel,0,1,0,1,0.25,0,1.0,1,1,0,0.0,8.33375100695358,14.200773639026796,1.791759469228055,8.32069157104845,1.3862943611198906,8.704833909687792,4.969813299576001,13.478639641880966,0.0,0.14211,0
adam x,adam x,0,1,0,1,0.25,0,1.0,1,1,0,0.0,10.499600568082863,13.251637470576167,4.51085950651685,13.023649611968253,4.574710978503383,8.696510239189893,3.6109179126442243,9.124128675157117,4.007333185232471,0.14188,0
teko,teko,0,1,0,1,0.25,0,1.0,1,1,0,0.0,8.687610843707368,15.285686632949897,4.532599493153256,12.81584093453868,2.70805020110221,9.187992508312275,4.9344739331306915,10.947309210188068,0.0,0.14188,0
richter,richter,0,0,1,2,0.5,0,2.0,1,1,0,0.0,10.563620718477313,16.111071136726284,6.300785794663244,16.60667572712668,5.37989735354046,10.457401400981889,6.858565034791365,15.18922639004183,5.241747015059643,0.14149,0
afrodisiac,afrodisiac,0,1,0,1,0.25,0,1.0,1,1,0,0.0,8.415381925269553,14.297937324492327,4.51085950651685,13.263864675787632,0.6931471805599453,7.785720896534624,4.820281565605037,10.817796321618971,0.0,0.14056,0
shei,shei,0,0,1,1,0.25,0,2.0,1,1,0,0.0,13.529162262303307,15.221607791478354,5.780743515792329,15.864493021025373,3.6635616461296463,9.48044384215367,5.262690188904886,14.430696737594902,3.8918202981106265,0.14028,0
bowie jane,bowie jane,0,1,0,1,0.25,0,1.0,1,1,0,0.0,11.459535236710686,13.522482219667573,3.784189633918261,12.804911893867851,2.5649493574615367,10.67130147767883,4.477336814478207,12.10625783509458,1.791759469228055,0.14009,0
danyelino,danyelino,0,0,0,1,0.25,0,3.0,1,1,0,0.0,6.066108090103747,11.166214996056205,2.5649493574615367,11.870606902224587,1.0986122886681098,6.532334292222349,2.995732273553991,8.982937763741589,2.6390573296152584,0.13975,0
le twins,le twins,0,0,1,1,0.25,0,2.0,1,1,0,0.0,13.195615697878253,16.257857680289998,6.883462586413092,17.11134746100564,4.634728988229636,12.837347081942964,7.243512974665482,15.879838588737607,5.8998973535824915,0.13947,0
softest hard,softest hard,0,0,1,2,0.5,0,2.0,1,1,0,0.0,10.591647316585027,16.65458907995242,6.799055862058796,17.26866771020271,4.90527477843843,11.222586532857163,7.029972911706386,15.774196039552024,5.4510384535657,0.13922,0
demigod,demigod,0,0,1,2,0.5,0,2.0,1,1,0,0.0,8.616676469901188,14.054528245836039,4.174387269895637,13.901689171636098,2.1972245773362196,7.721348612617949,4.90527477843843,10.138599199626192,2.4849066497880004,0.13906,0
nostalgix,nostalgix,0,0,1,2,0.5,0,2.0,1,1,0,0.0,12.581081982573842,17.365127973480334,7.602900462204755,17.945865573786577,5.247024072160486,11.488643018250334,8.260492856573185,17.265498135541893,7.293697720601438,0.13897,0
redline,redline,0,1,0,1,0.25,0,1.0,1,1,0,0.0,4.31748811353631,11.444657330797734,3.044522437723423,12.413090879946887,0.6931471805599453,7.013915474810528,2.833213344056216,7.526178913346146,2.1972245773362196,0.13871,0
dj minx,dj minx,0,1,1,2,0.5,0,1.0,1,1,0,0.0,11.267037714175425,15.733902824968563,7.192182058713246,17.0926553286923,5.811140992976701,11.157692338256169,6.29156913955832,14.297937324492327,7.158513997329321,0.13861,0
midnight tyrannosaurus,midnight tyrannosaurus,0,0,1,1,0.25,0,2.0,1,1,0,0.0,13.463113593266897,18.542898385526172,7.15305163493748,16.128046080821385,4.997212273764115,11.719947764402807,8.574707097616844,16.716932206992077,7.112327444710911,0.13778,0
dr. apollo,dr. apollo,0,0,1,2,0.5,0,2.0,1,1,0,0.0,9.83633227734872,14.959733676355723,5.834810737062605,16.275099485238066,4.875197323201151,8.87360810154911,6.008813185442595,13.981025843899115,5.3471075307174685,0.13644,0
sanzu,sanzu,0,1,0,1,0.25,0,1.0,1,1,0,0.0,8.714567550836485,14.04662307257814,4.30406509320417,12.672949516558306,1.6094379124341003,6.799055862058796,3.6635616461296463,9.83097062169695,3.044522437723423,0.13641,0
jamesjamesjames,jamesjamesjames,0,0,1,1,0.25,0,2.0,1,1,0,0.0,11.374823643830945,18.53400943818794,8.145839612936841,18.306391608761,6.148468295917647,12.587931300962664,8.502282578680484,16.325109901643454,5.82600010738045,0.13628,0
zen freeman,zen freeman,0,1,0,1,0.25,0,1.0,1,1,0,0.0,11.849404844423074,16.636889503897294,0.0,17.44781968704484,5.62040086571715,12.100717685412471,0.0,15.238619133170708,6.450470422144176,0.1362,0
crespo,crespo,0,0,1,1,0.25,0,2.0,1,1,1,0.0,11.303450570483712,14.66566191468422,5.455321115357702,15.971913256520972,2.4849066497880004,8.82790796297859,4.23410650459726,14.48334044336031,4.189654742026425,0.13551,0
mvse,mvse,0,0,1,1,0.25,0,2.0,1,1,0,0.0,10.173552856959743,16.660419999923214,6.6895992691789665,16.5563506464056,4.624972813284271,9.409273194575334,6.7464121285733745,13.864301674514206,2.302585092994046,0.13549,0
d. zeledon,d. zeledon,0,1,0,1,0.25,0,1.0,1,1,0,0.0,8.661639795781266,11.150534214035387,3.258096538021482,12.292254928916668,2.9444389791664403,6.639875833826536,3.4657359027997265,9.177093778182547,4.07753744390572,0.13453,0
blake.,blake.,0,1,0,1,0.25,0,1.0,1,1,0,0.0,7.018401799069201,11.842236406331555,3.4011973816621555,12.80216086806413,0.0,5.556828061699537,2.995732273553991,8.713910628493924,0.0,0.13412,0
paco osuna,paco osuna,0,0,1,1,0.25,0,2.0,1,1,0,0.0,13.596111238258136,16.993564429978885,7.321188556739478,16.530205368010318,6.016157159698354,13.081543466215237,8.591186871324563,16.5563506464056,7.780720886117918,0.13381,0
things you say,things you say,0,0,1,2,0.5,0,2.0,1,1,0,0.0,9.332646496360152,14.585619242623203,5.602118820879701,14.759416845976386,4.51085950651685,9.75272280064639,4.736198448394496,12.53897064502647,4.532599493153256,0.13263,0
dj topgun,dj topgun,0,0,1,1,0.25,0,2.0,1,1,0,0.0,10.275085591132715,15.335023981688744,6.025865973825314,16.780783675579947,4.663439094112067,8.973097896282471,5.517452896464707,14.66137925472634,3.5263605246161616,0.13259,0
kassel,kassel,0,1,0,1,0.25,0,1.0,1,1,0,0.0,5.043425116919247,9.923339198238729,2.772588722239781,10.285376924115587,0.6931471805599453,5.093750200806762,3.6375861597263857,10.043292972227004,0.6931471805599453,0.13259,0
tailspin,tailspin,0,1,0,1,0.25,0,1.0,1,1,0,0.0,5.420534999272286,10.085850775128717,2.70805020110221,11.352768449837729,0.0,4.330733340286331,3.332204510175204,10.030164255362632,1.9459101490553132,0.13208,0
sean lafayette,sean lafayette,0,0,1,1,0.25,0,2.0,1,1,0,0.0,9.13270310224903,14.883663982790228,6.470799503782602,16.29204904211537,3.912023005428146,9.314790473332646,5.472270673671475,14.715672314412528,3.367295829986474,0.1317,0
no etiquette,no etiquette,0,0,1,1,0.25,0,2.0,1,1,0,0.0,9.44943600950432,15.548934626857795,6.324358962381311,16.24031337217814,4.74493212836325,11.06819964290876,6.705639094860003,15.704094363113787,4.51085950651685,0.13023,0
masteria,masteria,0,0,1,2,0.5,0,2.0,1,1,0,0.0,11.023551435004947,16.733281344102608,7.364547014255642,16.716932206992077,5.111987788356544,11.143324481431074,7.669495251007694,15.90737474309945,7.001245622069476,0.13002,0
suae,suae,0,0,1,1,0.25,0,2.0,1,1,0,0.0,10.821796246953596,16.61887099947687,6.677083461247136,15.843658936835498,5.236441962829949,10.725489582719506,7.509335266016592,17.02635425145779,6.095824562432225,0.1297,0
cloverdale,cloverdale,0,0,1,2,0.5,0,2.0,1,1,0,0.0,11.223922520551032,16.447399470043365,7.427144133408616,17.206657637442962,5.493061443340548,11.082157933374816,6.68586094706836,14.639686439527019,7.459338895220296,0.12951,0
moody good,moody good,0,0,1,1,0.25,0,2.0,1,1,0,0.0,12.392556361841777,18.980296537602072,7.952966790923131,17.529082649058825,5.631211781821365,12.84265212010087,8.046229101075378,16.821193211876384,7.577633832602728,0.12931,0
enamour,enamour,0,0,1,1,0.25,0,2.0,1,1,0,0.0,11.775297421715827,18.015715525878356,8.170185652879642,17.473930830366697,6.778784897685177,13.195615697878253,8.080546965824498,16.266515742283485,8.329175442077402,0.12872,0
will atkinson,will atkinson,0,0,1,1,0.25,0,2.0,1,1,0,0.0,13.165424782571753,17.9602313433593,7.539027055823995,17.158372397949154,6.198478716492308,13.186278579318829,9.32375833901174,16.67198082165602,9.268703615273097,0.12797,0
champagne drip,champagne drip,0,0,1,1,0.25,0,2.0,1,1,0,0.0,12.742568940017076,18.939474543319914,7.754481547470383,16.806230339945976,5.153291594497779,11.989165855127435,8.896177422274805,17.02635425145779,6.734591659972948,0.12749,0
jason blakemore,jason blakemore,0,0,1,1,0.25,0,2.0,1,1,0,0.0,5.517452896464707,8.925587339030281,1.9459101490553132,8.780172651227646,0.6931471805599453,3.5263605246161616,0.6931471805599453,0.0,1.6094379124341003,0.12722,0
jorza,jorza,0,0,1,2,0.5,0,2.0,1,1,0,0.0,9.023649282664286,16.660419999923214,6.863803391452954,16.705882371415992,5.293304824724492,11.049317340813348,7.173958319756794,14.266586814266963,6.675823221634848,0.12646,0
lenny v,lenny v,0,0,1,1,0.25,0,2.0,1,1,0,0.0,3.6888794541139363,13.28448392755959,2.5649493574615367,11.264476926102367,0.0,6.723832440821209,0.0,0.0,0.0,0.12597,0
bakke,bakke,0,0,1,2,0.5,0,2.0,1,1,0,0.0,8.51097389160232,13.4856180275228,4.07753744390572,13.106236027992704,2.5649493574615367,8.948455992345542,4.382026634673881,11.091346218718432,4.48863636973214,0.12586,0
atdusk,atdusk,0,0,1,2,0.5,0,2.0,1,1,0,0.0,11.767575435251748,14.093143052138025,5.54907608489522,15.326232718209745,5.0238805208462765,8.80792062205398,4.983606621708336,12.149507585033072,5.545177444479562,0.12531,0
lee wells,lee wells,0,0,1,1,0.25,0,2.0,1,1,0,0.0,6.021023349349527,12.884108726347916,4.465908118654584,13.45883704259595,2.995732273553991,8.729882284826589,2.995732273553991,8.19836438996762,4.653960350157523,0.12432,0
kill script,kill script,0,0,1,1,0.25,0,2.0,1,1,0,0.0,10.081675578048475,16.722411672456456,6.694562058521095,16.454567959008102,5.627621113690637,10.576457535657255,6.495265555937008,15.710127563007966,6.150602768446279,0.12275,0
tones,tones,0,0,1,1,0.25,0,2.0,1,1,0,0.0,0.0,13.545014620881725,0.0,14.719729113462378,1.9459101490553132,0.0,0.0,9.729193687429403,3.6375861597263857,0.12205,0
dustin husain,dustin husain,0,0,1,1,0.25,0,2.0,1,1,0,0.0,9.758519582283522,15.221607791478354,6.289715570908998,15.886163719714428,5.53338948872752,10.454523783963511,6.246106765481563,14.686804342317648,7.366445148327599,0.12168,0
chaney,chaney,0,0,1,1,0.25,0,2.0,1,1,0,0.0,10.529452721013085,18.29738253892009,8.406485069431817,18.143608863805213,6.373319789577012,12.945628585536271,8.17948018535889,16.71142255148467,8.11522197256233,0.12162,0
oddkidout,oddkidout,0,0,1,1,0.25,0,2.0,1,1,0,0.0,12.170450649220749,17.821023924694696,7.478734825567875,17.429127554531842,5.497168225293202,11.183045451818261,7.707512194600341,15.475641774827944,5.459585514144159,0.12038,0
machete,machete,0,0,1,1,0.25,0,2.0,1,1,0,0.0,0.0,11.91170829631447,0.0,10.626217806887722,1.3862943611198906,0.0,0.0,0.0,0.0,0.12037,0
dirt monkey,dirt monkey,0,0,1,1,0.25,0,2.0,1,1,0,0.0,13.248116346376765,18.643824303266577,7.586803535162581,16.51013780630191,5.641907070938114,12.211065162153215,8.874168090363968,16.009396345517693,7.7458682297922685,0.1201,0
if found,if found,0,0,1,1,0.25,0,2.0,1,1,0,0.0,10.357774570341576,17.66352825473847,7.404887575616125,17.76482936740394,5.713732805509369,11.635151947212842,8.543055850941965,16.357112630168974,5.808142489980444,0.11982,0
sage armstrong,sage armstrong,0,0,1,1,0.25,0,2.0,1,1,0,0.0,11.782960235741939,16.46168542627038,0.0,0.0,5.476463551931511,11.635151947212842,0.0,15.328437790281823,6.9440872082295275,0.11686,0
frankie bones,frankie bones,0,0,1,1,0.25,0,2.0,1,1,0,0.0,11.669937760751914,15.512959530871255,6.393590753950631,14.352004513273993,5.501258210544727,11.344518647594766,6.180016653652572,12.826651821423713,6.267200548541362,0.11531,0
8kays,8kays,0,0,1,1,0.25,0,2.0,1,1,0,0.0,12.449022745701502,17.359364268929685,0.0,17.00598694946304,6.148468295917647,12.90917263218775,0.0,15.819689749914444,7.948031990637284,0.11488,0
jeff mills,jeff mills,0,0,1,1,0.25,0,2.0,1,1,0,0.0,12.821260987319457,17.359364268929685,7.650644551436897,16.85046359274847,6.175867270105761,12.879019669789754,8.39049553837028,16.432906463791053,6.20050917404269,0.11474,0
honey,honey,0,0,1,1,0.25,0,2.0,1,1,0,0.0,8.259199362666282,13.208542908506082,4.997212273764115,13.593617474489168,0.0,4.060443010546419,4.7535901911063645,12.001511614739405,0.0,0.11463,0
triode,triode,0,0,1,1,0.25,0,2.0,1,1,0,0.0,9.189116735524555,15.26477995298731,5.683579767338681,15.201805169084134,5.3706380281276624,10.229223792606835,6.966967138613983,13.722299273936335,7.05617528410041,0.11395,0
miane,miane,0,0,1,1,0.25,0,2.0,1,1,0,0.0,11.486591756518374,17.471350183839803,7.895063498091573,17.7914469078978,6.269096283706261,12.660331092405906,7.415776975415394,15.970755178934459,7.906547232368036,0.11323,0
township rebellion,township rebellion,0,0,1,1,0.25,0,2.0,1,1,0,0.0,12.685410698175234,17.994502609560595,7.952966790923131,16.906553056777135,6.395261598115449,13.83531416565213,7.364547014255642,15.717618233614914,8.128880142125638,0.11227,0
john bryars,john bryars,0,0,1,1,0.25,0,2.0,1,1,0,0.0,4.454347296253507,10.250652418696085,2.995732273553991,11.6172944892629,2.6390573296152584,5.117993812416755,2.4849066497880004,9.803722464346553,2.3978952727983707,0.11224,0
danny daze,danny daze,0,0,1,1,0.25,0,2.0,1,1,0,0.0,12.832013750189885,16.29204904211537,6.948897222313312,15.555976908243359,5.627621113690637,12.745488641595722,7.028201432058005,15.142585824676148,7.543802867501509,0.11205,0
mrotek,mrotek,0,0,1,1,0.25,0,2.0,1,1,0,0.0,9.296609807128359,14.085538458535822,5.087596335232384,13.825461878915961,3.4657359027997265,8.146709052203319,4.248495242049359,11.782960235741939,5.153291594497779,0.11144,0
anden,anden,0,0,1,1,0.25,0,2.0,1,1,0,0.0,10.86477077032911,17.806344762301,7.493317248862145,16.85046359274847,6.352629396319567,12.413090879946887,7.348587530927593,15.278766191701747,7.56734567601324,0.11126,0
christopher lawrence,christopher lawrence,0,0,1,1,0.25,0,2.0,1,1,0,0.0,12.793862088206213,16.04552506565036,5.796057750765372,14.552674623940995,5.442417710521793,11.05407540279458,6.429719478039138,13.703462172723258,6.637258031284457,0.111,0
dj dan,dj dan,0,0,1,1,0.25,0,2.0,1,1,0,0.0,11.736077016252437,16.496532155171714,6.699500340161678,15.292559510663105,5.111987788356544,12.807655372286902,7.460490305825338,13.825461878915961,7.99799931797973,0.11014,0
corrupt (uk),corrupt (uk),0,0,1,1,0.25,0,2.0,1,1,0,0.0,11.381688580803818,17.344807971579257,7.422971251049421,16.951004817371683,5.627621113690637,12.149507585033072,7.3864708488298945,16.050887008216737,6.917705609835305,0.11014,0
connor q,connor q,0,0,1,1,0.25,0,2.0,1,1,0,0.0,8.53168763756669,11.218567827096358,2.772588722239781,10.7706090484022,2.0794415416798357,5.231108616854587,2.1972245773362196,9.075207697984686,2.6390573296152584,0.10949,0
lenny dee,lenny dee,0,0,1,1,0.25,0,2.0,1,1,0,0.0,11.827743504053695,16.562781536322326,6.668228248417403,14.66137925472634,5.0106352940962555,11.226589153242802,7.801800401908973,15.66081095209823,6.680854678790215,0.10709,0
ak sports,ak sports,0,0,1,1,0.25,0,2.0,1,1,0,0.0,10.573903321093981,14.419827071265543,6.133398042996649,15.795131902483437,5.14166355650266,9.239996256883693,5.4638318050256105,12.584512505902088,4.430816798843313,0.10699,0
corey divine,corey divine,0,0,1,1,0.25,0,2.0,1,1,0,0.0,5.937536205082426,12.791080452981857,3.7376696182833684,13.636385088238372,1.791759469228055,5.808142489980444,2.70805020110221,10.454523783963511,1.9459101490553132,0.10636,0
osyris,osyris,0,0,1,1,0.25,0,2.0,1,1,0,0.0,9.488047863280759,12.149507585033072,3.871201010907891,13.116347317149176,0.6931471805599453,5.572154032177765,4.418840607796598,10.738589920723442,0.0,0.10487,0
paul denton,paul denton,0,0,1,1,0.25,0,2.0,1,1,0,0.0,11.499850357082506,16.98519618065851,6.90875477931522,15.834405732578192,6.118097198041348,12.791080452981857,8.625509334899697,15.693447876338569,9.132811169466946,0.1037,0
fred everything,fred everything,0,0,1,1,0.25,0,2.0,1,1,0,0.0,12.031725210748633,16.5563506464056,7.237059026124737,15.587067489942822,5.971261839790462,13.144126826131089,7.231287004327616,13.910821646859095,8.349011198176003,0.1036,0
dj trance,dj trance,0,0,1,1,0.25,0,2.0,1,1,0,0.0,7.624130585661289,12.524530013005734,3.6109179126442243,12.409017571151187,3.1780538303479458,9.441531454869693,5.700443573390687,12.066816325306588,2.4849066497880004,0.10339,0
elevate two,elevate two,0,0,1,1,0.25,0,2.0,1,1,0,0.0,3.5263605246161616,9.746892220313054,2.9444389791664403,12.417147664184915,1.0986122886681098,3.091042453358316,3.1780538303479458,10.685126264117057,0.0,0.09538,0
